case_id,chapter,slide_id,title,pdf_page,printed_page,tags,formula_candidates,sfg_triage,review_status
SANSEN-011,1,011,Slide 011,1,1,circuit;feedback,0,candidate,unreviewed
SANSEN-012,1,012,Table of contents,1,1,circuit,0,unassessed,unreviewed
SANSEN-013,1,013,From Bipolar to MOST transistors,2,2,circuit,0,unassessed,unreviewed
SANSEN-014,1,014,The SIA roadmap,3,3,,0,unassessed,unreviewed
SANSEN-015,1,015,The law of Moore,3,3,graph,0,unassessed,unreviewed
SANSEN-016,1,016,ISSCC 2005 paper distribution,4,4,,0,unassessed,unreviewed
SANSEN-017,1,017,Price MPW silicon for different L (nm),4,4,,1,unassessed,unreviewed
SANSEN-018,1,018,MOST layout,5,5,circuit,0,unassessed,unreviewed
SANSEN-019,1,019,MOST layout : Cox and CD,5,5,,3,unassessed,unreviewed
SANSEN-0110,1,0110,MOST layout : Cox and CD values,6,6,distortion,14,unassessed,unreviewed
SANSEN-0111,1,0111,N-well CMOS technology,7,7,circuit,0,unassessed,unreviewed
SANSEN-0112,1,0112,MOST Ips versus VGs and VDs,7,7,circuit;graph;distortion,1,unassessed,unreviewed
SANSEN-0113,1,0113,Table of contents,8,8,circuit;graph,0,unassessed,unreviewed
SANSEN-0114,1,0114,MOST IDs versus VDs,8,8,circuit;distortion,3,unassessed,unreviewed
SANSEN-0115,1,0115,"MOST parameters B, KP, Cox ,...",9,9,circuit,12,unassessed,unreviewed
SANSEN-0116,1,0116,Example : Analog switch on CL,9,9,circuit;frequency_response,2,unassessed,unreviewed
SANSEN-0117,1,0117,Example : Analog switch on RL,10,10,circuit;frequency_response,3,unassessed,unreviewed
SANSEN-0118,1,0118,Body effect - Parasitic JFET,10,10,frequency_response,6,unassessed,unreviewed
SANSEN-0119,1,0119,Ex. : Analog switch with nonzero VBS,11,11,circuit,5,unassessed,unreviewed
SANSEN-0120,1,0120,Table of contents,11,11,circuit;noise,0,unassessed,unreviewed
SANSEN-0121,1,0121,MOST Ips versus Vgs,12,12,graph,5,unassessed,unreviewed
SANSEN-0122,1,0122,MOST small-signal model : gm & rDs,12,12,circuit,4,unassessed,unreviewed
SANSEN-0123,1,0123,The transconductance gm,13,13,circuit,0,unassessed,unreviewed
SANSEN-0124,1,0124,MOST small-signal model : rDs,13,13,,9,unassessed,unreviewed
SANSEN-0125,1,0125,MOST single-transistor gain Ay,14,14,circuit;feedback,4,candidate,unreviewed
SANSEN-0126,1,0126,Design for high gain :,15,15,circuit;noise,0,unassessed,unreviewed
SANSEN-0127,1,0127,Example: single-transistor amplifier,15,15,circuit,2,unassessed,unreviewed
SANSEN-0128,1,0128,pMOST small-signal model,16,16,,2,unassessed,unreviewed
SANSEN-0129,1,0129,MOST small-signal model: gm & gmb,16,16,,4,unassessed,unreviewed
SANSEN-0130,1,0130,Table of contents,17,17,graph,0,unassessed,unreviewed
SANSEN-0131,1,0131,IDs & gm versus Vgs : weak inversion,17,17,circuit,1,unassessed,unreviewed
SANSEN-0132,1,0132,Transconductance gm Versus VGs,18,18,noise,0,unassessed,unreviewed
SANSEN-0133,1,0133,Transition voltage Vgst between wi & si,18,18,circuit,5,unassessed,unreviewed
SANSEN-0134,1,0134,Transition Voltage Vest for different L,19,19,,5,unassessed,unreviewed
SANSEN-0135,1,0135,Transition wi - si,19,19,circuit;graph;distortion,1,unassessed,unreviewed
SANSEN-0136,1,0136,Ratio gm/Ips at the transition wi - si,20,20,circuit;graph,1,unassessed,unreviewed
SANSEN-0137,1,0137,EKV model for smooth wi-si transition,20,20,graph;frequency_response,12,unassessed,unreviewed
SANSEN-0138,1,0138,"Transition current Ips, between wi & si",21,21,graph,10,unassessed,unreviewed
SANSEN-0139,1,0139,Relation Vgs-Vr and inversion coefficient i,21,21,circuit;graph,3,unassessed,unreviewed
SANSEN-0140,1,0140,Transconductance gm between wi & si,22,22,,10,unassessed,unreviewed
SANSEN-0141,1,0141,GM versus inversion coefficient i,23,23,circuit,3,unassessed,unreviewed
SANSEN-0142,1,0142,Table of contents,23,23,circuit,0,unassessed,unreviewed
SANSEN-0143,1,0143,IDs & gm vs Vgs : velocity saturation,24,24,,2,unassessed,unreviewed
SANSEN-0144,1,0144,The saturation region and velocity saturation,24,24,circuit,1,unassessed,unreviewed
SANSEN-0145,1,0145,Transconductance gm versus VGs,25,25,,2,unassessed,unreviewed
SANSEN-0146,1,0146,Velocity saturation : Vsat & 0 (large VGs],25,25,,5,unassessed,unreviewed
SANSEN-0147,1,0147,Velocity saturation : 0 & Rg & Ysat,26,26,circuit,3,unassessed,unreviewed
SANSEN-0148,1,0148,Transition Voltage VGsTvs between si and vs,26,26,,6,unassessed,unreviewed
SANSEN-0149,1,0149,Transition Current IDsvs between si and vs,27,27,circuit,11,unassessed,unreviewed
SANSEN-0150,1,0150,Transconductance gm between si and vs,27,27,,7,unassessed,unreviewed
SANSEN-0151,1,0151,Now in velocity saturation ? VGs-VT = 0.2 V,28,28,,5,unassessed,unreviewed
SANSEN-0152,1,0152,Range of Vgs-Vr values for si vs time,28,28,graph,0,unassessed,unreviewed
SANSEN-0153,1,0153,MOST operating region in si,29,29,,2,unassessed,unreviewed
SANSEN-0154,1,0154,gm vs Vgs for different L (same tox),29,29,,6,unassessed,unreviewed
SANSEN-0155,1,0155,gm vS Vgs for different tox (* Lmin/50),30,30,circuit,2,unassessed,unreviewed
SANSEN-0156,1,0156,"Table : MOST IDs, gm & gm/IDs Summary :",30,30,,4,unassessed,unreviewed
SANSEN-0157,1,0157,Gate current,31,31,circuit,4,unassessed,unreviewed
SANSEN-0158,1,0158,Table of contents,31,31,,0,unassessed,unreviewed
SANSEN-0159,1,0159,MOST capacitances,32,32,circuit,0,unassessed,unreviewed
SANSEN-0160,1,0160,MOST capacitances CGs & CGD,32,32,,4,unassessed,unreviewed
SANSEN-0161,1,0161,MOST f where iDs = iGs,33,33,circuit,8,unassessed,unreviewed
SANSEN-0162,1,0162,Design for high speed :,33,33,noise,0,unassessed,unreviewed
SANSEN-0163,1,0163,Maximum fr values versus channel length L,34,34,graph,4,unassessed,unreviewed
SANSEN-0164,1,0164,fr model in si and velocity saturation,35,35,,8,unassessed,unreviewed
SANSEN-0165,1,0165,fr model in si and weak inversion,35,35,,10,unassessed,unreviewed
SANSEN-0166,1,0166,fr versus inversion coefficient i,36,36,circuit;graph,3,unassessed,unreviewed
SANSEN-0167,1,0167,Exercise: MOST fr or not ft ? all L= Lmin,36,36,circuit,9,unassessed,unreviewed
SANSEN-0168,1,0168,MOST capacitances CsB & CDB,37,37,circuit;graph,3,unassessed,unreviewed
SANSEN-0169,1,0169,RF MOST model,37,37,,1,unassessed,unreviewed
SANSEN-0170,1,0170,Single-page MOST model,38,38,,11,unassessed,unreviewed
SANSEN-0171,1,0171,Growing number of parameters !,38,38,graph,0,unassessed,unreviewed
SANSEN-0172,1,0172,Benchmark tests,39,39,frequency_response;noise;distortion,0,unassessed,unreviewed
SANSEN-0173,1,0173,Table of contents,39,39,,0,unassessed,unreviewed
SANSEN-0174,1,0174,• Bipolar transistors,40,40,circuit,0,unassessed,unreviewed
SANSEN-0175,1,0175,Bipolar transistor Ice versus VBE,40,40,circuit;graph,4,unassessed,unreviewed
SANSEN-0176,1,0176,Bipolar transistor small-signal model : gm & ru,41,41,circuit;graph,9,unassessed,unreviewed
SANSEN-0177,1,0177,Bipolar transistor capacitance C*,42,42,circuit;frequency_response,3,unassessed,unreviewed
SANSEN-0178,1,0178,Diffusion capacitance CD,42,42,,6,unassessed,unreviewed
SANSEN-0179,1,0179,Bipolar transistor capacitances Cu & Ccs,43,43,circuit,4,unassessed,unreviewed
SANSEN-0180,1,0180,Bipolar transistor fT,43,43,circuit,3,unassessed,unreviewed
SANSEN-0181,1,0181,Bipolar transistor fr versus Ick,44,44,circuit;graph;frequency_response,3,unassessed,unreviewed
SANSEN-0182,1,0182,Single-page Bipolar transistor model,44,44,circuit,7,unassessed,unreviewed
SANSEN-0183,1,0183,Table of contents,45,45,circuit,0,unassessed,unreviewed
SANSEN-0184,1,0184,Comparison MOST - Bipolar,45,45,frequency_response,2,unassessed,unreviewed
SANSEN-0185,1,0185,Comparison MOST - Bipolar : minimum VDs,46,46,circuit,1,unassessed,unreviewed
SANSEN-0186,1,0186,Comparison MOST - Bipolar : gm/lDs ratio,46,46,circuit,0,unassessed,unreviewed
SANSEN-0187,1,0187,Design plan for 9m :,47,47,circuit,4,unassessed,unreviewed
SANSEN-0188,1,0188,Comparison MOST - Bipolar,47,47,circuit;noise,1,unassessed,unreviewed
SANSEN-0189,1,0189,Table of contents,48,48,circuit,0,unassessed,unreviewed
SANSEN-0190,1,0190,Reference books on Transistor models,48,48,circuit;reference,0,unassessed,unreviewed
SANSEN-0191,1,0191,References on Analog Design,49,49,circuit;reference,0,unassessed,unreviewed
SANSEN-021,2,021,Slide 021,50,51,circuit,0,not_applicable,unreviewed
SANSEN-022,2,022,Operational amplifier,50,51,circuit;feedback,0,not_applicable,unreviewed
SANSEN-023,2,023,Table of contents,51,52,circuit,0,not_applicable,unreviewed
SANSEN-024,2,024,Single-transistor amplifier - 1,51,52,circuit,3,not_needed,unreviewed
SANSEN-025,2,025,单管放大器：增益与尺寸,52,53,circuit;noise,0,not_needed,representative_case_visually_reviewed
SANSEN-026,2,026,MOST or bipolar amplifier ?,52,53,circuit,3,not_needed,unreviewed
SANSEN-027,2,027,增益、带宽与增益带宽积,53,54,circuit;frequency_response;feedback,3,not_needed,representative_case_visually_reviewed
SANSEN-028,2,028,增益、带宽与增益带宽积的关系,53,54,graph;frequency_response,3,not_needed,representative_case_visually_reviewed
SANSEN-029,2,029,Single-transistor amplifier : Exercise,54,55,circuit;frequency_response,3,not_needed,unreviewed
SANSEN-0210,2,0210,输入电容对增益与带宽的影响,54,55,circuit;frequency_response,4,not_needed,representative_case_visually_reviewed
SANSEN-0211,2,0211,反馈电容对增益与带宽的影响,55,56,circuit;frequency_response;feedback,3,used,representative_case_visually_reviewed
SANSEN-0212,2,0212,米勒效应,55,56,graph;frequency_response;feedback,2,used,representative_case_visually_reviewed
SANSEN-0213,2,0213,Miller capacitance feedback effects,56,57,graph;frequency_response;feedback,1,used,unreviewed
SANSEN-0214,2,0214,Amplifier with local R- (series) feedback,56,57,circuit;feedback;noise,4,not_needed,unreviewed
SANSEN-0215,2,0215,Amplifier with local L- feedback,57,58,circuit;frequency_response;feedback;noise,4,not_needed,unreviewed
SANSEN-0216,2,0216,Amplifier with local MOST-R- Feedback,57,58,circuit;feedback,4,not_needed,unreviewed
SANSEN-0217,2,0217,Diode-connected MOST : parallel Feedback,58,59,circuit;graph;feedback;distortion,5,not_needed,unreviewed
SANSEN-0218,2,0218,Diode-connected MOST: small-signal,58,59,circuit,3,not_needed,unreviewed
SANSEN-0219,2,0219,Diode-connected MOST at high frequencies,59,60,circuit;frequency_response,4,not_needed,unreviewed
SANSEN-0220,2,0220,Wideband amplifier,59,60,circuit,5,not_needed,unreviewed
SANSEN-0221,2,0221,Linear wideband amplifier,60,61,circuit,4,not_needed,unreviewed
SANSEN-0222,2,0222,Wideband amplifiers,60,61,circuit;frequency_response,5,not_needed,unreviewed
SANSEN-0223,2,0223,Class A versus class AB amplifier,61,62,circuit,2,not_needed,unreviewed
SANSEN-0224,2,0224,CMOS inverter-amplifier,61,62,circuit,1,not_needed,unreviewed
SANSEN-0225,2,0225,Operating points nMOST & pMOST,62,63,circuit;graph;frequency_response,6,not_needed,unreviewed
SANSEN-0226,2,0226,Transfer characteristic Vin = 0 5,62,63,circuit;graph,3,not_needed,unreviewed
SANSEN-0227,2,0227,Analog amplifier : DC,63,64,circuit,5,not_needed,unreviewed
SANSEN-0228,2,0228,Analog amplifier : AC model,63,64,circuit,1,not_needed,unreviewed
SANSEN-0229,2,0229,Analog amplifier: AC gain Av,64,65,circuit;feedback,4,not_needed,unreviewed
SANSEN-0230,2,0230,Analog amplifier : BW & GBW,64,65,circuit;frequency_response,4,not_needed,unreviewed
SANSEN-0231,2,0231,Analog amplifier: poles due to CGs,65,66,circuit;frequency_response,5,not_needed,unreviewed
SANSEN-0232,2,0232,Analog amplifier: poles due to CDG,65,66,circuit;graph;frequency_response;feedback,1,not_needed,unreviewed
SANSEN-0233,2,0233,Analog amplifier: other poles,66,67,circuit;frequency_response;feedback,6,not_needed,unreviewed
SANSEN-0234,2,0234,Class AB operation,66,67,circuit,1,not_needed,unreviewed
SANSEN-0235,2,0235,Table of contents,67,68,circuit,0,not_applicable,unreviewed
SANSEN-0236,2,0236,Single-transistor stages,67,68,circuit,5,not_needed,unreviewed
SANSEN-0237,2,0237,Source follower with VBs = 0 (p-well),68,69,circuit,5,not_needed,unreviewed
SANSEN-0238,2,0238,Source follower with VBs # 0 (n-well),68,69,circuit;frequency_response;distortion,4,not_needed,unreviewed
SANSEN-0239,2,0239,Source follower non-linearity,69,70,circuit;graph;distortion,2,not_needed,unreviewed
SANSEN-0240,2,0240,Emitter follower,69,70,circuit,2,not_needed,unreviewed
SANSEN-0241,2,0241,Source follower with CL load,70,71,circuit;graph;frequency_response,4,used,unreviewed
SANSEN-0242,2,0242,带容性负载的源极跟随器,71,72,circuit;frequency_response,0,used,representative_case_visually_reviewed
SANSEN-0243,2,0243,源极跟随器的输出阻抗,71,72,circuit;graph;frequency_response,2,used,representative_case_visually_reviewed
SANSEN-0244,2,0244,射极跟随器的输出阻抗,72,73,circuit;graph;frequency_response,2,not_needed,representative_case_visually_reviewed
SANSEN-0245,2,0245,Source follower as active L,72,73,circuit,2,not_needed,unreviewed
SANSEN-0246,2,0246,Source follower as active L,73,74,circuit;feedback,6,not_needed,unreviewed
SANSEN-0247,2,0247,Floating inductor with parallel C,73,74,circuit;frequency_response,2,not_needed,unreviewed
SANSEN-0248,2,0248,Table of contents,74,75,circuit,0,not_applicable,unreviewed
SANSEN-0249,2,0249,Single-transistor stages,74,75,circuit,5,not_needed,unreviewed
SANSEN-0250,2,0250,Cascode with resistive load,75,76,circuit,3,not_needed,unreviewed
SANSEN-0251,2,0251,Cascode with resistive load,75,76,circuit;frequency_response,1,not_needed,unreviewed
SANSEN-0252,2,0252,Cascode with active load,76,77,circuit,4,not_needed,unreviewed
SANSEN-0253,2,0253,Cascode versus single-transistor,76,77,circuit;feedback,4,not_needed,unreviewed
SANSEN-0254,2,0254,Cascode versus single-transistor,77,78,circuit;frequency_response,3,not_needed,unreviewed
SANSEN-0255,2,0255,Cascode versus single-transistor,77,78,circuit;frequency_response,3,not_needed,unreviewed
SANSEN-0256,2,0256,Miller effect in cascode ?,78,79,circuit;graph;frequency_response;feedback,4,not_needed,unreviewed
SANSEN-0257,2,0257,Cascode with capacitance Cm at middle point,78,79,circuit;graph;frequency_response,4,not_needed,unreviewed
SANSEN-0258,2,0258,Telescopic Cascode,79,80,circuit;frequency_response,4,not_needed,unreviewed
SANSEN-0259,2,0259,Folded Cascode,80,81,circuit;frequency_response,5,not_needed,unreviewed
SANSEN-0260,2,0260,Cascode versus cascade,80,81,circuit;frequency_response,2,not_needed,unreviewed
SANSEN-0261,2,0261,Cascode versus cascade,81,82,circuit;frequency_response;feedback,2,not_needed,unreviewed
SANSEN-0262,2,0262,Regulated cascode or gain boosting,81,82,circuit;feedback,1,used,unreviewed
SANSEN-0263,2,0263,"Regulated cascode, Cascode & single-transistor",82,83,circuit;frequency_response,4,used,unreviewed
SANSEN-0264,2,0264,Gain boosting,82,83,circuit;graph;frequency_response;feedback;distortion,2,used,unreviewed
SANSEN-0265,2,0265,Pole-zero doublet and settling time,83,84,circuit;graph;frequency_response;feedback,2,not_needed,unreviewed
SANSEN-0266,2,0266,Single-transistor stages,83,84,circuit,5,not_needed,unreviewed
SANSEN-0267,2,0267,MOST amplifier & follower,84,85,circuit,2,not_needed,unreviewed
SANSEN-0268,2,0268,Bipolar transistor (B >> 1),84,85,circuit,2,not_needed,unreviewed
SANSEN-0269,2,0269,In- & output resistances MOST cascode,85,86,circuit,2,not_needed,unreviewed
SANSEN-0270,2,0270,In- & output resistances Bipolar trans. cascode,85,86,circuit,4,not_needed,unreviewed
SANSEN-0271,2,0271,Calculation of Ar for a MOST cascode,86,87,circuit,7,not_needed,unreviewed
SANSEN-0272,2,0272,Table of contents,86,87,circuit,0,not_applicable,unreviewed
SANSEN-031,3,031,Slide 031,87,89,circuit,0,unassessed,unreviewed
SANSEN-032,3,032,Two-transistor circuits,87,89,circuit,2,unassessed,unreviewed
SANSEN-033,3,033,Table of contents,88,90,circuit;noise,0,unassessed,unreviewed
SANSEN-034,3,034,Diode-connected MOST,88,90,circuit;graph;distortion,5,unassessed,unreviewed
SANSEN-035,3,035,Current mirror,89,91,circuit;graph;frequency_response;distortion,3,unassessed,unreviewed
SANSEN-036,3,036,Improved current mirrors,89,91,circuit;graph;frequency_response;feedback,5,candidate,unreviewed
SANSEN-037,3,037,Low-voltage current mirror,90,92,circuit,4,unassessed,unreviewed
SANSEN-038,3,038,Examples of low-voltage current mirrors,90,92,circuit;feedback,1,candidate,unreviewed
SANSEN-039,3,039,Low-voltage diode-connected MOST,91,93,circuit;feedback,3,candidate,unreviewed
SANSEN-0310,3,0310,Lowest-voltage current mirrors,91,93,circuit;feedback,1,candidate,unreviewed
SANSEN-0311,3,0311,Current mirror,92,94,circuit,3,unassessed,unreviewed
SANSEN-0312,3,0312,Improved current mirrors,92,94,circuit;graph;frequency_response;feedback,0,candidate,unreviewed
SANSEN-0313,3,0313,Improved current mirrors,93,95,circuit;graph;frequency_response;feedback,4,candidate,unreviewed
SANSEN-0314,3,0314,Current mirror at high frequencies,94,96,circuit;frequency_response,5,unassessed,unreviewed
SANSEN-0315,3,0315,Current Miller effect,94,96,circuit;feedback,5,candidate,unreviewed
SANSEN-0316,3,0316,Current Miller equivalent circuit,95,97,circuit;frequency_response;feedback,4,candidate,unreviewed
SANSEN-0317,3,0317,Table of contents,95,97,circuit;noise,0,unassessed,unreviewed
SANSEN-0318,3,0318,Voltage differential amplifier,96,98,circuit,4,unassessed,unreviewed
SANSEN-0319,3,0319,Voltage differential amplifier : DC,96,98,circuit;frequency_response,4,unassessed,unreviewed
SANSEN-0320,3,0320,Voltage differential amplifier : AC Gain,97,99,circuit,5,unassessed,unreviewed
SANSEN-0321,3,0321,Voltage differential amplifier,97,99,circuit;noise,1,unassessed,unreviewed
SANSEN-0322,3,0322,CMOS Voltage differential amplifier : DC range,98,100,circuit;graph;frequency_response,0,unassessed,unreviewed
SANSEN-0323,3,0323,Bipolar Voltage diff. amplifier : DC range,99,101,circuit;graph;frequency_response,0,unassessed,unreviewed
SANSEN-0324,3,0324,MOST Voltage diff. amplifier : large input signals,99,101,circuit;graph;distortion,2,unassessed,unreviewed
SANSEN-0325,3,0325,Bipolar Voltage diff. amp. : large input signals,100,102,circuit;distortion,4,unassessed,unreviewed
SANSEN-0326,3,0326,Voltage differential amplifier: transfer function,100,102,circuit;graph,2,unassessed,unreviewed
SANSEN-0327,3,0327,Voltage differential amplifier with gmDs gain,101,103,circuit;feedback,1,candidate,unreviewed
SANSEN-0328,3,0328,Diode-connected MOSTs with resistors,101,103,circuit,0,unassessed,unreviewed
SANSEN-0329,3,0329,Voltage differential amplifier with high gain,102,104,circuit;feedback,2,candidate,unreviewed
SANSEN-0330,3,0330,Differential diode-connected MOSTs,102,104,circuit;feedback,0,candidate,unreviewed
SANSEN-0331,3,0331,Differential diode-connected MOSTs,103,105,circuit,0,unassessed,unreviewed
SANSEN-0332,3,0332,High gain because of current cancellation,103,105,circuit,1,unassessed,unreviewed
SANSEN-0333,3,0333,Input impedance,104,106,circuit,3,unassessed,unreviewed
SANSEN-0334,3,0334,Low-Pass Voltage Differential amplifier,104,106,circuit;graph;frequency_response,3,unassessed,unreviewed
SANSEN-0335,3,0335,High-Pass voltage differential amplifier,105,107,circuit;graph;frequency_response,2,unassessed,unreviewed
SANSEN-0336,3,0336,Calculation High-Pass differential amplifier,105,107,circuit;feedback,1,candidate,unreviewed
SANSEN-0337,3,0337,Table of contents,106,108,circuit;frequency_response,0,unassessed,unreviewed
SANSEN-0338,3,0338,Operational Transconductance Amplifier (OTA),106,108,circuit,1,unassessed,unreviewed
SANSEN-0339,3,0339,Single-stage OTA: operation,107,109,circuit,0,unassessed,unreviewed
SANSEN-0340,3,0340,Single-stage OTA,107,109,circuit;frequency_response;feedback,4,candidate,unreviewed
SANSEN-0341,3,0341,Bootstrapping for low input capacitance,108,110,feedback,1,unassessed,unreviewed
SANSEN-0342,3,0342,Bootstrapping for high input impedance,108,110,circuit;frequency_response;feedback,2,candidate,unreviewed
SANSEN-0343,3,0343,Bootstrapping for high input impedance,109,111,circuit;feedback,1,candidate,unreviewed
SANSEN-0344,3,0344,Bootstrapping out a load resistance R,109,111,circuit;feedback,0,candidate,unreviewed
SANSEN-0345,3,0345,Bootstrapping out an output resistance,110,112,circuit;frequency_response;feedback,1,candidate,unreviewed
SANSEN-0346,3,0346,Bootstrap for high gain Av2,110,112,circuit;feedback,2,candidate,unreviewed
SANSEN-0347,3,0347,Current differential amplifier,111,113,circuit;feedback,2,candidate,unreviewed
SANSEN-0348,3,0348,Current differential amplifier,111,113,circuit;feedback,3,candidate,unreviewed
SANSEN-0349,3,0349,Current differential amplifier,112,114,circuit,3,unassessed,unreviewed
SANSEN-0350,3,0350,4-input current amplifier,112,114,circuit,0,unassessed,unreviewed
SANSEN-0351,3,0351,Low voltage operation,113,115,circuit,10,unassessed,unreviewed
SANSEN-0352,3,0352,Table of contents,113,115,circuit,0,unassessed,unreviewed
SANSEN-041,4,041,Slide 041,114,117,circuit;noise;distortion,0,unassessed,unreviewed
SANSEN-042,4,042,SNR and SNDR,114,117,circuit;noise;distortion,0,unassessed,unreviewed
SANSEN-043,4,043,Table of contents,115,118,noise,0,unassessed,unreviewed
SANSEN-044,4,044,Noise versus time,115,118,frequency_response;noise,0,unassessed,unreviewed
SANSEN-045,4,045,Noise versus frequency,116,119,graph;frequency_response;noise,2,unassessed,unreviewed
SANSEN-046,4,046,Noise of a resistor is thermal noise,116,119,circuit;frequency_response;noise,4,unassessed,unreviewed
SANSEN-047,4,047,Integrated Noise of Resistor - 1,117,120,frequency_response;noise,2,unassessed,unreviewed
SANSEN-048,4,048,Integrated Noise of Resistor - 2,117,120,graph;frequency_response;noise,3,unassessed,unreviewed
SANSEN-049,4,049,Noise density vs integrated noise,118,121,circuit;frequency_response;noise,1,unassessed,unreviewed
SANSEN-0410,4,0410,A resistor also has 1/f noise,119,122,frequency_response;noise,5,unassessed,unreviewed
SANSEN-0411,4,0411,Noise of a diode is shot noise,119,122,noise,3,unassessed,unreviewed
SANSEN-0412,4,0412,A diode also has 1/f noise,120,123,noise,4,unassessed,unreviewed
SANSEN-0413,4,0413,Noise of a MOST,120,123,noise,2,unassessed,unreviewed
SANSEN-0414,4,0414,MOST: equivalent input noise : white,121,124,noise,3,unassessed,unreviewed
SANSEN-0415,4,0415,Poly Gate resistance re in a MOST,121,124,noise,0,unassessed,unreviewed
SANSEN-0416,4,0416,Substrate resistances rg in a MOST,122,125,graph;noise,0,unassessed,unreviewed
SANSEN-0417,4,0417,Noise by the Bulk resistance,122,125,noise,4,unassessed,unreviewed
SANSEN-0418,4,0418,Noise by the Source resistance,123,126,noise,3,unassessed,unreviewed
SANSEN-0419,4,0419,Noise by Source resistor R,123,126,circuit;noise,8,unassessed,unreviewed
SANSEN-0420,4,0420,MOST: equivalent input noise : Exercise,124,127,circuit;noise,2,unassessed,unreviewed
SANSEN-0421,4,0421,MOST: equivalent input noise : 1/f noise,124,127,circuit;noise,5,unassessed,unreviewed
SANSEN-0422,4,0422,Noise vs current : corner frequency,125,128,circuit;noise,0,unassessed,unreviewed
SANSEN-0423,4,0423,Noise vs current : exercise fc,125,128,noise,2,unassessed,unreviewed
SANSEN-0424,4,0424,Noise seen at the Bulk,126,129,noise,7,unassessed,unreviewed
SANSEN-0425,4,0425,Noise of a Bipolar transistor,126,129,circuit;noise,4,unassessed,unreviewed
SANSEN-0426,4,0426,Bipolar trans: equivalent input noise,127,130,circuit;noise,3,unassessed,unreviewed
SANSEN-0427,4,0427,Table of contents,127,130,circuit;noise,0,unassessed,unreviewed
SANSEN-0428,4,0428,Noise of an amplifier with active load,128,131,circuit;noise,3,unassessed,unreviewed
SANSEN-0429,4,0429,1/f Noise of amplifier with active load,128,131,circuit;noise,5,unassessed,unreviewed
SANSEN-0430,4,0430,Noise figure of an amplifier,129,132,circuit;graph;noise,4,unassessed,unreviewed
SANSEN-0431,4,0431,Resistive noise matching,129,132,circuit;noise,6,unassessed,unreviewed
SANSEN-0432,4,0432,Table of contents,130,133,circuit;noise,0,unassessed,unreviewed
SANSEN-0433,4,0433,Noise of an emitter follower,130,133,circuit;noise,1,unassessed,unreviewed
SANSEN-0434,4,0434,Table of contents,131,134,circuit;noise,0,unassessed,unreviewed
SANSEN-0435,4,0435,Noise of a cascode amplifier,131,134,circuit;noise,2,unassessed,unreviewed
SANSEN-0436,4,0436,Input referred noise of a cascode,132,135,circuit;noise,4,unassessed,unreviewed
SANSEN-0437,4,0437,Noise gains in a cascode,132,135,circuit;noise,2,unassessed,unreviewed
SANSEN-0438,4,0438,Noise of a folded cascode,133,136,circuit;noise,1,unassessed,unreviewed
SANSEN-0439,4,0439,Noise of a cascode with linear M1,133,136,circuit;noise;distortion,5,unassessed,unreviewed
SANSEN-0440,4,0440,Small-signal model of a cascode with linear M1,134,137,circuit;noise,7,unassessed,unreviewed
SANSEN-0441,4,0441,Table of contents,134,137,circuit;noise,0,unassessed,unreviewed
SANSEN-0442,4,0442,Noise of a current mirror,135,138,circuit;noise,2,unassessed,unreviewed
SANSEN-0443,4,0443,Noise of a current mirror with series R,135,138,circuit;graph;noise,1,unassessed,unreviewed
SANSEN-0444,4,0444,Noise of a current mirror with series R,136,139,circuit;graph;feedback;noise,2,candidate,unreviewed
SANSEN-0445,4,0445,Current mirror with series R,136,139,circuit;feedback;noise,1,candidate,unreviewed
SANSEN-0446,4,0446,Noise in bipolar current mirror,137,140,circuit;feedback;noise,2,candidate,unreviewed
SANSEN-0447,4,0447,Low-noise current mirror with series R,137,140,circuit;noise,3,unassessed,unreviewed
SANSEN-0448,4,0448,Table of contents,138,141,noise,0,unassessed,unreviewed
SANSEN-0449,4,0449,Noise of differential pair,138,141,circuit;noise,1,unassessed,unreviewed
SANSEN-0450,4,0450,Noise of differential pair with active load,139,142,circuit;noise,2,unassessed,unreviewed
SANSEN-0451,4,0451,Differential pair with source resistors,140,143,circuit;noise,6,unassessed,unreviewed
SANSEN-0452,4,0452,Noise of an opamp,140,143,circuit;feedback;noise,6,candidate,unreviewed
SANSEN-0453,4,0453,Table of contents,141,144,circuit;noise,0,unassessed,unreviewed
SANSEN-0454,4,0454,Capacitive-source amplifier,141,144,circuit;feedback;noise,4,candidate,unreviewed
SANSEN-0455,4,0455,Capacitive noise matching - 1,142,145,circuit;feedback;noise,4,candidate,unreviewed
SANSEN-0456,4,0456,Capacitive noise matching - 2,142,145,circuit;noise,4,unassessed,unreviewed
SANSEN-0457,4,0457,Capacitive noise matching - 3,143,146,circuit;graph;feedback;noise,3,candidate,unreviewed
SANSEN-0458,4,0458,Capacitive noise matching - 4,143,146,circuit;frequency_response;noise,5,unassessed,unreviewed
SANSEN-0459,4,0459,Table of contents,144,147,noise,0,unassessed,unreviewed
SANSEN-051,5,051,Slide 051,145,149,circuit;frequency_response;feedback;noise,0,candidate,unreviewed
SANSEN-052,5,052,Table of contents,145,149,circuit;frequency_response;feedback,0,candidate,unreviewed
SANSEN-053,5,053,Operational amplifiers do operations,146,150,circuit;frequency_response;noise,2,unassessed,unreviewed
SANSEN-054,5,054,Single-ended or fully differential ?,146,150,circuit;noise,0,unassessed,unreviewed
SANSEN-055,5,055,Voltage input or current input ?,147,151,circuit,0,unassessed,unreviewed
SANSEN-056,5,056,Classification,147,151,circuit,8,unassessed,unreviewed
SANSEN-057,5,057,Feedback configurations,148,152,circuit;feedback,6,candidate,unreviewed
SANSEN-058,5,058,Integrator,148,152,circuit;graph;feedback,2,candidate,unreviewed
SANSEN-059,5,059,Low-pass filter,149,153,graph;frequency_response,3,unassessed,unreviewed
SANSEN-0510,5,0510,High-pass filter,149,153,circuit;graph,3,unassessed,unreviewed
SANSEN-0511,5,0511,High-pass filter,150,154,circuit;graph;frequency_response,4,unassessed,unreviewed
SANSEN-0512,5,0512,有限阻带衰减的低通滤波器,150,154,circuit;graph;frequency_response,4,unassessed,representative_case_visually_reviewed
SANSEN-0513,5,0513,增益与带宽的权衡,151,155,circuit;frequency_response;feedback,3,candidate,representative_case_visually_reviewed
SANSEN-0514,5,0514,开环与闭环增益,151,155,circuit;graph;feedback,5,candidate,representative_case_visually_reviewed
SANSEN-0515,5,0515,What makes an opamp an opamp ?,152,156,circuit;frequency_response,1,unassessed,unreviewed
SANSEN-0516,5,0516,Single-pole system,152,156,circuit;graph;frequency_response;feedback,2,candidate,unreviewed
SANSEN-0517,5,0517,Two-pole system,153,157,circuit;graph;frequency_response;feedback;noise,2,candidate,unreviewed
SANSEN-0518,5,0518,Higher loop gain gives less PM,154,158,circuit;graph;feedback,0,candidate,unreviewed
SANSEN-0519,5,0519,Higher loop gain gives less PM,154,158,feedback,0,unassessed,unreviewed
SANSEN-0520,5,0520,Higher loop gain gives less PM,155,159,feedback,0,unassessed,unreviewed
SANSEN-0521,5,0521,Higher loop gain gives less PM,155,159,circuit;frequency_response;feedback,2,candidate,unreviewed
SANSEN-0522,5,0522,Increase PM by increasing f2: low f2,156,160,circuit;graph;frequency_response,3,unassessed,unreviewed
SANSEN-0523,5,0523,Increase PM by increasing f2,156,160,frequency_response,3,unassessed,unreviewed
SANSEN-0524,5,0524,Set PM by setting f2= 3 GBW,157,161,graph;frequency_response,4,unassessed,unreviewed
SANSEN-0525,5,0525,Calculate PM for f2 = 3 GBW,157,161,circuit;frequency_response;feedback,4,candidate,unreviewed
SANSEN-0526,5,0526,"Relation PM, damping and fz/GBW",158,162,circuit;graph;frequency_response,3,unassessed,unreviewed
SANSEN-0527,5,0527,Amplitude response vs frequency,158,162,graph;frequency_response,3,unassessed,unreviewed
SANSEN-0528,5,0528,"Amplitude response vs time [ = 0.1,0.2, 0.4,0.7, 1.0,2.0",159,163,circuit;frequency_response,3,unassessed,unreviewed
SANSEN-0529,5,0529,Table of contents,159,163,circuit,0,unassessed,unreviewed
SANSEN-0530,5,0530,Generic 2-stage opamp,160,164,circuit;frequency_response;feedback,4,candidate,unreviewed
SANSEN-0531,5,0531,Generic 2-stage opamp,160,164,circuit;frequency_response,4,unassessed,unreviewed
SANSEN-0532,5,0532,Elementary design of 2-stage opamp,161,165,circuit;frequency_response,5,unassessed,unreviewed
SANSEN-0533,5,0533,Table of contents,162,166,frequency_response,0,unassessed,unreviewed
SANSEN-0534,5,0534,Generic 2-stage opamp : Miller OTA,162,166,circuit;feedback,3,candidate,unreviewed
SANSEN-0535,5,0535,Generic two-stage opamp,163,167,circuit;graph;frequency_response,5,unassessed,unreviewed
SANSEN-0536,5,0536,Approximate poles and zeros,163,167,frequency_response,4,unassessed,unreviewed
SANSEN-0537,5,0537,Miller OTA : pole splitting with Cc,164,168,graph;frequency_response;feedback,1,unassessed,unreviewed
SANSEN-0538,5,0538,Effect of positive zero Negative zero Positive zero,164,168,graph;frequency_response,2,unassessed,unreviewed
SANSEN-0539,5,0539,Miller OTA : pole splitting with gm2,165,169,circuit;frequency_response;feedback,1,candidate,unreviewed
SANSEN-0540,5,0540,Pole splitting by ...,166,170,frequency_response,1,unassessed,unreviewed
SANSEN-0541,5,0541,Table of contents,166,170,frequency_response,0,unassessed,unreviewed
SANSEN-0542,5,0542,Positive zero because feedforward,167,171,circuit;frequency_response;feedback,1,candidate,unreviewed
SANSEN-0543,5,0543,Cut feedforward through Ce - 1,167,171,circuit;frequency_response;feedback,0,candidate,unreviewed
SANSEN-0544,5,0544,Cut feedforward through Ce - 2,168,172,circuit;frequency_response;feedback,0,candidate,unreviewed
SANSEN-0545,5,0545,Compensation with cascodes,169,173,circuit;frequency_response,0,unassessed,unreviewed
SANSEN-0546,5,0546,Cut feedforward through Cc - 3,169,173,frequency_response;feedback,3,unassessed,unreviewed
SANSEN-0547,5,0547,Negative zero compensation,170,174,frequency_response,4,unassessed,unreviewed
SANSEN-0548,5,0548,Exercise of 2-stage opamp,170,174,circuit;frequency_response,6,unassessed,unreviewed
SANSEN-0549,5,0549,Table of contents,171,175,circuit;feedback,0,candidate,unreviewed
SANSEN-0550,5,0550,1-stage CMOS OTA,171,175,circuit;frequency_response,1,unassessed,unreviewed
SANSEN-0551,5,0551,2-stage Miller CMOS OTA,172,176,circuit;frequency_response;feedback,3,candidate,unreviewed
SANSEN-0552,5,0552,3-stage Nested Miller CMOS OTA,172,176,circuit;frequency_response;feedback,5,candidate,unreviewed
SANSEN-0553,5,0553,Nested Miller with differential pair,173,177,circuit;feedback,0,candidate,unreviewed
SANSEN-0554,5,0554,Relation between the fnd's,173,177,frequency_response,1,unassessed,unreviewed
SANSEN-0555,5,0555,Relation fnd's and power,174,178,graph;frequency_response,1,unassessed,unreviewed
SANSEN-0556,5,0556,Elementary design of 3-stage opamp,174,178,circuit,5,unassessed,unreviewed
SANSEN-0557,5,0557,Exercise of 3-stage opamp,175,179,circuit;frequency_response,7,unassessed,unreviewed
SANSEN-0558,5,0558,"Comparison 1, 2 & 3 stage designs",175,179,circuit;feedback,8,candidate,unreviewed
SANSEN-0559,5,0559,Table of contents,176,180,circuit,0,unassessed,unreviewed
SANSEN-061,6,061,Slide 061,177,181,circuit;frequency_response,0,unassessed,unreviewed
SANSEN-062,6,062,Table of contents,177,181,circuit;frequency_response;feedback,0,candidate,unreviewed
SANSEN-063,6,063,Single-stage CMOS OTA : GBW,178,182,circuit;frequency_response,4,unassessed,unreviewed
SANSEN-064,6,064,CMOS OTA : Maximum GBW,178,182,circuit;frequency_response;noise,6,unassessed,unreviewed
SANSEN-065,6,065,Single stage CMOS OTA : fnd,179,183,circuit;frequency_response,4,unassessed,unreviewed
SANSEN-066,6,066,Simple CMOS OTA : fnd,179,183,circuit;frequency_response,3,unassessed,unreviewed
SANSEN-067,6,067,Single stage CMOS OTA : Design 1,180,184,frequency_response,8,unassessed,unreviewed
SANSEN-068,6,068,Table of contents,181,185,frequency_response;feedback,0,unassessed,unreviewed
SANSEN-069,6,069,Miller CMOS OTA,181,185,circuit;feedback,0,candidate,unreviewed
SANSEN-0610,6,0610,Miller CMOS OTA : small-signal,182,186,circuit;frequency_response;feedback,12,candidate,unreviewed
SANSEN-0611,6,0611,Miller CMOS OTA : GBW,182,186,frequency_response;feedback,5,unassessed,unreviewed
SANSEN-0612,6,0612,Miller CMOS OTA : poles and zero,183,187,circuit;graph;frequency_response;feedback,5,candidate,unreviewed
SANSEN-0613,6,0613,Table of contents,183,187,feedback,0,unassessed,unreviewed
SANSEN-0614,6,0614,Miller CMOS OTA: Design plan,184,188,frequency_response;feedback,3,unassessed,unreviewed
SANSEN-0615,6,0615,Slide 0615,184,188,,1,unassessed,unreviewed
SANSEN-0616,6,0616,Miller CMOS OTA: Design vs Cc,185,189,frequency_response;feedback,6,unassessed,unreviewed
SANSEN-0617,6,0617,Miller CMOS OTA: Design vs Cc,185,189,frequency_response;feedback,1,unassessed,unreviewed
SANSEN-0618,6,0618,1 MHz Miller CMOS OTA: Design vs Ce,186,190,graph;feedback;noise,7,unassessed,unreviewed
SANSEN-0619,6,0619,Miller CMOS OTA : Design vs IDS6,186,190,frequency_response;feedback,1,unassessed,unreviewed
SANSEN-0620,6,0620,Miller CMOS OTA : Design vs Ips1,187,191,graph;feedback;noise,0,unassessed,unreviewed
SANSEN-0621,6,0621,Optimum design for high speed Miller OTA - 1,187,191,circuit;frequency_response;feedback,13,candidate,unreviewed
SANSEN-0622,6,0622,Optimum design Miller for high speed OTA - 2,188,192,circuit;frequency_response;feedback,3,candidate,unreviewed
SANSEN-0623,6,0623,Optimum design Miller for high speed OTA - 3,189,193,frequency_response;feedback,4,unassessed,unreviewed
SANSEN-0624,6,0624,Maximum GBW versus channel length L,189,193,circuit;graph;frequency_response,5,unassessed,unreviewed
SANSEN-0625,6,0625,Design optimization for high speed Miller OTA,190,194,circuit;feedback,0,candidate,unreviewed
SANSEN-0626,6,0626,Design Es. for GBW = 0.4 GHz & CL = 5 pF,190,194,circuit;frequency_response,11,unassessed,unreviewed
SANSEN-0627,6,0627,Optimum design Miller for low speed OTA,191,195,frequency_response;feedback,3,unassessed,unreviewed
SANSEN-0628,6,0628,Design optimization for low speed Miller OTA,191,195,circuit;feedback,0,candidate,unreviewed
SANSEN-0629,6,0629,Design Es. for GBW = 1 MHz & CL = 5 pF,192,196,circuit;frequency_response,12,unassessed,unreviewed
SANSEN-0630,6,0630,Table of contents,192,196,circuit;frequency_response,0,unassessed,unreviewed
SANSEN-0631,6,0631,Miller CMOS OTA: Specifications 1,193,197,circuit;feedback,0,candidate,unreviewed
SANSEN-0632,6,0632,Miller CMOS OTA: Specifications 2,193,197,circuit;frequency_response;feedback,0,candidate,unreviewed
SANSEN-0633,6,0633,Miller CMOS OTA: Specifications 3,194,198,feedback;noise;distortion,0,unassessed,unreviewed
SANSEN-0634,6,0634,Miller CMOS OTA: Specifications 4,195,199,circuit;feedback,0,candidate,unreviewed
SANSEN-0635,6,0635,MC O : Other specifications,195,199,feedback,0,unassessed,unreviewed
SANSEN-0636,6,0636,Miller CMOS OTA,196,200,circuit;frequency_response;feedback,9,candidate,unreviewed
SANSEN-0637,6,0637,Miller CMOS OTA : CM Input Voltage Range,196,200,circuit;feedback,1,candidate,unreviewed
SANSEN-0638,6,0638,Miller CMOS OTA : Output Voltage Range,197,201,circuit;feedback;distortion,1,candidate,unreviewed
SANSEN-0639,6,0639,Miller CMOS OTA : Slew Rate - 1,197,201,circuit;graph;feedback,4,candidate,unreviewed
SANSEN-0640,6,0640,Miller CMOS OTA : Slew Rate - 2,198,202,circuit;graph;feedback;distortion,1,candidate,unreviewed
SANSEN-0641,6,0641,Miller CMOS OTA : Slew Rate - 3,198,202,circuit;graph;frequency_response;feedback,1,candidate,unreviewed
SANSEN-0642,6,0642,Design for GBW or SR ?,199,203,circuit;frequency_response;noise,7,unassessed,unreviewed
SANSEN-0643,6,0643,High SR by gm reduction,199,203,frequency_response,1,unassessed,unreviewed
SANSEN-0644,6,0644,External vs internal Slew Rate,200,204,feedback,3,unassessed,unreviewed
SANSEN-0645,6,0645,Slew Rate and settling,200,204,frequency_response;feedback,3,unassessed,unreviewed
SANSEN-0646,6,0646,Miller CMOS OTA Output Impedance,201,205,circuit;feedback,8,candidate,unreviewed
SANSEN-0647,6,0647,Miller CMOS OTA : Output impedance Zour,201,205,graph;frequency_response;feedback;noise,4,unassessed,unreviewed
SANSEN-0648,6,0648,Miller CMOS OTA : Noise density 1,202,206,circuit;feedback;noise,2,candidate,unreviewed
SANSEN-0649,6,0649,Miller CMOS OTA : Noise density 2,203,207,frequency_response;feedback;noise,3,unassessed,unreviewed
SANSEN-0650,6,0650,Miller CMOS OTA : Integrated Noise,203,207,frequency_response;feedback;noise,5,unassessed,unreviewed
SANSEN-0651,6,0651,Noise density vs integrated noise,204,208,circuit;noise,2,unassessed,unreviewed
SANSEN-0652,6,0652,CMOS Miller OTA layout,204,208,frequency_response;feedback;noise,5,unassessed,unreviewed
SANSEN-0653,6,0653,Miller CMOS OTA : Exercise,205,209,circuit;frequency_response;feedback;noise,5,candidate,unreviewed
SANSEN-0654,6,0654,Conclusion : Table of contents,205,209,circuit;feedback,0,candidate,unreviewed
SANSEN-071,7,071,Slide 071,206,211,circuit;noise,0,unassessed,unreviewed
SANSEN-072,7,072,Table of contents,206,211,circuit,0,unassessed,unreviewed
SANSEN-073,7,073,Simple CMOS OTA,207,212,circuit;frequency_response,3,unassessed,unreviewed
SANSEN-074,7,074,Simple CMOS OTA : fnd,207,212,circuit;frequency_response,3,unassessed,unreviewed
SANSEN-075,7,075,Telescopic CMOS OTA,208,213,circuit;frequency_response;feedback,1,candidate,unreviewed
SANSEN-076,7,076,Cascodes increase gain at low frequencies,208,213,circuit;graph;distortion,1,unassessed,unreviewed
SANSEN-077,7,077,Table of contents,209,214,circuit;frequency_response;feedback,0,candidate,unreviewed
SANSEN-078,7,078,Miller CMOS OTA,209,214,frequency_response;feedback,2,unassessed,unreviewed
SANSEN-079,7,079,Miller BiCMOS OTA,210,215,circuit;feedback,1,candidate,unreviewed
SANSEN-0710,7,0710,Table of contents,210,215,feedback,0,unassessed,unreviewed
SANSEN-0711,7,0711,Symmetrical CMOS OTA,211,216,circuit,1,unassessed,unreviewed
SANSEN-0712,7,0712,Symmetrical CMOS OTA : GBW,211,216,circuit;frequency_response,5,unassessed,unreviewed
SANSEN-0713,7,0713,"Symmetrical CMOS OTA : fnd1,2",212,217,circuit;frequency_response,5,unassessed,unreviewed
SANSEN-0714,7,0714,Pole at output of a differential pair,212,217,circuit;graph;frequency_response,2,unassessed,unreviewed
SANSEN-0715,7,0715,Symmetrical CMOS OTA : fnds,213,218,circuit;frequency_response,2,unassessed,unreviewed
SANSEN-0716,7,0716,Symmetrical CMOS OTA : Design Example,213,218,circuit;frequency_response,7,unassessed,unreviewed
SANSEN-0717,7,0717,Symmetrical BiCMOS OTA,214,219,circuit;frequency_response;feedback,4,candidate,unreviewed
SANSEN-0718,7,0718,Symmetrical CMOS OTA with cascodes,214,219,circuit;frequency_response,2,unassessed,unreviewed
SANSEN-0719,7,0719,Symmetrical Miller CMOS OTA,215,220,circuit;frequency_response;feedback,1,candidate,unreviewed
SANSEN-0720,7,0720,Bipolar transistor symmetrical amplifier,215,220,circuit;frequency_response,1,unassessed,unreviewed
SANSEN-0721,7,0721,Gain enhancement by current starving,216,221,frequency_response,1,unassessed,unreviewed
SANSEN-0722,7,0722,Table of contents,216,221,circuit;noise,0,unassessed,unreviewed
SANSEN-0723,7,0723,Folded cascode CMOS OTA,217,222,circuit,1,unassessed,unreviewed
SANSEN-0724,7,0724,Folded cascode CMOS OTA : DC,217,222,circuit,0,unassessed,unreviewed
SANSEN-0725,7,0725,Folded cascode CMOS OTA :,218,223,circuit;frequency_response,3,unassessed,unreviewed
SANSEN-0726,7,0726,Folded cascode CMOS OTA :,218,223,circuit;frequency_response,4,unassessed,unreviewed
SANSEN-0727,7,0727,Folded cascode CMOS OTA :,219,224,circuit;frequency_response,1,unassessed,unreviewed
SANSEN-0728,7,0728,Folded cascode BiCMOS OTA,219,224,circuit;frequency_response,2,unassessed,unreviewed
SANSEN-0729,7,0729,Folded cascode OTA: input to Vss rail,220,225,circuit,6,unassessed,unreviewed
SANSEN-0730,7,0730,Folded cascode OTA with 2nd stage,220,225,circuit;frequency_response;feedback;distortion,1,candidate,unreviewed
SANSEN-0731,7,0731,Conventional folded cascode OTA,221,226,circuit,1,unassessed,unreviewed
SANSEN-0732,7,0732,Alternative folded cascode OTA,221,226,circuit,1,unassessed,unreviewed
SANSEN-0733,7,0733,Comparison amplifiers,222,227,circuit;feedback;noise,3,candidate,unreviewed
SANSEN-0734,7,0734,Table of contents,222,227,circuit;frequency_response;feedback,0,candidate,unreviewed
SANSEN-0735,7,0735,Sub-1 Volt OTA,223,228,circuit;frequency_response;feedback,1,candidate,unreviewed
SANSEN-0736,7,0736,Slide 0736,223,228,circuit;frequency_response;feedback,5,candidate,unreviewed
SANSEN-0737,7,0737,Increased input transconductance - 1,224,229,,2,unassessed,unreviewed
SANSEN-0738,7,0738,Increased input transconductance - 2,224,229,,2,unassessed,unreviewed
SANSEN-0739,7,0739,Increased input transconductance - 3,225,230,circuit;distortion,4,unassessed,unreviewed
SANSEN-0740,7,0740,Transconductor with C DG compen.,225,230,circuit;feedback;distortion,3,candidate,unreviewed
SANSEN-0741,7,0741,"Ref.: Wu etal, JSSC Jan.1994, pp.63-66",226,231,circuit;frequency_response;feedback,0,candidate,unreviewed
SANSEN-0742,7,0742,Problem: unequal gmtot,227,232,frequency_response;distortion,4,unassessed,unreviewed
SANSEN-0743,7,0743,Wu : input rail-to-rail stage VDD = 5V,227,232,circuit;frequency_response,1,unassessed,unreviewed
SANSEN-0744,7,0744,Wu : output stage : gain,228,233,circuit;graph;feedback,4,candidate,unreviewed
SANSEN-0745,7,0745,Wu : output quiescent current control,228,233,circuit,5,unassessed,unreviewed
SANSEN-0746,7,0746,Enhanced full-differential folded-cascode,229,234,circuit,2,unassessed,unreviewed
SANSEN-0747,7,0747,Bipolar opamp LM-124,229,234,circuit;frequency_response;noise,4,unassessed,unreviewed
SANSEN-0748,7,0748,BiFET opamp TL-070,230,235,circuit;frequency_response;feedback;noise,4,candidate,unreviewed
SANSEN-0749,7,0749,Bipolar 2-stage opamp 741,230,235,circuit;frequency_response;feedback,4,candidate,unreviewed
SANSEN-0750,7,0750,Two-stage opamp OP-97,231,236,circuit;frequency_response,3,unassessed,unreviewed
SANSEN-0751,7,0751,Bootstrap for high gain Avz,232,237,circuit;feedback,3,candidate,unreviewed
SANSEN-0752,7,0752,Table of contents,232,237,circuit,0,unassessed,unreviewed
SANSEN-081,8,081,Slide 081,233,239,circuit;feedback,0,candidate,unreviewed
SANSEN-082,8,082,Table of contents,233,239,graph,0,unassessed,unreviewed
SANSEN-083,8,083,Single-stage OTA,234,240,circuit,0,unassessed,unreviewed
SANSEN-084,8,084,Simple CMOS fully-differential OTA,234,240,circuit;feedback,1,candidate,unreviewed
SANSEN-085,8,085,Simple CMOS fully-diff. OTA with CMFB - 1,235,241,circuit;feedback,0,candidate,unreviewed
SANSEN-086,8,086,Simple CMOS fully-diff. OTA withy CMFB - 2,235,241,circuit;feedback,0,candidate,unreviewed
SANSEN-087,8,087,Common-mode feedback equivalent circuit,236,242,circuit;frequency_response;feedback,0,candidate,unreviewed
SANSEN-088,8,088,Common-mode feedback CMFB,236,242,circuit;feedback,1,candidate,unreviewed
SANSEN-089,8,089,Requirements fully-differential amplifiers,237,243,circuit;frequency_response;feedback,2,candidate,unreviewed
SANSEN-0810,8,0810,Load capacitance ?,237,243,frequency_response;feedback,0,unassessed,unreviewed
SANSEN-0811,8,0811,Load capacitance CIn,238,244,circuit,0,unassessed,unreviewed
SANSEN-0812,8,0812,Load capacitance CINDM,238,244,,1,unassessed,unreviewed
SANSEN-0813,8,0813,Load capacitance CINCM,239,245,circuit;feedback,1,candidate,unreviewed
SANSEN-0814,8,0814,GBWDM & GBWeM,239,245,circuit;frequency_response,4,unassessed,unreviewed
SANSEN-0815,8,0815,Table of contents,240,246,circuit;feedback,0,candidate,unreviewed
SANSEN-0816,8,0816,CMFB amplifier with linear MOSTs,240,246,circuit;frequency_response;feedback,5,candidate,unreviewed
SANSEN-0817,8,0817,Fully-differential amp. with linear MOSTs,241,247,circuit;frequency_response,3,unassessed,unreviewed
SANSEN-0818,8,0818,Fully-differential amp. with linear MOSTs,241,247,circuit,1,unassessed,unreviewed
SANSEN-0819,8,0819,Total amplifier schematic,242,248,circuit;frequency_response,0,unassessed,unreviewed
SANSEN-0820,8,0820,Fully-differential OTA with FF,242,248,circuit;frequency_response,0,unassessed,unreviewed
SANSEN-0821,8,0821,Transconductor with C DG compen.,243,249,circuit;feedback;distortion,3,candidate,unreviewed
SANSEN-0822,8,0822,Table of contents,243,249,circuit,0,unassessed,unreviewed
SANSEN-0823,8,0823,Fully-differential amplifier with resistive CMFB,244,250,circuit,2,unassessed,unreviewed
SANSEN-0824,8,0824,Fully-diff. amp. with source followers: Diff. mode,244,250,circuit;frequency_response,2,unassessed,unreviewed
SANSEN-0825,8,0825,Fully-diff. amp. with source followers: CM,245,251,circuit;frequency_response;feedback,3,candidate,unreviewed
SANSEN-0826,8,0826,Table of contents,245,251,circuit,0,unassessed,unreviewed
SANSEN-0827,8,0827,Fully-diff amp. with error amplifier: Diff. mode,246,252,circuit;frequency_response;feedback,1,candidate,unreviewed
SANSEN-0828,8,0828,Fully-diff amp. with error amp. : Common mode,246,252,circuit;frequency_response,1,unassessed,unreviewed
SANSEN-0829,8,0829,Class AB fully-differential amplifier,247,253,circuit;feedback,0,candidate,unreviewed
SANSEN-0830,8,0830,Comparison,247,253,circuit,6,unassessed,unreviewed
SANSEN-0831,8,0831,Table of contents,248,254,,0,unassessed,unreviewed
SANSEN-0832,8,0832,Fully-ditferential amplitier with gain boosting,248,254,circuit;frequency_response;feedback,0,candidate,unreviewed
SANSEN-0833,8,0833,Low-voltage (1.1 V) DIDO,249,255,circuit;feedback,0,candidate,unreviewed
SANSEN-0834,8,0834,Linear CM amplifier,249,255,circuit,1,unassessed,unreviewed
SANSEN-0835,8,0835,Fully-diff.amp. with separate linear trans.CMFB,250,256,circuit,2,unassessed,unreviewed
SANSEN-0836,8,0836,CMFB over 2 or more amplifiers,250,256,circuit,0,unassessed,unreviewed
SANSEN-0837,8,0837,CMFB over 2 pseudo-differential amps,251,257,circuit;feedback,0,candidate,unreviewed
SANSEN-0838,8,0838,Fully-differential amplifier with SC CMFB,251,257,circuit;feedback,4,candidate,unreviewed
SANSEN-0839,8,0839,Fully-differential amp. with SC CMFB : Ф1,252,258,circuit;frequency_response;feedback,3,candidate,unreviewed
SANSEN-0840,8,0840,Fully-differential amp. with SC CMFB : Ф2,252,258,circuit;frequency_response;feedback,4,candidate,unreviewed
SANSEN-0841,8,0841,Table of contents,253,259,,0,unassessed,unreviewed
SANSEN-0842,8,0842,Fully-differental folded cascode with source foll.,253,259,circuit;feedback,1,candidate,unreviewed
SANSEN-0843,8,0843,Fully-diff. amp. : Specifications,254,260,circuit;frequency_response;noise,8,unassessed,unreviewed
SANSEN-0844,8,0844,Fully-diff. folded cascode in BICMOS,254,260,circuit,0,unassessed,unreviewed
SANSEN-0845,8,0845,Fully-diff. amp. : Specifications,255,261,circuit;frequency_response;noise,10,unassessed,unreviewed
SANSEN-0846,8,0846,Table of contents,255,261,,0,unassessed,unreviewed
SANSEN-091,9,091,Slide 091,256,263,circuit,0,unassessed,unreviewed
SANSEN-092,9,092,Table of contents,256,263,feedback,0,unassessed,unreviewed
SANSEN-093,9,093,Why three-stage amplifiers ?,257,264,circuit;feedback,1,candidate,unreviewed
SANSEN-094,9,094,No cascoding but cascading !,257,264,circuit,2,unassessed,unreviewed
SANSEN-095,9,095,Cascode versus cascade,258,265,circuit;frequency_response,4,unassessed,unreviewed
SANSEN-096,9,096,1-stage CMOS OTA,258,265,circuit;frequency_response,2,unassessed,unreviewed
SANSEN-097,9,097,2-stage Miller CMOS OTA,259,266,circuit;frequency_response;feedback,3,candidate,unreviewed
SANSEN-098,9,098,3-stage Nested Miller CMOS OTA,259,266,circuit;frequency_response;feedback,5,candidate,unreviewed
SANSEN-099,9,099,3-pole opamp : phase margin PM,260,267,circuit;graph;frequency_response;feedback,0,candidate,unreviewed
SANSEN-0910,9,0910,Three-pole opamp,261,268,circuit;frequency_response;feedback,5,candidate,unreviewed
SANSEN-0911,9,0911,"3-pole opamp: "", = 3 ""uG 0, = 5@tc",261,268,circuit;graph;frequency_response,0,unassessed,unreviewed
SANSEN-0912,9,0912,Three-stage with 3/5 on 60° PM with unity gain,262,269,graph;frequency_response,0,unassessed,unreviewed
SANSEN-0913,9,0913,Three-stage with 2/4 on 50° PM with unity gain,262,269,graph;frequency_response,0,unassessed,unreviewed
SANSEN-0914,9,0914,Three-pole opamp with complex poles,263,270,circuit;frequency_response;feedback,4,candidate,unreviewed
SANSEN-0915,9,0915,Unity-gain 3-pole opamp: < = 0.28 p = 2.828,263,270,circuit;frequency_response,0,unassessed,unreviewed
SANSEN-0916,9,0916,Unity-gain 3-pole opamp: < = 0.44 p = 2.828,264,271,circuit;frequency_response,0,unassessed,unreviewed
SANSEN-0917,9,0917,Unity-gain 3-pole opamp : 5= ... p = 2.828,264,271,circuit;graph;frequency_response,0,unassessed,unreviewed
SANSEN-0918,9,0918,p = 2.828 Unity-gain 3-pole opamp: 5=0.71,265,272,circuit;frequency_response,1,unassessed,unreviewed
SANSEN-0919,9,0919,Table of contents,265,272,circuit;feedback,0,candidate,unreviewed
SANSEN-0920,9,0920,Three-stage configuration,266,273,circuit;feedback,0,candidate,unreviewed
SANSEN-0921,9,0921,Nested Miller with differential pair as 2nd stage,266,273,circuit;frequency_response;feedback,1,candidate,unreviewed
SANSEN-0922,9,0922,Two ways to non-inverting gain,267,274,circuit;frequency_response,0,unassessed,unreviewed
SANSEN-0923,9,0923,Two types of current mirroring,267,274,frequency_response,0,unassessed,unreviewed
SANSEN-0924,9,0924,Nested Miller with differential pair as 2nd stage,268,275,circuit;feedback,1,candidate,unreviewed
SANSEN-0925,9,0925,Nested Miller with current mirror as 2nd stage,268,275,circuit;frequency_response;feedback,1,candidate,unreviewed
SANSEN-0926,9,0926,"Comparison of power consumption 1,00€-01",269,276,circuit;frequency_response,0,unassessed,unreviewed
SANSEN-0927,9,0927,Nested-Miller Frequency compensation - NMC,269,276,circuit;frequency_response;feedback,0,candidate,unreviewed
SANSEN-0928,9,0928,NMC equations in open loop,270,277,frequency_response;feedback,6,unassessed,unreviewed
SANSEN-0929,9,0929,NMC stability,270,277,frequency_response;noise,8,unassessed,unreviewed
SANSEN-0930,9,0930,Nested Gm-C compensation NGCC,271,278,circuit;feedback,4,candidate,unreviewed
SANSEN-0931,9,0931,Nested-Miller with single Feedforward - NMCF,271,278,frequency_response;feedback,2,unassessed,unreviewed
SANSEN-0932,9,0932,Multipath Nested-Miller - MNMC,272,279,circuit;frequency_response;feedback,1,candidate,unreviewed
SANSEN-0933,9,0933,Comparison Nested-Miller solutions,272,279,circuit;frequency_response;feedback,2,candidate,unreviewed
SANSEN-0934,9,0934,Table of contents,273,280,,0,unassessed,unreviewed
SANSEN-0935,9,0935,Nested Gm and nulling Res. NMC - NGRNMC,273,280,circuit;frequency_response,4,unassessed,unreviewed
SANSEN-0936,9,0936,NGRNMC schematic,274,281,circuit,0,unassessed,unreviewed
SANSEN-0937,9,0937,Positive Feedback Compensation - PFC,274,281,frequency_response;feedback,0,unassessed,unreviewed
SANSEN-0938,9,0938,PFC Equations,275,282,circuit;frequency_response;feedback,7,candidate,unreviewed
SANSEN-0939,9,0939,PFC schematic,275,282,circuit,0,unassessed,unreviewed
SANSEN-0940,9,0940,AC Boosting Compensation - ACBC,276,283,circuit;frequency_response,1,unassessed,unreviewed
SANSEN-0941,9,0941,ACBC equations Adc(1+ §,276,283,frequency_response,10,unassessed,unreviewed
SANSEN-0942,9,0942,ACBC stability,277,284,circuit;graph;frequency_response,10,unassessed,unreviewed
SANSEN-0943,9,0943,ACBC schematic,277,284,circuit;frequency_response,0,unassessed,unreviewed
SANSEN-0944,9,0944,ACBC results,278,285,,0,unassessed,unreviewed
SANSEN-0945,9,0945,Transcond. with Cap. Feedback Comp.- TCFC,278,285,circuit;graph;frequency_response;feedback,1,candidate,unreviewed
SANSEN-0946,9,0946,TCFC equations Adc (1 + S,279,286,circuit;frequency_response,9,unassessed,unreviewed
SANSEN-0947,9,0947,"TCFC stability Stability (k, = 2):",279,286,circuit;graph;frequency_response,10,unassessed,unreviewed
SANSEN-0948,9,0948,TCFC schematic,280,287,circuit,0,unassessed,unreviewed
SANSEN-0949,9,0949,Table of contents,280,287,frequency_response,0,unassessed,unreviewed
SANSEN-0950,9,0950,TCFC and other 3-stage opamps,281,288,,0,unassessed,unreviewed
SANSEN-0951,9,0951,Comparison,281,288,circuit;frequency_response;feedback,0,candidate,unreviewed
SANSEN-0952,9,0952,Transient responses in unity gain,282,289,circuit;frequency_response,2,unassessed,unreviewed
SANSEN-0953,9,0953,References,282,289,reference,0,unassessed,unreviewed
SANSEN-0954,9,0954,Table of contents,283,290,circuit;frequency_response;feedback,0,candidate,unreviewed
SANSEN-101,10,101,Slide 101,284,291,,0,unassessed,unreviewed
SANSEN-102,10,102,Table of contents,284,291,feedback,0,unassessed,unreviewed
SANSEN-103,10,103,Current or voltage amplifier,285,292,circuit;feedback;noise,2,candidate,unreviewed
SANSEN-104,10,104,Operational current amplifier Gain & Speed,285,292,circuit;frequency_response,4,unassessed,unreviewed
SANSEN-105,10,105,Operational current amplifier : noise,286,293,circuit;noise;distortion,3,unassessed,unreviewed
SANSEN-106,10,106,Gain and noise in MOST cascodes,286,293,circuit;noise,3,unassessed,unreviewed
SANSEN-107,10,107,OTA in feedbackloop,287,294,circuit;frequency_response;feedback,2,candidate,unreviewed
SANSEN-108,10,108,OCA in feedbackloop,287,294,circuit;frequency_response;feedback,1,candidate,unreviewed
SANSEN-109,10,109,Comparison Avv and Avi,288,295,circuit;frequency_response,3,unassessed,unreviewed
SANSEN-1010,10,1010,Advantage Avi,288,295,circuit;frequency_response;feedback,4,candidate,unreviewed
SANSEN-1011,10,1011,Limitations advantage Avi,289,296,circuit;frequency_response,2,unassessed,unreviewed
SANSEN-1012,10,1012,Table of contents,289,296,,0,unassessed,unreviewed
SANSEN-1013,10,1013,Single-stage OCA- 1 (AD846),290,297,circuit;frequency_response;noise,2,unassessed,unreviewed
SANSEN-1014,10,1014,Single-stage OCA- 2 (AD846),290,297,circuit;graph;frequency_response,10,unassessed,unreviewed
SANSEN-1015,10,1015,Two-stage OCA- 1 (AD8011 bipolar),291,298,circuit,0,unassessed,unreviewed
SANSEN-1016,10,1016,Two-stage OCA- 2 (AD8011 bipolar),291,298,circuit;frequency_response;noise,0,unassessed,unreviewed
SANSEN-1017,10,1017,Two-stage OCA :AD8011,292,299,circuit;frequency_response,4,unassessed,unreviewed
SANSEN-1018,10,1018,Two-stage OCA (LM3900),292,299,circuit,2,unassessed,unreviewed
SANSEN-1019,10,1019,Current feedback opamp,293,300,circuit;frequency_response;feedback,2,candidate,unreviewed
SANSEN-1020,10,1020,Table of contents,293,300,noise,0,unassessed,unreviewed
SANSEN-111,11,111,Slide 111,294,301,circuit,0,unassessed,unreviewed
SANSEN-112,11,112,Table of contents,294,301,,0,unassessed,unreviewed
SANSEN-113,11,113,Why rail-to-rail amplifiers ?,295,302,noise,0,unassessed,unreviewed
SANSEN-114,11,114,Symmetrical CMOS OTA,295,302,circuit;distortion,0,unassessed,unreviewed
SANSEN-115,11,115,When rail-to-rail input ?,296,303,circuit;feedback,0,candidate,unreviewed
SANSEN-116,11,116,Rail-to-rail input for CMFB,296,303,circuit,0,unassessed,unreviewed
SANSEN-117,11,117,Table of contents,297,304,circuit,0,unassessed,unreviewed
SANSEN-118,11,118,Problem ? Vos= 0.9 V & VDssat = 0.2 V >>> VGsDs = 1.1 V,297,304,,5,unassessed,unreviewed
SANSEN-119,11,119,Problem : limited input CM range,298,305,,4,unassessed,unreviewed
SANSEN-1110,11,1110,Problem: unequal gmtot,298,305,frequency_response,3,unassessed,unreviewed
SANSEN-1111,11,1111,Solution : gm equalization,299,306,distortion,4,unassessed,unreviewed
SANSEN-1112,11,1112,Equalize gmtot in strong inversion,299,306,,6,unassessed,unreviewed
SANSEN-1113,11,1113,3x Current mirror for nMOSTs,300,307,circuit,1,unassessed,unreviewed
SANSEN-1114,11,1114,3x Current mirror for all MOSTs,300,307,circuit,1,unassessed,unreviewed
SANSEN-1115,11,1115,3x Current mirror : performance,301,308,circuit,3,unassessed,unreviewed
SANSEN-1116,11,1116,Rail-to-rail opamp,301,308,circuit;frequency_response;feedback,0,candidate,unreviewed
SANSEN-1117,11,1117,Table of contents,302,309,,0,unassessed,unreviewed
SANSEN-1118,11,1118,Zener diodes,302,309,,1,unassessed,unreviewed
SANSEN-1119,11,1119,Rail-to-rail amplifier with Zener diode,303,310,circuit,2,unassessed,unreviewed
SANSEN-1120,11,1120,Rail-to-rail amplifier with Zener diode,303,310,circuit,3,unassessed,unreviewed
SANSEN-1121,11,1121,Rtr amp. with electronic Zener,304,311,circuit,1,unassessed,unreviewed
SANSEN-1122,11,1122,Rail-to-rail amp. with Zener : performance,304,311,circuit,2,unassessed,unreviewed
SANSEN-1123,11,1123,Table of contents,305,312,feedback,0,unassessed,unreviewed
SANSEN-1124,11,1124,Equalize gmtot in weak inversion,305,312,,4,unassessed,unreviewed
SANSEN-1125,11,1125,Rail-to-rail amplifier with current switch,306,313,circuit,1,unassessed,unreviewed
SANSEN-1126,11,1126,Rtr amp. with I-switch : performance,306,313,,4,unassessed,unreviewed
SANSEN-1127,11,1127,"Ref. : Wu etal, JSSC Jan.1994, pp.63-66",307,314,circuit;frequency_response;feedback,0,candidate,unreviewed
SANSEN-1128,11,1128,"Ref. : Wu etal, JSSC Jan.1994, pp.63-66",307,314,circuit,0,unassessed,unreviewed
SANSEN-1129,11,1129,Input rail-to-rail stage VDD = 5V,308,315,,1,unassessed,unreviewed
SANSEN-1130,11,1130,Current regulator FB loop,308,315,circuit;feedback,1,candidate,unreviewed
SANSEN-1131,11,1131,Current regulator FB loop : replica biasing,309,316,circuit;feedback,0,candidate,unreviewed
SANSEN-1132,11,1132,Replica biasing with one transistor,309,316,circuit;feedback,0,candidate,unreviewed
SANSEN-1133,11,1133,Replica biasing with differential pair,310,317,circuit;feedback,0,candidate,unreviewed
SANSEN-1134,11,1134,Current regulator rail-to-rail amplifier,310,317,circuit,0,unassessed,unreviewed
SANSEN-1135,11,1135,I-regulator rtr amplifier,311,318,circuit;feedback,0,candidate,unreviewed
SANSEN-1136,11,1136,Total amplifier schematic,311,318,circuit,0,unassessed,unreviewed
SANSEN-1137,11,1137,Output stage,312,319,circuit;feedback,0,candidate,unreviewed
SANSEN-1138,11,1138,Current-regulator rtr amp.: performance,312,319,,3,unassessed,unreviewed
SANSEN-1139,11,1139,Current-regulator rtr amp. : towards 1.5 V,313,320,circuit,3,unassessed,unreviewed
SANSEN-1140,11,1140,GBW error,313,320,frequency_response,0,unassessed,unreviewed
SANSEN-1141,11,1141,Input ofiset voltage,314,321,frequency_response;distortion,2,unassessed,unreviewed
SANSEN-1142,11,1142,Rail-to-rail Opamp with Current regulator,314,321,circuit,5,unassessed,unreviewed
SANSEN-1143,11,1143,Table of contents,315,322,circuit,0,unassessed,unreviewed
SANSEN-1144,11,1144,Internal Voo Regulator,315,322,feedback,4,unassessed,unreviewed
SANSEN-1145,11,1145,Regulating VDD : total schematic,316,323,circuit,2,unassessed,unreviewed
SANSEN-1146,11,1146,Replica biasing block,316,323,circuit;feedback,0,candidate,unreviewed
SANSEN-1147,11,1147,Internal VoD regulator,317,324,circuit;feedback,0,candidate,unreviewed
SANSEN-1148,11,1148,Total amplifier schematic,317,324,circuit,0,unassessed,unreviewed
SANSEN-1149,11,1149,Internal supply voltage,318,325,circuit,0,unassessed,unreviewed
SANSEN-1150,11,1150,GBW error,318,325,frequency_response;distortion,0,unassessed,unreviewed
SANSEN-1151,11,1151,Rail-to-rail amp. with VoD regulator : Specs,319,326,circuit;noise,8,unassessed,unreviewed
SANSEN-1152,11,1152,Rtr Opamp with Voo-regulator,319,326,circuit,0,unassessed,unreviewed
SANSEN-1153,11,1153,Rail-to-rail with Voo regulator : min VDD,320,327,circuit,5,unassessed,unreviewed
SANSEN-1154,11,1154,Table of contents,320,327,,0,unassessed,unreviewed
SANSEN-1155,11,1155,Rail-to-rail opamp with current summation,321,328,circuit,0,unassessed,unreviewed
SANSEN-1156,11,1156,Opamp with voltage multiplier,321,328,circuit;distortion,2,unassessed,unreviewed
SANSEN-1157,11,1157,Rail-to-rail opamp with differential signal proc.,322,329,circuit;feedback,0,candidate,unreviewed
SANSEN-1158,11,1158,Maximum-current selecting circuits,322,329,noise,0,unassessed,unreviewed
SANSEN-1159,11,1159,Maximum-current selecting circuit,323,330,circuit,0,unassessed,unreviewed
SANSEN-1160,11,1160,Transconductance equalizer circuit,323,330,circuit,3,unassessed,unreviewed
SANSEN-1161,11,1161,Rail-to-rail opamp with max.-current selector,324,331,circuit;noise,0,unassessed,unreviewed
SANSEN-1162,11,1162,Rail-to-rail opamp with max.-current selector,324,331,circuit;noise,0,unassessed,unreviewed
SANSEN-1163,11,1163,Rail-to-rail opamp on 1 Volt Supply,325,332,circuit,1,unassessed,unreviewed
SANSEN-1164,11,1164,Rail-to-rail opamp on 1 Volt,325,332,circuit;frequency_response,2,unassessed,unreviewed
SANSEN-1165,11,1165,Rail-to-Rail opamp on 1 Volt,326,333,circuit;frequency_response,1,unassessed,unreviewed
SANSEN-1166,11,1166,RtR opamp : full opamp schematic,326,333,circuit;noise,1,unassessed,unreviewed
SANSEN-1167,11,1167,RtR opamp : current generator,327,334,circuit,0,unassessed,unreviewed
SANSEN-1168,11,1168,Comparison rail-to-rail input amplifiers,327,334,circuit;noise;distortion,0,unassessed,unreviewed
SANSEN-1169,11,1169,Table of contents,328,335,circuit,0,unassessed,unreviewed
SANSEN-1170,11,1170,References,328,335,reference,0,unassessed,unreviewed
SANSEN-1171,11,1171,References,329,336,reference,0,unassessed,unreviewed
SANSEN-121,12,121,Slide 121,330,337,distortion,0,unassessed,unreviewed
SANSEN-122,12,122,Slide 122,330,337,circuit,0,unassessed,unreviewed
SANSEN-123,12,123,CMOS Output stage problem,331,338,circuit,6,unassessed,unreviewed
SANSEN-124,12,124,CMOS Output stages,331,338,circuit;feedback,2,candidate,unreviewed
SANSEN-125,12,125,"Class A, AB, B, ete",332,339,circuit;frequency_response;distortion,3,unassessed,unreviewed
SANSEN-126,12,126,Requirements class -AB stages,332,339,circuit;graph;feedback;distortion,0,candidate,unreviewed
SANSEN-127,12,127,Class -AB stages,333,340,circuit;graph,0,unassessed,unreviewed
SANSEN-128,12,128,Simple CMOS class-AB amplifier,333,340,circuit;graph;frequency_response,1,unassessed,unreviewed
SANSEN-129,12,129,Slide 129,334,341,circuit;graph,0,unassessed,unreviewed
SANSEN-1210,12,1210,Cross-coupled quad,334,341,circuit,0,unassessed,unreviewed
SANSEN-1211,12,1211,Other cross-coupled quads,335,342,circuit,0,unassessed,unreviewed
SANSEN-1212,12,1212,Class AB Input structures,335,342,circuit;frequency_response,1,unassessed,unreviewed
SANSEN-1213,12,1213,Class AB fully differential amplifier,336,343,circuit;graph;feedback,0,candidate,unreviewed
SANSEN-1214,12,1214,Double-Push,336,343,,0,unassessed,unreviewed
SANSEN-1215,12,1215,Double-Push amp (Fischer),337,344,circuit;frequency_response,0,unassessed,unreviewed
SANSEN-1216,12,1216,Slide 1216,337,344,feedback,0,unassessed,unreviewed
SANSEN-1217,12,1217,Adaptive Biasing Amplifier,338,345,circuit;feedback,0,candidate,unreviewed
SANSEN-1218,12,1218,Adaptive Biasing Amplifier : biasing current,338,345,circuit,0,unassessed,unreviewed
SANSEN-1219,12,1219,Adaptive Bias Amplifier: transfer curve,339,346,circuit;graph;frequency_response,8,unassessed,unreviewed
SANSEN-1220,12,1220,Slide 1220,339,346,circuit;distortion,0,unassessed,unreviewed
SANSEN-1221,12,1221,Quiescent current control with translinear loop,340,347,circuit;frequency_response,5,unassessed,unreviewed
SANSEN-1222,12,1222,"Ref.: Wu etal, JSSC Jan.1994, pp.63-66",340,347,circuit;feedback,0,candidate,unreviewed
SANSEN-1223,12,1223,Output stage : gain,341,348,frequency_response;feedback,3,unassessed,unreviewed
SANSEN-1224,12,1224,Class AB amplifier with translinear loop,341,348,circuit;feedback,0,candidate,unreviewed
SANSEN-1225,12,1225,Class-AB Opamp with voltage multiplier,342,349,circuit;feedback,2,candidate,unreviewed
SANSEN-1226,12,1226,Three-stage Modified Current Mirror,342,349,circuit;frequency_response;feedback;distortion,0,candidate,unreviewed
SANSEN-1227,12,1227,Translinear lo Control,343,350,circuit;distortion,0,unassessed,unreviewed
SANSEN-1228,12,1228,Translinear le Control,344,351,circuit;frequency_response;feedback;distortion,0,candidate,unreviewed
SANSEN-1229,12,1229,Class-AB amplifier with differential drive,344,351,circuit;feedback,0,candidate,unreviewed
SANSEN-1230,12,1230,Differentially driven stage,345,352,circuit;feedback,0,candidate,unreviewed
SANSEN-1231,12,1231,Class-AB amplifier with high linearity,345,352,circuit;feedback;distortion,0,candidate,unreviewed
SANSEN-1232,12,1232,Class-AB amplifier with high linearity,346,353,circuit;feedback,0,candidate,unreviewed
SANSEN-1233,12,1233,Three-stage class AB amplifier with FF,346,353,circuit;frequency_response;feedback,0,candidate,unreviewed
SANSEN-1234,12,1234,Slide 1234,347,354,graph;feedback,0,unassessed,unreviewed
SANSEN-1235,12,1235,Current feedback,347,354,circuit;graph;feedback,0,candidate,unreviewed
SANSEN-1236,12,1236,Two-stage Miller Amplifier with current FB,348,355,circuit;frequency_response;feedback,0,candidate,unreviewed
SANSEN-1237,12,1237,Low-distortion symmetrical class-AB amplifier,348,355,circuit;frequency_response;noise;distortion,0,unassessed,unreviewed
SANSEN-1238,12,1238,Slide 1238,349,356,,0,unassessed,unreviewed
SANSEN-1239,12,1239,1.5 Vsupply voltage class-AB amp.,349,356,circuit;frequency_response;feedback,0,candidate,unreviewed
SANSEN-1240,12,1240,1.5 V class AB driver principle,350,357,circuit,2,unassessed,unreviewed
SANSEN-1241,12,1241,1.5 V class AB driver opamp,350,357,circuit;frequency_response,2,unassessed,unreviewed
SANSEN-1242,12,1242,BiCMOS low-voltage opamp,351,358,circuit;noise,0,unassessed,unreviewed
SANSEN-1243,12,1243,Current differential amplifier for < 1V,351,358,circuit,6,unassessed,unreviewed
SANSEN-1244,12,1244,Class AB differential Voltage amplifier,352,359,circuit;graph;feedback,2,candidate,unreviewed
SANSEN-1245,12,1245,Differential class-AB OTA on 1 V supply voltage,352,359,circuit;feedback,0,candidate,unreviewed
SANSEN-1246,12,1246,Class-AB characteristic,353,360,circuit;graph;frequency_response,0,unassessed,unreviewed
SANSEN-1247,12,1247,Low-voltage Class AB amplifiers,353,360,circuit;feedback,2,candidate,unreviewed
SANSEN-1248,12,1248,Conclusions,354,361,,0,unassessed,unreviewed
SANSEN-1249,12,1249,Reference list - 1,354,361,reference,0,unassessed,unreviewed
SANSEN-1250,12,1250,Reference list - 2,355,362,reference,0,unassessed,unreviewed
SANSEN-1251,12,1251,Reference list - 3,355,362,reference,0,unassessed,unreviewed
SANSEN-131,13,131,Slide 131,356,363,circuit;frequency_response;feedback,0,candidate,unreviewed
SANSEN-132,13,132,Table of contents,356,363,circuit;frequency_response;feedback;noise;distortion,0,candidate,unreviewed
SANSEN-133,13,133,Ideal feedback,357,364,circuit;feedback,4,candidate,unreviewed
SANSEN-134,13,134,Shunt-shunt feedback configurations,358,365,circuit;feedback,6,candidate,unreviewed
SANSEN-135,13,135,Calculation loop gain or return ratio,358,365,circuit;graph;frequency_response;feedback,4,candidate,unreviewed
SANSEN-136,13,136,Calculation loop gain - alternate,359,366,circuit;feedback,2,candidate,unreviewed
SANSEN-137,13,137,Shunt-shunt FB pair in CMOS,359,366,circuit;feedback,2,candidate,unreviewed
SANSEN-138,13,138,Shunt-shunt FB pair in bipolar,360,367,circuit;feedback,2,candidate,unreviewed
SANSEN-139,13,139,Loop gain or return ratio,360,367,circuit;feedback,1,candidate,unreviewed
SANSEN-1310,13,1310,Series-shunt feedback configurations,361,368,circuit;frequency_response;feedback,4,candidate,unreviewed
SANSEN-1311,13,1311,Calculation loop gain,361,368,circuit;feedback,6,candidate,unreviewed
SANSEN-1312,13,1312,Shunt & serics at input & output,362,369,circuit;feedback,0,candidate,unreviewed
SANSEN-1313,13,1313,Shunt FB decreases the impedance,362,369,circuit;graph;feedback,3,candidate,unreviewed
SANSEN-1314,13,1314,Series FB increases the impedance,363,370,circuit;feedback,3,candidate,unreviewed
SANSEN-1315,13,1315,Input- & output impedances,363,370,circuit;feedback,9,candidate,unreviewed
SANSEN-1316,13,1316,Shunt vs serics fcedback,364,371,circuit;frequency_response;feedback,0,candidate,unreviewed
SANSEN-1317,13,1317,Shunt versus serics for sensors,364,371,circuit;feedback,0,candidate,unreviewed
SANSEN-1318,13,1318,Table of contents,365,372,circuit;frequency_response;feedback,0,candidate,unreviewed
SANSEN-1319,13,1319,Series-shunt FB configuration,365,372,circuit;frequency_response;feedback,3,candidate,unreviewed
SANSEN-1320,13,1320,Series-shunt FB : loop gain,366,373,circuit;frequency_response;feedback,6,candidate,unreviewed
SANSEN-1321,13,1321,Series-shunt FB : input resistance,366,373,circuit;frequency_response;feedback,5,candidate,unreviewed
SANSEN-1322,13,1322,Series-shunt FB : output resistance,367,374,frequency_response;feedback,6,unassessed,unreviewed
SANSEN-1323,13,1323,Series-shunt FB pair : loop gain,367,374,circuit;feedback,3,candidate,unreviewed
SANSEN-1324,13,1324,Series-shunt FB pair : series input,368,375,circuit;feedback,5,candidate,unreviewed
SANSEN-1325,13,1325,Series-shunt FB pair : gain input stage,368,375,circuit;feedback,7,candidate,unreviewed
SANSEN-1326,13,1326,Series-shunt FB pair : input & output resistance,369,376,circuit;frequency_response;feedback,6,candidate,unreviewed
SANSEN-1327,13,1327,Series-shunt FB pair : loop gain,369,376,circuit;feedback,2,candidate,unreviewed
SANSEN-1328,13,1328,Series-shunt FB pair : output loading,370,377,circuit;frequency_response;feedback,7,candidate,unreviewed
SANSEN-1329,13,1329,Series-shunt FB pair : output loading with R,370,377,circuit;feedback,6,candidate,unreviewed
SANSEN-1330,13,1330,Series-shunt pair in BiCMOS,371,378,circuit;frequency_response;feedback,7,candidate,unreviewed
SANSEN-1331,13,1331,Series-shunt FB pair with resistances,371,378,circuit;feedback,8,candidate,unreviewed
SANSEN-1332,13,1332,Table of contents,372,379,circuit;feedback,0,candidate,unreviewed
SANSEN-1333,13,1333,Scries-series fecdback : gain,372,379,circuit;feedback,4,candidate,unreviewed
SANSEN-1334,13,1334,Series-series feedback : in- & output resistances,373,380,circuit;feedback,5,candidate,unreviewed
SANSEN-1335,13,1335,Series-series feedback with load RL,373,380,circuit;feedback,6,candidate,unreviewed
SANSEN-1336,13,1336,Ideal current source,374,381,circuit,5,unassessed,unreviewed
SANSEN-1337,13,1337,Series-series feedback : two outputs,374,381,circuit;frequency_response;feedback,5,candidate,unreviewed
SANSEN-1338,13,1338,Series-series FB triple,375,382,circuit;feedback,7,candidate,unreviewed
SANSEN-1339,13,1339,Series-series FB triple,375,382,circuit;feedback,7,candidate,unreviewed
SANSEN-1340,13,1340,Series-series triple,376,383,circuit;feedback,7,candidate,unreviewed
SANSEN-1341,13,1341,Nonideal single-transistor FB,376,383,circuit;feedback,7,candidate,unreviewed
SANSEN-1342,13,1342,Decreasing distortion by feedback,377,384,circuit;feedback;noise;distortion,1,candidate,unreviewed
SANSEN-1343,13,1343,By tunable feedback,377,384,circuit;feedback,3,candidate,unreviewed
SANSEN-1344,13,1344,Decreasing distortion by more feedback,378,385,circuit;feedback;distortion,0,candidate,unreviewed
SANSEN-1345,13,1345,Low-pass filter,378,385,circuit;frequency_response,3,unassessed,unreviewed
SANSEN-1346,13,1346,High-frequency booster,379,386,graph;frequency_response,3,unassessed,unreviewed
SANSEN-1347,13,1347,Single-transistor FB with two outputs,379,386,circuit;feedback,9,candidate,unreviewed
SANSEN-1348,13,1348,Table of contents,380,387,circuit;feedback,0,candidate,unreviewed
SANSEN-141,14,141,Slide 141,381,389,feedback,0,unassessed,unreviewed
SANSEN-142,14,142,Table of contents,381,389,feedback;noise,0,unassessed,unreviewed
SANSEN-143,14,143,Input- & output impedances,382,390,circuit;feedback,9,candidate,unreviewed
SANSEN-144,14,144,Table of contents,382,390,circuit;frequency_response;feedback,0,candidate,unreviewed
SANSEN-145,14,145,Shunt-shunt FB configuration,383,391,circuit;frequency_response;feedback;noise,6,candidate,unreviewed
SANSEN-146,14,146,Shunt-shunt FB : loop gain,383,391,circuit;feedback,5,candidate,unreviewed
SANSEN-147,14,147,Shunt-shunt FB : input resistance,384,392,circuit;frequency_response;feedback,8,candidate,unreviewed
SANSEN-148,14,148,Shunt-shunt FB : output resistance,384,392,circuit;feedback,9,candidate,unreviewed
SANSEN-149,14,149,Shunt-shunt FB pair,385,393,circuit;frequency_response;feedback,6,candidate,unreviewed
SANSEN-1410,14,1410,Shunt-shunt FB pair with resistors,385,393,circuit;feedback,3,candidate,unreviewed
SANSEN-1411,14,1411,Current detector with voltage amp.,386,394,circuit;frequency_response;feedback,3,candidate,unreviewed
SANSEN-1412,14,1412,Shunt-shunt FB triple,386,394,circuit;feedback,6,candidate,unreviewed
SANSEN-1413,14,1413,Shunt-shunt FB triple: easier biasing,387,395,circuit,6,unassessed,unreviewed
SANSEN-1414,14,1414,CMOS preamplifier for optical communications,387,395,circuit;frequency_response;feedback;noise,0,candidate,unreviewed
SANSEN-1415,14,1415,Differential shunt-shunt FB pair,388,396,circuit;feedback,8,candidate,unreviewed
SANSEN-1416,14,1416,Current detector with voltage amplifier,388,396,circuit;frequency_response;feedback,7,candidate,unreviewed
SANSEN-1417,14,1417,Single MOST with shunt-shunt FB,389,397,circuit;feedback,6,candidate,unreviewed
SANSEN-1418,14,1418,Single bipolar transistor with shunt-shunt FB,389,397,circuit;feedback,6,candidate,unreviewed
SANSEN-1419,14,1419,Cascode with shunt-shunt FB,390,398,circuit;feedback,9,candidate,unreviewed
SANSEN-1420,14,1420,MOST Shunt-shunt FB triple,390,398,circuit;feedback,6,candidate,unreviewed
SANSEN-1421,14,1421,Bipolar Transistor Shunt-shunt FB triple,391,399,circuit;feedback,11,candidate,unreviewed
SANSEN-1422,14,1422,Shunt-shunt FB with non-ideal current source,391,399,feedback,8,unassessed,unreviewed
SANSEN-1423,14,1423,Shunt-shunt FB with voltage source,392,400,feedback,9,unassessed,unreviewed
SANSEN-1424,14,1424,Shunt-shunt feedback : Gain and RoUT,392,400,circuit;feedback,5,candidate,unreviewed
SANSEN-1425,14,1425,Shunt-shunt FB pair with with voltage source,393,401,circuit;feedback,8,candidate,unreviewed
SANSEN-1426,14,1426,Shunt-shunt FB pair with input loading,393,401,circuit;feedback,7,candidate,unreviewed
SANSEN-1427,14,1427,Shunt-shunt FB pair with voltage source,394,402,circuit;feedback,8,candidate,unreviewed
SANSEN-1428,14,1428,Non-ideal single-transistor shunt-shunt FB,394,402,circuit;feedback,7,candidate,unreviewed
SANSEN-1429,14,1429,Non-ideal single-transistor Feedback,395,403,circuit;feedback,6,candidate,unreviewed
SANSEN-1430,14,1430,Shunt-shunt feedback in Right-leg drive,395,403,circuit;feedback,1,candidate,unreviewed
SANSEN-1431,14,1431,Table of contents,396,404,circuit;feedback,0,candidate,unreviewed
SANSEN-1432,14,1432,"Shunt-series feedback : Gain, RIN & ROUT",396,404,circuit;frequency_response;feedback,10,candidate,unreviewed
SANSEN-1433,14,1433,Shunt-series feedback with load RL,397,405,circuit;feedback,8,candidate,unreviewed
SANSEN-1434,14,1434,Ideal current buffer,397,405,circuit;feedback,8,candidate,unreviewed
SANSEN-1435,14,1435,Ideal current mirror,398,406,circuit;feedback,8,candidate,unreviewed
SANSEN-1436,14,1436,Gain boosting,398,406,circuit;feedback,6,candidate,unreviewed
SANSEN-1437,14,1437,Differential current amplifier,399,407,circuit;feedback,2,candidate,unreviewed
SANSEN-1438,14,1438,Linear laser diode driver,399,407,circuit;feedback;distortion,3,candidate,unreviewed
SANSEN-1439,14,1439,Table of contents,400,408,circuit;frequency_response;noise,0,unassessed,unreviewed
SANSEN-1440,14,1440,Optical receiver : Current or voltage amplifier,400,408,circuit;frequency_response;feedback,2,candidate,unreviewed
SANSEN-1441,14,1441,Current detector with voltage amplifier,401,409,circuit;frequency_response;noise,8,unassessed,unreviewed
SANSEN-1442,14,1442,Current detector with voltage amplifier,401,409,circuit,8,unassessed,unreviewed
SANSEN-1443,14,1443,BW in voltage/current amplifier,402,410,circuit;frequency_response;feedback,2,candidate,unreviewed
SANSEN-1444,14,1444,Current detector with input cascode,402,410,circuit;frequency_response;feedback,5,candidate,unreviewed
SANSEN-1445,14,1445,Current detector with regulated cascode,403,411,circuit;feedback;noise,5,candidate,unreviewed
SANSEN-1446,14,1446,Noise sources of detector voltage amplifier,403,411,circuit;feedback;noise,3,candidate,unreviewed
SANSEN-1447,14,1447,Noise density of detector voltage amplifier,404,412,circuit;feedback;noise,1,candidate,unreviewed
SANSEN-1448,14,1448,Noise sources of detector current amplifier,404,412,circuit;noise,2,unassessed,unreviewed
SANSEN-1449,14,1449,Noise density of detector current amplifier,405,413,circuit;noise,1,unassessed,unreviewed
SANSEN-1450,14,1450,Comparison of noise densities,405,413,circuit;noise,3,unassessed,unreviewed
SANSEN-1451,14,1451,Comparison of integrated noise,406,414,circuit;frequency_response;feedback;noise,4,candidate,unreviewed
SANSEN-1452,14,1452,CMOS photodiode amplifier,406,414,circuit;frequency_response;feedback;noise,1,candidate,unreviewed
SANSEN-1453,14,1453,CMOS wideband amplifier cell,407,415,circuit,6,unassessed,unreviewed
SANSEN-1454,14,1454,CMOS wideband amplifier : gain and bandwidth,407,415,circuit;frequency_response,6,unassessed,unreviewed
SANSEN-1455,14,1455,Integrated resistor,408,416,feedback,4,unassessed,unreviewed
SANSEN-1456,14,1456,Gain compression,408,416,circuit;feedback,0,candidate,unreviewed
SANSEN-1457,14,1457,1 Gb/s 1 kQ transimpedance stage,409,417,circuit;feedback;noise,2,candidate,unreviewed
SANSEN-1458,14,1458,High-frequency Resistance RF,409,417,circuit;frequency_response;feedback,5,candidate,unreviewed
SANSEN-1459,14,1459,BICMOS transimpedance amplifier,410,418,circuit;frequency_response;feedback;noise,0,candidate,unreviewed
SANSEN-1460,14,1460,BICMOS transimpedance amplifier,410,418,circuit;frequency_response;feedback;noise,7,candidate,unreviewed
SANSEN-1461,14,1461,Low-voltage transimpedance amplifier,411,419,circuit;feedback,1,candidate,unreviewed
SANSEN-1462,14,1462,75 Mb/s optical receiver in CMOS,411,419,feedback;noise,2,unassessed,unreviewed
SANSEN-1463,14,1463,GaAs 10 Gb/s receiver,412,420,circuit;frequency_response;feedback,1,candidate,unreviewed
SANSEN-1464,14,1464,Table of contents,412,420,circuit;frequency_response;feedback;noise,0,candidate,unreviewed
SANSEN-151,15,151,Slide 151,413,421,circuit;noise,0,unassessed,unreviewed
SANSEN-152,15,152,Table of contents,413,421,,0,unassessed,unreviewed
SANSEN-153,15,153,Definition of offset,414,422,circuit;frequency_response,1,unassessed,unreviewed
SANSEN-154,15,154,Gain error with offset,414,422,circuit,5,unassessed,unreviewed
SANSEN-155,15,155,Yield of n-bit flash-ADC with offset,415,423,,0,unassessed,unreviewed
SANSEN-156,15,156,Random offset : mismatches,415,423,circuit;graph,3,unassessed,unreviewed
SANSEN-157,15,157,Threshold voltage sigma oAvT,416,424,graph;frequency_response,4,unassessed,unreviewed
SANSEN-158,15,158,Threshold voltage mismatch AvT Avt ~tox VNg,416,424,graph,0,unassessed,unreviewed
SANSEN-159,15,159,Random offset : mismatches,417,425,circuit,6,unassessed,unreviewed
SANSEN-1510,15,1510,Mismatch coefficients for nMOST,417,425,,0,unassessed,unreviewed
SANSEN-1511,15,1511,Random offset in differential pair,418,426,frequency_response,4,unassessed,unreviewed
SANSEN-1512,15,1512,Random offset in differential pair,418,426,,1,unassessed,unreviewed
SANSEN-1513,15,1513,Random offset in current mirror,419,427,circuit,1,unassessed,unreviewed
SANSEN-1514,15,1514,More offset in current mirror,419,427,circuit,0,unassessed,unreviewed
SANSEN-1515,15,1515,Mismatch in drain current,420,428,circuit;graph,3,unassessed,unreviewed
SANSEN-1516,15,1516,Mismatch in drain current for wi and si,420,428,graph,0,unassessed,unreviewed
SANSEN-1517,15,1517,Random CMRR in differential pair -1,421,429,frequency_response,9,unassessed,unreviewed
SANSEN-1518,15,1518,Random CMRR in differential pair -2,422,430,frequency_response,6,unassessed,unreviewed
SANSEN-1519,15,1519,Random CMRR in differential pair -3,422,430,frequency_response,1,unassessed,unreviewed
SANSEN-1520,15,1520,Relation random offset and CMRR,423,431,circuit,5,unassessed,unreviewed
SANSEN-1521,15,1521,Relation random offset and CMRR,423,431,,5,unassessed,unreviewed
SANSEN-1522,15,1522,Table of contents,424,432,,0,unassessed,unreviewed
SANSEN-1523,15,1523,Systematic offset in current mirror,424,432,circuit;frequency_response,1,unassessed,unreviewed
SANSEN-1524,15,1524,Systematic CMRR in differential Pair - 1,425,433,circuit,0,unassessed,unreviewed
SANSEN-1525,15,1525,Systematic CMRR in ditferential Pair - 2,425,433,,1,unassessed,unreviewed
SANSEN-1526,15,1526,Systematic CMRR in differential Pair - 3,426,434,circuit;frequency_response,5,unassessed,unreviewed
SANSEN-1527,15,1527,Total CMRR,426,434,,3,unassessed,unreviewed
SANSEN-1528,15,1528,Offset Miller CMOS OTA,427,435,circuit;feedback,3,candidate,unreviewed
SANSEN-1529,15,1529,Offset Folded cascode CMOS OTA AVDS3 + AV+1 *,427,435,circuit;feedback,2,candidate,unreviewed
SANSEN-1530,15,1530,Table of contents,428,436,,0,unassessed,unreviewed
SANSEN-1531,15,1531,CMRR vs frequency,428,436,circuit;graph;frequency_response,3,unassessed,unreviewed
SANSEN-1532,15,1532,Table of contents,429,437,,0,unassessed,unreviewed
SANSEN-1533,15,1533,Layout rules for low offset,429,437,,0,unassessed,unreviewed
SANSEN-1534,15,1534,Layout rules for low offset,430,438,circuit,0,unassessed,unreviewed
SANSEN-1535,15,1535,On same isotherm,430,438,circuit;feedback,0,candidate,unreviewed
SANSEN-1536,15,1536,Layout rules for low offset,431,439,,0,unassessed,unreviewed
SANSEN-1537,15,1537,Layout resistor,431,439,,0,unassessed,unreviewed
SANSEN-1538,15,1538,Table resistors,432,440,,0,unassessed,unreviewed
SANSEN-1539,15,1539,Mismatch vs size for resistors,432,440,distortion,0,unassessed,unreviewed
SANSEN-1540,15,1540,Layout capacitors,433,441,,1,unassessed,unreviewed
SANSEN-1541,15,1541,Table capacitors,433,441,,0,unassessed,unreviewed
SANSEN-1542,15,1542,Mismatch vs size for capacitors,434,442,graph,0,unassessed,unreviewed
SANSEN-1543,15,1543,Layout rules for low offset,434,442,,0,unassessed,unreviewed
SANSEN-1544,15,1544,Layout rules for low offset,435,443,,0,unassessed,unreviewed
SANSEN-1545,15,1545,Matching of transistor pairs,435,443,circuit,0,unassessed,unreviewed
SANSEN-1546,15,1546,Layout rules for low offset,436,444,,0,unassessed,unreviewed
SANSEN-1547,15,1547,Matching of current mirrors,436,444,circuit,0,unassessed,unreviewed
SANSEN-1548,15,1548,Layout rules for low offset,437,445,circuit,0,unassessed,unreviewed
SANSEN-1549,15,1549,Layout rules for low offset,437,445,,0,unassessed,unreviewed
SANSEN-1550,15,1550,Cross-coupled differential pair,438,446,circuit,0,unassessed,unreviewed
SANSEN-1551,15,1551,Centroide layout of capacitors,438,446,,0,unassessed,unreviewed
SANSEN-1552,15,1552,Layout rules for low offset,439,447,,0,unassessed,unreviewed
SANSEN-1553,15,1553,Matching of eurrent mirrors,439,447,circuit,0,unassessed,unreviewed
SANSEN-1554,15,1554,Layout capacitance ratio,440,448,,1,unassessed,unreviewed
SANSEN-1555,15,1555,Layout rules for low offset,440,448,,0,unassessed,unreviewed
SANSEN-1556,15,1556,Table of contents,441,449,circuit,0,unassessed,unreviewed
SANSEN-1557,15,1557,Offset of MOST and bipolar transistors,441,449,circuit,3,unassessed,unreviewed
SANSEN-1558,15,1558,Bias or base currents,442,450,circuit,0,unassessed,unreviewed
SANSEN-1559,15,1559,Base current compensation,442,450,circuit;noise,0,unassessed,unreviewed
SANSEN-1560,15,1560,Common-mode base current compensation,443,451,circuit;noise,0,unassessed,unreviewed
SANSEN-1561,15,1561,Tracking base current compensation,443,451,circuit,0,unassessed,unreviewed
SANSEN-1562,15,1562,OP-97 : input current compensation,444,452,circuit,1,unassessed,unreviewed
SANSEN-1563,15,1563,OP-97 : input current compensation,444,452,circuit;frequency_response,2,unassessed,unreviewed
SANSEN-1564,15,1564,Limits because of device mismatch,445,453,distortion,2,unassessed,unreviewed
SANSEN-1565,15,1565,Limits because of device noise,445,453,frequency_response;noise,5,unassessed,unreviewed
SANSEN-1566,15,1566,Noise versus mismatch for high DR,446,454,noise;distortion,0,unassessed,unreviewed
SANSEN-1567,15,1567,Reduced DR in deep submicron CMOS,446,454,frequency_response;distortion,0,unassessed,unreviewed
SANSEN-1568,15,1568,Table of contents,447,455,circuit;noise,0,unassessed,unreviewed
SANSEN-161,16,161,Slide 161,448,457,,0,unassessed,unreviewed
SANSEN-162,16,162,Voltage regulator,448,457,circuit;feedback,1,candidate,unreviewed
SANSEN-163,16,163,Current regulator,449,458,circuit,2,unassessed,unreviewed
SANSEN-164,16,164,Table of contents,449,458,circuit,1,unassessed,unreviewed
SANSEN-165,16,165,Bipolar transistor equations,450,459,circuit;graph;frequency_response,5,unassessed,unreviewed
SANSEN-166,16,166,VBe versus Temperature,450,459,frequency_response,9,unassessed,unreviewed
SANSEN-167,16,167,The curvature c(T),451,460,circuit,9,unassessed,unreviewed
SANSEN-168,16,168,Bandgap reference Vref,451,460,circuit;graph,4,unassessed,unreviewed
SANSEN-169,16,169,PTAT voltage and current,452,461,circuit,7,unassessed,unreviewed
SANSEN-1610,16,1610,Bandgap reference circuit,452,461,circuit;graph;noise,7,unassessed,unreviewed
SANSEN-1611,16,1611,Noise Bandgap reference - 1,453,462,noise,8,unassessed,unreviewed
SANSEN-1612,16,1612,Noise Bandgap reference - 2,453,462,noise,11,unassessed,unreviewed
SANSEN-1613,16,1613,Noise Bandgap reference - 3,454,463,noise,6,unassessed,unreviewed
SANSEN-1614,16,1614,Table of contents,454,463,,1,unassessed,unreviewed
SANSEN-1615,16,1615,Bandgap reference with bipolar transistors,455,464,,5,unassessed,unreviewed
SANSEN-1616,16,1616,Start-up circuits required,455,464,circuit;frequency_response;feedback,1,candidate,unreviewed
SANSEN-1617,16,1617,Start-up circuits,456,465,circuit;frequency_response,1,unassessed,unreviewed
SANSEN-1618,16,1618,Bipolar Bandgap reference without opamp,456,465,circuit;feedback,2,candidate,unreviewed
SANSEN-1619,16,1619,AIl NPN bipolar bandgap reference,457,466,circuit;feedback;noise,1,candidate,unreviewed
SANSEN-1620,16,1620,Bipolar Bandgap references with opamps,457,466,circuit;frequency_response;feedback,2,candidate,unreviewed
SANSEN-1621,16,1621,CMOS Bandgap ref.with opamp: error analysis 1,458,467,circuit,6,unassessed,unreviewed
SANSEN-1622,16,1622,CMOS Bandgap ref.with opamp: error analysis 2,458,467,circuit,6,unassessed,unreviewed
SANSEN-1623,16,1623,Bipolar Bandgap reference AD580,459,468,circuit;frequency_response;feedback,5,candidate,unreviewed
SANSEN-1624,16,1624,Curvature correction with AVBE,459,468,distortion,5,unassessed,unreviewed
SANSEN-1625,16,1625,Curvature correction with AVBE,460,469,,4,unassessed,unreviewed
SANSEN-1626,16,1626,Curvature correction with PTAT2,460,469,circuit,1,unassessed,unreviewed
SANSEN-1627,16,1627,Table of contents,461,470,circuit;graph,1,unassessed,unreviewed
SANSEN-1628,16,1628,N-well CMOS technology,461,470,circuit;graph,0,unassessed,unreviewed
SANSEN-1629,16,1629,CMOS Bandgap reference with opamp,462,471,circuit,0,unassessed,unreviewed
SANSEN-1630,16,1630,Full CMOS bandgap reference circuit,462,471,circuit;noise,0,unassessed,unreviewed
SANSEN-1631,16,1631,Bandgap reference with high PSRR,463,472,circuit,2,unassessed,unreviewed
SANSEN-1632,16,1632,Floating CMOS bandgap reference,463,472,circuit,0,unassessed,unreviewed
SANSEN-1633,16,1633,CMOS Bandgap without resistors,464,473,,7,unassessed,unreviewed
SANSEN-1634,16,1634,Single-junction CMOS Bandgap reference,464,473,circuit,1,unassessed,unreviewed
SANSEN-1635,16,1635,MOST in weak inversion ?,465,474,circuit;noise,2,unassessed,unreviewed
SANSEN-1636,16,1636,Table of contents,465,474,circuit,1,unassessed,unreviewed
SANSEN-1637,16,1637,Sub-1 V CMOS bandgap reference,466,475,circuit;feedback,2,candidate,unreviewed
SANSEN-1638,16,1638,CMOS Bandgap with supply < 1 V,466,475,circuit;feedback,2,candidate,unreviewed
SANSEN-1639,16,1639,1 V opamp (1.2 MHz 25 pF 35 MA),467,476,circuit;frequency_response,0,unassessed,unreviewed
SANSEN-1640,16,1640,Start-up circuit,467,476,circuit,1,unassessed,unreviewed
SANSEN-1641,16,1641,Curvature correction,468,477,,2,unassessed,unreviewed
SANSEN-1642,16,1642,CMOS Bandgap with supply < 1 V,468,477,circuit;feedback,0,candidate,unreviewed
SANSEN-1643,16,1643,Table of contents,469,478,,1,unassessed,unreviewed
SANSEN-1644,16,1644,Voltage-current converter,469,478,circuit,0,unassessed,unreviewed
SANSEN-1645,16,1645,Temperature coefficient of resistors,470,479,,4,unassessed,unreviewed
SANSEN-1646,16,1646,Voltage to current converter,470,479,circuit;feedback,0,candidate,unreviewed
SANSEN-1647,16,1647,Current reference without resistors,471,480,circuit;frequency_response,4,unassessed,unreviewed
SANSEN-1648,16,1648,Current reference,471,480,,4,unassessed,unreviewed
SANSEN-1649,16,1649,SC Voltage-current converter,472,481,circuit,5,unassessed,unreviewed
SANSEN-1650,16,1650,Table of contents,472,481,circuit;feedback,1,candidate,unreviewed
SANSEN-1651,16,1651,Low drop-out regulator : principle,473,482,circuit;frequency_response;feedback,6,candidate,unreviewed
SANSEN-1652,16,1652,Table of contents,473,482,feedback,1,unassessed,unreviewed
SANSEN-1653,16,1653,References,474,483,reference,0,unassessed,unreviewed
SANSEN-171,17,171,Slide 171,475,485,graph,0,unassessed,unreviewed
SANSEN-172,17,172,Switched-Capacitor Filters,475,485,circuit,0,unassessed,unreviewed
SANSEN-173,17,173,Principle,476,486,,7,unassessed,unreviewed
SANSEN-174,17,174,Low-Pass Filter with R's and C,476,486,,0,unassessed,unreviewed
SANSEN-175,17,175,Low-Pass Filter with switched C's,477,487,circuit;frequency_response,1,unassessed,unreviewed
SANSEN-176,17,176,Example of 4th-Order SC Low-Pass filter,477,487,circuit,0,unassessed,unreviewed
SANSEN-177,17,177,4th-Order SC Low-Pass filter,478,488,,0,unassessed,unreviewed
SANSEN-178,17,178,Switched-Capacitor Filters,478,488,,0,unassessed,unreviewed
SANSEN-179,17,179,Capacitors: metal-n+ & Metal-poly,479,489,noise,5,unassessed,unreviewed
SANSEN-1710,17,1710,Capacitor Matching,479,489,,0,unassessed,unreviewed
SANSEN-1711,17,1711,Random Error (G) vNos (Ptoy-3* Cagseitor),480,490,graph,0,unassessed,unreviewed
SANSEN-1712,17,1712,Capacitances in nanometer CMOS,480,490,,0,unassessed,unreviewed
SANSEN-1713,17,1713,Switched-Capacitor Filters,481,491,,0,unassessed,unreviewed
SANSEN-1714,17,1714,A MOST as a switch,481,491,frequency_response,4,unassessed,unreviewed
SANSEN-1715,17,1715,Double Switch or transmission gate,482,492,circuit;frequency_response,3,unassessed,unreviewed
SANSEN-1716,17,1716,Double Switch,482,492,frequency_response,0,unassessed,unreviewed
SANSEN-1717,17,1717,Low Voltage SC : MOST-Switch,483,493,,0,unassessed,unreviewed
SANSEN-1718,17,1718,Low Voltage SC : MOST-Switch,483,493,,2,unassessed,unreviewed
SANSEN-1719,17,1719,Time constant of Ron,484,494,circuit;noise,3,unassessed,unreviewed
SANSEN-1720,17,1720,Maximum frequency of operation,484,494,,6,unassessed,unreviewed
SANSEN-1721,17,1721,Minimum frequency of operation,485,495,,5,unassessed,unreviewed
SANSEN-1722,17,1722,Clock Feed-Through,485,495,,6,unassessed,unreviewed
SANSEN-1723,17,1723,Charge redistribution,486,496,circuit;distortion,6,unassessed,unreviewed
SANSEN-1724,17,1724,Clock injection & Charge redistribution,486,496,,2,unassessed,unreviewed
SANSEN-1725,17,1725,Quantitative Charge Redistribution IF AV« VGon. B = 1Cox.W/L,487,497,circuit,8,unassessed,unreviewed
SANSEN-1726,17,1726,Layout considerations,488,498,,0,unassessed,unreviewed
SANSEN-1727,17,1727,Switched-Capacitor Filters,488,498,,0,unassessed,unreviewed
SANSEN-1728,17,1728,Sampling analog signals,489,499,,0,unassessed,unreviewed
SANSEN-1729,17,1729,Slide 1729,489,499,frequency_response,2,unassessed,unreviewed
SANSEN-1730,17,1730,Anti-Aliasing filter,490,500,graph;distortion,0,unassessed,unreviewed
SANSEN-1731,17,1731,Anti-aliasing / Reconstruction,490,500,circuit,2,unassessed,unreviewed
SANSEN-1732,17,1732,Sampled Data Basics : z-transform,491,501,,5,unassessed,unreviewed
SANSEN-1733,17,1733,SC-Integrator in phase 1,491,501,graph,4,unassessed,unreviewed
SANSEN-1734,17,1734,SC-Integrator in phase 2 : charge conservation,492,502,circuit;frequency_response;feedback,5,candidate,unreviewed
SANSEN-1735,17,1735,SC-Integrator : approximate transfer function,492,502,,6,unassessed,unreviewed
SANSEN-1736,17,1736,Exact Transfer function,493,503,graph,7,unassessed,unreviewed
SANSEN-1737,17,1737,The sin(x)/x function,493,503,frequency_response,4,unassessed,unreviewed
SANSEN-1738,17,1738,Switched-Capacitor Filters,494,504,,0,unassessed,unreviewed
SANSEN-1739,17,1739,Stray Capacitances,494,504,circuit;noise,0,unassessed,unreviewed
SANSEN-1740,17,1740,Stray Capacitances,495,505,,1,unassessed,unreviewed
SANSEN-1741,17,1741,Stray Insensitive SC integrator,495,505,circuit;frequency_response,4,unassessed,unreviewed
SANSEN-1742,17,1742,Stray Insensitive SC integrator,496,506,circuit,2,unassessed,unreviewed
SANSEN-1743,17,1743,Stray Insensitive SC integrator,496,506,circuit,1,unassessed,unreviewed
SANSEN-1744,17,1744,Stray Insensitive Integrator during phase 1,497,507,circuit,5,unassessed,unreviewed
SANSEN-1745,17,1745,Stray Insensitive Integrator during phase 2,497,507,circuit;feedback,0,candidate,unreviewed
SANSEN-1746,17,1746,Switched-Capacitor Filters,498,508,,0,unassessed,unreviewed
SANSEN-1747,17,1747,Loss-less Integrators,498,508,circuit;feedback,4,candidate,unreviewed
SANSEN-1748,17,1748,Low-pass filter of 1st order,499,509,frequency_response,2,unassessed,unreviewed
SANSEN-1749,17,1749,Damped integrators,499,509,,1,unassessed,unreviewed
SANSEN-1750,17,1750,Offset compensation,500,510,circuit;frequency_response,1,unassessed,unreviewed
SANSEN-1751,17,1751,Offset compensation,500,510,circuit;noise,6,unassessed,unreviewed
SANSEN-1752,17,1752,Switched-Capacitor Filters,501,511,,0,unassessed,unreviewed
SANSEN-1753,17,1753,4th Order SC low-pass ladder filter,501,511,frequency_response;noise,1,unassessed,unreviewed
SANSEN-1754,17,1754,Biquadratic filter,502,512,circuit;graph;feedback;noise,2,candidate,unreviewed
SANSEN-1755,17,1755,Switched-Capacitor Filters,502,512,,0,unassessed,unreviewed
SANSEN-1756,17,1756,Opamp parameters,503,513,circuit;frequency_response;feedback,5,candidate,unreviewed
SANSEN-1757,17,1757,Static error,503,513,feedback,6,unassessed,unreviewed
SANSEN-1758,17,1758,Dynamic error,504,514,circuit;frequency_response,8,unassessed,unreviewed
SANSEN-1759,17,1759,Switched-Capacitor Filters,504,514,noise,0,unassessed,unreviewed
SANSEN-1760,17,1760,kT/C versus kTR noise,505,515,circuit;frequency_response;noise,3,unassessed,unreviewed
SANSEN-1761,17,1761,Switched-Capacitor Filters,505,515,,0,unassessed,unreviewed
SANSEN-1762,17,1762,Switched-current delay block,506,516,circuit,3,unassessed,unreviewed
SANSEN-1763,17,1763,Switched-current low-pass filter,506,516,circuit;feedback,3,candidate,unreviewed
SANSEN-1764,17,1764,2nd-generation switched-current filter,507,517,circuit,2,unassessed,unreviewed
SANSEN-1765,17,1765,Comparison SC - SI,507,517,circuit,2,unassessed,unreviewed
SANSEN-1766,17,1766,Switched-Capacitor Filters,508,518,noise,0,unassessed,unreviewed
SANSEN-181,18,181,Slide 181,509,519,noise;distortion,0,unassessed,unreviewed
SANSEN-182,18,182,Why distortion ?,509,519,distortion,0,unassessed,unreviewed
SANSEN-183,18,183,Table of contents,510,520,circuit;feedback;distortion,0,candidate,unreviewed
SANSEN-184,18,184,Linear distortion,510,520,distortion,0,unassessed,unreviewed
SANSEN-185,18,185,Linear distortion,511,521,distortion,0,unassessed,unreviewed
SANSEN-186,18,186,Non-linear distortion,511,521,circuit;graph;distortion,0,unassessed,unreviewed
SANSEN-187,18,187,Soft and hard non-linearity,512,522,distortion,0,unassessed,unreviewed
SANSEN-188,18,188,Non-linearity : by power series,512,522,graph;distortion,1,unassessed,unreviewed
SANSEN-189,18,189,"How to find ao, a1, a2, a3,...",513,523,graph;frequency_response;distortion,9,unassessed,unreviewed
SANSEN-1810,18,1810,Definition of harmonic distortion HD,513,523,distortion,8,unassessed,unreviewed
SANSEN-1811,18,1811,Amplitude HD versus input signal,514,524,graph;noise;distortion,0,unassessed,unreviewed
SANSEN-1812,18,1812,HD of a resistor,514,524,distortion,1,unassessed,unreviewed
SANSEN-1813,18,1813,Output spectrum,515,525,distortion,0,unassessed,unreviewed
SANSEN-1814,18,1814,Definition of intermodulation distortion IM,515,525,distortion,5,unassessed,unreviewed
SANSEN-1815,18,1815,IM components,516,526,distortion,0,unassessed,unreviewed
SANSEN-1816,18,1816,IM components,516,526,distortion,0,unassessed,unreviewed
SANSEN-1817,18,1817,Output spectrum of amplifier for IM,517,527,circuit;distortion,0,unassessed,unreviewed
SANSEN-1818,18,1818,Amplitude IM3 versus input signal,517,527,circuit;graph;noise;distortion,0,unassessed,unreviewed
SANSEN-1819,18,1819,Relation IP3 and IM3,518,528,,4,unassessed,unreviewed
SANSEN-1820,18,1820,Relation IMFDRz and IP3,518,528,noise,4,unassessed,unreviewed
SANSEN-1821,18,1821,The IP3 and -1 dB compression point,519,529,distortion,3,unassessed,unreviewed
SANSEN-1822,18,1822,Relationship exercise,519,529,circuit;noise;distortion,8,unassessed,unreviewed
SANSEN-1823,18,1823,Definition of crossmodulation distortion CM,520,530,distortion,4,unassessed,unreviewed
SANSEN-1824,18,1824,Table of contents,520,530,circuit;graph;distortion,0,unassessed,unreviewed
SANSEN-1825,18,1825,Distortion in a single-MOST amplifier,521,531,circuit;distortion,3,unassessed,unreviewed
SANSEN-1826,18,1826,DC and ac components,521,531,circuit,0,unassessed,unreviewed
SANSEN-1827,18,1827,Distortion in a single-MOST amplifier,522,532,circuit;distortion,5,unassessed,unreviewed
SANSEN-1828,18,1828,"Cocfficients a1, az, a3 by comparison",522,532,circuit;distortion,9,unassessed,unreviewed
SANSEN-1829,18,1829,Normalized current swing,523,533,feedback;distortion,8,unassessed,unreviewed
SANSEN-1830,18,1830,Numerical example,523,533,,5,unassessed,unreviewed
SANSEN-1831,18,1831,"More coefficients a1, a2, a3 ...",524,534,circuit;frequency_response;distortion,1,unassessed,unreviewed
SANSEN-1832,18,1832,Distortion of a MOST diode,524,534,distortion,6,unassessed,unreviewed
SANSEN-1833,18,1833,The zero HD3 point for smaller L,525,535,frequency_response,3,unassessed,unreviewed
SANSEN-1834,18,1834,Derivatives of gm,525,535,circuit;frequency_response,3,unassessed,unreviewed
SANSEN-1835,18,1835,A differential pair is symmetrical,526,536,graph;frequency_response;distortion,0,unassessed,unreviewed
SANSEN-1836,18,1836,Distortion in MOST differential pair,526,536,graph;distortion,2,unassessed,unreviewed
SANSEN-1837,18,1837,Distortion in MOST differential amplifier,527,537,circuit;frequency_response;distortion,10,unassessed,unreviewed
SANSEN-1838,18,1838,Distortion in linear region,527,537,distortion,3,unassessed,unreviewed
SANSEN-1839,18,1839,Table of contents,528,538,circuit;graph;distortion,0,unassessed,unreviewed
SANSEN-1840,18,1840,Distortion in a bipolar transistor amplifier,528,538,circuit;distortion,5,unassessed,unreviewed
SANSEN-1841,18,1841,Distortion in a bipolar transistor amplifier,529,539,circuit;distortion,9,unassessed,unreviewed
SANSEN-1842,18,1842,Numerical example,529,539,circuit,7,unassessed,unreviewed
SANSEN-1843,18,1843,Distortion in a diode,530,540,circuit;distortion,5,unassessed,unreviewed
SANSEN-1844,18,1844,Distortion in bipolar differential amplifier,530,540,circuit;graph;frequency_response;distortion,10,unassessed,unreviewed
SANSEN-1845,18,1845,Distortion in a resistor or capacitor,531,541,distortion,6,unassessed,unreviewed
SANSEN-1846,18,1846,Non-lincarity depletion capacitance,531,541,graph;frequency_response,3,unassessed,unreviewed
SANSEN-1847,18,1847,Table of contents,532,542,feedback;distortion,0,unassessed,unreviewed
SANSEN-1848,18,1848,Distortion reduction by feedback,532,542,circuit;feedback;distortion,3,candidate,unreviewed
SANSEN-1849,18,1849,Distortion reduction by feedback,533,543,circuit;feedback;distortion,5,candidate,unreviewed
SANSEN-1850,18,1850,Distortion components with feedback,533,543,feedback;distortion,4,unassessed,unreviewed
SANSEN-1851,18,1851,Distortion components with fecdback : examples,534,544,circuit;frequency_response;feedback;distortion,4,candidate,unreviewed
SANSEN-1852,18,1852,Emitter resistor to reduce distortion IMzr,534,544,circuit;feedback;distortion,5,candidate,unreviewed
SANSEN-1853,18,1853,Emitter resistor to reduce distortion IMzr,535,545,feedback;distortion,5,unassessed,unreviewed
SANSEN-1854,18,1854,Null in IM3 by Re (Bipolar trans. IcE = 1 mA),535,545,circuit;graph,3,unassessed,unreviewed
SANSEN-1855,18,1855,Emitter resistor Re reduces distortion for large T,536,546,circuit;feedback;distortion,8,candidate,unreviewed
SANSEN-1856,18,1856,Source resistor Rg to reduce distortion,536,546,circuit;frequency_response;feedback;distortion,7,candidate,unreviewed
SANSEN-1857,18,1857,Current source with series R,537,547,feedback;distortion,1,unassessed,unreviewed
SANSEN-1858,18,1858,Source & Emitter Follower,537,547,circuit;graph;frequency_response;distortion,5,unassessed,unreviewed
SANSEN-1859,18,1859,Distortion Source follower with substrate effect,538,548,circuit;distortion,5,unassessed,unreviewed
SANSEN-1860,18,1860,Distortion Source follower - Example,538,548,circuit;graph;distortion,10,unassessed,unreviewed
SANSEN-1861,18,1861,Increasing the IP3 by feedback,539,549,circuit;feedback;distortion,2,candidate,unreviewed
SANSEN-1862,18,1862,Increasing the IPs by feedback,539,549,circuit;feedback;distortion,0,candidate,unreviewed
SANSEN-1863,18,1863,Distortion cancellation,540,550,frequency_response;feedback;distortion,7,unassessed,unreviewed
SANSEN-1864,18,1864,Distortion cancellation,540,550,frequency_response;distortion,6,unassessed,unreviewed
SANSEN-1865,18,1865,Compensation of IM3 1 - a v3,541,551,frequency_response,6,unassessed,unreviewed
SANSEN-1866,18,1866,Output signal vs current ratio,541,551,,2,unassessed,unreviewed
SANSEN-1867,18,1867,Table of contents,542,552,circuit;frequency_response;feedback;distortion,0,candidate,unreviewed
SANSEN-1868,18,1868,Miller CMOS opamp with Feedback,542,552,circuit;frequency_response;feedback;distortion,4,candidate,unreviewed
SANSEN-1869,18,1869,Distortion in input stage,543,553,circuit;distortion,4,unassessed,unreviewed
SANSEN-1870,18,1870,Distortion in input stage,543,553,circuit;feedback;distortion,6,candidate,unreviewed
SANSEN-1871,18,1871,Distortion in input stage with LPF,544,554,circuit;graph;frequency_response;distortion,4,unassessed,unreviewed
SANSEN-1872,18,1872,Distortion in input stage with LPF,544,554,graph;frequency_response;feedback;noise;distortion,3,unassessed,unreviewed
SANSEN-1873,18,1873,Distortion in output stage,545,555,circuit;distortion,4,unassessed,unreviewed
SANSEN-1874,18,1874,Distortion in output stage,545,555,circuit;distortion,3,unassessed,unreviewed
SANSEN-1875,18,1875,Two-stage opamp a & b,546,556,circuit;frequency_response;feedback;distortion,2,candidate,unreviewed
SANSEN-1876,18,1876,Three-stage opamp a & b & c,546,556,circuit;frequency_response;feedback;distortion,1,candidate,unreviewed
SANSEN-1877,18,1877,Distortion in an opamp at low frequencies,547,557,circuit;frequency_response;feedback;distortion,13,candidate,unreviewed
SANSEN-1878,18,1878,Low-distortion amplifier,547,557,circuit;graph;frequency_response;feedback;distortion,5,candidate,unreviewed
SANSEN-1879,18,1879,Distortion in an opamp at low frequencies,548,558,circuit;distortion,9,unassessed,unreviewed
SANSEN-1880,18,1880,Distortion in an opamp at low frequencies,548,558,circuit;graph;frequency_response;feedback;distortion,4,candidate,unreviewed
SANSEN-1881,18,1881,Distortion in an opamp at high frequencies,549,559,circuit;distortion,9,unassessed,unreviewed
SANSEN-1882,18,1882,Distortion in an opamp at high frequencies,549,559,circuit;feedback;distortion,5,candidate,unreviewed
SANSEN-1883,18,1883,Miller CMOS OTA Mcasured Distortion,550,560,circuit;graph;frequency_response;feedback;noise;distortion,0,candidate,unreviewed
SANSEN-1884,18,1884,1.8 V Low distortion CMOS Opamp,550,560,circuit;graph;frequency_response;distortion,5,unassessed,unreviewed
SANSEN-1885,18,1885,HD2 & HD3 vs Amplitude Lintarity ve. Oatput Amplitude (V7-2),551,561,circuit;graph;distortion,0,unassessed,unreviewed
SANSEN-1886,18,1886,HD2 & HD3 vs Frequency,551,561,circuit;feedback;distortion,0,candidate,unreviewed
SANSEN-1887,18,1887,Table of contents,552,562,distortion,0,unassessed,unreviewed
SANSEN-1888,18,1888,Other cases of distortion and guide lines,552,562,graph;frequency_response;distortion,0,unassessed,unreviewed
SANSEN-1889,18,1889,Guide lines for low distortion,553,563,feedback;noise;distortion,0,unassessed,unreviewed
SANSEN-1890,18,1890,Distortion components,553,563,feedback;distortion,2,unassessed,unreviewed
SANSEN-1891,18,1891,Distortion components with Feedback (T > 5),554,564,circuit;feedback;distortion,2,candidate,unreviewed
SANSEN-1892,18,1892,References,554,564,distortion;reference,0,unassessed,unreviewed
SANSEN-1893,18,1893,Table of contents,555,565,circuit;feedback;distortion,0,candidate,unreviewed
SANSEN-191,19,191,Slide 191,556,567,frequency_response;distortion,0,unassessed,unreviewed
SANSEN-192,19,192,Applications and problems,556,567,graph;feedback;distortion,3,unassessed,unreviewed
SANSEN-193,19,193,Table of contents,557,568,,0,unassessed,unreviewed
SANSEN-194,19,194,Active RC filters,557,568,circuit;feedback;noise;distortion,3,candidate,unreviewed
SANSEN-195,19,195,Table of contents,558,569,,0,unassessed,unreviewed
SANSEN-196,19,196,MOST resistors,558,569,graph;distortion,4,unassessed,unreviewed
SANSEN-197,19,197,Examples of differential MOST-R's,559,570,circuit;distortion,1,unassessed,unreviewed
SANSEN-198,19,198,From active RC to MOSFET-C filter,559,570,circuit;feedback,0,candidate,unreviewed
SANSEN-199,19,199,Large Ron values at high frequencies,560,571,,6,unassessed,unreviewed
SANSEN-1910,19,1910,LC ladder filter,560,571,circuit;feedback,0,candidate,unreviewed
SANSEN-1911,19,1911,Fifth-order low-pass filter,561,572,circuit;distortion,0,unassessed,unreviewed
SANSEN-1912,19,1912,Fifth-order elliptic low-pass filter,561,572,,0,unassessed,unreviewed
SANSEN-1913,19,1913,PLL tuning,562,573,circuit;feedback,0,candidate,unreviewed
SANSEN-1914,19,1914,Table of contents,562,573,feedback,0,unassessed,unreviewed
SANSEN-1915,19,1915,Some GmC filters,563,574,feedback,0,unassessed,unreviewed
SANSEN-1916,19,1916,GmC filter definition,563,574,circuit;distortion,4,unassessed,unreviewed
SANSEN-1917,19,1917,Simple GmC filters,564,575,circuit;frequency_response;feedback,2,candidate,unreviewed
SANSEN-1918,19,1918,Simple GmC filters,564,575,frequency_response,1,unassessed,unreviewed
SANSEN-1919,19,1919,Simple fully-differential GmC filters,565,576,circuit;frequency_response,0,unassessed,unreviewed
SANSEN-1920,19,1920,Voltage-mode & current-mode filters,565,576,,0,unassessed,unreviewed
SANSEN-1921,19,1921,A differential pair as a transconductor,566,577,feedback;distortion,5,unassessed,unreviewed
SANSEN-1922,19,1922,Amplifier or transconductor ?,566,577,circuit;graph;feedback,0,candidate,unreviewed
SANSEN-1923,19,1923,Table of contents,567,578,feedback,0,unassessed,unreviewed
SANSEN-1924,19,1924,Increasing the IP3 by feedback,567,578,feedback;distortion,3,unassessed,unreviewed
SANSEN-1925,19,1925,Increasing the IP by FB and high loop gain,568,579,circuit;feedback;distortion,0,candidate,unreviewed
SANSEN-1926,19,1926,Tuneable resistances,568,579,,0,unassessed,unreviewed
SANSEN-1927,19,1927,By tuneable feedback,569,580,circuit;feedback;distortion,2,candidate,unreviewed
SANSEN-1928,19,1928,By nonlinear feedback (input),569,580,feedback;distortion,2,unassessed,unreviewed
SANSEN-1929,19,1929,By nonlinear feedback (as load),570,581,circuit;feedback;distortion,1,candidate,unreviewed
SANSEN-1930,19,1930,Low-distortion combination : power !,570,581,circuit;distortion,0,unassessed,unreviewed
SANSEN-1931,19,1931,Reduced distortion by cross-coupling,571,582,circuit;distortion,0,unassessed,unreviewed
SANSEN-1932,19,1932,Comparison (simulations),571,582,graph;feedback;distortion,4,unassessed,unreviewed
SANSEN-1933,19,1933,Measured THD for transconductor,572,583,distortion,1,unassessed,unreviewed
SANSEN-1934,19,1934,Linear transconductor with opamps,572,583,circuit;feedback;distortion,1,candidate,unreviewed
SANSEN-1935,19,1935,Table of contents,573,584,feedback,0,unassessed,unreviewed
SANSEN-1936,19,1936,Parallel differential pairs with offset Voltages,573,584,circuit;graph;feedback;distortion,2,candidate,unreviewed
SANSEN-1937,19,1937,Transfer characteristics of parallel diff. pairs,574,585,circuit;graph;frequency_response;distortion,2,unassessed,unreviewed
SANSEN-1938,19,1938,Parallel diff.pairs with different transistor sizes,574,585,circuit,1,unassessed,unreviewed
SANSEN-1939,19,1939,Paralleling four differential pairs,575,586,distortion,0,unassessed,unreviewed
SANSEN-1940,19,1940,Dual-input transconductor,575,586,,0,unassessed,unreviewed
SANSEN-1941,19,1941,Parallel diff.pairs with different transistor sizes,576,587,circuit;graph,5,unassessed,unreviewed
SANSEN-1942,19,1942,Cross-coupling for linearity and swing,576,587,,0,unassessed,unreviewed
SANSEN-1943,19,1943,Multiplier or Amp. with distortion cancellation,577,588,frequency_response;distortion,3,unassessed,unreviewed
SANSEN-1944,19,1944,Cross-coupling and source resistors,577,588,,0,unassessed,unreviewed
SANSEN-1945,19,1945,Cross-coupling and source followers,578,589,,1,unassessed,unreviewed
SANSEN-1946,19,1946,Table of contents,578,589,circuit;feedback,0,candidate,unreviewed
SANSEN-1947,19,1947,Linearity CMOS amplifier,579,590,circuit,2,unassessed,unreviewed
SANSEN-1948,19,1948,Linearized transconductors,579,590,circuit;noise,0,unassessed,unreviewed
SANSEN-1949,19,1949,Transconductor for High Frequencies (2 nodes),580,591,circuit,5,unassessed,unreviewed
SANSEN-1950,19,1950,Transconductors with linear MOSTs,580,591,circuit;feedback;distortion,3,candidate,unreviewed
SANSEN-1951,19,1951,Alternative solutions,581,592,circuit;distortion,1,unassessed,unreviewed
SANSEN-1952,19,1952,Pseudodifferential transc. with linear MOSTs,581,592,circuit,1,unassessed,unreviewed
SANSEN-1953,19,1953,Transconductors with linear MOSTs,582,593,circuit;feedback,2,candidate,unreviewed
SANSEN-1954,19,1954,Table of contents,582,593,,0,unassessed,unreviewed
SANSEN-1955,19,1955,Gm-R-C versus Gm-C filters,583,594,circuit;graph;feedback,0,candidate,unreviewed
SANSEN-1956,19,1956,Gm-R-C filters,583,594,feedback,3,unassessed,unreviewed
SANSEN-1957,19,1957,Tunable R to tune Q,584,595,circuit;feedback,0,candidate,unreviewed
SANSEN-1958,19,1958,Tuning systems : transconductance tuning,584,595,circuit;frequency_response;feedback,4,candidate,unreviewed
SANSEN-1959,19,1959,Tuning systems : frequency tuning,585,596,,4,unassessed,unreviewed
SANSEN-1960,19,1960,Fully-differential tuning system realization,585,596,,0,unassessed,unreviewed
SANSEN-1961,19,1961,Tuning systems : frequency tuning with low fc,586,597,circuit;frequency_response,3,unassessed,unreviewed
SANSEN-1962,19,1962,Fully-differential frequency tuning system,586,597,noise,1,unassessed,unreviewed
SANSEN-1963,19,1963,Tuning systems : Q tuning,587,598,,1,unassessed,unreviewed
SANSEN-1964,19,1964,Q tuning with active resistor,587,598,circuit,0,unassessed,unreviewed
SANSEN-1965,19,1965,Comparison of 10.7 MHz filters,588,599,distortion,3,unassessed,unreviewed
SANSEN-1966,19,1966,Biquad for 7th-order Filter at 50 MHz Next Stage),588,599,graph;frequency_response;distortion,6,unassessed,unreviewed
SANSEN-1967,19,1967,Tuning system for Q : conductance ratio y,589,600,frequency_response;feedback,3,unassessed,unreviewed
SANSEN-1968,19,1968,"Tuning system for the ratio of time constants Sample & Hold →, Substractor,",589,600,circuit;graph;frequency_response;feedback,2,candidate,unreviewed
SANSEN-1969,19,1969,Table of contents,590,601,,0,unassessed,unreviewed
SANSEN-1970,19,1970,Signal to Noise + Distortion ratio,590,601,circuit;feedback;noise;distortion,0,candidate,unreviewed
SANSEN-1971,19,1971,Table of contents,591,602,distortion,0,unassessed,unreviewed
SANSEN-201,20,201,Slide 201,592,603,feedback,0,unassessed,unreviewed
SANSEN-202,20,202,Table of contents • Definitions,592,603,,0,unassessed,unreviewed
SANSEN-203,20,203,ADC & DAC,593,604,frequency_response,0,unassessed,unreviewed
SANSEN-204,20,204,DACs Resolution,593,604,,3,unassessed,unreviewed
SANSEN-205,20,205,The quantisation error of a DAC,594,605,noise,6,unassessed,unreviewed
SANSEN-206,20,206,Static specs : INL & DNL,594,605,graph;frequency_response,2,unassessed,unreviewed
SANSEN-207,20,207,Dynamie specifications,595,606,,0,unassessed,unreviewed
SANSEN-208,20,208,Spectral content : Spurious free dynamic range,595,606,,0,unassessed,unreviewed
SANSEN-209,20,209,Output SNR versus input Signal,596,607,noise;distortion,0,unassessed,unreviewed
SANSEN-2010,20,2010,Table of contents,596,607,,0,unassessed,unreviewed
SANSEN-2011,20,2011,Resistor string DAC,597,608,,0,unassessed,unreviewed
SANSEN-2012,20,2012,Binary weighted resistor DAC,597,608,circuit;graph,0,unassessed,unreviewed
SANSEN-2013,20,2013,R-2R DAC,598,609,circuit;feedback,0,candidate,unreviewed
SANSEN-2014,20,2014,3-bit charge redistribution DAC,598,609,circuit,0,unassessed,unreviewed
SANSEN-2015,20,2015,4-bit Current steering DAC,599,610,circuit,0,unassessed,unreviewed
SANSEN-2016,20,2016,The Binary and thermometer codes,599,610,,0,unassessed,unreviewed
SANSEN-2017,20,2017,Thermometer-code Current steering DAC,600,611,circuit;feedback,0,candidate,unreviewed
SANSEN-2018,20,2018,"Binary, unary, segmented DAC",600,611,,1,unassessed,unreviewed
SANSEN-2019,20,2019,c(I)/l versus resolution,601,612,,4,unassessed,unreviewed
SANSEN-2020,20,2020,Switching schemes,601,612,,0,unassessed,unreviewed
SANSEN-2021,20,2021,INL error for different switching schemes,602,613,,0,unassessed,unreviewed
SANSEN-2022,20,2022,DAC Design: Static Accuracy,603,614,circuit;frequency_response,5,unassessed,unreviewed
SANSEN-2023,20,2023,DAC Design: Calculation W and L,603,614,circuit,8,unassessed,unreviewed
SANSEN-2024,20,2024,Floorplan 10-bit segmented DAC,604,615,circuit,0,unassessed,unreviewed
SANSEN-2025,20,2025,Required output impedance versus resolution,604,615,circuit;graph,3,unassessed,unreviewed
SANSEN-2026,20,2026,10-bit 1 GS/s Nyquist Current steering CMOS DAC,605,616,,0,unassessed,unreviewed
SANSEN-2027,20,2027,SFDR (dB) versus relative signal frequency,605,616,graph,0,unassessed,unreviewed
SANSEN-2028,20,2028,FOM (MHz/mW) vs inverse area,606,617,,1,unassessed,unreviewed
SANSEN-2029,20,2029,Table of contents,606,617,,0,unassessed,unreviewed
SANSEN-2030,20,2030,Speed Resolution Limits ADC,607,618,,2,unassessed,unreviewed
SANSEN-2031,20,2031,Dual-slope (integrating) ADC,607,618,graph;frequency_response,4,unassessed,unreviewed
SANSEN-2032,20,2032,Operation of integrating ADC,608,619,graph,3,unassessed,unreviewed
SANSEN-2033,20,2033,Integrating ADC,608,619,circuit,2,unassessed,unreviewed
SANSEN-2034,20,2034,Successive-approximation ADC,609,620,,6,unassessed,unreviewed
SANSEN-2035,20,2035,5-bit Charge redistribution ADC,609,620,circuit;frequency_response,2,unassessed,unreviewed
SANSEN-2036,20,2036,5-bit Charge redistribution ADC,610,621,circuit;feedback,3,candidate,unreviewed
SANSEN-2037,20,2037,5-bit Charge redistribution ADC,610,621,circuit,5,unassessed,unreviewed
SANSEN-2038,20,2038,Charge redistribution ADC,611,622,circuit,1,unassessed,unreviewed
SANSEN-2039,20,2039,Algorithmic (or cyclic) ADC,611,622,circuit,0,unassessed,unreviewed
SANSEN-2040,20,2040,Flash converter,612,623,frequency_response,0,unassessed,unreviewed
SANSEN-2041,20,2041,Evolution in ADC's,613,624,graph,0,unassessed,unreviewed
SANSEN-2042,20,2042,Subranging (or two-step) ADC,613,624,,1,unassessed,unreviewed
SANSEN-2043,20,2043,Interpolating saves amplifiers,614,625,circuit;graph,0,unassessed,unreviewed
SANSEN-2044,20,2044,Interpolating ADC,614,625,circuit,0,unassessed,unreviewed
SANSEN-2045,20,2045,Transfer curves,615,626,circuit;graph,0,unassessed,unreviewed
SANSEN-2046,20,2046,Averaging with output currents,615,626,,4,unassessed,unreviewed
SANSEN-2047,20,2047,Interpolating/Averaging ADC - 1st amp,616,627,circuit,0,unassessed,unreviewed
SANSEN-2048,20,2048,Interpolating : limitations,616,627,,0,unassessed,unreviewed
SANSEN-2049,20,2049,Folding ADC Analog preprocessing,617,628,circuit,0,unassessed,unreviewed
SANSEN-2050,20,2050,4-bit Folding ADC Fotding block converter,617,628,circuit;graph;frequency_response,4,unassessed,unreviewed
SANSEN-2051,20,2051,Folding block realization,618,629,circuit,1,unassessed,unreviewed
SANSEN-2052,20,2052,Folding + interpolation converter,618,629,frequency_response,2,unassessed,unreviewed
SANSEN-2053,20,2053,"Pipelined ADC : n, and single bit per stage",619,630,circuit,1,unassessed,unreviewed
SANSEN-2054,20,2054,Pipelined ADC block diagram,620,631,circuit;graph,0,unassessed,unreviewed
SANSEN-2055,20,2055,Multiplying DAC,620,631,circuit,0,unassessed,unreviewed
SANSEN-2056,20,2056,Multiplying DAC : Phase 1,621,632,circuit,0,unassessed,unreviewed
SANSEN-2057,20,2057,Multiplying DAC : Phase 2,621,632,circuit,2,unassessed,unreviewed
SANSEN-2058,20,2058,Non-idealities versus Cs,622,633,,1,unassessed,unreviewed
SANSEN-2059,20,2059,Comparison ADCs,622,633,,3,unassessed,unreviewed
SANSEN-2060,20,2060,Impact of device mismatch on resolution/power,623,634,circuit,2,unassessed,unreviewed
SANSEN-2061,20,2061,Power and mismatch/noise,623,634,noise,4,unassessed,unreviewed
SANSEN-2062,20,2062,Noise vs mismatch for DR,624,635,graph;noise,0,unassessed,unreviewed
SANSEN-2063,20,2063,ADC limitations,624,635,graph;noise,1,unassessed,unreviewed
SANSEN-2064,20,2064,References,625,636,reference,0,unassessed,unreviewed
SANSEN-2065,20,2065,Table of contents,625,636,,0,unassessed,unreviewed
SANSEN-211,21,211,Slide 211,626,637,circuit,0,unassessed,unreviewed
SANSEN-212,21,212,Table of contents,626,637,noise,0,unassessed,unreviewed
SANSEN-213,21,213,Sigma-Delta ADC Sigma-Delta ADC exchanges resolution with speed,627,638,frequency_response;feedback;noise,0,unassessed,unreviewed
SANSEN-214,21,214,Quantization noise (4 bit),628,639,feedback;noise,7,unassessed,unreviewed
SANSEN-215,21,215,Sigma-Delta modulator,628,639,feedback;noise,2,unassessed,unreviewed
SANSEN-216,21,216,Noise filtering,629,640,feedback;noise,3,unassessed,unreviewed
SANSEN-217,21,217,Feedback loop with low-pass filter,629,640,graph;feedback;noise,2,unassessed,unreviewed
SANSEN-218,21,218,Higher-order Sigma-delta converters,630,641,feedback;noise,1,unassessed,unreviewed
SANSEN-219,21,219,Mash Sigma-delta topologies (2-1-1),630,641,circuit;feedback;noise,0,candidate,unreviewed
SANSEN-2110,21,2110,SNR vs OSR for single-bit EA,631,642,noise,6,unassessed,unreviewed
SANSEN-2111,21,2111,Multibit versus Single-bit,631,642,noise,0,unassessed,unreviewed
SANSEN-2112,21,2112,Table of contents,632,643,noise,0,unassessed,unreviewed
SANSEN-2113,21,2113,Low Voltage SC: problem,632,643,frequency_response,4,unassessed,unreviewed
SANSEN-2114,21,2114,Low Voltage switch : gDs versus input voltage,633,644,frequency_response,0,unassessed,unreviewed
SANSEN-2115,21,2115,Low Voltage switch : ON- resistance,633,644,frequency_response,2,unassessed,unreviewed
SANSEN-2116,21,2116,Low Voltage SC: solutions,634,645,circuit,0,unassessed,unreviewed
SANSEN-2117,21,2117,Smaller Voo require smaller VT,635,646,graph;frequency_response,1,unassessed,unreviewed
SANSEN-2118,21,2118,On-chip voltage multipliers,635,646,,1,unassessed,unreviewed
SANSEN-2119,21,2119,Voltage multipliers : power efficiency,636,647,,4,unassessed,unreviewed
SANSEN-2120,21,2120,Drawbacks of voltage multipliers,636,647,noise,1,unassessed,unreviewed
SANSEN-2121,21,2121,Voltage multiplier for rail-to-rail opamp,637,648,circuit;distortion,4,unassessed,unreviewed
SANSEN-2122,21,2122,Table of contents,637,648,circuit,0,unassessed,unreviewed
SANSEN-2123,21,2123,Conventional SC Integrator,638,649,circuit,1,unassessed,unreviewed
SANSEN-2124,21,2124,Switched Opamp,638,649,circuit,0,unassessed,unreviewed
SANSEN-2125,21,2125,Switched-opamp schematic,639,650,circuit;frequency_response;feedback,0,candidate,unreviewed
SANSEN-2126,21,2126,Switched-Opamp response,639,650,circuit;frequency_response,0,unassessed,unreviewed
SANSEN-2127,21,2127,Switched-opamp low-pass biquad,640,651,circuit;feedback,3,candidate,unreviewed
SANSEN-2128,21,2128,Measured transfer characteristic,640,651,graph;frequency_response;noise;distortion,2,unassessed,unreviewed
SANSEN-2129,21,2129,THD versus input signal swing,641,652,circuit;noise;distortion,3,unassessed,unreviewed
SANSEN-2130,21,2130,Table of contents,641,652,circuit,0,unassessed,unreviewed
SANSEN-2131,21,2131,1 Volt OTA,642,653,circuit;frequency_response;feedback,1,candidate,unreviewed
SANSEN-2132,21,2132,SO SC integrator,642,653,circuit,2,unassessed,unreviewed
SANSEN-2133,21,2133,SO SC integrator : Ф1 closed,643,654,circuit,3,unassessed,unreviewed
SANSEN-2134,21,2134,SO SC integrator : Ф2 closed,643,654,circuit,5,unassessed,unreviewed
SANSEN-2135,21,2135,CMFB with level shifting,644,655,circuit;graph;frequency_response;feedback,5,candidate,unreviewed
SANSEN-2136,21,2136,Table of contents,644,655,circuit,0,unassessed,unreviewed
SANSEN-2137,21,2137,Differential SO integrator,645,656,circuit;feedback,2,candidate,unreviewed
SANSEN-2138,21,2138,ZA topology with half-delay integrators,645,656,circuit,1,unassessed,unreviewed
SANSEN-2139,21,2139,Class AB differential Voltage amplifier,646,657,circuit;graph;feedback,7,candidate,unreviewed
SANSEN-2140,21,2140,Differential class AB OTA,646,657,circuit;feedback,0,candidate,unreviewed
SANSEN-2141,21,2141,Class AB characteristic,647,658,graph,0,unassessed,unreviewed
SANSEN-2142,21,2142,CMFB and level-shift,647,658,circuit;feedback,0,candidate,unreviewed
SANSEN-2143,21,2143,Low voltage comparator (level shift omitted),648,659,frequency_response;feedback,0,unassessed,unreviewed
SANSEN-2144,21,2144,The input integrator,648,659,circuit,2,unassessed,unreviewed
SANSEN-2145,21,2145,Spectrum for maximum input signal (470 mVptp),649,660,frequency_response;noise;distortion,0,unassessed,unreviewed
SANSEN-2146,21,2146,SNDR versus input signal level,649,660,distortion,3,unassessed,unreviewed
SANSEN-2147,21,2147,SO 12 bit 0.9 V 40 W CMOS EA,650,661,circuit;frequency_response;noise,3,unassessed,unreviewed
SANSEN-2148,21,2148,Table of contents,650,661,,0,unassessed,unreviewed
SANSEN-2149,21,2149,Reset-opamp integrator,651,662,circuit;frequency_response,7,unassessed,unreviewed
SANSEN-2150,21,2150,Pseudo-differential opamp,651,662,circuit;frequency_response,2,unassessed,unreviewed
SANSEN-2151,21,2151,1-Volt 2nd-order 13 -bit &A modulator,652,663,frequency_response;distortion,0,unassessed,unreviewed
SANSEN-2152,21,2152,Table of contents,652,663,circuit,0,unassessed,unreviewed
SANSEN-2153,21,2153,EA Modulator on 1 Volt in 90 nm CMOS,653,664,circuit;frequency_response,0,unassessed,unreviewed
SANSEN-2154,21,2154,Gain enhancement,653,664,circuit,1,unassessed,unreviewed
SANSEN-2155,21,2155,Stability,654,665,frequency_response,5,unassessed,unreviewed
SANSEN-2156,21,2156,Full OTA circuit,654,665,circuit;frequency_response;distortion,0,unassessed,unreviewed
SANSEN-2157,21,2157,Full modulator circuits,655,666,,0,unassessed,unreviewed
SANSEN-2158,21,2158,Measurement Output spectrum,655,666,,0,unassessed,unreviewed
SANSEN-2159,21,2159,Measured SNR and SNDR vs input amplitude,656,667,,0,unassessed,unreviewed
SANSEN-2160,21,2160,Table of contents,656,667,,0,unassessed,unreviewed
SANSEN-2161,21,2161,Switched-resistor integrator,657,668,circuit,0,unassessed,unreviewed
SANSEN-2162,21,2162,Input sampling : maintain constant VINCM,657,668,noise,0,unassessed,unreviewed
SANSEN-2163,21,2163,Mash 2-2 EA Audio ADC,658,669,feedback;noise;distortion,2,unassessed,unreviewed
SANSEN-2164,21,2164,4-th order EA converter with switched-resistors,658,669,circuit,1,unassessed,unreviewed
SANSEN-2165,21,2165,Measured SNDR,659,670,frequency_response;distortion,3,unassessed,unreviewed
SANSEN-2166,21,2166,Table of contents,659,670,feedback;noise;distortion,0,unassessed,unreviewed
SANSEN-2167,21,2167,Full Feedforward Topology,660,671,noise;distortion,4,unassessed,unreviewed
SANSEN-2168,21,2168,4th-Order single-bit 1 Ms/s EA modulator,660,671,noise;distortion,0,unassessed,unreviewed
SANSEN-2169,21,2169,Performance comparison,661,672,circuit;distortion,3,unassessed,unreviewed
SANSEN-2170,21,2170,Output swing of integrators,661,672,distortion,0,unassessed,unreviewed
SANSEN-2171,21,2171,Single-stage OTA for fast settling (0.13 um),662,673,circuit;frequency_response,0,unassessed,unreviewed
SANSEN-2172,21,2172,Circuit Realization,662,673,circuit;frequency_response,1,unassessed,unreviewed
SANSEN-2173,21,2173,Measured output spectrum,663,674,frequency_response,0,unassessed,unreviewed
SANSEN-2174,21,2174,Measured SNR versus Input voltage,663,674,distortion,0,unassessed,unreviewed
SANSEN-2175,21,2175,Comparison of Low-power EA converters,664,675,circuit;frequency_response,1,unassessed,unreviewed
SANSEN-2176,21,2176,Low-voltage low-VT comparison,664,675,,0,unassessed,unreviewed
SANSEN-2177,21,2177,Table of contents,665,676,circuit;distortion,0,unassessed,unreviewed
SANSEN-221,22,221,Slide 221,666,677,circuit,0,unassessed,unreviewed
SANSEN-222,22,222,Table of contents,666,677,circuit,0,unassessed,unreviewed
SANSEN-223,22,223,The Barkhausen criterion,667,678,circuit;frequency_response;feedback,7,candidate,unreviewed
SANSEN-224,22,224,Split analysis,667,678,circuit;frequency_response;feedback,5,candidate,unreviewed
SANSEN-225,22,225,Table of contents,668,679,feedback,0,unassessed,unreviewed
SANSEN-226,22,226,Crystal as resonator,668,679,circuit,4,unassessed,unreviewed
SANSEN-227,22,227,Crystal parameters,669,680,circuit,6,unassessed,unreviewed
SANSEN-228,22,228,Series and parallel resonance,669,680,circuit,1,unassessed,unreviewed
SANSEN-229,22,229,Crystal impedance,670,681,graph,1,unassessed,unreviewed
SANSEN-2210,22,2210,Crystal impedance at resonance,670,681,circuit;graph,5,unassessed,unreviewed
SANSEN-2211,22,2211,Series and parallel resonance,671,682,circuit,4,unassessed,unreviewed
SANSEN-2212,22,2212,Series or parallel resonance ?,672,683,circuit;frequency_response,13,unassessed,unreviewed
SANSEN-2213,22,2213,Table of contents,672,683,circuit,0,unassessed,unreviewed
SANSEN-2214,22,2214,Single-transistor X-tal oscillator,673,684,circuit,2,unassessed,unreviewed
SANSEN-2215,22,2215,Single-transistor X-tal oscillator analysis C3 = Cp + CDG,673,684,circuit;frequency_response,5,unassessed,unreviewed
SANSEN-2216,22,2216,Complex plane for 3-pt oscillator : Design crit.,674,685,circuit;graph;frequency_response,4,unassessed,unreviewed
SANSEN-2217,22,2217,"Complex plane for 3-pt oscillator : Example C, = C2 = 3 pF",675,686,frequency_response,11,unassessed,unreviewed
SANSEN-2218,22,2218,Amplitude of oscillation,675,686,circuit;distortion,3,unassessed,unreviewed
SANSEN-2219,22,2219,Start-up of oscillation,676,687,,6,unassessed,unreviewed
SANSEN-2220,22,2220,Power dissipation,676,687,circuit,4,unassessed,unreviewed
SANSEN-2221,22,2221,Design procedure for X-tal oscillators - 1,677,688,,7,unassessed,unreviewed
SANSEN-2222,22,2222,Design procedure for X-tal oscillators - 2,677,688,,5,unassessed,unreviewed
SANSEN-2223,22,2223,Single-transistor X-tal oscillator,678,689,circuit,2,unassessed,unreviewed
SANSEN-2224,22,2224,Pierce X-tal oscillator,678,689,circuit,0,unassessed,unreviewed
SANSEN-2225,22,2225,Colpitts X-tal oscillator,679,690,,1,unassessed,unreviewed
SANSEN-2226,22,2226,Santos X-tal oscillator,679,690,circuit,1,unassessed,unreviewed
SANSEN-2227,22,2227,Table of contents,680,691,,0,unassessed,unreviewed
SANSEN-2228,22,2228,Practical Pierce X-tal oscillator,680,691,circuit;frequency_response,8,unassessed,unreviewed
SANSEN-2229,22,2229,Full schematic,681,692,circuit;frequency_response,1,unassessed,unreviewed
SANSEN-2230,22,2230,Single-pin oscillator with crystal to Gate,681,692,circuit,10,unassessed,unreviewed
SANSEN-2231,22,2231,Single-pin oscillator - 1,682,693,circuit;feedback,1,candidate,unreviewed
SANSEN-2232,22,2232,Single-pin oscillator - 2,682,693,circuit,0,unassessed,unreviewed
SANSEN-2233,22,2233,X-tal oscillators with CMOS inverters,683,694,,1,unassessed,unreviewed
SANSEN-2234,22,2234,Table of contents,683,694,circuit,0,unassessed,unreviewed
SANSEN-2235,22,2235,Pierce X-tal oscillator,684,695,circuit;graph,0,unassessed,unreviewed
SANSEN-2236,22,2236,Colpitts X-tal oscillator,684,695,circuit,1,unassessed,unreviewed
SANSEN-2237,22,2237,Santos X-tal oscillator,685,696,circuit;feedback,1,candidate,unreviewed
SANSEN-2238,22,2238,98 GHz VCO in SiGe Bipolar technology,685,696,circuit,2,unassessed,unreviewed
SANSEN-2239,22,2239,Positive feedback circuits - 1,686,697,circuit;feedback,2,candidate,unreviewed
SANSEN-2240,22,2240,Positive feedback circuits - 2,686,697,circuit;feedback,0,candidate,unreviewed
SANSEN-2241,22,2241,Positive feedback circuits - 3,687,698,circuit;feedback,1,candidate,unreviewed
SANSEN-2242,22,2242,Table of contents,687,698,,0,unassessed,unreviewed
SANSEN-2243,22,2243,Voltage Controlled Oscillator,688,699,circuit;noise,3,unassessed,unreviewed
SANSEN-2244,22,2244,Differential crystal Oscillator,688,699,circuit;distortion,0,unassessed,unreviewed
SANSEN-2245,22,2245,Relaxation Oscillator,689,700,circuit,0,unassessed,unreviewed
SANSEN-2246,22,2246,RC Oscillators : 3 x 60° = 180°,689,700,circuit;feedback,0,candidate,unreviewed
SANSEN-2247,22,2247,Wien Oscillator : 3 ≤ Gain required,690,701,circuit;frequency_response;feedback,3,candidate,unreviewed
SANSEN-2248,22,2248,Voltage-controlled X-tal oscillator,690,701,,1,unassessed,unreviewed
SANSEN-2249,22,2249,Variable capacitance # AC,691,702,circuit;frequency_response;feedback,1,candidate,unreviewed
SANSEN-2250,22,2250,Gu block to gencrate AGm,691,702,circuit,3,unassessed,unreviewed
SANSEN-2251,22,2251,RdCa block as differentiator,692,703,circuit,2,unassessed,unreviewed
SANSEN-2252,22,2252,Table of contents,692,703,,0,unassessed,unreviewed
SANSEN-2253,22,2253,References X-tal oscillators -1,693,704,reference,0,unassessed,unreviewed
SANSEN-2254,22,2254,References X-tal oscillators - 2,693,704,reference,0,unassessed,unreviewed
SANSEN-2255,22,2255,Slide 2255,694,705,graph;frequency_response,0,unassessed,unreviewed
SANSEN-2256,22,2256,"Amplitude, phase, Real & Imaginary",694,705,,4,unassessed,unreviewed
SANSEN-2257,22,2257,Polar diagram of RC network - 1,695,706,graph;frequency_response,6,unassessed,unreviewed
SANSEN-2258,22,2258,Polar diagram of RC network - 2,695,706,graph;frequency_response,6,unassessed,unreviewed
SANSEN-2259,22,2259,Polar diagram of RC network - 3,696,707,graph;frequency_response,6,unassessed,unreviewed
SANSEN-2260,22,2260,Polar diagram of RC network - 4,696,707,circuit;graph,5,unassessed,unreviewed
SANSEN-2261,22,2261,Polar diagram of RC network - 5,697,708,graph;frequency_response,7,unassessed,unreviewed
SANSEN-2262,22,2262,Circuit input impedance Ze,697,708,circuit;graph;frequency_response,4,unassessed,unreviewed
SANSEN-2263,22,2263,Complex plane for 3-point oscillator,698,709,graph;frequency_response,5,unassessed,unreviewed
SANSEN-2264,22,2264,Calculation of gmA,698,709,circuit,6,unassessed,unreviewed
SANSEN-231,23,231,Slide 231,699,711,circuit;graph;noise;distortion,0,unassessed,unreviewed
SANSEN-232,23,232,Receiver Topology,699,711,circuit;graph;feedback,2,candidate,unreviewed
SANSEN-233,23,233,Table of contents,700,712,circuit;noise,0,unassessed,unreviewed
SANSEN-234,23,234,Transmission line effects,700,712,graph;frequency_response,2,unassessed,unreviewed
SANSEN-235,23,235,Noise Figure,701,713,graph;noise,6,unassessed,unreviewed
SANSEN-236,23,236,MOST amplifier with Resistive termination,701,713,circuit;noise,6,unassessed,unreviewed
SANSEN-237,23,237,Table of contents,702,714,noise;distortion,0,unassessed,unreviewed
SANSEN-238,23,238,Transceiver,702,714,frequency_response;noise,0,unassessed,unreviewed
SANSEN-239,23,239,Minimum NF and IIP3 for DCS-1800,703,715,frequency_response;noise;distortion,5,unassessed,unreviewed
SANSEN-2310,23,2310,Linearity CMOS amplifier,704,716,circuit;graph,8,unassessed,unreviewed
SANSEN-2311,23,2311,IP3 for different CMOS technologies,704,716,distortion,4,unassessed,unreviewed
SANSEN-2312,23,2312,Table of contents,705,717,circuit;noise,0,unassessed,unreviewed
SANSEN-2313,23,2313,Inductive input : gain,705,717,circuit;frequency_response;noise,8,unassessed,unreviewed
SANSEN-2314,23,2314,Inductive input : noise,706,718,circuit;noise,8,unassessed,unreviewed
SANSEN-2315,23,2315,Inductive degeneration in the Source,706,718,,4,unassessed,unreviewed
SANSEN-2316,23,2316,Inductive degeneration in Source and Gate,707,719,circuit;noise,6,unassessed,unreviewed
SANSEN-2317,23,2317,Inductive degeneration : gain,707,719,circuit,4,unassessed,unreviewed
SANSEN-2318,23,2318,Inductive degeneration : gain,708,720,frequency_response,4,unassessed,unreviewed
SANSEN-2319,23,2319,Inductive degeneration : Noise Figure,708,720,circuit;noise,6,unassessed,unreviewed
SANSEN-2320,23,2320,Inductive degeneration : 11P3 vs IDS,709,721,circuit;graph,4,unassessed,unreviewed
SANSEN-2321,23,2321,Cascode or current input : Zim,709,721,circuit,3,unassessed,unreviewed
SANSEN-2322,23,2322,Cascode or current input: Gain & NF,710,722,circuit;noise,5,unassessed,unreviewed
SANSEN-2323,23,2323,LNA: amplifier versus cascode,710,722,circuit;noise,1,unassessed,unreviewed
SANSEN-2324,23,2324,Table of contents,711,723,,0,unassessed,unreviewed
SANSEN-2325,23,2325,Non-quasi static MOST model,711,723,,2,unassessed,unreviewed
SANSEN-2326,23,2326,Inductor in input Zin = RNQs,712,724,circuit;frequency_response;noise,4,unassessed,unreviewed
SANSEN-2327,23,2327,Inductive degeneration with NQS model,712,724,circuit;noise,4,unassessed,unreviewed
SANSEN-2328,23,2328,Noise matching,713,725,noise,5,unassessed,unreviewed
SANSEN-2329,23,2329,Noise matching (Optimum design),713,725,circuit;graph;noise,5,unassessed,unreviewed
SANSEN-2330,23,2330,Gain vs Rin for optimal NF,714,726,frequency_response,4,unassessed,unreviewed
SANSEN-2331,23,2331,Table of contents,714,726,circuit;noise,0,unassessed,unreviewed
SANSEN-2332,23,2332,Low-noise amplifier,715,727,circuit;noise,0,unassessed,unreviewed
SANSEN-2333,23,2333,LNA 900 MHz with reuse,715,727,circuit;feedback,3,candidate,unreviewed
SANSEN-2334,23,2334,LNA with reuse,716,728,circuit,0,unassessed,unreviewed
SANSEN-2335,23,2335,LNA with reuse : realization,716,728,circuit,2,unassessed,unreviewed
SANSEN-2336,23,2336,CMOS LNA with reuse,717,729,noise,0,unassessed,unreviewed
SANSEN-2337,23,2337,Measurements - 1,717,729,frequency_response,1,unassessed,unreviewed
SANSEN-2338,23,2338,Measurements - 2,718,730,noise;distortion,1,unassessed,unreviewed
SANSEN-2339,23,2339,1.2 GHz LNA with C-ESD protection,718,730,circuit,0,unassessed,unreviewed
SANSEN-2340,23,2340,LNA Micrograph,719,731,,0,unassessed,unreviewed
SANSEN-2341,23,2341,Noise Figure,719,731,frequency_response;noise,2,unassessed,unreviewed
SANSEN-2342,23,2342,Noise Figure,720,732,graph;noise,0,unassessed,unreviewed
SANSEN-2343,23,2343,Linearity performance,720,732,,2,unassessed,unreviewed
SANSEN-2344,23,2344,Performance summary,721,733,noise,0,unassessed,unreviewed
SANSEN-2345,23,2345,Performance comparison,721,733,graph;noise,0,unassessed,unreviewed
SANSEN-2346,23,2346,5.2 GHz LNA,722,734,circuit;noise,0,unassessed,unreviewed
SANSEN-2347,23,2347,Noise-cancellation principle,722,734,circuit;noise,3,unassessed,unreviewed
SANSEN-2348,23,2348,Noise-cancelling LNA,723,735,circuit;noise,2,unassessed,unreviewed
SANSEN-2349,23,2349,Differential LNA in 0.25 um CMOS : 2.4 GHz,723,735,circuit;noise;distortion,1,unassessed,unreviewed
SANSEN-2350,23,2350,LNA for UWB (3 - 10 GHz),724,736,frequency_response,3,unassessed,unreviewed
SANSEN-2351,23,2351,Differential LNA at 17 GHz,724,736,circuit;noise,3,unassessed,unreviewed
SANSEN-2352,23,2352,Differential LNA at 5 GHz,725,737,frequency_response;feedback,3,unassessed,unreviewed
SANSEN-2353,23,2353,Table of contents,725,737,circuit,0,unassessed,unreviewed
SANSEN-2354,23,2354,ESD protection : Human Body model,726,738,circuit,4,unassessed,unreviewed
SANSEN-2355,23,2355,ESD protection : Transmission Line Pulse,726,738,,3,unassessed,unreviewed
SANSEN-2356,23,2356,Simulated deterioration by ESD diodes,727,739,graph;noise,0,unassessed,unreviewed
SANSEN-2357,23,2357,П-network with Capacitive ESD protection,727,739,noise,0,unassessed,unreviewed
SANSEN-2358,23,2358,1.5 V 1.5 GHz LNA,728,740,circuit,0,unassessed,unreviewed
SANSEN-2359,23,2359,LNA with L-ESD protection for 5 GHz LNA,728,740,circuit;noise,2,unassessed,unreviewed
SANSEN-2360,23,2360,Effect of ESD on performance,729,741,noise,0,unassessed,unreviewed
SANSEN-2361,23,2361,TLP Characteristics,729,741,,1,unassessed,unreviewed
SANSEN-2362,23,2362,Table of contents,730,742,circuit;noise;distortion,0,unassessed,unreviewed
SANSEN-241,24,241,Slide 241,731,743,circuit,0,unassessed,unreviewed
SANSEN-242,24,242,Switching Noise,731,743,noise,0,unassessed,unreviewed
SANSEN-243,24,243,Noise coupling through the substrate,732,744,circuit;noise,0,unassessed,unreviewed
SANSEN-244,24,244,Slide 244,732,744,noise,0,unassessed,unreviewed
SANSEN-245,24,245,Circuit Noise Generation 0.5 фос-отк,733,745,circuit;frequency_response;noise,0,unassessed,unreviewed
SANSEN-246,24,246,Class AB Input structures,733,745,circuit,0,unassessed,unreviewed
SANSEN-247,24,247,Current Mode Logic,734,746,frequency_response,0,unassessed,unreviewed
SANSEN-248,24,248,Symmetrical OTA's,734,746,circuit,0,unassessed,unreviewed
SANSEN-249,24,249,Slide 249,735,747,,0,unassessed,unreviewed
SANSEN-2410,24,2410,Power Supply Pinning,735,747,circuit,4,unassessed,unreviewed
SANSEN-2411,24,2411,Supply line bounce (1),736,748,circuit;noise,0,unassessed,unreviewed
SANSEN-2412,24,2412,Supply line bounce (2),736,748,,3,unassessed,unreviewed
SANSEN-2413,24,2413,Pinning Strategy,737,749,,1,unassessed,unreviewed
SANSEN-2414,24,2414,Supply routing for mixed-signal IC,737,749,circuit;noise,0,unassessed,unreviewed
SANSEN-2415,24,2415,Model of parasitics of chip in package,738,750,,2,unassessed,unreviewed
SANSEN-2416,24,2416,Pin connections to A & D,738,750,noise,0,unassessed,unreviewed
SANSEN-2417,24,2417,Rules for pin connections • The analog and the digila: power sumply are separated,739,751,,0,unassessed,unreviewed
SANSEN-2418,24,2418,Noise reduction techniques,739,751,noise,0,unassessed,unreviewed
SANSEN-2419,24,2419,Measurement set-up for MAD ADC,740,752,circuit;noise,0,unassessed,unreviewed
SANSEN-2420,24,2420,On-chip decoupling,740,752,,0,unassessed,unreviewed
SANSEN-2421,24,2421,Resonant frequeney decoupling,741,753,circuit,8,unassessed,unreviewed
SANSEN-2422,24,2422,Slide 2422,741,753,noise,0,unassessed,unreviewed
SANSEN-2423,24,2423,Substrate Type Influence,742,754,,4,unassessed,unreviewed
SANSEN-2424,24,2424,Substrate Coupling,742,754,circuit,0,unassessed,unreviewed
SANSEN-2425,24,2425,Distance ?,743,755,,1,unassessed,unreviewed
SANSEN-2426,24,2426,Low-n well breaks the surface channel,744,756,,0,unassessed,unreviewed
SANSEN-2427,24,2427,Separate Bondpads,744,756,,0,unassessed,unreviewed
SANSEN-2428,24,2428,Process parameters for low coupling field implant,745,757,,0,unassessed,unreviewed
SANSEN-2429,24,2429,Different Bondpads for Guard Rings,745,757,circuit,0,unassessed,unreviewed
SANSEN-2430,24,2430,Coupling on SOl substrates,746,758,,0,unassessed,unreviewed
SANSEN-2431,24,2431,Slide 2431,746,758,noise,0,unassessed,unreviewed
SANSEN-2432,24,2432,Switching noise measurements : model,747,759,noise,0,unassessed,unreviewed
SANSEN-2433,24,2433,Switching noise measurements: preamplifier,747,759,circuit;frequency_response;noise,2,unassessed,unreviewed
SANSEN-2434,24,2434,Switching noise measurements: coupling data,748,760,noise,0,unassessed,unreviewed
SANSEN-2435,24,2435,Switching noise measurements: bonding,748,760,frequency_response;noise,0,unassessed,unreviewed
SANSEN-2436,24,2436,Generation of substrate noise in SoC,749,761,circuit;noise,0,unassessed,unreviewed
SANSEN-2437,24,2437,Substrate model,749,761,circuit;noise,0,unassessed,unreviewed
SANSEN-2438,24,2438,Placement : iso-noise curves,750,762,circuit;noise,3,unassessed,unreviewed
SANSEN-2439,24,2439,Slide 2439,750,762,noise,0,unassessed,unreviewed
SANSEN-2440,24,2440,PSRR : definitions,751,763,circuit;graph;frequency_response,1,unassessed,unreviewed
SANSEN-2441,24,2441,Example of PSRR,752,764,circuit,5,unassessed,unreviewed
SANSEN-2442,24,2442,PSRRpD of Simple CMOS OTA - 1,752,764,,3,unassessed,unreviewed
SANSEN-2443,24,2443,PSRRpD of Simple CMOS OTA - 2,753,765,circuit;frequency_response,2,unassessed,unreviewed
SANSEN-2444,24,2444,PSRRss of Simple CMOS OTA - 3,753,765,circuit,1,unassessed,unreviewed
SANSEN-2445,24,2445,Miller CMOS OTA - PSRRDD,754,766,circuit;feedback,1,candidate,unreviewed
SANSEN-2446,24,2446,Miller CMOS OTA - PSRRDD,754,766,frequency_response;feedback,1,unassessed,unreviewed
SANSEN-2447,24,2447,Miller CMOS OTA - PSRRss,755,767,feedback,1,unassessed,unreviewed
SANSEN-2448,24,2448,Miller CMOS OTA - PSRRss,755,767,circuit;frequency_response;feedback,2,candidate,unreviewed
SANSEN-2449,24,2449,Improving the Miller CMOS OTA,756,768,circuit;frequency_response;feedback,1,candidate,unreviewed
SANSEN-2450,24,2450,Improving the Miller CMOS OTA,756,768,circuit;frequency_response;feedback;noise,2,candidate,unreviewed
SANSEN-2451,24,2451,Miller CMOS OTA - PSRRss,757,769,circuit;feedback,3,candidate,unreviewed
SANSEN-2452,24,2452,Symmetrical CMOS OTA - PSRRss,757,769,frequency_response,0,unassessed,unreviewed
SANSEN-2453,24,2453,Differential- versus Single-Ended circuits,758,770,circuit;noise,0,unassessed,unreviewed
SANSEN-2454,24,2454,Differential vs Single-Ended data,758,770,circuit;noise,0,unassessed,unreviewed
SANSEN-2455,24,2455,Conclusions • Reduce circuit noise generation,759,771,circuit;noise,0,unassessed,unreviewed
SANSEN-2456,24,2456,Slide 2456,759,771,,0,unassessed,unreviewed
