time_s,spectre,derived_finite_rise_step,absolute_error
0.0,0.0,0.0,0.0
1e-07,0.0,0.0,0.0
2e-07,0.0,0.0,0.0
3e-07,0.0,0.0,0.0
4e-07,0.0,0.0,0.0
5e-07,0.0,0.0,0.0
6e-07,0.0,0.0,0.0
7e-07,0.0,0.0,0.0
8e-07,0.0,0.0,0.0
9e-07,0.0,0.0,0.0
1e-06,0.0,0.0,0.0
1.000003949821887e-06,9.802214959098902e-08,4.901187757120479e-08,4.9010272019784235e-08
1.000007456631827e-06,2.376013804633565e-07,1.7467411782181447e-07,6.292726264154203e-08
1.000008849962505e-06,3.102017689528873e-07,2.4605079061365553e-07,6.415097833923177e-08
1.000010360253689e-06,4.017995659621621e-07,3.371951531640216e-07,6.460441279814051e-08
1.000012103839827e-06,5.250275561637397e-07,4.6024100489039377e-07,6.478655127334592e-08
1.000014412256749e-06,7.174039763803806e-07,6.525305893366473e-07,6.487338704373329e-08
1.000018092003818e-06,1.093194249797971e-06,1.0282694253641034e-06,6.49248244338677e-08
1.000024481020928e-06,1.947681229916521e-06,1.882724952082665e-06,6.495627783385599e-08
1.000036681124661e-06,4.29167307517888e-06,4.226706854564e-06,6.496622061488078e-08
1.000061081332125e-06,1.178445836218755e-05,1.1719575237587043e-05,6.488312460050675e-08
1.000108834060216e-06,3.726746854174911e-05,3.720330625900381e-05,6.416228274529786e-08
1.000148658734034e-06,6.946931998783325e-05,6.940597790841552e-05,6.334207941773268e-08
1.000186627355421e-06,0.0001094412045867464,0.00010937861936086146,6.25852258849378e-08
1.000224850704827e-06,0.0001588199512850557,0.00015875811268001305,6.183860504265165e-08
1.000262280311495e-06,0.0002160568261731843,0.00021599570029262605,6.112588055824045e-08
1.000299684439984e-06,0.0002820340199671936,0.00028197359476744843,6.042519974517376e-08
1.000337238504727e-06,0.0003571027507553085,0.00035704302754846484,5.972320684364835e-08
1.000374894744241e-06,0.000441254496549898,0.0004411954793258621,5.9017224035898524e-08
1.000412687741919e-06,0.0005346490921270133,0.0005345907870870081,5.8305040005128365e-08
1.000450614352364e-06,0.00063737272471519,0.0006373151387074061,5.758600778388648e-08
1.000488671586137e-06,0.000749509366355932,0.0007494525063705404,5.6859985391615776e-08
1.00052686772107e-06,0.0008711776573995467,0.000871121530813368,5.6126586178728045e-08
1.000565211597361e-06,0.001002506455991653,0.0010024510706807543,5.538531089874579e-08
1.000603713204027e-06,0.001143637805211877,0.0011435831696494647,5.463556241236053e-08
1.000642383107882e-06,0.001294726101803263,0.0012946722251107046,5.3876692558468484e-08
1.000681231594233e-06,0.001455935223585298,0.0014558821155615798,5.3108023718301256e-08
1.000720268760423e-06,0.001627438716118746,0.0016273863872457994,5.232887294662203e-08
1.000759504549831e-06,0.001809419835408169,0.0018093682968526315,5.1538555537449654e-08
1.000798948764663e-06,0.002002071537617965,0.002002020801258886,5.0736359079317506e-08
1.000838611101729e-06,0.002205596611859821,0.0022055466902729526,4.9921586868246354e-08
1.000878501161549e-06,0.002420207722690954,0.0024201586291852095,4.909350574460944e-08
1.00091862844825e-06,0.002646127416952519,0.002646079165576798,4.82513757209084e-08
1.000959002368253e-06,0.002883588126679998,0.0028835407322228557,4.739445714227811e-08
1.000979501184127e-06,0.003008049854792439,0.0030080026983460018,4.7156446437383176e-08
1.001e-06,0.003135135829373447,0.003135088830610089,4.6998763358115786e-08
1.001000716883561e-06,0.003139626141191241,0.00313957915264651,4.6988544730956067e-08
1.001002150650684e-06,0.003148606716770646,0.003148559736656953,4.6980113692970255e-08
1.001003800753575e-06,0.003158942244745967,0.003158895268326134,4.697641983308215e-08
1.001007100959358e-06,0.00317961298629733,0.003179566013413293,4.697288403686037e-08
1.001013701370923e-06,0.003220953199499814,0.0032209062305890157,4.6968910798455416e-08
1.001026902194053e-06,0.003303628536712015,0.003303581573208758,4.696350325685342e-08
1.001053303840313e-06,0.003468958848698114,0.0034689118934791985,4.695521891532467e-08
1.001106107132834e-06,0.00379953803443063,0.0037994910897465317,4.694468409838226e-08
1.001211713717875e-06,0.00446037079047212,0.0044603238299480985,4.696052402150541e-08
1.001422926887957e-06,0.005780734976588789,0.005780687698782927,4.727780586206293e-08
1.001670088922438e-06,0.007323626866040181,0.007323578773701378,4.809233880315872e-08
1.001919523512931e-06,0.008878302203888619,0.008878253060591978,4.9143296640408174e-08
1.002175334770782e-06,0.01047021862894227,0.01047016829543923,5.033350303912387e-08
1.002435283912567e-06,0.01208529239852103,0.012085240786502749,5.161201828071671e-08
1.002699750714892e-06,0.01372575679631168,0.013725703830541502,5.2965770177756943e-08
1.002970145515657e-06,0.01540020432742827,0.015400149920098638,5.4407329631162016e-08
1.003246698873568e-06,0.01710987861507144,0.0171098226685501,5.5946521339278465e-08
1.003529452563416e-06,0.01885484582275555,0.018854788232681385,5.7590074164365346e-08
1.003818349557487e-06,0.02063455845883528,0.020634499116359173,5.934247610667187e-08
1.004113244030332e-06,0.02244792236279298,0.022447861156579485,6.120621349331445e-08
1.004414004598243e-06,0.02429393503650914,0.024293871853470095,6.318303904379041e-08
1.004720518005305e-06,0.02617170769660199,0.026171642422028296,6.527457369412404e-08
1.005032682982044e-06,0.02808042698038306,0.028080359497994145,6.748238891643443e-08
1.005350409137218e-06,0.03001934772062776,0.030019277912517683,6.980811007722965e-08
1.005673612718632e-06,0.0319877667121145,0.031987694458770255,7.22533442451545e-08
1.006002214517465e-06,0.03398500977413652,0.03398493495446464,7.481967188166516e-08
1.006336139217836e-06,0.03601042770610469,0.03601035019749066,7.750861403393872e-08
1.006675314989189e-06,0.03806339374528365,0.03806331342363933,8.032164431487354e-08
1.007019673293806e-06,0.04014330234041445,0.04014321908025198,8.32601624728424e-08
1.007369148735681e-06,0.04224956817738133,0.04224948185184996,8.632553137599697e-08
1.007723678884079e-06,0.04438162505351555,0.044381535534463445,8.951905210163869e-08
1.008083204092963e-06,0.04653892473088036,0.046538831888897625,9.284198273368238e-08
1.008447667323941e-06,0.04872093581556676,0.04872083952005746,9.629550930256858e-08
1.008817013981011e-06,0.05092714271306962,0.05092704283226368,9.988080593853477e-08
1.009191191755568e-06,0.05315704465012413,0.053156941051154094,1.0359897003459073e-07
1.009570150490456e-06,0.05541015481516916,0.05541004736410682,1.0745106233944757e-07
1.009953842053605e-06,0.05768599956005888,0.057685888121945306,1.1143811357722244e-07
1.010342220219134e-06,0.05998411765018882,0.05998400208910015,1.1556108867050163e-07
1.010735240561072e-06,0.06230405959333769,0.062303939772414885,1.1982092280871104e-07
1.011132860357246e-06,0.06464538703191337,0.0646452628134071,1.2421850627275521e-07
1.011535038498887e-06,0.06700767217202733,0.06700754341732973,1.287546975980991e-07
1.01194173540031e-06,0.06939049721613219,0.06939036378583208,1.3343030011436774e-07
1.012352912929052e-06,0.07179345391865656,0.07179331567256331,1.3824609325363557e-07
1.012768534326869e-06,0.07421614309044283,0.07421599988764327,1.432027995629248e-07
1.013188564146385e-06,0.07665817419734064,0.07665802589621351,1.4830112712860277e-07
1.013612968185289e-06,0.07911916494661317,0.07911901140489153,1.535417216425028e-07
1.014041713430814e-06,0.08159874093539711,0.08159858201018122,1.5892521589011555e-07
1.014474768002821e-06,0.08409653529293983,0.08409637084074206,1.6445219776228814e-07
1.014912101102797e-06,0.08661218835908563,0.08661201823586939,1.701232162365507e-07
1.015353682967025e-06,0.08914534738856664,0.08914517144978296,1.7593878368082905e-07
1.015799484821091e-06,0.09169566626464898,0.09169548436525499,1.818993939917135e-07
1.016249478836778e-06,0.09426280522809649,0.09426261722261131,1.8800548517994287e-07
1.0167036380956e-06,0.09684643064563339,0.0968462363881426,1.9425749078760823e-07
1.017161936546512e-06,0.0994462147465379,0.09944601409075415,2.0065578375250137e-07
1.017624348975882e-06,0.1020618354305225,0.10206162822980336,2.0720071913782334e-07
1.018090850972114e-06,0.1046929760463162,0.10469276215368883,2.1389262735982406e-07
1.018561418893663e-06,0.1073393251907894,0.10733910445900263,2.207317867652936e-07
1.019036029841308e-06,0.1100005765333048,0.11000034881483278,2.2771847202340822e-07
1.019514661629913e-06,0.112676428638109,0.11267619378520721,2.3485290179259266e-07
1.019997292763494e-06,0.1153665848063545,0.11536634267107027,2.42135284239664e-07
1.020483902406056e-06,0.1180707528955119,0.11807050332971925,2.4956579265655865e-07
1.020974470362569e-06,0.120788645196307,0.12078838805173975,2.571445672505668e-07
1.021468977054227e-06,0.1235199782786346,0.12351971340691015,2.648717244563281e-07
1.021967403498424e-06,0.1262644728645406,0.12626420011718698,2.7274735361904057e-07
1.022469731287742e-06,0.1290218536965143,0.1290215729250055,2.807715088204432e-07
1.022975942571779e-06,0.1317918494222471,0.13179156047801988,2.8894422721137403e-07
1.023486020038691e-06,0.1345741924784721,0.13457389521295726,2.972655148425485e-07
1.02399994689686e-06,0.13736861897629,0.13736831324094168,3.0573534831601634e-07
1.024517706859626e-06,0.1401748686038897,0.14017455425020764,3.1435368205712244e-07
1.025039284128706e-06,0.1429926845227359,0.142992361402296,3.231204399045673e-07
1.025564663380816e-06,0.1458218132817414,0.14582148124620953,3.3203553187477475e-07
1.026093829750887e-06,0.1486620047135994,0.14866166361477173,3.410988276553173e-07
1.026626768823102e-06,0.1515130118738097,0.15151266156362442,3.5031018527642566e-07
1.027163466612025e-06,0.1543745909269762,0.15437423125755356,3.596694226337682e-07
1.027703909551832e-06,0.1572465010773262,0.15724613190097392,3.6917635229394286e-07
1.02824808448942e-06,0.1601285045200136,0.16012812568926205,3.788307515462108e-07
1.028795978666466e-06,0.1630203663342073,0.1630199777018343,3.8863237300512665e-07
1.029347579712089e-06,0.1659218544330388,0.1659214558520854,3.9858095340905564e-07
1.029902875632581e-06,0.1688327394982844,0.16883233082208304,4.086762013522094e-07
1.030461854800105e-06,0.1717527949100835,0.17175237599228654,4.1891779695157894e-07
1.031024505943096e-06,0.1746817966861128,0.17468136738069906,4.293054137460839e-07
1.031590818138712e-06,0.1776195234317405,0.1776190835930458,4.398386947157551e-07
1.032160780803977e-06,0.1805657562836675,0.18056530576641938,4.5051724811839833e-07
1.032734383682665e-06,0.183520278832098,0.1835198174914101,4.6134068790171234e-07
1.033311616846979e-06,0.1864828771195006,0.18648240481092215,4.7230857844193785e-07
1.033892470681129e-06,0.1894533395463351,0.18945285612584617,4.834204889170302e-07
1.034476935875266e-06,0.1924314568306591,0.19243096215471367,4.946759454282912e-07
1.035065003424045e-06,0.1954170219914365,0.19541651591696918,5.06074467332418e-07
1.035656664611507e-06,0.1984098302623801,0.19840931264683714,5.176155429553742e-07
1.036251911010383e-06,0.2014096790796282,0.20140914978096747,5.292986607341454e-07
1.036850734475756e-06,0.2044163680406752,0.20441582691741478,5.411232604224381e-07
1.037453127134472e-06,0.2074296988424712,0.20742914575368065,5.530887905447202e-07
1.038059081383403e-06,0.2104494752642025,0.21044891006954536,5.651946571316735e-07
1.03866858988157e-06,0.2134755031195294,0.21347492567926607,5.774402633274001e-07
1.039281645547122e-06,0.2165075902332299,0.21650700040824844,5.898249814673129e-07
1.039898241550668e-06,0.2195455463999179,0.2195449440517394,6.023481785022433e-07
1.040518371309821e-06,0.2225891833490408,0.22258856833984964,6.150091911572009e-07
1.041142028482637e-06,0.2256383147047955,0.22563768689744823,6.278073472754109e-07
1.041769206970238e-06,0.2286927559910561,0.22869211524910737,6.407419487208799e-07
1.042399900902548e-06,0.2317523245539264,0.23175167074164937,6.538122770127774e-07
1.043034104639389e-06,0.2348168395597019,0.23481617254208476,6.670176171397202e-07
1.04367181276753e-06,0.2378861219728811,0.23788544161567382,6.803572072666686e-07
1.044313020093954e-06,0.240959994516225,0.24095930068593308,6.9383029191461e-07
1.044957721641323e-06,0.2440382816416883,0.24403757420560224,7.074360860725992e-07
1.045605912646313e-06,0.2471208095152701,0.2471200883414736,7.211737965140408e-07
1.046257588553965e-06,0.2502074059829169,0.25020667094030535,7.350426115548814e-07
1.046912745019405e-06,0.2532979005715224,0.25329715152982923,7.490416931710264e-07
1.047571377897586e-06,0.2563921244333333,0.25639136126313655,7.6317019676031e-07
1.048233483242197e-06,0.259489910334081,0.2594891329068124,7.77427268561226e-07
1.048899057304385e-06,0.2625910926401143,0.2625903008280903,7.918120240035798e-07
1.049568096531875e-06,0.2656955073073442,0.26569470098376946,8.06323574742418e-07
1.050240597556688e-06,0.2688029918174449,0.2688021708564343,8.20961010561394e-07
1.050916557204813e-06,0.2719133852161141,0.27191254949269705,8.357234170253136e-07
1.051595972481348e-06,0.2750265280377825,0.27502567742793915,8.506098433391784e-07
1.052278840578301e-06,0.2781422623351054,0.2781413967157521,8.65619353307423e-07
1.052965158865766e-06,0.2812604316318858,0.2812595508809147,8.807509710995198e-07
1.05365492489137e-06,0.2843808809142443,0.2843799849105273,8.960037169991608e-07
1.054348136375402e-06,0.2875034566022485,0.28750254522564245,9.113766060719897e-07
1.055044791215734e-06,0.2906280065657147,0.2906270796970939,9.268686207986043e-07
1.055744887475281e-06,0.2937543800615343,0.2937534375827847,9.424787495992959e-07
1.056448423389003e-06,0.2968824277589189,0.2968814695529711,9.582059477541982e-07
1.057155397358798e-06,0.3000120017102583,0.3000110276610799,9.740491784260286e-07
1.05786580794659e-06,0.3031429553144146,0.3031419653070391,9.900073755231276e-07
1.058579653879637e-06,0.3062751433342242,0.30627413725475483,1.006079469345611e-06
1.059296934044398e-06,0.3094084218633398,0.3094073995989708,1.0222643689883348e-06
1.060017647489621e-06,0.3125426483336944,0.31254160977270795,1.038560986432735e-06
1.060741793414871e-06,0.3156776814595167,0.3156766264913141,1.0549682025740026e-06
1.061469371181797e-06,0.3188133812804116,0.3188123097955128,1.0714848988069292e-06
1.062200380302884e-06,0.3219496091065633,0.3219485209966191,1.0881099442028308e-06
1.062934820439353e-06,0.3250862275041346,0.32508512266194434,1.1048421902359884e-06
1.0636726914087e-06,0.3282231003216829,0.32822197864120095,1.1216804819413895e-06
1.0644139931741e-06,0.3313600926389986,0.33135895401534854,1.1386236500876556e-06
1.065158725847115e-06,0.3344970707729985,0.33449591510248555,1.1556705129533995e-06
1.065906889687039e-06,0.337633902269129,0.33763272944924205,1.1728198869298545e-06
1.066658485101298e-06,0.3407704558971192,0.340769265826547,1.190070572198998e-06
1.067413512634684e-06,0.3439066016003245,0.3439053941789739,1.207421350568616e-06
1.06817197297837e-06,0.3470422105278381,0.3470409856568375,1.2248710006268482e-06
1.068933866964661e-06,0.350177155006889,0.3501759125885905,1.2424182985193433e-06
1.069699195568187e-06,0.3533113085420665,0.3533100484800691,1.2600619974101335e-06
1.070467959903287e-06,0.3564445457988623,0.3564432679980163,1.2778008460223589e-06
1.071240161215681e-06,0.3595767425643128,0.35957544693072463,1.2956335881941783e-06
1.072015800898608e-06,0.3627077758070372,0.36270646224809533,1.313558941895554e-06
1.072794880477027e-06,0.3658375236073822,0.36583619203174245,1.3315756397513923e-06
1.073577401612144e-06,0.3689658651703226,0.3689645154879376,1.3496823849656892e-06
1.074363366099306e-06,0.3720926808115093,0.37209131293362674,1.3678778825743088e-06
1.075152775869783e-06,0.3752178519588071,0.37521646579798107,1.3861608260112845e-06
1.07594563298492e-06,0.3783412611235917,0.3783398565936945,1.4045298971643305e-06
1.076741939640156e-06,0.3814627919112499,0.3814613689274762,1.4229837737023132e-06
1.077541698163792e-06,0.3845823290107209,0.3845808874895934,1.4415211275209394e-06
1.078344911015531e-06,0.3876997581832171,0.38769829804260936,1.460140607756344e-06
1.079151580783284e-06,0.3908149662444397,0.3908134874035629,1.4788408767563155e-06
1.079961710185308e-06,0.3939278410674742,0.393926343446902,1.4976205721661806e-06
1.080775302068959e-06,0.3970382715725425,0.39703675509421077,1.516478331742288e-06
1.081592359411869e-06,0.4001461477260122,0.4001446123132294,1.5354127828048902e-06
1.08241288531783e-06,0.4032513605192666,0.40324980609671446,1.554422552119128e-06
1.083236883020243e-06,0.4063538019763894,0.4063522284701444,1.5735062449673265e-06
1.084064355877703e-06,0.4094533651320768,0.40945177246960085,1.5926624759576846e-06
1.084895307374733e-06,0.412549944029102,0.41254833213926323,1.611889838770697e-06
1.085729741126592e-06,0.4156434337307801,0.4156418025438462,1.63118693391473e-06
1.086567660869749e-06,0.418733730280063,0.41873207972772164,1.650552341359024e-06
1.087409070467035e-06,0.4218207307134622,0.4218190607288167,1.6699846455137113e-06
1.088253973909301e-06,0.4249043330615911,0.4249026435791685,1.689482422573274e-06
1.089102375308488e-06,0.4279844363184045,0.42798272727416853,1.7090442359646296e-06
1.089954278907666e-06,0.431060940472341,0.4310592118036892,1.7286686517792305e-06
1.090809689065916e-06,0.4341337464461361,0.4341319980919133,1.748354222841364e-06
1.091668610269174e-06,0.4372027561308915,0.4372009880313862,1.7680995053059867e-06
1.092531047129519e-06,0.4402678723778831,0.44026608447484417,1.7879030389522654e-06
1.093397004382506e-06,0.443328998983587,0.4433271912202208,1.8077633662239023e-06
1.094266486885499e-06,0.4463860406784599,0.44638421299943987,1.8276790200166815e-06
1.095139499622286e-06,0.4494389031378316,0.4494370554892967,1.8476485348917215e-06
1.096016047695433e-06,0.4524874929497046,0.4524856252792736,1.8676704309772418e-06
1.096896136333402e-06,0.4555317176343682,0.45552982989114,1.8877432282349282e-06
1.097779770889736e-06,0.4585714856359684,0.45856957777052265,1.907865445738288e-06
1.098666956837444e-06,0.4616067062977695,0.4616047782621773,1.928035592235755e-06
1.099557699772923e-06,0.4646372898704382,0.4646353416182598,1.9482521783631412e-06
1.100452005417875e-06,0.4676631475130718,0.4676611789993719,1.968513699934782e-06
1.101349879617408e-06,0.47068419128125,0.47068220246259185,1.9888186581495937e-06
1.102251328336051e-06,0.4737003341083058,0.47369832494275377,2.0091655520415586e-06
1.103156357665769e-06,0.4767114898268547,0.4767094602739901,2.0295528646019356e-06
1.104064973818901e-06,0.4797175731397269,0.4797155231606377,2.0499790892025693e-06
1.104977183131623e-06,0.4827184996261706,0.4827164291834618,2.0704427087792077e-06
1.105892992064935e-06,0.4857141857396238,0.48571209479742317,2.0909422006609724e-06
1.106812407203569e-06,0.4887045487986424,0.4887024373225959,2.111476046506855e-06
1.107735435254528e-06,0.4916895069767512,0.49168737493403214,2.1320427190385516e-06
1.108662083049577e-06,0.4946689793051484,0.49466682666446204,2.152640686370333e-06
1.109592357543567e-06,0.4976428856618691,0.4976407123934491,2.1732684200026497e-06
1.110526265816193e-06,0.5006111467720105,0.5006089528476234,2.193924387050572e-06
1.111463815076037e-06,0.5035736842149857,0.5035714696079362,2.2146070495221437e-06
1.112405012650637e-06,0.5065304203875794,0.5065281850727114,2.235314868093141e-06
1.113349865996296e-06,0.5094812785295793,0.5094790224832795,2.2560462997756048e-06
1.114298382692166e-06,0.5124261826996734,0.5124239058998696,2.276799803802021e-06
1.115250570444739e-06,0.5153650577840313,0.5153627602101967,2.297573834630917e-06
1.116206437086291e-06,0.5182978294859232,0.5182955111190787,2.3183668445003747e-06
1.117165990576395e-06,0.5212244243248672,0.521222085147582,2.3391772852043857e-06
1.118129239001298e-06,0.5241447696291688,0.524142409625563,2.360003605761385e-06
1.119096190572636e-06,0.5270587935265744,0.527056412682321,2.38084425341345e-06
1.120066853632714e-06,0.5299664249546928,0.5299640232570175,2.4016976752916364e-06
1.121041236647646e-06,0.5328675936348324,0.5328651710725159,2.422562316528598e-06
1.122019348216241e-06,0.5357622300930696,0.5357597866564501,2.4434366194814316e-06
1.123001197064682e-06,0.5386502656387362,0.5386478013197027,2.4643190335016385e-06
1.123986792051399e-06,0.5415316323731931,0.5415291471651986,2.4852079945070216e-06
1.124976142159885e-06,0.5444062631632335,0.5444037570612865,2.506101946964101e-06
1.125969256506755e-06,0.5472740916591351,0.5472715646598001,2.5269993350063302e-06
1.126966144343321e-06,0.5501350522933459,0.5501325043947489,2.5478985969940027e-06
1.127966815041984e-06,0.5529890802358748,0.5529865114377054,2.568798169400033e-06
1.128971278117069e-06,0.555836111448501,0.5558335217520007,2.5896965002436545e-06
1.129979543213658e-06,0.5586760826469104,0.5586734720548874,2.61059202300018e-06
1.130991620107391e-06,0.5615089312947117,0.5615062998115323,2.631483179360572e-06
1.132007518710138e-06,0.5643345956137612,0.5643319432453502,2.652368411015793e-06
1.13302724907069e-06,0.5671530145802155,0.567150341334061,2.67324615454978e-06
1.134050821366933e-06,0.5699641278972574,0.5699614337823996,2.694114857759722e-06
1.135078245917896e-06,0.5727678760227152,0.5727651610497593,2.714972955897288e-06
1.136109533177829e-06,0.5755642001469379,0.5755614643280467,2.7358188912085524e-06
1.137144693739373e-06,0.5783530421957338,0.5783502855446233,2.7566511104915037e-06
1.138183738331668e-06,0.581134344819513,0.5811315673514614,2.777468051551324e-06
1.139226677827468e-06,0.5839080514065825,0.5839052531384212,2.798268161297024e-06
1.140273523232768e-06,0.5866741060496783,0.5866712869997929,2.8190498854163692e-06
1.141324285698879e-06,0.589432453572359,0.58942961376069,2.8398116689309916e-06
1.142378976514776e-06,0.5921830395029468,0.592180178950985,2.8605519618585262e-06
1.143437607114077e-06,0.5949258100870743,0.5949229288178615,2.881269212884341e-06
1.144500189073673e-06,0.5976607122781655,0.5976578103162977,2.9019618678072234e-06
1.145566734115617e-06,0.6003876937364363,0.6003847711080516,2.922628384749437e-06
1.146637254105815e-06,0.603106702819634,0.603103759552418,2.9432672159490636e-06
1.14771176105447e-06,0.6058176885784076,0.6058147247015917,2.96387681586463e-06
1.14879026711984e-06,0.6085206007599643,0.6085176163043227,2.984455641619199e-06
1.149872784610867e-06,0.6112153898086103,0.6112123848064562,3.005002154110592e-06
1.150959325979524e-06,0.613902006840753,0.6138989813259383,3.0255148146807187e-06
1.152049903834005e-06,0.6165804036717548,0.6165773576796678,3.0459920870029578e-06
1.153144530922851e-06,0.6192505327708878,0.6192474663384482,3.066432439635669e-06
1.154243220158638e-06,0.6219123473134393,0.6219092604791032,3.0868343360301864e-06
1.155345984601578e-06,0.6245658011344445,0.624562693938191,3.1071962535156317e-06
1.156452837464735e-06,0.6272108487355488,0.6272077212188877,3.127516661094454e-06
1.157563792115469e-06,0.6298474452825462,0.6298442974885081,3.147794038094176e-06
1.158678862086006e-06,0.6324755466242556,0.6324723785973945,3.168026861177786e-06
1.159798061054642e-06,0.6350951092419643,0.6350919210283472,3.188213617111302e-06
1.160921402863284e-06,0.637706090284929,0.6377028819321412,3.208352787775759e-06
1.162048901515892e-06,0.640308447560338,0.6403052191174754,3.2284428626017103e-06
1.163180571174024e-06,0.6429021395168741,0.6428988910345408,3.248482333351177e-06
1.164316426163879e-06,0.6454871252548744,0.6454838567851782,3.268469696227072e-06
1.165456480973855e-06,0.6480633645145268,0.6480600761110791,3.2884034477653756e-06
1.166600750254617e-06,0.6506308176700065,0.6506275093879172,3.3082820892760267e-06
1.167749248830628e-06,0.6531894457491352,0.6531861176450047,3.3281041305066594e-06
1.168901991684671e-06,0.6557392103924817,0.6557358625244061,3.3478680756537926e-06
1.170058993975593e-06,0.6582800738867556,0.6582767063143142,3.367572441348443e-06
1.17122027103103e-06,0.6608119991422146,0.6608086119264716,3.3872157430003824e-06
1.172385838347483e-06,0.663334949686738,0.6633315428902338,3.4067965042350323e-06
1.17355571159675e-06,0.6658488896735686,0.6658454633603221,3.4263132464573687e-06
1.174729906626695e-06,0.6683537838765294,0.6683503381120293,3.445764500176196e-06
1.17590843945786e-06,0.6708495976764769,0.6708461325276793,3.4651487975656536e-06
1.177091326287445e-06,0.6733362970636103,0.6733328125989317,3.4844646785714417e-06
1.178278583497957e-06,0.6758138486492006,0.675810344938516,3.5037106845825505e-06
1.179470227650025e-06,0.6782822196439598,0.678278696758597,3.5228853628721524e-06
1.180666275484028e-06,0.6807413778552144,0.6807378358679518,3.5419872626007987e-06
1.181866743927666e-06,0.6831912916961256,0.6831877306811834,3.561014942143892e-06
1.183071650091725e-06,0.685631930170481,0.68562835020352,3.5799669609870577e-06
1.184281011277454e-06,0.6880632628812501,0.6880596640393657,3.5988418843890813e-06
1.185494844971561e-06,0.6904852600139565,0.6904816423756736,3.6176382829378184e-06
1.186713168855197e-06,0.6928978923482119,0.6928942559934785,3.6363547333273516e-06
1.187936000795287e-06,0.6953011312339795,0.6952974762441668,3.6549898126958524e-06
1.189163358865479e-06,0.6976949486262908,0.6976912750841796,3.673542111171102e-06
1.190395261321918e-06,0.700079317031076,0.7000756250208577,3.6920102182147474e-06
1.191631726628681e-06,0.7024542095483035,0.7024504991555751,3.710392728395462e-06
1.192872773444954e-06,0.7048195998403383,0.7048158711520928,3.7286882454967696e-06
1.194118420631555e-06,0.7071754621379869,0.7071717152426114,3.746895375522641e-06
1.19536868726102e-06,0.7095217712527632,0.7095180062400313,3.76501273191554e-06
1.196623592602996e-06,0.7118585025425801,0.7118547195036461,3.7830389340021142e-06
1.197883156133345e-06,0.714185631922478,0.7141818309498739,3.8009726041066116e-06
1.199147397547553e-06,0.7165031358825459,0.7164993170701726,3.818812373324043e-06
1.200416336743945e-06,0.7188109914501081,0.718807154893232,3.836556876080088e-06
1.201689993840145e-06,0.7211091762132383,0.7211053220084811,3.8542047572365234e-06
1.202968389168225e-06,0.7233976683049808,0.7233937965503201,3.871754660655924e-06
1.204251543280566e-06,0.725676446407083,0.7256725572018408,3.889205242191274e-06
1.205539476950305e-06,0.7279454897438439,0.7279415831886829,3.906555161026226e-06
1.206832211171495e-06,0.7302047780755722,0.7302008542724868,3.923803085337241e-06
1.208129767162876e-06,0.7324542916983892,0.732450350750703,3.940947686187357e-06
1.209432166373178e-06,0.7346940114464873,0.7346900534588442,3.95798764307731e-06
1.210739430479924e-06,0.7369239186830298,0.7369199437613897,3.9749216400597476e-06
1.212051581396649e-06,0.7391439953054851,0.739140003557114,3.991748371179327e-06
1.21336864126673e-06,0.7413542237281149,0.7413502152615824,4.008466532479105e-06
1.214690632473504e-06,0.7435545868921297,0.7435505618172991,4.02507483066028e-06
1.216017577638599e-06,0.7457450682557679,0.7457410266837896,4.041571978308234e-06
1.217349499629857e-06,0.7479256518003011,0.7479215938436092,4.057956691894127e-06
1.218686421555494e-06,0.7500963220132983,0.7500922477856009,4.074227697437038e-06
1.220028366777814e-06,0.7522570639038619,0.7522529735201335,4.090383728394542e-06
1.221375358907592e-06,0.7544078629861717,0.7544037565626487,4.1064235229981705e-06
1.222727421803164e-06,0.7565487052710667,0.7565445829252389,4.122345827806129e-06
1.224084579585644e-06,0.7586795772830615,0.7586754391336644,4.138149397037161e-06
1.225446856634449e-06,0.7608004660457834,0.760796312212793,4.153832990461126e-06
1.226814277583433e-06,0.7629113590688666,0.7629071896734917,4.169395374953311e-06
1.228186867344603e-06,0.7650122443773484,0.7650080595420208,4.184835327603054e-06
1.229564651088421e-06,0.7671031104737633,0.7670989103221337,4.200151629607518e-06
1.230947654257155e-06,0.769183946351466,0.769179731008394,4.215343072044853e-06
1.232335902569231e-06,0.7712547414937061,0.771250511085256,4.230408450101031e-06
1.233729422022258e-06,0.7733154858705968,0.7733112405240264,4.245346570397324e-06
1.235128238889157e-06,0.7753661699259462,0.7753619097697017,4.2601562445510055e-06
1.236532379729783e-06,0.7774067845869885,0.7774025097506958,4.274836292728068e-06
1.23794187138839e-06,0.7794373212530926,0.7794330318675518,4.289385540867663e-06
1.239356741006717e-06,0.7814577718070612,0.7814534680042332,4.303802828009573e-06
1.24077701600879e-06,0.7834681285857501,0.7834638104987569,4.318086993193582e-06
1.242202724125285e-06,0.7854683844072939,0.7854640521704032,4.33223689078055e-06
1.243633893381545e-06,0.7874585325463543,0.7874541862949764,4.346251377906896e-06
1.245070552109783e-06,0.7894385667436531,0.7894342066143301,4.360129323033313e-06
1.246512728957057e-06,0.7914084812090271,0.7914041073394289,4.373869598173208e-06
1.247960452869184e-06,0.7933682705916864,0.7933638831205974,4.387471088995731e-06
1.249413753111405e-06,0.7953179300009032,0.7953135290682183,4.400932684944792e-06
1.250872659275987e-06,0.797257455008118,0.797253040754832,4.4142532859003936e-06
1.252337201270952e-06,0.7991868416239375,0.7991824141921389,4.427431798625925e-06
1.253807409336832e-06,0.8011060863125773,0.8011016458454372,4.440467140098825e-06
1.255283314040585e-06,0.8030151859758884,0.8030107326176561,4.453358232292537e-06
1.256764946281145e-06,0.8049141379528797,0.8049096718488707,4.466104008948868e-06
1.258252337309454e-06,0.8068029400373489,0.8067984613339378,4.478703411026075e-06
1.259745518708677e-06,0.808681590444452,0.8086770992890663,4.491155385699663e-06
1.261244522416981e-06,0.8105500878316971,0.8105455843728049,4.50345889224657e-06
1.262749380716309e-06,0.8124084312767516,0.8124039156638561,4.515612895494847e-06
1.264260126261854e-06,0.8142566203058166,0.8142520926894457,4.527616370930687e-06
1.265776792050759e-06,0.8160946548468819,0.8160901153785804,4.539468301478777e-06
1.267299411463177e-06,0.8179225352718111,0.8179179841041325,4.551167678612522e-06
1.268828018238376e-06,0.8197402623589797,0.8197356996454747,4.5627135050185785e-06
1.270362646499721e-06,0.8215478373150541,0.8215432632102667,4.574104787380406e-06
1.271903330741963e-06,0.8233452617515673,0.823340676411022,4.585340545260053e-06
1.273450105850127e-06,0.8251325376989079,0.825127941279102,4.596419805880103e-06
1.275003007102308e-06,0.8269096676009621,0.8269050602593577,4.607341604345727e-06
1.276562070171834e-06,0.828676654309102,0.8286720362041173,4.618104984643878e-06
1.278127331129622e-06,0.8304335010764977,0.8304288723674947,4.628709002973963e-06
1.279698826452415e-06,0.8321802115590099,0.8321755724062909,4.63915271897708e-06
1.281276593037677e-06,0.8339167898231066,0.8339121403879006,4.64943520595007e-06
1.282860668184196e-06,0.8356432403158662,0.8356385807603216,4.659555544628269e-06
1.284451089628373e-06,0.8373595678962855,0.8373548983834621,4.669512823407551e-06
1.286047895525541e-06,0.8390657778060845,0.8390610984999409,4.679306143562378e-06
1.287651124471322e-06,0.8407618756840987,0.840757186749487,4.688934611696283e-06
1.289260815502517e-06,0.8424478675582645,0.8424431691609198,4.69839734473787e-06
1.290877008093133e-06,0.8441237598328009,0.8441190521393308,4.7076934700518436e-06
1.292499742177228e-06,0.8457895593032966,0.8457848424811738,4.716822122774467e-06
1.29412905813938e-06,0.8474452731379214,0.8474405473554735,4.725782447922988e-06
1.295764996844181e-06,0.8490909088985596,0.8490861743249591,4.734573600506664e-06
1.297407599615289e-06,0.8507264745104469,0.8507217313157027,4.74319474419449e-06
1.299056908251207e-06,0.8523519782693871,0.8523472266243365,4.751645050649067e-06
1.300712965048553e-06,0.8539674288555656,0.8539626689318616,4.759923704078517e-06
1.302375812786294e-06,0.8555728353087572,0.8555680672788607,4.768029896462522e-06
1.304045494741545e-06,0.8571682070347836,0.8571634310719564,4.77596282721926e-06
1.305722054700271e-06,0.8587535538065396,0.8587487700848304,4.783721709200606e-06
1.307405536959575e-06,0.860328885756843,0.8603240944510815,4.791305761475684e-06
1.309095986334909e-06,0.8618942133760074,0.861889414661792,4.798714215326072e-06
1.310793448175801e-06,0.8634495475170555,0.8634447415707461,4.80594630936082e-06
1.312497968364437e-06,0.8649948993848795,0.864990086383586,4.813001293513253e-06
1.314209593313771e-06,0.866530280525381,0.866525460646955,4.819878425932345e-06
1.315928370006398e-06,0.8680557028510213,0.8680508762740456,4.8265769756472565e-06
1.317654345970917e-06,0.8695711786098942,0.8695663455136736,4.833096220568933e-06
1.319387569311508e-06,0.8710767204024444,0.871071880966996,4.839435448489304e-06
1.321128088697401e-06,0.872572341162581,0.8725674955686226,4.845593958413552e-06
1.322875953394027e-06,0.8740580541749482,0.8740532026038927,4.8515710554530855e-06
1.324631213250678e-06,0.8755338730544557,0.8755290156883969,4.857366058819146e-06
1.326393918719545e-06,0.8769998117527793,0.8769949487744851,4.862978294162268e-06
1.328164120865368e-06,0.8784558845564959,0.8784510161493981,4.8684070977911276e-06
1.329941871374091e-06,0.8799021060842477,0.8798972324324291,4.873651818559921e-06
1.331727222560989e-06,0.881338491283367,0.8813336125715564,4.8787118106519145e-06
1.333520227376789e-06,0.8827650554248647,0.882760171838422,4.883586442683274e-06
1.335320939420285e-06,0.8841818141035208,0.8841769258284315,4.88827508926537e-06
1.337129412947915e-06,0.8855887832353472,0.8855838904582107,4.89277713644487e-06
1.338945702888987e-06,0.8869859790592403,0.8869810819672588,4.897091981481694e-06
1.340769864853713e-06,0.888373418132783,0.8883685169137532,4.901219029851411e-06
1.342601955129378e-06,0.8897511173191582,0.8897462121614607,4.905157697576712e-06
1.344442030715073e-06,0.8911190938031512,0.8911141848957399,4.908907411338426e-06
1.346290149321775e-06,0.8924773650804545,0.8924724526128476,4.9124676069212114e-06
1.34814636937808e-06,0.8938259489514628,0.8938210331137323,4.9158377305458245e-06
1.350010750039671e-06,0.8951648635178552,0.8951599445006173,4.919017237869916e-06
1.35188335122305e-06,0.8964941271962362,0.8964892051906411,4.9220055950982555e-06
1.353764233592276e-06,0.8978137586977492,0.8978088338954698,4.924802279315799e-06
1.355653458580244e-06,0.8991237770325794,0.8991188496258034,4.927406776045196e-06
1.357551088402656e-06,0.90042420150887,0.9004192716902876,4.929818582466439e-06
1.359457186072202e-06,0.9017150517315324,0.9017101196943281,4.932037204308237e-06
1.361371815407017e-06,0.9029963475970137,0.9029914135348545,4.934062159289709e-06
1.363295041043551e-06,0.9042681092910061,0.9042631733980326,4.935892973456646e-06
1.365226928458984e-06,0.9055303572921994,0.9055254197630158,4.937529183624001e-06
1.367167543969619e-06,0.9067831123600254,0.9067781733896878,4.938970337597937e-06
1.369116954758722e-06,0.908026395541607,0.9080214553256148,4.940215992177421e-06
1.371075228882165e-06,0.9092602281639912,0.9092552868982757,4.941265715485699e-06
1.373042435287258e-06,0.910484631834755,0.9104796897156705,4.942119084527796e-06
1.375018643824925e-06,0.9116996284381725,0.9116946856624857,4.94277568685586e-06
1.377003925266379e-06,0.9129052401340357,0.9129002968989139,4.943235121790401e-06
1.378998351321714e-06,0.9141014893573594,0.9140965458603637,4.943496995646335e-06
1.381001994653323e-06,0.9152883988147267,0.9152834552537983,4.943560928394319e-06
1.383014928892413e-06,0.9164659914823422,0.9164610480557939,4.943426548331686e-06
1.385037228651498e-06,0.9176342906015788,0.9176293475080839,4.9430934948579974e-06
1.387068969540795e-06,0.9187933196767091,0.9187883771152929,4.942561416143576e-06
1.389110228199047e-06,0.9199431024805421,0.9199381606505698,4.941829972349154e-06
1.391161082291193e-06,0.9210836630409475,0.9210787221421146,4.940898832850316e-06
1.393221610542128e-06,0.9222150256477258,0.922210085880048,4.9397676777918065e-06
1.395291892748396e-06,0.9233372148467148,0.923332276410518,4.9384361968662915e-06
1.397372009802472e-06,0.924450255440668,0.9244453185365771,4.936904090868666e-06
1.399462043702054e-06,0.9255541724818257,0.9255492373107548,4.935171070918898e-06
1.401562077571761e-06,0.9266489912711111,0.9266440580342538,4.933236857351808e-06
1.403672195695305e-06,0.9277347373623741,0.9277298062611921,4.931101182048536e-06
1.405792483530106e-06,0.9288114365570693,0.9288065077932838,4.928763785549961e-06
1.407923027716388e-06,0.9298791148962118,0.929874188671791,4.92622442083146e-06
1.410063916109852e-06,0.9309377986641539,0.9309328751813049,4.92348284908406e-06
1.412215237811411e-06,0.9319875143902717,0.931982593851429,4.920538842712041e-06
1.414377083170213e-06,0.9330282888373393,0.9330233714451541,4.917392185221914e-06
1.416549543817351e-06,0.934060149004904,0.9340552349622352,4.914042668779928e-06
1.418732712700917e-06,0.9350831221326329,0.9350782116425362,4.910490096654563e-06
1.420926684080711e-06,0.9360972356844579,0.936092328950175,4.906734282883463e-06
1.423131553584558e-06,0.9371025173614839,0.9370976145864331,4.9027750507191215e-06
1.425347418216203e-06,0.9380989950918327,0.938094096479598,4.898612234738309e-06
1.427574376376829e-06,0.939086697026881,0.939081802781202,4.8942456789546895e-06
1.429812527908999e-06,0.9400656515471397,0.9400607618719022,4.889675237484958e-06
1.432061974110524e-06,0.9410358872543506,0.9410310023535748,4.884900775770085e-06
1.43432281775982e-06,0.9419974329686513,0.9419925530464823,4.879922169021e-06
1.43659516315888e-06,0.9429503177328903,0.9429454429935877,4.874739302551667e-06
1.438879116150767e-06,0.9438945708056886,0.9438897014536164,4.869352072223165e-06
1.44117478415051e-06,0.9448302216600635,0.94482535789968,4.863760383444493e-06
1.443482276171843e-06,0.9457572999800712,0.945752442015918,4.857964153170968e-06
1.445801702879574e-06,0.9466758356673687,0.9466709837040616,4.8519633071286705e-06
1.448133176596771e-06,0.9475858588292589,0.9475810130714757,4.845757783256133e-06
1.450476811347097e-06,0.948487399780708,0.9484825604331811,4.83934752681936e-06
1.452832525248109e-06,0.9493804146634184,0.9493755819356747,4.832727743653287e-06
1.455200415227271e-06,0.9502649298288043,0.9502601039342677,4.82589453654203e-06
1.457580598815879e-06,0.9511409790890226,0.9511361602424405,4.818846582099745e-06
1.459973190722338e-06,0.9520085947497584,0.9520037831662463,4.811583512065454e-06
1.46237831543864e-06,0.9528678121890695,0.952863008083637,4.804105432465455e-06
1.464796096199683e-06,0.9537186657731832,0.9537138693605666,4.796412616636658e-06
1.467226655791801e-06,0.9545611892037229,0.9545564006984082,4.78850531471231e-06
1.469670118413992e-06,0.9553954161949951,0.9553906358112526,4.780383742519767e-06
1.47212660970776e-06,0.9562213804817851,0.9562166084336906,4.77204809445908e-06
1.474596257205799e-06,0.95703911596435,0.9570343524657884,4.763498561599633e-06
1.4770791905001e-06,0.9578486567495487,0.9578439020142079,4.7547353407839665e-06
1.479575541254572e-06,0.9586500371382257,0.9586452913795854,4.745758640289921e-06
1.482085443236055e-06,0.9594432916189254,0.9594385550502446,4.7365686808298335e-06
1.484609032360815e-06,0.960228454866405,0.9602237277007091,4.727165695883606e-06
1.487146446700304e-06,0.9610055617273542,0.9610008441774233,4.71754993092155e-06
1.489697826564245e-06,0.9617746472300269,0.9617699395083841,4.707721642849272e-06
1.492263314497486e-06,0.9625357465670705,0.9625310488859697,4.697681100784834e-06
1.494843055361393e-06,0.963288895103907,0.963284207675322,4.68742858505955e-06
1.497437196369002e-06,0.9640341283726298,0.9640294514082423,4.6769643875510525e-06
1.5000458871538e-06,0.9647714820753596,0.9647668157865477,4.666288811905339e-06
1.502669279787767e-06,0.9655009920727338,0.9654963366705617,4.655402172093481e-06
1.505307528880427e-06,0.9662226943949259,0.966218050090131,4.644304794965137e-06
1.507960791586751e-06,0.9669366252267211,0.966931992229702,4.632997019027307e-06
1.510629227696862e-06,0.9676428209149285,0.9676381994357358,4.621479192667977e-06
1.513312999678796e-06,0.9683413179623966,0.96833670821072,4.609751676598606e-06
1.516012272739833e-06,0.9690321530267396,0.9690275552118959,4.597814843743109e-06
1.518727214886813e-06,0.9697153629183484,0.969710777249271,4.585669077350474e-06
1.521457996991634e-06,0.970390984599281,0.9703864112845084,4.573314772549075e-06
1.524204792862964e-06,0.9710590551831606,0.9710544944308246,4.560752336013607e-06
1.526967779287685e-06,0.9717196119272962,0.9717150639451108,4.547982185409971e-06
1.52974713611952e-06,0.972372692235974,0.972368157231224,4.535004749950389e-06
1.532543046364742e-06,0.9730183336621375,0.9730138118416664,4.521820471170557e-06
1.535355696207017e-06,0.9736565738945571,0.9736520654647564,4.508429800709202e-06
1.538185275126793e-06,0.9742874507665721,0.9742829559333699,4.4948332021954585e-06
1.541031975947551e-06,0.9749110022474183,0.9749065212162678,4.481031150582737e-06
1.543895994935112e-06,0.9755272664451076,0.9755227994209753,4.467024132259745e-06
1.546777531862499e-06,0.9761362816011321,0.9761318287884875,4.4528126446063965e-06
1.549676790111296e-06,0.9767380860925609,0.9767336476953643,4.438397196548927e-06
1.552593976738203e-06,0.9773327184262023,0.9773282946478933,4.423778309003978e-06
1.555529302561339e-06,0.9779202172366078,0.9779158082800952,4.408956512658158e-06
1.558482982286884e-06,0.9785006212914638,0.9784962273591128,4.393932350965635e-06
1.561455234554292e-06,0.9790739694801186,0.9790695907737408,4.378706377816677e-06
1.564446282070695e-06,0.9796403008193638,0.979635937540205,4.363279158869915e-06
1.567456351687133e-06,0.980199654447156,0.9801953067958852,4.347651270775188e-06
1.57048567451329e-06,0.9807520696232395,0.9807477377999378,4.331823301617632e-06
1.573534486009023e-06,0.9812975857248432,0.9812932699289924,4.3157958508066585e-06
1.576603026118237e-06,0.981836242249463,0.9818319426799343,4.299569528631864e-06
1.579691539361311e-06,0.9823680788094964,0.9823637956645392,4.283144957151208e-06
1.582800274960307e-06,0.9828931351321747,0.9828888686094056,4.266522769080794e-06
1.585929486941932e-06,0.9834114510550659,0.9834072013514565,4.249703609349176e-06
1.58907943429288e-06,0.9839230665297141,0.9839188338415815,4.232688132543849e-06
1.592250381060008e-06,0.9844280216153523,0.9844238061383462,4.215477006019874e-06
1.595442596477376e-06,0.9849263564766525,0.9849221584057456,4.198070906902274e-06
1.598656355139678e-06,0.9854181113879424,0.9854139309174169,4.180470525527724e-06
1.601891937104646e-06,0.9859033267255273,0.9858991640489663,4.162676561003664e-06
1.605149628054882e-06,0.9863820429686868,0.9863778982789613,4.144689725538164e-06
1.608429719443635e-06,0.9868543006973948,0.9868501741866528,4.126510741997436e-06
1.611732508659962e-06,0.9873201405921226,0.9873160324517786,4.108140344016853e-06
1.615058299158578e-06,0.9877796034279291,0.9877755138486527,4.089579276445043e-06
1.618407400666129e-06,0.9882327300785817,0.9882286592502859,4.070828295787976e-06
1.621780129326731e-06,0.9886795615112798,0.9886755096231107,4.0518881690987385e-06
1.625176807895315e-06,0.9891201387872028,0.9891161060275276,4.032759675198783e-06
1.628597765877263e-06,0.9895545030542743,0.98955048961067,4.013443604233835e-06
1.632043339791077e-06,0.9899826955549763,0.9899787016142195,3.993940756785719e-06
1.635513873315061e-06,0.9904047576182409,0.9904007833662957,3.974251945204621e-06
1.639009717485891e-06,0.990820730657428,0.9908167762794351,3.954377992942959e-06
1.642531230934145e-06,0.9912306561717988,0.9912267218520652,3.934319733667202e-06
1.646078780090325e-06,0.9916345757434303,0.9916306616654166,3.914078013700362e-06
1.649652739417429e-06,0.9920325310363729,0.9920286373826837,3.893653689246435e-06
1.653253491644691e-06,0.9924245637949561,0.9924206907473275,3.873047628610848e-06
1.656881427988544e-06,0.9928107158398544,0.9928068635791429,3.852260711423305e-06
1.660536948427058e-06,0.9931910290690473,0.9931871977752192,3.831293828082671e-06
1.664220461971216e-06,0.9935655454571962,0.9935617353093164,3.8101478798679977e-06
1.667932386908329e-06,0.9939343070511839,0.9939305182274039,3.7888237800487445e-06
1.671673151093231e-06,0.9942973559696437,0.9942935886471914,3.7673224523304683e-06
1.675443192238762e-06,0.9946547344012766,0.9946509887564443,3.7456448322981117e-06
1.679242958232635e-06,0.9950064846045772,0.995002760812711,3.723791866194759e-06
1.683072907431228e-06,0.9953526489042708,0.9953489471397582,3.701764512586969e-06
1.686933508993674e-06,0.9956932696904678,0.9956895901267279,3.679563739922287e-06
1.690825243248607e-06,0.99602838941941,0.9960247322288813,3.6571905286386652e-06
1.694748601982013e-06,0.9963580506062168,0.9963544159603456,3.634645871275488e-06
1.698704088862716e-06,0.9966822958284407,0.9966786838976704,3.6119307702531245e-06
1.702692219825439e-06,0.9970011677243896,0.9969975786781491,3.5890462405374635e-06
1.706713523426172e-06,0.9973147089881164,0.9973111429948083,3.565993308085602e-06
1.710768541284991e-06,0.9976229623702509,0.9976194195972407,3.5427730102899346e-06
1.714857828502105e-06,0.9979259706752797,0.9979224512888837,3.5193863959781524e-06
1.718981954129758e-06,0.9982237767616953,0.9982202809271704,3.4958345248581324e-06
1.723141501604321e-06,0.998516423537813,0.9985129514193433,3.4721184697383833e-06
1.727337069252613e-06,0.9988039539616541,0.9988005057223404,3.448239313752488e-06
1.731569270818263e-06,0.9990864110405657,0.9990829868424145,3.424198151247282e-06
1.735838735958446e-06,0.9993638378273407,0.9993604378312511,3.399996089670232e-06
1.740146110794546e-06,0.9996362774186084,0.999632901784361,3.375634247348991e-06
1.744492058525276e-06,0.9999037729555565,0.9999004218418018,3.3511137547126424e-06
1.748877259980444e-06,1.000166367619266,1.0001630411835125,3.326435753514545e-06
1.753302414307335e-06,1.000424104632595,1.0004208030311976,3.3016013973874436e-06
1.757768239548738e-06,1.000677027253862,1.00067375064201,3.276611852065514e-06
1.762275473399292e-06,1.000925178779334,1.0009219273110388,3.251468295273341e-06
1.766824873885579e-06,1.001168602539362,1.0011653763674444,3.2261719176140957e-06
1.771417220127935e-06,1.001407341897341,1.001404141173421,3.2007239201270465e-06
1.776053313121763e-06,1.001641440247788,1.0016382651222706,3.1751255173961823e-06
1.780733976561659e-06,1.001870941014721,1.0018677916367853,3.149377935773856e-06
1.785460057684965e-06,1.002095887649087,1.0020927641666717,3.1234824153791862e-06
1.790232428200376e-06,1.002316323628306,1.0023132261881005,3.0974402054351202e-06
1.795051985209107e-06,1.002532292453328,1.0025292212007568,3.071252571151817e-06
1.799919652213078e-06,1.002743837647607,1.0027407927268173,3.0449207897298436e-06
1.804836380122715e-06,1.002951002753874,1.0029479843077231,3.018446150804266e-06
1.809803148385692e-06,1.003153831333915,1.0031508395039597,2.991829955334424e-06
1.81482096610609e-06,1.003352366965527,1.003349401892007,2.9650735200448253e-06
1.819890873272885e-06,1.003546653241566,1.003543715063394,2.938178172096073e-06
1.825013941969469e-06,1.003736733765847,1.0037338226205912,2.911145255746206e-06
1.830191277774188e-06,1.003922652153829,1.0039197681777037,2.883976125245269e-06
1.835424021095097e-06,1.004104452028146,1.0041015953559953,2.8566721506084747e-06
1.840713348695038e-06,1.004282177018387,1.0042793477836722,2.8292347147296226e-06
1.846060475172852e-06,1.004455870756563,1.0044530690913491,2.8016652138251885e-06
1.8514666546746e-06,1.004625576877509,1.004622802912448,2.773965060987038e-06
1.856933182563895e-06,1.004791339014847,1.0047885928791658,2.7461356812974458e-06
1.862461397252006e-06,1.004953200799107,1.0049504826205922,2.718178514937719e-06
1.868052682111455e-06,1.005111205855207,1.0051085157601907,2.6900950163000203e-06
1.873708467492784e-06,1.005265397799771,1.0052627359131114,2.6618866595384816e-06
1.879430232871573e-06,1.005415820238798,1.0054131866838711,2.6335549268008407e-06
1.885219509146435e-06,1.005562516765925,1.0055599116646028,2.6051013222172514e-06
1.891077880939852e-06,1.005705530957308,1.0057029544299438,2.5765273641287223e-06
1.897006989226766e-06,1.005844906371242,1.005842358536658,2.5478345839768934e-06
1.903008533939382e-06,1.005980686543303,1.0059781675187665,2.5190245365180886e-06
1.909084276875599e-06,1.006112914984816,1.0061104248860298,2.490098786278594e-06
1.915236044659856e-06,1.006241635178426,1.0062391741195058,2.461058920211201e-06
1.921465731996964e-06,1.006366890575924,1.0063644586693812,2.431906542810225e-06
1.927775305000322e-06,1.006488724593322,1.0064863219500477,2.402643274335148e-06
1.934166804904752e-06,1.006607180609226,1.00660480733847,2.3732707561396893e-06
1.940642351795215e-06,1.006722301958848,1.0067199581682,2.3437906480072712e-06
1.947204148833622e-06,1.006834131932546,1.0068318177279165,2.314204629483285e-06
1.953854486505992e-06,1.00694271376964,1.0069404292552384,2.2845144016514496e-06
1.960595747325236e-06,1.007048090655064,1.0070458359333787,2.2547216853574525e-06
1.967430410748993e-06,1.007150305714163,1.0071480808859394,2.2248282236514427e-06
1.974361058573612e-06,1.007249402009366,1.0072472071735827,2.1948357833423415e-06
1.98139038048209e-06,1.007345422533414,1.0073432577872614,2.1647461525553524e-06
1.988521180184325e-06,1.007438410205268,1.0074362756441226,2.1345611453948976e-06
1.995756381880182e-06,1.007528407864116,1.0075263035815163,2.104282599724172e-06
2.003099037204862e-06,1.007615458263349,1.0076133843509694,2.073912379607634e-06
2.010552332686642e-06,1.007699604064273,1.0076975606118956,2.043452377309407e-06
2.018119597781623e-06,1.007780887829716,1.0077788749252063,2.012904509740565e-06
2.025804313516782e-06,1.007859352017229,1.0078573697465012,1.982270727785007e-06
2.033610121654224e-06,1.00793503897046,1.0079330874174501,1.951553009860163e-06
2.041540834763331e-06,1.008007990912081,1.0080060701587128,1.9207533681342426e-06
2.049600446990735e-06,1.008078249935173,1.008076360061327,1.889873846083745e-06
2.057793145608556e-06,1.008145857993388,1.008143999076864,1.8589165240445737e-06
2.066123323676012e-06,1.008210856891972,1.0082090290084524,1.827883519656126e-06
2.074595593554331e-06,1.00827328827653,1.0082714914995428,1.7967769871951589e-06
2.083214801723013e-06,1.008333193622341,1.0083314280232165,1.7655991244591718e-06
2.091986044642156e-06,1.008390614221293,1.0083888798691225,1.7343521705459608e-06
2.100914686239897e-06,1.008445591169624,1.0084438881312132,1.7030384107385999e-06
2.110006376706865e-06,1.008498165353097,1.0084964936929175,1.671660179614065e-06
2.119267073100566e-06,1.008548377431866,1.0085467372120052,1.6402198608211904e-06
2.128703061838253e-06,1.008596267824075,1.0085946591041812,1.6087198937420055e-06
2.13832098314141e-06,1.008641876687356,1.008640299524582,1.5771627739358252e-06
2.148127857876522e-06,1.008685243899265,1.0086836983482017,1.545551063353301e-06
2.158131116991832e-06,1.008726409035995,1.0087248951486119,1.513887383230994e-06
2.168338633777832e-06,1.00876541134889,1.008763929174461,1.4821744289683636e-06
2.178758759326089e-06,1.008802289738719,1.0088008393237469,1.4504149721261683e-06
2.189400361732536e-06,1.008837082727977,1.0088356641161136,1.4186118633130462e-06
2.200272869094601e-06,1.008869828429522,1.0088684416614813,1.3867680408452543e-06
2.211386317383278e-06,1.008900564513169,1.0088992096266327,1.3548865362977836e-06
2.222751403229025e-06,1.008929328167986,1.0089280051975025,1.322970483608188e-06
2.234379542675189e-06,1.00895615606107,1.0089548650379434,1.2910231266261007e-06
2.246282936490413e-06,1.008981084291676,1.0089798252438476,1.2590478284391082e-06
2.258474643001479e-06,1.009004148340283,1.0090029212922036,1.2270480793663552e-06
2.270968659532326e-06,1.00902538301195,1.009024187984437,1.1950275129457566e-06
2.283780013705068e-06,1.009044822373133,1.0090436593832184,1.1629899145937372e-06
2.296924865863991e-06,1.009062499680744,1.0090613687415035,1.130939240479023e-06
2.310420624660724e-06,1.009078447302858,1.0090773484232296,1.0988796284028268e-06
2.324286077436833e-06,1.009092696629194,1.0090916298137729,1.0668154211135317e-06
2.338541537990941e-06,1.009105277970165,1.0091042432189818,1.034751183182081e-06
2.353209014646212e-06,1.009116220442676,1.0091152177509475,1.0026917285355097e-06
2.368312401525785e-06,1.009125551840077,1.0091245811979355,9.706421415511812e-07
2.383877697789059e-06,1.009133298484263,1.0091323598764488,9.38607814138237e-07
2.399933258897242e-06,1.009139485056138,1.0091385784616627,9.065944752695287e-07
2.416510086423364e-06,1.009144134401108,1.0091432597928744,8.746082336141825e-07
2.433642163238165e-06,1.009147267304731,1.0091464246491115,8.426556195040291e-07
2.45136684293984e-06,1.009148902232962,1.0091480914893158,8.107436462179152e-07
2.469725304397599e-06,1.00914905503002,1.0091482761501585,7.788798614960513e-07
2.488763084194404e-06,1.009147738565344,1.0091469914929168,7.470724272540252e-07
2.508530713036022e-06,1.009144962317589,1.0091442469873848,7.153302041817966e-07
2.52908445343129e-06,1.009140731883911,1.0091400482210495,6.836628614337315e-07
2.550487184170824e-06,1.009135048398959,1.0091343963179862,6.520809727739163e-07
2.572809462239327e-06,1.009127907840934,1.0091272872447783,6.205961557981254e-07
2.596130802997951e-06,1.009119300197584,1.009118710976365,5.892212189273494e-07
2.620541235949383e-06,1.009109208456523,1.0091086504861588,5.579703641345191e-07
2.646143207887894e-06,1.009097607374226,1.0090970805148154,5.268594105434232e-07
2.673053930696631e-06,1.009084461963009,1.0090839660569284,4.959060806442039e-07
2.701408302515006e-06,1.00906972561548,1.0090692604851468,4.651303331382195e-07
2.731362576527702e-06,1.009053337758045,1.009052903203268,4.345547770512326e-07
2.763099017449835e-06,1.009035220884693,1.00903481667952,4.0420517311012816e-07
2.796831877186899e-06,1.00901527676621,1.0090149026551618,3.7411104814033536e-07
2.83281515877075e-06,1.008993381546333,1.0089930372398785,3.4430645445837627e-07
2.871352844821163e-06,1.008969379310675,1.0089690644797722,3.1483090290329585e-07
2.912812575231386e-06,1.008943073528018,1.0089427877975108,2.8573050725455573e-07
2.957644254330994e-06,1.008914215465877,1.0089139584064952,2.570593817807776e-07
3.006405852877664e-06,1.008882488212858,1.0088822593315336,2.2888132433784847e-07
3.059799977480859e-06,1.008847484162923,1.008847282891169,2.012717539301434e-07
3.118727029218845e-06,1.00880867248606,1.0088084981662704,1.743197897141613e-07
3.184364793494754e-06,1.008765350745024,1.0087652026150074,1.4813001669722325e-07
3.258291904258695e-06,1.008716570369752,1.0087164475470078,1.228227441973928e-07
3.342687877494046e-06,1.008661016822533,1.0086609182929758,9.852955717981615e-08
3.44067569223631e-06,1.008596805991607,1.008596730615979,7.537562796144925e-08
3.54067569223631e-06,1.008531670907282,1.0085316166646159,5.424266613651696e-08
3.64067569223631e-06,1.008466977851152,1.008466942167366,3.5683785926110545e-08
3.740675692236309e-06,1.008402749779905,1.0084027290892281,2.0690676949541853e-08
3.840675692236309e-06,1.00833899695853,1.0083389875120976,9.446432303050756e-09
3.940675692236309e-06,1.008275722583114,1.008275721150909,1.432205021245636e-09
4.040675692236309e-06,1.008212926184854,1.0082129303151095,4.130255470968791e-09
4.140675692236309e-06,1.008150605514102,1.0081506134985536,7.984451544373883e-09
4.240675692236309e-06,1.008088757514173,1.0080887682330084,1.0718835374845526e-08
4.340675692236309e-06,1.008027378795264,1.0080273915462967,1.2751032674174212e-08
4.440675692236309e-06,1.00796646585163,1.0079664802081747,1.435654461978686e-08
4.540675692236309e-06,1.007906015154566,1.0079060308622478,1.570768182190818e-08
4.640675692236308e-06,1.007846023188804,1.0078460400967002,1.690789619424038e-08
4.740675692236308e-06,1.007786486464859,1.0077865044821763,1.801731741579715e-08
4.840675692236308e-06,1.007727401522024,1.0077274205920252,1.907000135581427e-08
4.940675692236308e-06,1.007668764928234,1.0076687850130803,2.0084846230616904e-08
5.040675692236308e-06,1.007610573279167,1.0076105943513511,2.1072184219761425e-08
5.140675692236308e-06,1.007552823197374,1.0075528452349936,2.2037619507031536e-08
5.240675692236308e-06,1.007495511331618,1.0074955343158116,2.29841936594255e-08
5.340675692236308e-06,1.007438634356392,1.0074386582699746,2.391358266962129e-08
5.440675692236308e-06,1.007382188971574,1.0073822137983148,2.4826740885330878e-08
5.540675692236307e-06,1.007326171902149,1.0073261976263992,2.5724250285463768e-08
5.640675692236307e-06,1.007270579897986,1.0072706065044794,2.6606493452874247e-08
5.740675692236307e-06,1.007215409733625,1.00721543720738,2.747375504874583e-08
5.840675692236307e-06,1.007160658208089,1.0071606865343523,2.8326263334932378e-08
5.940675692236307e-06,1.007106322144688,1.0071063513089091,2.916422103815819e-08
6.040675692236307e-06,1.007052398390839,1.0070524283786533,2.998781423180219e-08
6.140675692236307e-06,1.00699888381788,1.0069989146151013,3.0797221217682136e-08
6.240675692236307e-06,1.006945775320891,1.0069458069135038,3.1592612748099214e-08
6.340675692236307e-06,1.006893069818512,1.0068931021926693,3.237415735490856e-08
6.440675692236306e-06,1.006840764252764,1.0068407973947842,3.3142020239296244e-08
6.540675692236306e-06,1.006788855588872,1.0067888894852377,3.3896365714269905e-08
6.640675692236306e-06,1.006737340815091,1.0067373754524447,3.463735365194509e-08
6.740675692236306e-06,1.006686216942527,1.0066862523076727,3.536514570079419e-08
6.840675692236306e-06,1.00663548100497,1.0066355170848662,3.607989618181762e-08
6.940675692236306e-06,1.006585130058713,1.0065851668404777,3.678176474508632e-08
7.040675692236306e-06,1.006535161182389,1.0065351986532936,3.74709046013777e-08
7.140675692236306e-06,1.006485571476801,1.0064856096242678,3.8147466741023095e-08
7.240675692236306e-06,1.006436358064747,1.0064363968763514,3.881160437479991e-08
7.340675692236305e-06,1.00638751809086,1.0063875575543269,3.9463466938727265e-08
7.440675692236305e-06,1.00633904872144,1.0063390888246415,4.010320142633361e-08
7.540675692236305e-06,1.00629094714429,1.0062909878752444,4.0730954387058205e-08
7.640675692236305e-06,1.006243210568549,1.0062432519154216,4.13468725923849e-08
7.740675692236306e-06,1.006195836224538,1.006195878175636,4.195109792881624e-08
7.840675692236307e-06,1.006148821363592,1.0061488639073646,4.254377250489938e-08
7.940675692236307e-06,1.006102163257904,1.0061022063829412,4.312503731895845e-08
8.040675692236308e-06,1.006055859200365,1.0060559028953964,4.3695031370916126e-08
8.140675692236309e-06,1.00600990650441,1.0060099507583018,4.425389188433826e-08
8.24067569223631e-06,1.005964302503858,1.005964347305613,4.4801754972567664e-08
8.34067569223631e-06,1.005919044552761,1.005919089891516,4.533875497259032e-08
8.440675692236311e-06,1.005874130025247,1.005874175890273,4.586502599934761e-08
8.540675692236312e-06,1.00582955631537,1.0058296026960705,4.638070039142406e-08
8.640675692236312e-06,1.00578532083696,1.0057853677228674,4.6885907378779734e-08
8.740675692236313e-06,1.005741421023469,1.005741468404246,4.738077707955313e-08
8.840675692236314e-06,1.005697854327825,1.0056979021932626,4.7865437613481276e-08
8.940675692236315e-06,1.005654618222285,1.005654666562299,4.8340013991676756e-08
9.040675692236315e-06,1.005611710198285,1.005611759002917,4.880463189138595e-08
9.140675692236316e-06,1.005569127766297,1.0055691770257125,4.925941543554302e-08
9.240675692236317e-06,1.005526868455683,1.0055269181601707,4.9704487636859085e-08
9.340675692236318e-06,1.005484929814555,1.0054849799545234,5.013996839942081e-08
9.440675692236318e-06,1.005443309409627,1.0054433599756059,5.056597895958248e-08
9.540675692236319e-06,1.00540200482608,1.0054020558087169,5.0982636778940105e-08
9.64067569223632e-06,1.005361013667418,1.0053610650574774,5.139005931908969e-08
9.74067569223632e-06,1.005320333555328,1.0053203853436923,5.178836426367184e-08
9.840675692236321e-06,1.005279962129547,1.0052800143072123,5.217766529952428e-08
9.940675692236322e-06,1.00523989704772,1.0052399496057964,5.2558076335529336e-08
1.004067569223632e-05,1.005200135985268,1.005200188914977,5.2929709060123287e-08
1.014067569223632e-05,1.005160676635248,1.0051607299279248,5.329267671605464e-08
1.024067569223632e-05,1.005121516708226,1.005121570355314,5.364708810517982e-08
1.034067569223633e-05,1.005082653932138,1.0050827079251903,5.399305225139983e-08
1.044067569223633e-05,1.005044086052163,1.0050441403828394,5.433067640225886e-08
1.054067569223633e-05,1.005005810830587,1.0050058654906555,5.46600684714349e-08
1.064067569223633e-05,1.004967826046678,1.0049678810280118,5.4981333930115284e-08
1.074067569223633e-05,1.004930129496556,1.0049301847911314,5.5294575362907494e-08
1.084067569223633e-05,1.004892718993062,1.00489277459296,5.559989779690966e-08
1.094067569223633e-05,1.004855592365635,1.004855648263038,5.589740292855083e-08
1.104067569223633e-05,1.004818747460184,1.0048188036473762,5.6187192232215466e-08
1.114067569223633e-05,1.004782182138964,1.0047822386083287,5.6469364739797356e-08
1.124067569223633e-05,1.004745894280452,1.0047459510244714,5.67440194831903e-08
1.134067569223633e-05,1.004709881779221,1.004709938790476,5.7011255050198884e-08
1.144067569223633e-05,1.004674142545824,1.0046741998169908,5.727116669795862e-08
1.154067569223633e-05,1.004638674506665,1.0046387320305172,5.7523852126095676e-08
1.164067569223633e-05,1.004603475603886,1.0046035333732908,5.7769404815388725e-08
1.174067569223634e-05,1.004568543795242,1.004568601803161,5.8007918912750256e-08
1.184067569223634e-05,1.004533877053986,1.0045339352934735,5.823948745486973e-08
1.194067569223634e-05,1.00449947336875,1.004499531832952,5.846420192412438e-08
1.204067569223634e-05,1.00446533074343,1.0044653894255815,5.8682151582445385e-08
1.214067569223634e-05,1.004431447197065,1.0044315060904934,5.889342835629918e-08
1.224067569223634e-05,1.004397820763731,1.0043978798618494,5.909811839899248e-08
1.234067569223634e-05,1.004364449492416,1.004364508788728,5.929631208267949e-08
1.244067569223634e-05,1.004331331446916,1.0043313909350116,5.948809556066692e-08
1.254067569223634e-05,1.00429846470572,1.0042985243792735,5.967355343194924e-08
1.264067569223634e-05,1.004265847361894,1.0042659072146667,5.98527727380116e-08
1.274067569223634e-05,1.004233477522979,1.0042335375488138,6.002583474717937e-08
1.284067569223634e-05,1.004201353310871,1.0042014135036963,6.019282539071469e-08
1.294067569223634e-05,1.004169472861721,1.0041695332155463,6.035382527080912e-08
1.304067569223634e-05,1.004137834325822,1.0041378948347381,6.05089160998773e-08
1.314067569223635e-05,1.004106435867504,1.004106496525681,6.065817692579856e-08
1.324067569223635e-05,1.004075275665023,1.0040753364667128,6.080168968303212e-08
1.334067569223635e-05,1.004044351910462,1.0040444128499937,6.093953164310051e-08
1.344067569223635e-05,1.004013662809621,1.004013723881402,6.107178096570465e-08
1.354067569223635e-05,1.003983206581916,1.0039832677804301,6.119851403418863e-08
1.364067569223635e-05,1.003952981460273,1.0039530427800802,6.131980723189656e-08
1.374067569223635e-05,1.003922985691027,1.0039230471267633,6.143573627603871e-08
1.384067569223635e-05,1.003893217533821,1.0038932790801958,6.154637466337931e-08
1.394067569223635e-05,1.003863675261502,1.0038637369132999,6.165179788908404e-08
1.404067569223635e-05,1.003834357160026,1.0038344189121027,6.175207678538186e-08
1.414067569223635e-05,1.003805261528353,1.0038053233756365,6.184728351676938e-08
1.424067569223635e-05,1.003776386678352,1.0037764486158416,6.193748958160938e-08
1.434067569223635e-05,1.003747730934699,1.0037477929574659,6.202276692235387e-08
1.444067569223636e-05,1.003719292634787,1.0037193547379701,6.210318304056273e-08
1.454067569223636e-05,1.003691070128623,1.00369113230743,6.217880699210809e-08
1.464067569223636e-05,1.003663061778733,1.0036631240284408,6.22497078328621e-08
1.474067569223636e-05,1.00363526596007,1.0036353282760224,6.231595239825083e-08
1.484067569223636e-05,1.003607681059917,1.0036077434375252,6.237760818983418e-08
1.494067569223636e-05,1.003580305477797,1.0035803679125364,6.243473937850297e-08
1.504067569223636e-05,1.003553137625374,1.0035532001127865,6.248741257763868e-08
1.514067569223636e-05,1.003526175926368,1.0035262384620587,6.25356906258645e-08
1.524067569223636e-05,1.003499418816457,1.0034994813960956,6.257963858224969e-08
1.534067569223636e-05,1.003472864743191,1.0034729273625103,6.261931928541742e-08
1.544067569223636e-05,1.003446512165901,1.0034465748206947,6.265479357558945e-08
1.554067569223636e-05,1.003420359555606,1.0034204222417311,6.26861251795674e-08
1.564067569223636e-05,1.00339440539493,1.0033944681083031,6.271337316121617e-08
1.574067569223636e-05,1.00336864817801,1.0033687109146079,6.27365979166683e-08
1.584067569223636e-05,1.003343086410409,1.0033431491662683,6.275585939796713e-08
1.594067569223635e-05,1.003317718609031,1.003317781380247,6.277121600284374e-08
1.604067569223635e-05,1.003292543302033,1.0032926060847596,6.278272657311845e-08
1.614067569223635e-05,1.003267559028742,1.0032676218191894,6.27904472860763e-08
1.624067569223635e-05,1.003242764339566,1.0032428271340033,6.27944372055822e-08
1.634067569223635e-05,1.003218157795916,1.0032182205906668,6.279475073256435e-08
1.644067569223635e-05,1.003193737970118,1.0031938007615617,6.27914438222632e-08
1.654067569223635e-05,1.003169503445331,1.0031695662299016,6.278457065356235e-08
1.664067569223635e-05,1.003145452815464,1.0031455155896514,6.277418740374685e-08
1.674067569223635e-05,1.003121584685098,1.0031216474454447,6.276034669738806e-08
1.684067569223635e-05,1.003097897669402,1.003097960412503,6.274310093701274e-08
1.694067569223634e-05,1.003074390394053,1.0030744531165559,6.272250274719227e-08
1.704067569223634e-05,1.003051061495155,1.0030511241937605,6.269860541863181e-08
1.714067569223634e-05,1.003027909619163,1.003027972290623,6.267146002159052e-08
1.724067569223634e-05,1.003004933422805,1.0030049960639196,6.264111451770304e-08
1.734067569223634e-05,1.002982131572997,1.0029821941806194,6.260762241971918e-08
1.744067569223634e-05,1.002959502746775,1.002959565317806,6.257103102313977e-08
1.754067569223634e-05,1.002937045631211,1.0029371081626017,6.253139073209013e-08
1.764067569223634e-05,1.002914758923341,1.0029148214120904,6.248874950820493e-08
1.774067569223634e-05,1.002892641330089,1.0028927037732431,6.244315420289581e-08
1.784067569223634e-05,1.002870691568189,1.0028707539628419,6.239465277779743e-08
1.794067569223634e-05,1.002848908364113,1.0028489707074058,6.234329275045525e-08
1.804067569223633e-05,1.002827290453999,1.0028273527431175,6.228911852979024e-08
1.814067569223633e-05,1.002805836583571,1.0028058988157493,6.223217829948169e-08
1.824067569223633e-05,1.002784545508076,1.0027846076805904,6.217251447004912e-08
1.834067569223633e-05,1.002763415992202,1.0027634781023749,6.211017278268116e-08
1.844067569223633e-05,1.002742446810012,1.0027425088552102,6.20451983124326e-08
1.854067569223633e-05,1.002721636744873,1.0027216987225058,6.197763280368918e-08
1.864067569223633e-05,1.002700984589382,1.0027010464969026,6.190752066537186e-08
1.874067569223633e-05,1.002680489145299,1.0026805509802028,6.1834903863911e-08
1.884067569223633e-05,1.002660149223477,1.0026602109833007,6.175982369960309e-08
1.894067569223633e-05,1.00263996364379,1.0026400253261136,6.168232369319071e-08
1.904067569223632e-05,1.002619931235069,1.0026199928375128,6.160244381270275e-08
1.914067569223632e-05,1.002600050835033,1.0026001123552568,6.152022380412348e-08
1.924067569223632e-05,1.002580321290217,1.0025803827259225,6.143570563388323e-08
1.934067569223632e-05,1.002560741455912,1.0025608028048394,6.134892749365406e-08
1.944067569223632e-05,1.002541310196094,1.0025413714560227,6.125992868533103e-08
1.954067569223632e-05,1.00252202638336,1.0025220875521073,6.11687471785416e-08
1.964067569223632e-05,1.002502888898859,1.0025029499742826,6.107542360744844e-08
1.974067569223632e-05,1.002483896632234,1.0024839576122275,6.097999349918837e-08
1.984067569223632e-05,1.00246504848155,1.0024651093640462,6.088249615565644e-08
1.994067569223632e-05,1.002446343353237,1.0024464041362038,6.078296688194484e-08
2.004067569223632e-05,1.002427780162021,1.0024278408434633,6.068144231541339e-08
2.014067569223631e-05,1.002409357830864,1.0024094184088221,6.057795820524348e-08
2.024067569223631e-05,1.0023910752909,1.0023911357634507,6.04725507447057e-08
2.034067569223631e-05,1.002372931481374,1.0023729918466289,6.036525479480304e-08
2.044067569223631e-05,1.00235492534958,1.0023549856056861,6.025610610471688e-08
2.054067569223631e-05,1.002337055850801,1.0023371159959387,6.014513775909336e-08
2.064067569223631e-05,1.002319321948247,1.0023193819806306,6.003238373075703e-08
2.074067569223631e-05,1.002301722612994,1.0023017825308722,5.991787821457706e-08
2.084067569223631e-05,1.002284256823928,1.0022843166255815,5.980165340702115e-08
2.094067569223631e-05,1.002266923567682,1.0022669832514242,5.968374217069083e-08
2.104067569223631e-05,1.002249721838577,1.0022497814027551,5.956417803432146e-08
2.11406756922363e-05,1.002232650638569,1.0022327100815602,5.944299119597929e-08
2.12406756922363e-05,1.002215708977184,1.002215768297398,5.932021407417665e-08
2.13406756922363e-05,1.002198895871465,1.002198955067343,5.9195877977202827e-08
2.14406756922363e-05,1.002182210345914,1.0021822694159273,5.90700133251687e-08
2.15406756922363e-05,1.002165651432436,1.0021657103750856,5.894264965000673e-08
2.16406756922363e-05,1.00214921817028,1.0021492769840978,5.881381781591699e-08
2.17406756922363e-05,1.002132909605987,1.0021329682895344,5.8683547354831944e-08
2.18406756922363e-05,1.002116724793332,1.0021167833451994,5.855186735459483e-08
2.19406756922363e-05,1.00210066279327,1.0021007212120776,5.841880756918272e-08
2.20406756922363e-05,1.002084722673883,1.0020847809582785,5.828439553212661e-08
2.21406756922363e-05,1.002068903510324,1.0020689616589828,5.814865877695752e-08
2.224067569223629e-05,1.002053204384762,1.0020532623963891,5.8011627057652504e-08
2.234067569223629e-05,1.002037624386333,1.0020376822596597,5.787332679751955e-08
2.244067569223629e-05,1.002022162611084,1.0020222203448688,5.773378486395586e-08
2.254067569223629e-05,1.002006818161921,1.002006875754949,5.759302790231402e-08
2.264067569223629e-05,1.001991590148557,1.0019916475996407,5.7451083668169645e-08
2.274067569223629e-05,1.001976477687462,1.0019765349954388,5.730797680847388e-08
2.284067569223629e-05,1.001961479901809,1.0019615370655426,5.716373352449011e-08
2.294067569223629e-05,1.001946595921424,1.0019466529398047,5.701838068361553e-08
2.304067569223629e-05,1.001931824882739,1.0019318817546798,5.6871940934399845e-08
2.314067569223629e-05,1.001917165928734,1.0019172226531758,5.672444181037406e-08
2.324067569223628e-05,1.001902618208897,1.0019026747848032,5.6575906182132485e-08
2.334067569223628e-05,1.001888180879168,1.0018882373055258,5.642635780844785e-08
2.344067569223628e-05,1.00187385310189,1.0018739093777123,5.627582222444971e-08
2.354067569223628e-05,1.001859634045765,1.0018596901700871,5.612432207868778e-08
2.364067569223628e-05,1.001845522885801,1.0018455788576823,5.597188135197939e-08
2.374067569223628e-05,1.001831518803268,1.0018315746217903,5.581852224878503e-08
2.384067569223628e-05,1.001817620985648,1.001817676649915,5.566426697356519e-08
2.394067569223628e-05,1.001803828626587,1.0018038841357262,5.55091392850926e-08
2.404067569223628e-05,1.001790140925851,1.001790196279012,5.5353160943738544e-08
2.414067569223628e-05,1.001776557089278,1.001776612285632,5.519635393191891e-08
2.424067569223627e-05,1.001763076328734,1.0017631313674726,5.503873867773734e-08
2.434067569223627e-05,1.001749697862063,1.0017497527424,5.488033694156513e-08
2.444067569223627e-05,1.001736420913044,1.0017364756342149,5.472117092786277e-08
2.454067569223627e-05,1.001723244711348,1.0017232992726082,5.456126017655549e-08
2.464067569223627e-05,1.00171016849249,1.0017102228931156,5.440062555983616e-08
2.474067569223627e-05,1.001697191497786,1.0016972457370739,5.423928794989763e-08
2.484067569223627e-05,1.001684312974311,1.0016843670515765,5.4077265554397513e-08
2.494067569223627e-05,1.00167153217485,1.0016715860894294,5.3914579467573276e-08
2.504067569223627e-05,1.001658848357861,1.0016589021091091,5.3751248119127126e-08
2.514067569223627e-05,1.001646260787427,1.001646314374718,5.35872910489843e-08
2.524067569223627e-05,1.001633768733216,1.0016338221559433,5.3422727352980814e-08
2.534067569223626e-05,1.001621371470437,1.001621424728013,5.32575761269527e-08
2.544067569223626e-05,1.0016090682798,1.0016091213716554,5.309185535651295e-08
2.554067569223626e-05,1.001596858447473,1.0015969113730556,5.292558258318536e-08
2.564067569223626e-05,1.00158474126504,1.0015847940238163,5.2758776236672134e-08
2.574067569223626e-05,1.001572716029461,1.0015727686209148,5.259145385849706e-08
2.584067569223626e-05,1.001560782043029,1.0015608344666633,5.242363432245156e-08
2.594067569223626e-05,1.001548938613336,1.0015489908686674,5.225533139530114e-08
2.604067569223626e-05,1.001537185053222,1.0015372371397875,5.208656550514945e-08
2.614067569223626e-05,1.001525520680745,1.0015255725980974,5.191735241716344e-08
2.624067569223626e-05,1.001513944819138,1.0015139965668456,5.174770767446546e-08
2.634067569223625e-05,1.001502456796768,1.0015025083744153,5.157764726426706e-08
2.644067569223625e-05,1.001491055947097,1.001491107354287,5.140718983831505e-08
2.654067569223625e-05,1.001479741608649,1.0014797928449972,5.123634827519652e-08
2.664067569223625e-05,1.001468513124963,1.0014685641901029,5.1065139894390654e-08
2.674067569223625e-05,1.001457369844562,1.001457420738142,5.089358001697519e-08
2.684067569223625e-05,1.001446311120912,1.0014463618425948,5.072168285380485e-08
2.694067569223625e-05,1.001435336312384,1.0014353868618482,5.0549464170046576e-08
2.704067569223625e-05,1.001424444782219,1.0014244951591578,5.03769388426889e-08
2.714067569223625e-05,1.001413635898489,1.00141368610261,5.0204120860541934e-08
2.724067569223625e-05,1.001402909034062,1.0014029590650866,5.0031024656504997e-08
2.734067569223625e-05,1.001392263566563,1.0013923134242284,4.985766532961122e-08
2.744067569223624e-05,1.001381698878342,1.0013817485623977,4.96840557584477e-08
2.754067569223624e-05,1.001371214356434,1.0013712638666445,4.951021059795835e-08
2.764067569223624e-05,1.001360809392526,1.0013608587286689,4.9336142948774864e-08
2.774067569223624e-05,1.001350483382921,1.0013505325447873,4.9161866355618145e-08
2.784067569223624e-05,1.001340235728504,1.001340284715897,4.898739303094146e-08
2.794067569223624e-05,1.001330065834703,1.0013301146474407,4.881273762968874e-08
2.804067569223624e-05,1.001319973111461,1.0013200217493732,4.8637912142268647e-08
2.814067569223624e-05,1.001309956973197,1.001310005436126,4.8462929003179056e-08
2.824067569223624e-05,1.001300016838773,1.001300065126574,4.8287801091007054e-08
2.834067569223624e-05,1.001290152131462,1.0012902002440025,4.811254039616131e-08
2.844067569223623e-05,1.001280362278912,1.0012804102160717,4.79371597972289e-08
2.854067569223623e-05,1.001270646713115,1.0012706944747853,4.776167039644008e-08
2.864067569223623e-05,1.001261004870374,1.0012610524564571,4.758608307398049e-08
2.874067569223623e-05,1.001251436191267,1.0012514836016781,4.741041115252642e-08
2.884067569223623e-05,1.001241940120618,1.0012419873552836,4.723466551226352e-08
2.894067569223623e-05,1.001232516107465,1.0012325631663217,4.705885658928821e-08
2.904067569223623e-05,1.001223163605026,1.0012232104880219,4.688299592991996e-08
2.914067569223623e-05,1.001213882070666,1.0012139287777613,4.6707095302522816e-08
2.924067569223623e-05,1.001204670965871,1.001204717497035,4.6531164032970196e-08
2.934067569223623e-05,1.001195529756211,1.001195576111425,4.635521411167076e-08
2.944067569223623e-05,1.001186457911313,1.0011865040905674,4.617925442040871e-08
2.954067569223622e-05,1.001177454904826,1.001177500908123,4.600329694959271e-08
2.964067569223622e-05,1.001168520214396,1.0011685660417464,4.582735035896235e-08
2.974067569223622e-05,1.001159653321631,1.0011596989730562,4.5651425306658666e-08
2.984067569223622e-05,1.001150853712073,1.0011508991876041,4.547553111855507e-08
2.994067569223622e-05,1.001142120875167,1.0011421661748454,4.529967845279259e-08
3.004067569223622e-05,1.001133454304234,1.0011334994281096,4.512387552502162e-08
3.014067569223622e-05,1.001124853496438,1.0011248984445704,4.494813232724937e-08
3.024067569223622e-05,1.00111631795276,1.0011163627252178,4.477245774126004e-08
3.034067569223622e-05,1.001107847177965,1.0011078917748273,4.459686220315007e-08
3.044067569223622e-05,1.00109944068058,1.0010994851019326,4.44213525963022e-08
3.054067569223621e-05,1.001091097972858,1.001091142218797,4.424593891272366e-08
3.064067569223622e-05,1.001082818570754,1.001082862641384,4.407062981215404e-08
3.074067569223622e-05,1.001074601993897,1.0010746458893305,4.389543351024372e-08
3.084067569223622e-05,1.00106644776556,1.0010664914859182,4.3720358222643085e-08
3.094067569223622e-05,1.001058355412633,1.0010583989580462,4.354541305318094e-08
3.104067569223623e-05,1.001050324465598,1.0010503678362033,4.337060532932924e-08
3.114067569223623e-05,1.001042354458499,1.0010423976544414,4.319594237855995e-08
3.124067569223623e-05,1.001034444928914,1.0010344879503474,4.302143352674648e-08
3.134067569223623e-05,1.001026595417932,1.0010266382650175,4.284708543522697e-08
3.144067569223624e-05,1.001018805470123,1.0010188481430298,4.2672906763741025e-08
3.154067569223624e-05,1.001011074633513,1.0010111171324183,4.249890528384981e-08
3.164067569223624e-05,1.00100340245956,1.001003444784646,4.2325086102579235e-08
3.174067569223624e-05,1.000995788503122,1.0009958306545803,4.2151458323758106e-08
3.184067569223625e-05,1.000988232322437,1.0009882743004654,4.1978028386679966e-08
3.194067569223625e-05,1.000980733479095,1.0009807752838984,4.180480339677217e-08
3.204067569223625e-05,1.000973291538012,1.0009733331698019,4.1631789793328267e-08
3.214067569223625e-05,1.000965906067405,1.0009659475264006,4.145899556995403e-08
3.224067569223626e-05,1.00095857663877,1.0009586179251957,4.128642561163076e-08
3.234067569223626e-05,1.000951302826851,1.0009513439409392,4.111408813400885e-08
3.244067569223626e-05,1.000944084209622,1.0009441251516102,4.0941988244114214e-08
3.254067569223626e-05,1.000936920368256,1.0009369611383903,4.0770134157597226e-08
3.264067569223627e-05,1.000929810887109,1.0009298514856386,4.0598529649216175e-08
3.274067569223627e-05,1.000922755353686,1.0009227957808686,4.042718271257684e-08
3.284067569223627e-05,1.000915753358625,1.0009157936147233,4.025609823266052e-08
3.294067569223627e-05,1.00090880449567,1.0009088445809524,4.008528242671616e-08
3.304067569223628e-05,1.000901908361647,1.0009019482763875,3.991474040176968e-08
3.314067569223628e-05,1.000895064556441,1.0008951043009202,3.974447926324842e-08
3.324067569223628e-05,1.000888272682974,1.0008883122574774,3.9574503452044496e-08
3.334067569223628e-05,1.000881532347181,1.0008815717519999,3.940481896336223e-08
3.344067569223629e-05,1.000874843157987,1.0008748823934175,3.923543046013833e-08
3.354067569223629e-05,1.000868204727284,1.0008682437936285,3.906634438166634e-08
3.364067569223629e-05,1.00086161666991,1.0008616555674752,3.8897565168838355e-08
3.374067569223629e-05,1.000855078603626,1.0008551173327234,3.8729097262546475e-08
3.384067569223629e-05,1.000848590149091,1.0008486287100384,3.856094732412885e-08
3.39406756922363e-05,1.000842150929846,1.0008421893229642,3.8393118240165336e-08
3.40406756922363e-05,1.000835760572285,1.000835798797902,3.8225616894038694e-08
3.41406756922363e-05,1.00082941870564,1.0008294567640865,3.8058446616417996e-08
3.42406756922363e-05,1.000823124961955,1.0008231628535673,3.789161229228455e-08
3.434067569223631e-05,1.000816878976066,1.0008169167011847,3.772511858457506e-08
3.444067569223631e-05,1.000810680385581,1.0008107179445507,3.7558969712137014e-08
3.454067569223631e-05,1.000804528830856,1.0008045662240266,3.739317055995173e-08
3.464067569223631e-05,1.000798423954978,1.000798461182703,3.722772490277748e-08
3.474067569223632e-05,1.000792365403742,1.0007924024663786,3.706263651537256e-08
3.484067569223632e-05,1.000786352825629,1.0007863897235392,3.6897910060673667e-08
3.494067569223632e-05,1.000780385871789,1.000780422605339,3.67335499795729e-08
3.504067569223632e-05,1.000774464196019,1.0007745007655784,3.656955938069473e-08
3.514067569223633e-05,1.000768587454742,1.000768623860685,3.6405942926975854e-08
3.524067569223633e-05,1.00076275530699,1.0007627915496935,3.624270350499614e-08
3.534067569223633e-05,1.000756967414381,1.0007570034942257,3.6079844667469274e-08
3.544067569223633e-05,1.0007512234411,1.000751259358471,3.591737107733195e-08
3.554067569223634e-05,1.000745523053881,1.0007455588091674,3.575528628729785e-08
3.564067569223634e-05,1.000739865921988,1.0007399015155807,3.559359273985763e-08
3.574067569223634e-05,1.000734251717193,1.0007342871494873,3.5432294209769566e-08
3.584067569223634e-05,1.000728680113759,1.0007287153851538,3.527139491588116e-08
3.594067569223635e-05,1.000723150788422,1.0007231858993182,3.511089619046004e-08
3.604067569223635e-05,1.000717663420368,1.0007176983711719,3.495080380666593e-08
3.614067569223635e-05,1.000712217691222,1.00071225248234,3.479111798654344e-08
3.624067569223635e-05,1.000706813285021,1.000706847916864,3.463184294894006e-08
3.634067569223636e-05,1.0007014498882,1.0007014843611826,3.447298246861408e-08
3.644067569223636e-05,1.000696127189575,1.0006961615041137,3.431453876601154e-08
3.654067569223636e-05,1.000690844880322,1.0006908790368367,3.4156514727712306e-08
3.664067569223636e-05,1.000685602653961,1.0006856366528745,3.399891346234085e-08
3.674067569223637e-05,1.000680400206337,1.0006804340480746,3.3841737634432434e-08
3.684067569223637e-05,1.000675237235605,1.0006752709205937,3.368498879829929e-08
3.694067569223637e-05,1.000670113442208,1.000670146970878,3.352867006256588e-08
3.704067569223637e-05,1.000665028528863,1.000665061901647,3.337278409176747e-08
3.714067569223638e-05,1.000659982200542,1.000660015417876,3.321733399452853e-08
3.724067569223638e-05,1.000654974164458,1.0006550072267786,3.306232065902748e-08
3.734067569223638e-05,1.000650004130043,1.0006500370377907,3.290774763797799e-08
3.744067569223638e-05,1.000645071808935,1.0006451045625524,3.2753617373870725e-08
3.754067569223638e-05,1.000640176914962,1.000640209514892,3.2599930088750284e-08
3.764067569223639e-05,1.00063531916412,1.0006353516108097,3.244668977941956e-08
3.774067569223639e-05,1.000630498274562,1.0006305305684602,3.2293898222235384e-08
3.784067569223639e-05,1.00062571396658,1.000625746108137,3.214155697151e-08
3.794067569223639e-05,1.000620965962587,1.000620997952256,3.1989668913823266e-08
3.80406756922364e-05,1.000616253987105,1.0006162858253393,3.183823427121979e-08
3.81406756922364e-05,1.000611577766743,1.0006116094539999,3.1687256818457854e-08
3.82406756922364e-05,1.000606937030187,1.000606968566924,3.153673699962667e-08
3.83406756922364e-05,1.000602331508181,1.0006023628948582,3.138667725721689e-08
3.844067569223641e-05,1.000597760933512,1.0005977921705906,3.123707870145154e-08
3.854067569223641e-05,1.000593225040995,1.0005932561289381,3.1087943108687455e-08
3.864067569223641e-05,1.000588723567457,1.0005887545067293,3.093927225528148e-08
3.874067569223641e-05,1.000584256251722,1.0005842870427895,3.0791067473501244e-08
3.884067569223642e-05,1.000579822834595,1.000579853477926,3.0643330983792794e-08
3.894067569223642e-05,1.00057542305885,1.0005754535549134,3.0496063452289945e-08
3.904067569223642e-05,1.00057105666921,1.000571087018477,3.034926687739414e-08
3.914067569223642e-05,1.000566723412339,1.0005667536152802,3.020294125910539e-08
3.924067569223643e-05,1.000562423036819,1.0005624530939083,3.0057089261958936e-08
3.934067569223643e-05,1.000558155293142,1.0005581852048542,2.991171221822242e-08
3.944067569223643e-05,1.000553919933694,1.000553949700504,2.9766810127895837e-08
3.954067569223643e-05,1.000549716712738,1.000549746335123,2.9622384989380635e-08
3.964067569223644e-05,1.000545545386403,1.0005455748648409,2.9478437912899835e-08
3.974067569223644e-05,1.000541405712669,1.0005414350476383,2.933496934254265e-08
3.984067569223644e-05,1.000537297451351,1.0005373266433315,2.9191980610576707e-08
3.994067569223644e-05,1.000533220364086,1.0005332494135597,2.904947371540345e-08
4.004067569223645e-05,1.000529174214323,1.0005292031217714,2.8907448434978278e-08
4.014067569223645e-05,1.000525158767304,1.0005251875332088,2.8765904769301187e-08
4.024067569223645e-05,1.000521173790051,1.0005212024148964,2.8624845382907438e-08
4.034067569223645e-05,1.000517219051355,1.000517247535626,2.848427116397545e-08
4.044067569223646e-05,1.000513294321763,1.0005133226659446,2.8344181668416013e-08
4.054067569223646e-05,1.000509399373561,1.000509427578139,2.8204578006452152e-08
4.064067569223646e-05,1.000505533980764,1.0005055620462249,2.8065460844217682e-08
4.074067569223646e-05,1.000501697919101,1.0005017258459326,2.7926831513980233e-08
4.084067569223646e-05,1.000497890966004,1.0004979187546938,2.7788689793695198e-08
4.094067569223647e-05,1.000494112900593,1.0004941405516292,2.765103612745179e-08
4.104067569223647e-05,1.000490363503664,1.0004903910175358,2.7513871847517635e-08
4.114067569223647e-05,1.000486642557677,1.0004866699348738,2.737719673184813e-08
4.124067569223647e-05,1.000482949846742,1.0004829770877535,2.724101144657709e-08
4.134067569223648e-05,1.000479285156607,1.0004793122619244,2.710531754601675e-08
4.144067569223648e-05,1.000475648274647,1.0004756752447608,2.6970113697899478e-08
4.154067569223648e-05,1.00047203898985,1.000472065825251,2.68354010124483e-08
4.164067569223648e-05,1.000468457092804,1.0004684837939843,2.6701180377841638e-08
4.174067569223649e-05,1.000464902375688,1.0004649289431389,2.656745090590107e-08
4.184067569223649e-05,1.000461374632255,1.0004614010664699,2.6434214817072643e-08
4.194067569223649e-05,1.000457873657828,1.0004578999592975,2.6301469446821102e-08
4.204067569223649e-05,1.000454399249278,1.000454425418495,2.6169217015592494e-08
4.21406756922365e-05,1.00045095120502,1.0004509772424772,2.6037457301342215e-08
4.22406756922365e-05,1.000447529324998,1.0004475552311884,2.590619052611487e-08
4.23406756922365e-05,1.000444133410674,1.0004441591860904,2.5775416467865853e-08
4.24406756922365e-05,1.000440763265017,1.0004407889101525,2.5645135570684374e-08
4.254067569223651e-05,1.00043741869249,1.0004374442078383,2.5515348278659644e-08
4.264067569223651e-05,1.000434099499042,1.0004341248850952,2.5386053259524033e-08
4.274067569223651e-05,1.000430805492092,1.0004308307493437,2.5257251623500565e-08
4.284067569223651e-05,1.000427536480522,1.0004275616094647,2.5128942704455426e-08
4.294067569223652e-05,1.000424292274663,1.0004243172757898,2.5001126946477825e-08
4.304067569223652e-05,1.000421072686286,1.0004210975600902,2.4873804127523158e-08
4.314067569223652e-05,1.00041787752859,1.0004179022755644,2.474697446963603e-08
4.324067569223652e-05,1.000414706616192,1.000414731236829,2.462063708463802e-08
4.334067569223653e-05,1.000411559765116,1.0004115842599073,2.4494791306395314e-08
4.344067569223653e-05,1.000408436792779,1.0004084611622182,2.4369439133309356e-08
4.354067569223653e-05,1.000405337517989,1.0004053617625666,2.4244577456755678e-08
4.364067569223653e-05,1.000402261760923,1.000402285881132,2.412020894126954e-08
4.374067569223654e-05,1.000399209343127,1.000399233339458,2.399633092231568e-08
4.384067569223654e-05,1.000396180087499,1.000396203960443,2.3872944066027912e-08
4.394067569223654e-05,1.000393173818281,1.0003931975683291,2.3750048150361636e-08
4.404067569223654e-05,1.000390190361048,1.0003902139886918,2.3627643841450663e-08
4.414067569223655e-05,1.000387229542702,1.00038725304843,2.350572780862592e-08
4.424067569223655e-05,1.000384291191454,1.0003843145757563,2.3384302272333457e-08
4.434067569223655e-05,1.00038137513682,1.0003813984001872,2.3263367232573273e-08
4.444067569223655e-05,1.000378481209612,1.0003785043525322,2.3142920246854715e-08
4.454067569223655e-05,1.000375609241924,1.0003756322648851,2.3022961093133176e-08
4.464067569223656e-05,1.000372759067123,1.0003727819706132,2.2903490215497868e-08
4.474067569223656e-05,1.000369930519842,1.0003699533043489,2.2784506947814975e-08
4.484067569223656e-05,1.000367123435968,1.000367146101979,2.2666011068039893e-08
4.494067569223656e-05,1.000364337652635,1.0003643602006356,2.2548000577771177e-08
4.504067569223657e-05,1.000361573008209,1.0003615954386866,2.2430477697454876e-08
4.514067569223657e-05,1.000358829342288,1.0003588516557267,2.2313438652332707e-08
4.524067569223657e-05,1.000356106495683,1.0003561286925675,2.2196884552627694e-08
4.534067569223657e-05,1.000353404310413,1.0003534263912282,2.2080815176295232e-08
4.544067569223658e-05,1.000350722629699,1.0003507445949276,2.1965228524933877e-08
4.554067569223658e-05,1.000348061297949,1.000348083148073,2.185012415445442e-08
4.564067569223658e-05,1.000345420160751,1.0003454418962536,2.1735502730990675e-08
4.574067569223658e-05,1.000342799064867,1.0003428206862295,2.16213624781858e-08
4.584067569223659e-05,1.000340197858221,1.0003402193659237,2.1507702729905986e-08
4.594067569223659e-05,1.00033761638989,1.0003376377844129,2.1394522820017414e-08
4.604067569223659e-05,1.000335054510097,1.0003350757919196,2.128182252647548e-08
4.614067569223659e-05,1.000332512070202,1.0003325332398025,2.1169600517012555e-08
4.62406756922366e-05,1.000329988922691,1.0003300099805483,2.1057857235717847e-08
4.63406756922366e-05,1.000327484921173,1.0003275058677628,2.0946589796011494e-08
4.64406756922366e-05,1.000324999920364,1.0003250207561625,2.08357984199381e-08
4.65406756922366e-05,1.000322533776084,1.000322554501567,2.0725483107497666e-08
4.664067569223661e-05,1.000320086345248,1.0003201069608894,2.0615641416199537e-08
4.674067569223661e-05,1.000317657485855,1.0003176779921286,2.0506273568088318e-08
4.684067569223661e-05,1.000315247056982,1.000315267454361,2.0397378897030194e-08
4.694067569223661e-05,1.000312854918777,1.0003128752077324,2.028895540462372e-08
4.704067569223662e-05,1.000310480932446,1.0003105011134499,2.018100397904732e-08
4.714067569223662e-05,1.000308124960251,1.0003081450337736,2.0073522621899542e-08
4.724067569223662e-05,1.0003057868655,1.0003058068320088,1.9966508668645133e-08
4.734067569223662e-05,1.000303466512534,1.0003034863724982,1.9859964117685536e-08
4.744067569223663e-05,1.000301163766726,1.0003011835206137,1.975388763675312e-08
4.754067569223663e-05,1.000298878494472,1.0002988981427485,1.9648276561312628e-08
4.764067569223663e-05,1.00029661056318,1.0002966301063105,1.9543130447274848e-08
4.774067569223663e-05,1.000294359841263,1.0002943792797125,1.9438449516684386e-08
4.784067569223664e-05,1.000292126198135,1.0002921455323666,1.9334231549095193e-08
4.794067569223664e-05,1.0002899095042,1.0002899287346758,1.9230475878373454e-08
4.804067569223664e-05,1.000287709630844,1.0002877287580259,1.9127181838385354e-08
4.814067569223664e-05,1.000285526450431,1.0002855454747792,1.902434831890787e-08
4.824067569223664e-05,1.000283359836293,1.0002833787582663,1.8921973321539554e-08
4.834067569223665e-05,1.000281209662722,1.0002812284827791,1.8820057068325013e-08
4.844067569223665e-05,1.000279075804964,1.000279094523563,1.8718598893130434e-08
4.854067569223665e-05,1.000276958139215,1.0002769767568103,1.8617595243242135e-08
4.864067569223665e-05,1.000274856542605,1.0002748750596528,1.8517047895016958e-08
4.874067569223666e-05,1.000272770893201,1.0002727893101546,1.8416953517785828e-08
4.884067569223666e-05,1.000270701069992,1.000270719387305,1.8317312999727164e-08
4.894067569223666e-05,1.000268646952888,1.0002686651710115,1.8218123454261104e-08
4.904067569223666e-05,1.000266608422708,1.000266626542093,1.8119384881387646e-08
4.914067569223667e-05,1.000264585361177,1.0002646033822724,1.802109550474995e-08
4.924067569223667e-05,1.000262577650916,1.0002625955741704,1.79232544361696e-08
4.934067569223667e-05,1.000260585175437,1.0002606030012984,1.7825861453601988e-08
4.944067569223667e-05,1.000258607819138,1.0002586255480517,1.772891367046725e-08
4.954067569223668e-05,1.000256645467291,1.0002566630997023,1.7632411308809992e-08
4.964067569223668e-05,1.000254698006042,1.0002547155423935,1.753635148205035e-08
4.974067569223668e-05,1.000252765322397,1.0002527827631325,1.7440735522455952e-08
4.984067569223668e-05,1.000250847304222,1.000250864649783,1.7345560987536146e-08
4.994067569223669e-05,1.000248943840235,1.0002489610910605,1.7250825434800277e-08
5.004067569223669e-05,1.000247054819995,1.0002470719765246,1.715652953038216e-08
5.014067569223669e-05,1.000245180133901,1.000245197196573,1.7062671942014163e-08
5.024067569223669e-05,1.000243319673185,1.0002433366424348,1.6969249783116425e-08
5.03406756922367e-05,1.000241473329901,1.000241490206165,1.6876263941867364e-08
5.04406756922367e-05,1.000239640996925,1.0002396577806367,1.6783711753731723e-08
5.05406756922367e-05,1.000237822567945,1.0002378392595372,1.669159233053108e-08
5.06406756922367e-05,1.000236017937455,1.0002360345373598,1.6599904784087016e-08
5.074067569223671e-05,1.00023422700075,1.0002342435093978,1.6508647782131902e-08
5.084067569223671e-05,1.000232449653921,1.0002324660717403,1.6417819326264294e-08
5.094067569223671e-05,1.000230685793844,1.0002307021212637,1.6327419638528795e-08
5.104067569223671e-05,1.000228935318182,1.0002289515556275,1.6237445610300938e-08
5.114067569223672e-05,1.00022719812537,1.0002272142732678,1.6147897685669932e-08
5.124067569223672e-05,1.000225474114618,1.0002254901733911,1.6058773200100518e-08
5.134067569223672e-05,1.000223763185897,1.000223779155969,1.597007193154809e-08
5.144067569223672e-05,1.00022206523994,1.0002220811217317,1.5881791659566602e-08
5.154067569223673e-05,1.000220380178231,1.000220395972163,1.579393194006684e-08
5.164067569223673e-05,1.000218707903003,1.0002187236094942,1.5706491218736574e-08
5.174067569223673e-05,1.000217048317231,1.0002170639366985,1.5619467497174355e-08
5.184067569223673e-05,1.000215401324624,1.000215416857485,1.553286099742479e-08
5.194067569223673e-05,1.000213766829625,1.000213782276294,1.5446669054952622e-08
5.204067569223674e-05,1.000212144737399,1.0002121600982905,1.5360891447713243e-08
5.214067569223674e-05,1.000210534953833,1.000210550229359,1.5275525955260605e-08
5.224067569223674e-05,1.000208937385528,1.0002089525760987,1.5190570579193263e-08
5.234067569223674e-05,1.000207351939792,1.0002073670458171,1.5106025097466613e-08
5.244067569223675e-05,1.000205778524636,1.0002057935465252,1.5021889065991445e-08
5.254067569223675e-05,1.000204217048772,1.0002042319869318,1.49381598202325e-08
5.264067569223675e-05,1.000202667421603,1.0002026822764385,1.4854835583832937e-08
5.274067569223675e-05,1.000201129553218,1.0002011443251348,1.4771916800881968e-08
5.284067569223676e-05,1.000199603354391,1.0001996180437918,1.4689400806844333e-08
5.294067569223676e-05,1.000198088736572,1.0001981033438578,1.4607285825363192e-08
5.304067569223676e-05,1.000196585611882,1.0001966001374536,1.4525571634393941e-08
5.314067569223676e-05,1.00019509389311,1.0001951083373661,1.4444256235535136e-08
5.324067569223677e-05,1.000193613493706,1.0001936278570445,1.436333851856375e-08
5.334067569223677e-05,1.000192144327776,1.0001921586105942,1.4282818261435182e-08
5.344067569223677e-05,1.000190686310081,1.0001907005127728,1.420269191143575e-08
5.354067569223677e-05,1.000189239356026,1.0001892534789847,1.4122958580387035e-08
5.364067569223678e-05,1.000187803381657,1.000187817425276,1.4043619156467457e-08
5.374067569223678e-05,1.000186378303661,1.0001863922683303,1.3964669198784918e-08
5.384067569223678e-05,1.000184964039353,1.0001849779254626,1.3886109595517837e-08
5.394067569223678e-05,1.000183560506678,1.000183574314616,1.380793790417556e-08
5.404067569223679e-05,1.000182167624203,1.0001821813543557,1.3730152570445853e-08
5.414067569223679e-05,1.000180785311112,1.0001807989638656,1.3652753594328715e-08
5.424067569223679e-05,1.000179413487204,1.0001794270629423,1.3575738311288887e-08
5.434067569223679e-05,1.000178052072885,1.000178065571991,1.3499106055192556e-08
5.44406756922368e-05,1.000176700989166,1.0001767144120206,1.342285460559367e-08
5.45406756922368e-05,1.000175360157657,1.0001753735046401,1.3346983074313812e-08
5.46406756922368e-05,1.000174029500563,1.000174042772053,1.3271489907040745e-08
5.47406756922368e-05,1.000172708940678,1.0001727221370527,1.3196374659685262e-08
5.484067569223681e-05,1.000171398401384,1.0001714115230191,1.312163511180131e-08
5.494067569223681e-05,1.000170097806644,1.000170110853913,1.3047269042942844e-08
5.504067569223681e-05,1.000168807080996,1.0001688200542724,1.2973276453109861e-08
5.514067569223681e-05,1.000167526149552,1.0001675390492082,1.2899656232079337e-08
5.524067569223682e-05,1.000166254937993,1.0001662677643988,1.2826405715316014e-08
5.534067569223682e-05,1.000164993372563,1.0001650061260872,1.2753524236686076e-08
5.544067569223682e-05,1.000163741380065,1.0001637540610757,1.2681010685966498e-08
5.554067569223682e-05,1.00016249888786,1.0001625114967225,1.2608862620666628e-08
5.564067569223682e-05,1.000161265823857,1.0001612783609366,1.2537079596697254e-08
5.574067569223683e-05,1.000160042116514,1.0001600545821738,1.2465659837701537e-08
5.584067569223683e-05,1.000158827694832,1.0001588400894335,1.2394601345278033e-08
5.594067569223683e-05,1.000157622488348,1.0001576348122534,1.2323905451694372e-08
5.604067569223683e-05,1.000156426427138,1.0001564386807056,1.225356749401385e-08
5.614067569223684e-05,1.000155239441806,1.000155251625393,1.2183587028147258e-08
5.624067569223684e-05,1.000154061463482,1.0001540735774461,1.2113964054094595e-08
5.634067569223684e-05,1.000152892423821,1.0001529044685162,1.2044695241186787e-08
5.644067569223684e-05,1.000151732254994,1.0001517442307744,1.197578036737923e-08
5.654067569223685e-05,1.000150580889688,1.0001505927969063,1.1907218322448898e-08
5.664067569223685e-05,1.000149438261101,1.000149450100108,1.1839007107994348e-08
5.674067569223685e-05,1.000148304302937,1.000148316074083,1.177114583583716e-08
5.684067569223685e-05,1.000147178949405,1.000147190653037,1.170363206348668e-08
5.694067569223686e-05,1.000146062135211,1.0001460737716763,1.1636465346853697e-08
5.704067569223686e-05,1.000144953795557,1.000144965365201,1.1569644131625978e-08
5.714067569223686e-05,1.000143853866138,1.0001438653693044,1.1503166419402078e-08
5.724067569223686e-05,1.000142762283135,1.0001427737201667,1.1437031766092787e-08
5.734067569223687e-05,1.000141678983214,1.000141690354453,1.137123906147508e-08
5.744067569223687e-05,1.000140603903523,1.0001406152093086,1.13057856410137e-08
5.754067569223687e-05,1.000139536981685,1.000139548222356,1.1240671060619434e-08
5.764067569223687e-05,1.000138478155797,1.000138489331691,1.1175893988024654e-08
5.774067569223688e-05,1.000137427364426,1.0001374384758785,1.1111452646872522e-08
5.784067569223688e-05,1.000136384546606,1.0001363955939508,1.1047344816716986e-08
5.794067569223688e-05,1.000135349641831,1.000135360625402,1.0983570941647258e-08
5.804067569223688e-05,1.000134322590056,1.000134333510185,1.0920129023261893e-08
5.814067569223689e-05,1.000133303331692,1.0001333141887092,1.0857017285204051e-08
5.824067569223689e-05,1.000132291807602,1.0001323026018358,1.0794233729072289e-08
5.834067569223689e-05,1.000131287959095,1.0001312986908744,1.073177946508963e-08
5.844067569223689e-05,1.00013029172793,1.0001303023975805,1.0669650496453187e-08
5.85406756922369e-05,1.000129303056305,1.0001293136641511,1.0607846157029144e-08
5.86406756922369e-05,1.000128321886856,1.0001283324332222,1.0546366224772896e-08
5.87406756922369e-05,1.000127348162657,1.000127358647865,1.0485208035149185e-08
5.88406756922369e-05,1.000126381827211,1.0001263922515822,1.04243711440688e-08
5.89406756922369e-05,1.000125422824452,1.0001254331883058,1.0363853775174903e-08
5.904067569223691e-05,1.000124471098739,1.0001244814023929,1.0303653930066048e-08
5.914067569223691e-05,1.000123526594852,1.0001235368386232,1.0243771164653026e-08
5.924067569223691e-05,1.00012258925799,1.0001225994421947,1.0184204812802022e-08
5.934067569223691e-05,1.000121659033771,1.000121669158722,1.0124951099754753e-08
5.944067569223692e-05,1.000120735868221,1.000120745934232,1.0066011135734243e-08
5.954067569223692e-05,1.000119819707779,1.0001198297151614,1.0007382478249838e-08
5.964067569223692e-05,1.000118910499288,1.0001189204483527,9.949064683212328e-09
5.974067569223692e-05,1.000118008189998,1.0001180180810525,9.891054419952638e-09
5.984067569223693e-05,1.000117112727554,1.0001171225609073,9.833353242783005e-09
5.994067569223693e-05,1.000116224060004,1.000116233835961,9.775956932855934e-09
6.004067569223693e-05,1.000115342135785,1.0001153518546517,9.718866822439054e-09
6.014067569223693e-05,1.00011446690373,1.0001144765658085,9.662078470640267e-09
6.024067569223694e-05,1.000113598313056,1.0001136079186494,9.605593431771808e-09
6.034067569223694e-05,1.000112736313368,1.0001127458627772,9.549409263343023e-09
6.044067569223694e-05,1.000111880854653,1.0001118903481772,9.493524188997071e-09
6.054067569223694e-05,1.000111031887276,1.0001110413252143,9.437938430778559e-09
6.064067569223695e-05,1.000110189361981,1.0001101987446301,9.38264910210762e-09
6.074067569223695e-05,1.000109353229885,1.00010936255754,9.327654870716628e-09
6.084067569223695e-05,1.000108523442474,1.0001085327154298,9.272955736605581e-09
6.094067569223695e-05,1.000107699951605,1.0001077091701542,9.218549257283826e-09
6.104067569223696e-05,1.000106882709499,1.0001068918739329,9.164433878439127e-09
6.114067569223696e-05,1.000106071668738,1.000106080779348,9.110610044160694e-09
6.124067569223696e-05,1.000105266782267,1.0001052758393416,9.05707464582406e-09
6.134067569223696e-05,1.000104468003385,1.0001044770072127,9.003827683429222e-09
6.144067569223697e-05,1.000103675285748,1.0001036842366149,8.950866936530133e-09
6.154067569223697e-05,1.000102888583362,1.0001028974815531,8.898191072859163e-09
6.164067569223697e-05,1.000102107850582,1.000102116696382,8.845799870371707e-09
6.174067569223697e-05,1.00010133304211,1.0001013418358018,8.79369177475553e-09
6.184067569223698e-05,1.000100564112992,1.0001005728548567,8.741864565564583e-09
6.194067569223698e-05,1.000099801018614,1.000099809708932,8.690318020754262e-09
6.204067569223698e-05,1.000099043714702,1.0000990523537518,8.639049919878516e-09
6.214067569223698e-05,1.000098292157316,1.000098300745376,8.588060040892742e-09
6.224067569223699e-05,1.000097546302852,1.0000975548401978,8.53734571926168e-09
6.234067569223699e-05,1.000096806108034,1.0000968145949416,8.486907621119144e-09
6.244067569223699e-05,1.000096071529917,1.0000960799666596,8.436742637840666e-09
6.254067569223699e-05,1.00009534252588,1.0000953509127306,8.386850547381641e-09
6.2640675692237e-05,1.000094619053627,1.0000946273908562,8.33722912929602e-09
6.2740675692237e-05,1.00009390107118,1.0000939093590593,8.287879271762222e-09
6.2840675692237e-05,1.000093188536884,1.0000931967756814,8.238797422066568e-09
6.2940675692237e-05,1.000092481409397,1.0000924895993797,8.18998269203064e-09
6.3040675692237e-05,1.00009177964769,1.0000917877891256,8.141435525743645e-09
6.314067569223701e-05,1.000091083211048,1.0000910913042012,8.093153258670327e-09
6.324067569223701e-05,1.000090392059064,1.0000904001041984,8.04513433649845e-09
6.334067569223701e-05,1.000089706151636,1.0000897141490148,7.997378759228013e-09
6.344067569223701e-05,1.000089025448968,1.0000890333988532,7.949885194591388e-09
6.354067569223702e-05,1.000088349911566,1.0000883578142177,7.902651644187131e-09
6.364067569223702e-05,1.000087679500236,1.0000876873559124,7.855676331658401e-09
6.374067569223702e-05,1.000087014176079,1.0000870219850388,7.808959923139014e-09
6.384067569223702e-05,1.000086353900494,1.0000863616629934,7.7624993100045e-09
6.394067569223703e-05,1.000085698635171,1.0000857063514657,7.716294714299465e-09
6.404067569223703e-05,1.000085048342092,1.0000850560124361,7.670344137622465e-09
6.414067569223703e-05,1.000084402983527,1.0000844106081732,7.624646247705869e-09
6.424067569223703e-05,1.000083762522031,1.0000837701012322,7.579201266594282e-09
6.434067569223704e-05,1.000083126920446,1.000083134454452,7.534006085663236e-09
6.444067569223704e-05,1.000082496141894,1.000082503630954,7.489060038778916e-09
6.454067569223704e-05,1.000081870149776,1.000081877594139,7.444362903896717e-09
6.464067569223704e-05,1.000081248907773,1.0000812563076857,7.399912682615195e-09
6.474067569223705e-05,1.00008063237984,1.0000806397355486,7.355708708800535e-09
6.484067569223705e-05,1.000080020530206,1.0000800278419553,7.311749206095897e-09
6.494067569223705e-05,1.000079413323371,1.0000794205914052,7.268034174501281e-09
6.504067569223705e-05,1.000078810724106,1.0000788179486668,7.224560727436824e-09
6.514067569223706e-05,1.000078212697447,1.000078219878776,7.18132908694713e-09
6.524067569223706e-05,1.000077619208698,1.0000776263470343,7.138336366452336e-09
6.534067569223706e-05,1.000077030223423,1.0000770373190062,7.0955832320862555e-09
6.544067569223706e-05,1.000076445707449,1.0000764527605175,7.053068573625865e-09
6.554067569223707e-05,1.000075865626864,1.0000758726376535,7.010789504491299e-09
6.564067569223707e-05,1.00007528994801,1.0000752969167563,6.968746246727164e-09
6.574067569223707e-05,1.000074718637486,1.0000747255644244,6.92693835624425e-09
6.584067569223707e-05,1.000074151662146,1.0000741585475088,6.885362724418087e-09
6.594067569223708e-05,1.000073588989093,1.0000735958331126,6.844019573293281e-09
6.604067569223708e-05,1.000073030585681,1.000073037388588,6.8029069044683865e-09
6.614067569223708e-05,1.000072476419511,1.0000724831815355,6.7620244958988e-09
6.624067569223708e-05,1.00007192645843,1.0000719331798014,6.7213714594061e-09
6.634067569223708e-05,1.00007138067053,1.0000713873514753,6.680945352499634e-09
6.644067569223709e-05,1.000070839024144,1.0000708456648897,6.640745731090192e-09
6.654067569223709e-05,1.000070301487846,1.0000703080886173,6.600771262910143e-09
6.664067569223709e-05,1.000069768030447,1.0000697745914686,6.561021725914884e-09
6.67406756922371e-05,1.000069238620997,1.0000692451424915,6.5214944555691545e-09
6.68406756922371e-05,1.000068713228778,1.0000687197109686,6.48219056209598e-09
6.69406756922371e-05,1.000068191823309,1.0000681982664155,6.4431064927816806e-09
6.70406756922371e-05,1.000067674374336,1.0000676807785789,6.404242913760072e-09
6.71406756922371e-05,1.000067160851837,1.0000671672174353,6.36559827071892e-09
6.72406756922371e-05,1.000066651226018,1.0000666575531891,6.327171231390594e-09
6.734067569223711e-05,1.00006614546731,1.0000661517562708,6.28896068555207e-09
6.744067569223711e-05,1.00006564354637,1.000065649797335,6.250965078891113e-09
6.754067569223711e-05,1.000065145434074,1.000065151647259,6.213184855496934e-09
6.764067569223712e-05,1.000064651101523,1.0000646572771412,6.175618239012692e-09
6.774067569223712e-05,1.000064160520036,1.0000641666582997,6.138263675126154e-09
6.784067569223712e-05,1.000063673661149,1.0000636797622695,6.101120497703505e-09
6.794067569223712e-05,1.000063190496615,1.000063196560802,6.064186930387905e-09
6.804067569223713e-05,1.000062710998399,1.000062717025863,6.0274638613577736e-09
6.814067569223713e-05,1.000062235138683,1.0000622411296307,5.9909477378994325e-09
6.824067569223713e-05,1.000061762889856,1.0000617688444948,5.9546387820574864e-09
6.834067569223713e-05,1.000061294224518,1.0000613001430545,5.9185365497427256e-09
6.844067569223714e-05,1.000060829115477,1.0000608349981164,5.8826394866429155e-09
6.854067569223714e-05,1.000060367535748,1.0000603733826938,5.846945816401217e-09
6.864067569223714e-05,1.00005990945855,1.000059915270005,5.8114548728838145e-09
6.874067569223714e-05,1.000059454857305,1.0000594606334712,5.776166212001499e-09
6.884067569223715e-05,1.000059003705636,1.0000590094467154,5.74107938966506e-09
6.894067569223715e-05,1.000058555977369,1.0000585616835607,5.706191741339239e-09
6.904067569223715e-05,1.000058111646526,1.0000581173180287,5.671502822934826e-09
6.914067569223715e-05,1.000057670687327,1.0000576763243385,5.637011524228797e-09
6.924067569223716e-05,1.000057233074187,1.0000572386769044,5.60271740113194e-09
6.934067569223716e-05,1.000056798781716,1.000056804350335,5.568619121376628e-09
6.944067569223716e-05,1.000056367784716,1.000056373319432,5.5347160188290445e-09
6.954067569223716e-05,1.000055940058181,1.0000559455591875,5.501006539176956e-09
6.964067569223717e-05,1.000055515577294,1.000055521044784,5.467489794241942e-09
6.974067569223717e-05,1.000055094317426,1.000055099751592,5.434166006068608e-09
6.984067569223717e-05,1.000054676254137,1.000054681655169,5.401032066032485e-09
6.994067569223717e-05,1.00005426136317,1.0000542667312577,5.368087752088968e-09
7.004067569223717e-05,1.000053849620452,1.0000538549557856,5.335333508327267e-09
7.014067569223718e-05,1.000053441002095,1.0000534463048618,5.302766892256727e-09
7.024067569223718e-05,1.000053035484391,1.0000530407547779,5.270386793654325e-09
7.034067569223718e-05,1.000052633043811,1.0000526382820043,5.238193212520059e-09
7.044067569223718e-05,1.000052233657005,1.0000522388631905,5.206185482720116e-09
7.054067569223719e-05,1.000051837300802,1.000051842475163,5.174360939719236e-09
7.064067569223719e-05,1.000051443952205,1.0000514490949244,5.142719361472814e-09
7.074067569223719e-05,1.000051053588391,1.0000510586996514,5.1112603038916404e-09
7.08406756922372e-05,1.000050666186711,1.0000506712666946,5.07998354493111e-09
7.09406756922372e-05,1.000050281724689,1.0000502867735752,5.04888619801136e-09
7.10406756922372e-05,1.000049900180018,1.0000499051979863,5.0179682631323885e-09
7.11406756922372e-05,1.000049521530561,1.0000495265177898,4.987228852115777e-09
7.12406756922372e-05,1.000049145754348,1.000049150711015,4.9566670767831056e-09
7.13406756922372e-05,1.000048772829577,1.0000487777558587,4.926281604866745e-09
7.144067569223721e-05,1.00004840273461,1.0000484076306828,4.896072880455904e-09
7.154067569223721e-05,1.000048035447975,1.0000480403140133,4.8660382390153245e-09
7.164067569223721e-05,1.000047670948362,1.0000476757845396,4.836177458500401e-09
7.174067569223722e-05,1.000047309214622,1.0000473140211124,4.80649031686653e-09
7.184067569223722e-05,1.000046950225768,1.0000469550027424,4.776974371623055e-09
7.194067569223722e-05,1.000046593960971,1.000046598708601,4.747629844814583e-09
7.204067569223722e-05,1.00004624039956,1.0000462451180163,4.7184562923519024e-09
7.214067569223723e-05,1.000045889521022,1.0000458942104737,4.68945171583357e-09
7.224067569223723e-05,1.000045541304999,1.0000455459656143,4.660615449125771e-09
7.234067569223723e-05,1.000045195731287,1.000045200363234,4.6319470481392955e-09
7.244067569223723e-05,1.000044852779837,1.0000448573832814,4.603444514472699e-09
7.254067569223724e-05,1.000044512430749,1.0000445170058576,4.575108514259796e-09
7.264067569223724e-05,1.000044174664277,1.0000441792112147,4.546937715232957e-09
7.274067569223724e-05,1.000043839460824,1.0000438439797545,4.518930563079948e-09
7.284067569223724e-05,1.000043506800941,1.0000435112920276,4.491086613711559e-09
7.294067569223725e-05,1.000043176665327,1.0000431811287323,4.463405200993975e-09
7.304067569223725e-05,1.000042849034827,1.000042853470713,4.435886102882591e-09
7.314067569223725e-05,1.000042523890433,1.0000425282989598,4.408526876886754e-09
7.324067569223725e-05,1.00004220121328,1.0000422055946072,4.381327300961857e-09
7.334067569223725e-05,1.000041880984645,1.0000418853389321,4.3542871530632965e-09
7.344067569223726e-05,1.00004156318595,1.0000415675133543,4.327404212745023e-09
7.354067569223726e-05,1.000041247798755,1.0000412520994342,4.300679146140851e-09
7.364067569223726e-05,1.000040934804761,1.000040939078872,4.274111065072361e-09
7.374067569223726e-05,1.00004062418581,1.000040628433507,4.247697082959689e-09
7.384067569223727e-05,1.000040315923877,1.0000403201453165,4.221439420248885e-09
7.394067569223727e-05,1.000040010001079,1.0000400141964139,4.195334968315478e-09
7.404067569223727e-05,1.000039706399665,1.0000397105690486,4.169383505114865e-09
7.414067569223727e-05,1.000039405102021,1.0000394092456053,4.143584364513231e-09
7.424067569223728e-05,1.000039106090665,1.0000391102086017,4.117936658332155e-09
7.434067569223728e-05,1.000038809348248,1.000038813440688,4.092439942482429e-09
7.444067569223728e-05,1.000038514857554,1.0000385189246466,4.067092662651817e-09
7.454067569223728e-05,1.000038222601496,1.0000382266433903,4.0418941527065044e-09
7.464067569223729e-05,1.000037932563117,1.0000379365799617,4.016844634691097e-09
7.474067569223729e-05,1.000037644725589,1.0000376487175315,3.9919425542933595e-09
7.484067569223729e-05,1.000037359072212,1.0000373630393993,3.967187245379478e-09
7.49406756922373e-05,1.000037075586413,1.00003707952899,3.942576931592612e-09
7.50406756922373e-05,1.000036794251743,1.000036798169855,3.918112057021972e-09
7.51406756922373e-05,1.000036515051879,1.0000365189456706,3.893791511444533e-09
7.52406756922373e-05,1.000036237970623,1.000036241840237,3.869614184637271e-09
7.53406756922373e-05,1.000035962991897,1.000035966837477,3.845580076600186e-09
7.54406756922373e-05,1.000035690099748,1.0000356939214352,3.821687188931833e-09
7.554067569223731e-05,1.000035419278342,1.0000354230762782,3.797936187766027e-09
7.564067569223731e-05,1.000035150511966,1.0000351542862917,3.774325740835138e-09
7.574067569223731e-05,1.000034883785027,1.0000348875358813,3.750854293826933e-09
7.584067569223732e-05,1.000034619082049,1.0000346228095705,3.727521402652201e-09
7.594067569223732e-05,1.000034356387673,1.0000343600920005,3.7043275114001517e-09
7.604067569223732e-05,1.000034095686659,1.0000340993679293,3.6812703996247365e-09
7.614067569223732e-05,1.00003383696388,1.00003384062223,3.658350067325955e-09
7.624067569223733e-05,1.000033580204325,1.0000335838398906,3.6355656263253877e-09
7.634067569223733e-05,1.000033325393097,1.0000333290060135,3.6129164104892197e-09
7.644067569223733e-05,1.000033072515411,1.0000330761058134,3.590402419817451e-09
7.654067569223733e-05,1.000032821556597,1.0000328251246178,3.568020767730218e-09
7.664067569223734e-05,1.000032572502093,1.0000325760478654,3.5457723424059395e-09
7.674067569223734e-05,1.000032325337448,1.000032328861105,3.5236571438446163e-09
7.684067569223734e-05,1.000032080048324,1.0000320835499956,3.5016716193325692e-09
7.694067569223734e-05,1.000031836620487,1.0000318401003048,3.4798177672712427e-09
7.704067569223734e-05,1.000031595039814,1.000031598497908,3.4580940333484023e-09
7.714067569223735e-05,1.000031355292288,1.0000313587287881,3.436500195519443e-09
7.724067569223735e-05,1.000031117364,1.000031120779034,3.4150340333383156e-09
7.734067569223735e-05,1.000030881241144,1.0000308846348407,3.3936966570280447e-09
7.744067569223735e-05,1.000030646910022,1.0000306502825071,3.3724851800087663e-09
7.754067569223736e-05,1.000030414357036,1.0000304177084371,3.351401156592715e-09
7.764067569223736e-05,1.000030183568694,1.0000301868991373,3.330443254512261e-09
7.774067569223736e-05,1.000029954531606,1.0000299578412162,3.3096101414997747e-09
7.784067569223736e-05,1.000029727232484,1.0000297305213846,3.288900485287627e-09
7.794067569223737e-05,1.000029501658138,1.0000295049264536,3.268315618143447e-09
7.804067569223737e-05,1.000029277795482,1.000029281043335,3.2478530975765807e-09
7.814067569223737e-05,1.000029055631527,1.00002905885904,3.227512923587028e-09
7.824067569223737e-05,1.000028835153382,1.000028838360677,3.2072950961747893e-09
7.834067569223738e-05,1.000028616348256,1.0000286195354535,3.1871976169384197e-09
7.844067569223738e-05,1.000028399203453,1.0000284023706743,3.1672211520117344e-09
7.854067569223738e-05,1.000028183706375,1.000028186853739,3.1473641470824987e-09
7.864067569223738e-05,1.000027969844519,1.0000279729721446,3.127625713972293e-09
7.874067569223739e-05,1.000027757605476,1.0000277607134818,3.108005852681117e-09
7.884067569223739e-05,1.000027546976932,1.0000275500654356,3.0885036750305517e-09
7.894067569223739e-05,1.000027337946667,1.0000273410157852,3.069118070797572e-09
7.90406756922374e-05,1.000027130502552,1.0000271335524016,3.0498494840713875e-09
7.91406756922374e-05,1.000026924632552,1.0000269276632483,3.030696360539764e-09
7.92406756922374e-05,1.000026720324722,1.00002672333638,3.011658034068887e-09
7.93406756922374e-05,1.000026517567207,1.0000265205599421,2.992735170792571e-09
7.94406756922374e-05,1.000026316348245,1.0000263193221701,2.9739251061755567e-09
7.95406756922374e-05,1.00002611665616,1.0000261196113884,2.9552285063516592e-09
7.964067569223741e-05,1.000025918479367,1.0000259214160105,2.936643594964039e-09
7.974067569223741e-05,1.000025721806366,1.0000257247245372,2.918171260191116e-09
7.984067569223741e-05,1.000025526625747,1.0000255295255571,2.89981016976526e-09
7.994067569223742e-05,1.000025332926185,1.0000253358077453,2.8815603236864717e-09
8.004067569223742e-05,1.000025140696443,1.0000251435598624,2.8634192794640967e-09
8.014067569223742e-05,1.000024949925366,1.0000249527707545,2.8453885914103694e-09
8.024067569223742e-05,1.000024760601886,1.0000247634293529,2.8274669272576602e-09
8.034067569223743e-05,1.00002457271502,1.0000245755246722,2.80965206655992e-09
8.044067569223743e-05,1.000024386253864,1.0000243890458103,2.791946229763198e-09
8.054067569223743e-05,1.000024201207602,1.0000242039819485,2.7743465302876302e-09
8.064067569223743e-05,1.000024017565497,1.0000240203223496,2.7568525240440067e-09
8.074067569223743e-05,1.000023835316893,1.0000238380563582,2.7394650992107472e-09
8.084067569223744e-05,1.000023654451217,1.0000236571733994,2.7221822573864074e-09
8.094067569223744e-05,1.000023474957974,1.0000234776629788,2.705004886749407e-09
8.104067569223744e-05,1.000023296826751,1.0000232995146818,2.6879307668536967e-09
8.114067569223744e-05,1.000023120047212,1.0000231227181724,2.6709603417884864e-09
8.124067569223745e-05,1.000022944609101,1.0000229472631934,2.6540925013307515e-09
8.134067569223745e-05,1.000022770502238,1.0000227731395652,2.637327245480492e-09
8.144067569223745e-05,1.000022597716523,1.0000226003371855,2.6206625758362634e-09
8.154067569223745e-05,1.000022426241929,1.0000224288460287,2.6040996026210905e-09
8.164067569223746e-05,1.000022256068508,1.0000222586561454,2.5876374376565536e-09
8.174067569223746e-05,1.000022087186387,1.0000220897576613,2.5712743045858133e-09
8.184067569223746e-05,1.000021919585766,1.0000219221407773,2.555011313631894e-09
8.194067569223746e-05,1.000021753256922,1.000021755795769,2.5388469104825617e-09
8.204067569223747e-05,1.000021588190204,1.000021590712985,2.522781095137816e-09
8.214067569223747e-05,1.000021424376035,1.0000214268828476,2.5068125353300275e-09
8.224067569223747e-05,1.000021261804911,1.000021264295852,2.490941009014591e-09
8.234067569223747e-05,1.000021100467399,1.0000211029425647,2.4751658500576923e-09
8.244067569223748e-05,1.000020940354138,1.000020942813625,2.459487058459331e-09
8.254067569223748e-05,1.000020781455839,1.0000207838997424,2.4439033019518774e-09
8.264067569223748e-05,1.000020623763282,1.0000206261916966,2.428414580535332e-09
8.274067569223748e-05,1.000020467267318,1.0000204696803383,2.4130202280758795e-09
8.284067569223749e-05,1.000020311958867,1.0000203143565867,2.3977195784397054e-09
8.294067569223749e-05,1.000020157828918,1.0000201602114303,2.3825121875376e-09
8.304067569223749e-05,1.000020004868528,1.000020007235926,2.367398055369563e-09
8.314067569223749e-05,1.000019853068823,1.0000198554211983,2.352375405578755e-09
8.32406756922375e-05,1.000019702420995,1.0000197047584396,2.337444682254386e-09
8.33406756922375e-05,1.000019552916304,1.0000195552389084,2.3226043310842215e-09
8.34406756922375e-05,1.000019404546075,1.0000194068539303,2.307855240246681e-09
8.35406756922375e-05,1.000019257301699,1.000019259594896,2.2931969656525553e-09
8.36406756922375e-05,1.000019111174634,1.0000191134532619,2.278627952989609e-09
8.374067569223751e-05,1.000018966156402,1.0000189684205492,2.2641470920348183e-09
8.384067569223751e-05,1.000018822238588,1.0000188244883434,2.2497554930112074e-09
8.394067569223751e-05,1.000018679412842,1.0000186816482939,2.2354518236511467e-09
8.404067569223752e-05,1.000018537670877,1.0000185398921135,2.221236528043846e-09
8.414067569223752e-05,1.00001839700447,1.0000183992115776,2.2071076077878615e-09
8.424067569223752e-05,1.00001825740546,1.0000182595985245,2.193064618793983e-09
8.434067569223752e-05,1.000018118865746,1.000018121044854,2.17910800515142e-09
8.444067569223752e-05,1.00001798137729,1.0000179835425274,2.165237322770963e-09
8.454067569223753e-05,1.000017844932116,1.0000178470835674,2.1514514614295877e-09
8.464067569223753e-05,1.000017709522307,1.0000177116600566,2.137749532948874e-09
8.474067569223753e-05,1.000017575140006,1.0000175772641382,2.1241322034626364e-09
8.484067569223753e-05,1.000017441777416,1.000017443888015,2.1105990288816656e-09
8.494067569223754e-05,1.0000173094268,1.0000173115239483,2.097148454893727e-09
8.504067569223754e-05,1.000017178080479,1.0000171801642592,2.0837802594542154e-09
8.514067569223754e-05,1.000017047730832,1.0000170498013263,2.070494220518526e-09
8.524067569223754e-05,1.000016918370296,1.0000169204275862,2.0572901160420543e-09
8.534067569223755e-05,1.000016789991366,1.0000167920355327,2.044166835801775e-09
8.544067569223755e-05,1.000016662586593,1.0000166646177169,2.0311239357084787e-09
8.554067569223755e-05,1.000016536148584,1.0000165381667465,2.01816252598519e-09
8.564067569223755e-05,1.000016410670005,1.0000164126752848,2.0052799420966494e-09
8.574067569223756e-05,1.000016286143575,1.0000162881360515,1.9924764060874622e-09
8.584067569223756e-05,1.000016162562068,1.0000161645418204,1.9797523620468382e-09
8.594067569223756e-05,1.000016039918315,1.0000160418854216,1.9671066997517528e-09
8.604067569223756e-05,1.0000159182052,1.0000159201597383,1.9545383089791812e-09
8.614067569223757e-05,1.00001579741566,1.0000157993577083,1.9420482999521482e-09
8.624067569223757e-05,1.000015677542689,1.000015679472323,1.9296340081353947e-09
8.634067569223757e-05,1.00001555857933,1.000015560496627,1.917296987841155e-09
8.644067569223757e-05,1.000015440518681,1.0000154424237175,1.9050365729356145e-09
8.654067569223758e-05,1.000015323353893,1.0000153252467443,1.8928512091065386e-09
8.664067569223758e-05,1.000015207078167,1.000015208958909,1.880742006576952e-09
8.674067569223758e-05,1.000015091684758,1.0000150935534644,1.8687063008115956e-09
8.684067569223758e-05,1.00001497716697,1.0000149790237156,1.8567456461227039e-09
8.694067569223759e-05,1.000014863518158,1.0000148653630174,1.844859376376462e-09
8.704067569223759e-05,1.00001475073173,1.0000147525647756,1.8330454931714257e-09
8.714067569223759e-05,1.00001463880114,1.0000146406224457,1.8213057728644344e-09
8.724067569223759e-05,1.000014527719896,1.0000145295295333,1.809637328875624e-09
8.73406756922376e-05,1.000014417481551,1.000014419279593,1.798041937561834e-09
8.74406756922376e-05,1.000014308079709,1.0000143098662282,1.7865191548338544e-09
8.75406756922376e-05,1.000014199508025,1.000014201283091,1.7750660941118213e-09
8.76406756922376e-05,1.000014091760197,1.0000140935238817,1.763684753797179e-09
8.77406756922376e-05,1.000013984829974,1.0000139865823483,1.7523742457115077e-09
8.784067569223761e-05,1.000013878711153,1.0000138804522865,1.741133459631783e-09
8.794067569223761e-05,1.000013773397576,1.0000137751275384,1.7299623955580046e-09
8.804067569223761e-05,1.000013668883133,1.0000136706019938,1.7188608314455678e-09
8.814067569223761e-05,1.00001356516176,1.0000135668695878,1.707827657071448e-09
8.824067569223762e-05,1.000013462227439,1.0000134639243026,1.6968635385694597e-09
8.834067569223762e-05,1.000013360074198,1.0000133617601652,1.6859671436719736e-09
8.844067569223762e-05,1.00001325869611,1.0000132603712484,1.6751384723789897e-09
8.854067569223762e-05,1.000013158087293,1.0000131597516697,1.6643766365120882e-09
8.864067569223763e-05,1.00001305824191,1.0000130598955914,1.6536814140266642e-09
8.874067569223763e-05,1.000012959154166,1.0000129607972204,1.6430543592349522e-09
8.884067569223763e-05,1.000012860818315,1.000012862450807,1.6324919194232734e-09
8.894067569223763e-05,1.000012763228649,1.000012764850645,1.6219958709484672e-09
8.904067569223764e-05,1.000012666379508,1.0000126679910721,1.6115642154090892e-09
8.914067569223764e-05,1.000012570265271,1.0000125718664692,1.601198285072769e-09
8.924067569223764e-05,1.000012474880362,1.0000124764712586,1.5908965256272722e-09
8.934067569223764e-05,1.000012380219247,1.000012381799906,1.5806589370725987e-09
8.944067569223765e-05,1.000012286276433,1.0000122878469189,1.5704859634979584e-09
8.954067569223765e-05,1.000012193046471,1.0000121946068463,1.560375384457302e-09
8.964067569223765e-05,1.00001210052395,1.0000121020742785,1.5503285322182592e-09
8.974067569223765e-05,1.000012008703504,1.0000120102438468,1.5403427422455707e-09
8.984067569223766e-05,1.000011917579803,1.0000119191102237,1.5304206790744956e-09
8.994067569223766e-05,1.000011827147562,1.0000118286681219,1.52055990021438e-09
9.004067569223766e-05,1.000011737401532,1.0000117389122938,1.510761737932853e-09
9.014067569223766e-05,1.000011648336509,1.000011649837532,1.5010230836054461e-09
9.024067569223767e-05,1.000011559947322,1.0000115614386689,1.4913468238120231e-09
9.034067569223767e-05,1.000011472228846,1.0000114737105754,1.4817294058389052e-09
9.044067569223767e-05,1.000011385175989,1.0000113866481621,1.4721730501321417e-09
9.054067569223767e-05,1.000011298783701,1.0000113002463775,1.462676424424103e-09
9.064067569223768e-05,1.00001121304697,1.000011214500209,1.4532388625809745e-09
9.074067569223768e-05,1.000011127960821,1.0000111294046814,1.443860364602756e-09
9.084067569223768e-05,1.000011043520318,1.000011044954858,1.4345400423110277e-09
9.094067569223768e-05,1.00001095972056,1.0000109611458392,1.4252792279734194e-09
9.104067569223769e-05,1.000010876556687,1.0000108779727626,1.4160754790992769e-09
9.114067569223769e-05,1.000010794023873,1.0000107954308024,1.4069294618224149e-09
9.124067569223769e-05,1.000010712117329,1.00001071351517,1.3978409540982284e-09
9.134067569223769e-05,1.000010630832303,1.0000106322211124,1.3888095118375077e-09
9.14406756922377e-05,1.00001055016408,1.0000105515439135,1.3798335807280182e-09
9.15406756922377e-05,1.000010470107978,1.0000104714788924,1.3709144930373895e-09
9.16406756922377e-05,1.000010390659352,1.0000103920214043,1.3620522487656217e-09
9.17406756922377e-05,1.000010311813594,1.0000103131668385,1.3532446274666654e-09
9.18406756922377e-05,1.000010233566128,1.0000102349106208,1.3444927393635453e-09
9.194067569223771e-05,1.000010155912415,1.0000101572482103,1.3357952521886318e-09
9.204067569223771e-05,1.000010078847949,1.0000100801751015,1.3271526100311348e-09
9.214067569223771e-05,1.000010002368259,1.000010003686823,1.3185639247126346e-09
9.224067569223771e-05,1.000009926468908,1.0000099277789367,1.3100287521439213e-09
9.234067569223772e-05,1.00000985114549,1.0000098524470387,1.3015486466372295e-09
9.244067569223772e-05,1.000009776393638,1.0000097776867585,1.29312049956809e-09
9.254067569223772e-05,1.000009702209013,1.0000097034937587,1.2847456432041326e-09
9.264067569223772e-05,1.000009628587311,1.0000096298637347,1.2764236334561474e-09
9.274067569223773e-05,1.000009555524261,1.0000095567924148,1.2681538041903195e-09
9.284067569223773e-05,1.000009483015623,1.0000094842755591,1.259936155406649e-09
9.294067569223773e-05,1.000009411057191,1.000009412308961,1.2517697989267162e-09
9.304067569223773e-05,1.000009339644789,1.0000093408884445,1.243655400884336e-09
9.314067569223774e-05,1.000009268774275,1.0000092700098664,1.2355914069672735e-09
9.324067569223774e-05,1.000009198441535,1.0000091996691145,1.2275795935323686e-09
9.334067569223774e-05,1.000009128642491,1.0000091298621072,1.2196161858213372e-09
9.344067569223774e-05,1.000009059373091,1.000009060584795,1.2117040704140436e-09
9.354067569223775e-05,1.000008990629317,1.0000089918331587,1.2038416929982532e-09
9.364067569223775e-05,1.00000892240718,1.000008923603209,1.196029053573966e-09
9.374067569223775e-05,1.000008854702721,1.0000088558909874,1.1882663741857868e-09
9.384067569223775e-05,1.000008787512014,1.0000087886925657,1.1805516564322716e-09
9.394067569223776e-05,1.000008720831159,1.000008722004045,1.1728860105364447e-09
9.404067569223776e-05,1.000008654656288,1.0000086558215562,1.1652681042306767e-09
9.414067569223776e-05,1.000008588983561,1.0000085901412594,1.1576983816041775e-09
9.424067569223776e-05,1.000008523809168,1.0000085249593444,1.1501763985677371e-09
9.434067569223777e-05,1.000008459129327,1.000008460272029,1.1427019330767507e-09
9.444067569223777e-05,1.000008394940285,1.0000083960755604,1.1352754292204281e-09
9.454067569223777e-05,1.000008331238319,1.000008332366214,1.127894888597325e-09
9.464067569223777e-05,1.000008268019732,1.0000082691402936,1.120561643475071e-09
9.474067569223778e-05,1.000008205280857,1.000008206394131,1.1132739174968265e-09
9.484067569223778e-05,1.000008143018052,1.0000081441240856,1.106033487019431e-09
9.494067569223778e-05,1.000008081227707,1.0000080823265447,1.0988376875076256e-09
9.504067569223778e-05,1.000008019906235,1.000008020997923,1.0916880732736445e-09
9.514067569223778e-05,1.000007959050079,1.0000079601346623,1.0845833120498583e-09
9.524067569223779e-05,1.000007898655707,1.0000078997332316,1.0775245140592915e-09
9.534067569223779e-05,1.000007838719617,1.0000078397901264,1.070509458855895e-09
9.544067569223779e-05,1.00000777923833,1.000007780301869,1.0635390346180884e-09
9.55406756922378e-05,1.000007720208395,1.0000077212650078,1.056612797256662e-09
9.56406756922378e-05,1.000007661626388,1.0000076626761178,1.0497298585931958e-09
9.57406756922378e-05,1.000007603488909,1.0000076045317998,1.0428908847615048e-09
9.58406756922378e-05,1.000007545792585,1.0000075468286804,1.0360954316723792e-09
9.59406756922378e-05,1.000007488534068,1.000007489563412,1.0293439434150287e-09
9.60406756922378e-05,1.000007431710038,1.0000074327326716,1.0226335334095893e-09
9.614067569223781e-05,1.000007375317196,1.0000073763331625,1.0159664221021103e-09
9.624067569223781e-05,1.00000731935227,1.0000073203616122,1.0093421654033818e-09
9.634067569223781e-05,1.000007263812015,1.0000072648147738,1.0027587649119596e-09
9.644067569223782e-05,1.000007208693206,1.0000072096894241,9.962182190292879e-10
9.654067569223782e-05,1.000007153992646,1.000007154982365,9.897189734431322e-10
9.664067569223782e-05,1.000007099707162,1.0000071006904228,9.832608061088877e-10
9.674067569223782e-05,1.000007045833603,1.0000070468104474,9.76844383160369e-10
9.684067569223783e-05,1.000006992368845,1.0000069933393125,9.70467484151527e-10
9.694067569223783e-05,1.000006939309785,1.0000069402739162,9.641312193053864e-10
9.704067569223783e-05,1.000006886653343,1.0000068876111798,9.578369208895765e-10
9.714067569223783e-05,1.000006834396467,1.0000068353480476,9.515805921012088e-10
9.724067569223784e-05,1.000006782536123,1.0000067834814876,9.453646754309375e-10
9.734067569223784e-05,1.000006731069302,1.0000067320084907,9.391887267895527e-10
9.744067569223784e-05,1.000006679993018,1.0000066809260704,9.330523020878445e-10
9.754067569223784e-05,1.000006629304309,1.0000066302312631,9.269540690581834e-10
9.764067569223785e-05,1.000006579000232,1.0000065799211275,9.20895582012804e-10
9.774067569223785e-05,1.00000652907787,1.0000065299927448,9.148748425502617e-10
9.784067569223785e-05,1.000006479534325,1.000006480443218,9.088929608935814e-10
9.794067569223785e-05,1.000006430366724,1.0000064312696728,9.029488268197383e-10
9.804067569223786e-05,1.000006381572213,1.000006382469256,8.970428844179423e-10
9.814067569223786e-05,1.000006333147962,1.0000063340391363,8.911742455097738e-10
9.824067569223786e-05,1.00000628509116,1.0000062859765038,8.853437982736523e-10
9.834067569223786e-05,1.000006237399021,1.0000062382785702,8.795491002189237e-10
9.844067569223787e-05,1.000006190068775,1.0000061909425682,8.737932599700571e-10
9.854067569223787e-05,1.000006143097679,1.0000061439657513,8.680722807241636e-10
9.864067569223787e-05,1.000006096483005,1.000006097345394,8.623888270165025e-10
9.874067569223787e-05,1.00000605022205,1.0000060510787916,8.567415665794442e-10
9.884067569223787e-05,1.000006004312129,1.0000060051632598,8.511307214575936e-10
9.894067569223788e-05,1.00000595875058,1.0000059595961346,8.455545152941113e-10
9.904067569223788e-05,1.000005913534758,1.0000059143747724,8.400142803566268e-10
9.914067569223788e-05,1.000005868662039,1.0000058694965492,8.345102386897452e-10
9.924067569223788e-05,1.000005824129821,1.000005824958862,8.290408359812318e-10
9.934067569223789e-05,1.00000577993552,1.000005780759126,8.236060722310867e-10
9.944067569223789e-05,1.000005736076571,1.0000057368947775,8.182063915285198e-10
9.954067569223789e-05,1.00000569255043,1.000005693363271,8.128411277397163e-10
9.96406756922379e-05,1.000005649354571,1.0000056501620815,8.075105029092811e-10
9.97406756922379e-05,1.000005606486488,1.000005607288702,8.022140729480043e-10
9.98406756922379e-05,1.000005563943694,1.0000055647406454,7.969513937666761e-10
9.99406756922379e-05,1.000005521723721,1.0000055225154432,7.917222433206916e-10
0.0001000406756922379,1.000005479824119,1.0000054806106453,7.865263995654459e-10
0.0001001406756922379,1.000005438242457,1.0000054390238207,7.81363640456334e-10
0.0001002406756922379,1.000005396976322,1.0000053977525565,7.762344100825658e-10
0.0001003406756922379,1.00000535602332,1.0000053567944582,7.711382643549314e-10
0.0001004406756922379,1.000005315381076,1.0000053161471496,7.660736489611963e-10
0.0001005406756922379,1.00000527504723,1.0000052758082725,7.61042562302805e-10
0.0001006406756922379,1.000005235019443,1.0000052357754865,7.560434500675228e-10
0.0001007406756922379,1.000005195295393,1.0000051960464689,7.5107586816614e-10
0.0001008406756922379,1.000005155872774,1.0000051566189148,7.461407047770763e-10
0.0001009406756922379,1.000005116749299,1.0000051174905364,7.412375158111217e-10
0.0001010406756922379,1.000005077922699,1.000005078659064,7.363649690006469e-10
0.0001011406756922379,1.00000503939072,1.0000050401222442,7.315241745686762e-10
0.0001012406756922379,1.000005001151127,1.0000050018778417,7.267146884260001e-10
0.0001013406756922379,1.000004963201702,1.0000049639236372,7.219351783049888e-10
0.0001014406756922379,1.000004925540242,1.000004926257429,7.171871985178768e-10
0.0001015406756922379,1.000004888164562,1.0000048888770317,7.124696388416396e-10
0.0001016406756922379,1.000004851072495,1.0000048517802764,7.077813890532525e-10
0.0001017406756922379,1.000004814261887,1.000004814965011,7.0312400346495e-10
0.0001018406756922379,1.000004777730602,1.0000047784290995,6.98497482076732e-10
0.000101940675692238,1.000004741476523,1.0000047421704221,6.938991603533395e-10
0.000102040675692238,1.000004705497544,1.0000047061868753,6.893312587408218e-10
0.000102140675692238,1.000004669791579,1.0000046704763714,6.847924449715492e-10
0.000102240675692238,1.000004634356555,1.0000046350368383,6.802833851793366e-10
0.000102340675692238,1.000004599190418,1.0000045998662201,6.758020809627396e-10
0.000102440675692238,1.000004564291126,1.0000045649624765,6.713505307232026e-10
0.000102540675692238,1.000004529656654,1.0000045303235818,6.669278462823058e-10
0.000102640675692238,1.000004495284994,1.000004495947527,6.625329174170247e-10
0.000102740675692238,1.000004461174151,1.0000044618323174,6.58166410261174e-10
0.000102840675692238,1.000004427322145,1.0000044279759734,6.538285468593585e-10
0.000102940675692238,1.000004393727013,1.0000043943765313,6.495182169885538e-10
0.000103040675692238,1.000004360386806,1.0000043610320415,6.452354206487598e-10
0.000103140675692238,1.000004327299589,1.0000043279405693,6.409801578399765e-10
0.000103240675692238,1.000004294463442,1.0000042951001948,6.367528726514138e-10
0.000103340675692238,1.00000426187646,1.000004262509013,6.325531209938617e-10
0.000103440675692238,1.000004229536753,1.0000042301651326,6.283795705996909e-10
0.000103540675692238,1.000004197442444,1.0000041980666774,6.242333316919257e-10
0.000103640675692238,1.000004165591671,1.000004166211785,6.201139601813566e-10
0.000103740675692238,1.000004133982586,1.000004134598607,6.160210119787735e-10
0.000103840675692238,1.000004102613355,1.0000041032253097,6.119547091287814e-10
0.000103940675692238,1.000004071482159,1.0000040720900727,6.079137193637507e-10
0.000104040675692238,1.00000404058719,1.0000040411910898,6.038998190405209e-10
0.000104140675692238,1.000004009926656,1.0000040105265677,5.999116758914624e-10
0.000104240675692238,1.000003979498779,1.000003980094728,5.959490678719703e-10
0.000104340675692238,1.000003949301792,1.0000039498938047,5.920126611158594e-10
0.000104440675692238,1.000003919333945,1.0000039199220458,5.881009013108951e-10
0.000104540675692238,1.000003889593498,1.0000038901777124,5.842144545908923e-10
0.000104640675692238,1.000003860078725,1.0000038606590786,5.803535430004558e-10
0.000104740675692238,1.000003830787915,1.000003831364432,5.765168342719562e-10
0.000104840675692238,1.000003801719367,1.000003802292073,5.727058827176279e-10
0.000104940675692238,1.000003772871396,1.0000037734403147,5.689186899360266e-10
0.000105040675692238,1.000003744242326,1.0000037448074832,5.651572543285965e-10
0.000105140675692238,1.000003715830498,1.0000037163919173,5.614193554492886e-10
0.000105240675692238,1.000003687634263,1.0000036881919687,5.577056594319174e-10
0.000105340675692238,1.000003659651985,1.000003660206001,5.540159442318782e-10
0.000105440675692238,1.00000363188204,1.0000036324323907,5.503506539383807e-10
0.000105540675692238,1.000003604322818,1.000003604869526,5.467080121945855e-10
0.000105640675692238,1.000003576972718,1.0000035775158083,5.43090239446542e-10
0.000105740675692238,1.000003549830156,1.0000035503696503,5.394942270697811e-10
0.000105840675692238,1.000003522893554,1.000003523429477,5.359230836887718e-10
0.000105940675692238,1.000003496161352,1.0000034966937257,5.323737006790452e-10
0.000106040675692238,1.000003469631996,1.000003470160845,5.288489646204653e-10
0.0001061406756922381,1.00000344330395,1.0000034438292953,5.253453227993532e-10
0.0001062406756922381,1.000003417175684,1.0000034176975494,5.218654397509681e-10
0.0001063406756922381,1.000003391245682,1.000003391764091,5.184088713861001e-10
0.0001064406756922381,1.000003365512442,1.0000033660274152,5.149731752140951e-10
0.0001065406756922381,1.000003339974469,1.0000033404860293,5.115603496363974e-10
0.0001066406756922381,1.000003314630281,1.000003315138451,5.08170172608402e-10
0.0001067406756922381,1.000003289478409,1.00000328998321,5.048010898178745e-10
0.0001068406756922381,1.000003264517393,1.000003265018847,5.014539894432346e-10
0.0001069406756922381,1.000003239745784,1.0000032402439132,4.981290935290872e-10
0.0001070406756922381,1.000003215162145,1.0000032156569711,4.948261800308273e-10
0.0001071406756922381,1.000003190765051,1.0000031912565948,4.915436946362206e-10
0.0001072406756922381,1.000003166553085,1.0000031670413683,4.882831916575014e-10
0.0001073406756922381,1.000003142524843,1.0000031430098866,4.850435608716452e-10
0.0001074406756922381,1.000003118678931,1.0000031191607557,4.818245802340471e-10
0.0001075406756922381,1.000003095013964,1.0000030954925918,4.786278040569414e-10
0.0001076406756922381,1.00000307152857,1.0000030720040216,4.754516780280937e-10
0.0001077406756922381,1.000003048221388,1.0000030486936826,4.722946478352696e-10
0.0001078406756922381,1.000003025091063,1.0000030255602221,4.691591559691233e-10
0.0001079406756922381,1.000003002136254,1.0000030026022981,4.6604409220663e-10
0.0001080406756922381,1.00000297935563,1.0000029798185788,4.629487904139751e-10
0.0001081406756922381,1.000002956747867,1.000002957207742,4.5987502694799787e-10
0.0001082406756922381,1.000002934311656,1.000002934768476,4.5681991522883436e-10
0.0001083406756922381,1.000002912045694,1.000002912499479,4.5378500956871903e-10
0.0001084406756922381,1.000002889948689,1.0000028903994589,4.5076986587844203e-10
0.0001085406756922381,1.000002868019359,1.0000028684671336,4.477747062026083e-10
0.0001086406756922381,1.000002846256433,1.0000028467012307,4.447977541843784e-10
0.0001087406756922381,1.000002824658646,1.000002825100487,4.418410082251967e-10
0.0001088406756922381,1.000002803224746,1.00000280366365,4.3890380219124836e-10
0.0001089406756922381,1.000002781953489,1.0000027823894753,4.3598635812713837e-10
0.0001090406756922381,1.000002760843642,1.0000027612767286,4.330866776314224e-10
0.0001091406756922381,1.000002739893979,1.0000027403241856,4.302065370609398e-10
0.0001092406756922381,1.000002719103285,1.00000271953063,4.2734504823727093e-10
0.0001093406756922381,1.000002698470354,1.0000026988948558,4.245017670712059e-10
0.0001094406756922381,1.000002677993989,1.000002678415666,4.2167691560734966e-10
0.0001095406756922381,1.000002657673,1.0000026580918717,4.1887182611333174e-10
0.0001096406756922381,1.000002637506211,1.0000026379222944,4.160833899646832e-10
0.0001097406756922381,1.000002617492449,1.0000026179057635,4.1331449374126805e-10
0.0001098406756922381,1.000002597630555,1.000002598041118,4.1056291699703706e-10
0.0001099406756922381,1.000002577919376,1.000002578327205,4.078291038212001e-10
0.0001100406756922381,1.000002558357767,1.0000025587628814,4.0511438648138665e-10
0.0001101406756922381,1.000002538944595,1.0000025393470113,4.024163224869426e-10
0.0001102406756922382,1.000002519678733,1.000002520078469,3.9973602206089254e-10
0.0001103406756922382,1.000002500559063,1.000002500956136,3.9707304111402664e-10
0.0001104406756922382,1.000002481584475,1.0000024819789033,3.944282678247646e-10
0.0001105406756922382,1.00000246275387,1.0000024631456694,3.9179948174705714e-10
0.0001106406756922382,1.000002444066153,1.0000024444553421,3.891891253715585e-10
0.0001107406756922382,1.000002425520242,1.0000024259068367,3.865947562076144e-10
0.0001108406756922382,1.000002407115059,1.0000024074990774,3.8401837265666927e-10
0.0001109406756922382,1.000002388849537,1.000002389230996,3.8145886449569844e-10
0.0001110406756922382,1.000002370722617,1.0000023711015325,3.789153435462822e-10
0.0001111406756922382,1.000002352733246,1.0000023531096351,3.763891420760501e-10
0.0001112406756922382,1.000002334880382,1.0000023352542602,3.7387826168355787e-10
0.0001113406756922382,1.000002317162987,1.0000023175343717,3.7138470077024976e-10
0.0001114406756922382,1.000002299580034,1.0000022999489417,3.6890779320231104e-10
0.0001115406756922382,1.000002282130503,1.0000022824969497,3.66446650801322e-10
0.0001116406756922382,1.000002264813382,1.0000022651773832,3.640012735672826e-10
0.0001117406756922382,1.000002247627665,1.0000022479892374,3.615723276340077e-10
0.0001118406756922382,1.000002230572356,1.000002230931515,3.5915914686768247e-10
0.0001119406756922382,1.000002213646465,1.0000022140032268,3.567617312683069e-10
0.0001120406756922382,1.00000219684901,1.0000021972033901,3.54380080835881e-10
0.0001121406756922382,1.000002180179016,1.0000021805310304,3.5201441761500973e-10
0.0001122406756922382,1.000002163635517,1.0000021639851804,3.496634093380635e-10
0.0001123406756922382,1.000002147217552,1.0000021475648802,3.4732816622806695e-10
0.0001124406756922382,1.000002130924168,1.000002131269177,3.45008910329625e-10
0.0001125406756922382,1.000002114754421,1.0000021150971254,3.42704531419713e-10
0.0001126406756922382,1.000002098707373,1.0000020990477874,3.4041436336451625e-10
0.0001127406756922382,1.000002082782091,1.0000020831202316,3.3814062661008393e-10
0.0001128406756922382,1.000002066977653,1.000002067313534,3.358808786657619e-10
0.0001129406756922382,1.000002051293141,1.0000020516267771,3.3363622975457474e-10
0.0001130406756922382,1.000002035727646,1.0000020360590516,3.314055696534979e-10
0.0001131406756922382,1.000002020280263,1.0000020206094535,3.2919045267476577e-10
0.0001132406756922382,1.000002004950098,1.000002005277087,3.26989102461539e-10
0.0001133406756922382,1.00000198973626,1.0000019900610626,3.248026292368422e-10
0.0001134406756922382,1.000001974637866,1.000001974960497,3.226308109560705e-10
0.0001135406756922382,1.000001959654041,1.0000019599745142,3.2047320353001396e-10
0.0001136406756922382,1.000001944783915,1.0000019451022453,3.183302510478825e-10
0.0001137406756922382,1.000001930026626,1.0000019303428267,3.162006212420465e-10
0.0001138406756922382,1.000001915381318,1.0000019156954025,3.1408453615711096e-10
0.0001139406756922382,1.00000190084714,1.000001901159123,3.1198310601610046e-10
0.0001140406756922382,1.000001886423249,1.0000018867331446,3.0989566468520025e-10
0.0001141406756922382,1.000001872108809,1.0000018724166302,3.078211019413857e-10
0.0001142406756922382,1.000001857902989,1.0000018582087495,3.057605280076814e-10
0.0001143406756922383,1.000001843804964,1.0000018441086782,3.037141649286923e-10
0.0001144406756922383,1.000001829813918,1.000001830115598,3.016800143029741e-10
0.0001145406756922383,1.000001815929037,1.0000018162286972,2.99660296576576e-10
0.0001146406756922383,1.000001802149517,1.0000018024471702,2.9765323539265864e-10
0.0001147406756922383,1.000001788474558,1.000001788770217,2.9565905279582694e-10
0.0001148406756922383,1.000001774903366,1.0000017751970447,2.936786369645006e-10
0.0001149406756922383,1.000001761435154,1.0000017617268653,2.917113217648648e-10
0.0001150406756922383,1.000001748069141,1.0000017483588977,2.8975666310770976e-10
0.0001151406756922383,1.00000173480455,1.0000017350923658,2.8781577121606006e-10
0.0001152406756922383,1.000001721640614,1.0000017219265005,2.8588642564386646e-10
0.0001153406756922383,1.000001708576567,1.0000017088605375,2.839706247925733e-10
0.0001154406756922383,1.000001695611652,1.000001695893719,2.82067036394551e-10
0.0001155406756922383,1.000001682745117,1.0000016830252927,2.801756604497996e-10
0.0001156406756922383,1.000001669976214,1.0000016702545118,2.782978292259486e-10
0.0001157406756922383,1.000001657304204,1.0000016575806354,2.764313222769488e-10
0.0001158406756922383,1.000001644728351,1.0000016450029283,2.7457724982582477e-10
0.0001159406756922383,1.000001632247925,1.0000016325206609,2.727358339171815e-10
0.0001160406756922383,1.000001619862202,1.0000016201331088,2.70906852506414e-10
0.0001161406756922383,1.000001607570464,1.000001607839553,2.6908897332589277e-10
0.0001162406756922383,1.000001595371998,1.000001595639281,2.6728286250943256e-10
0.0001163406756922383,1.000001583266095,1.0000015835315843,2.654894082354531e-10
0.0001164406756922383,1.000001571252053,1.0000015715157609,2.6370794437013956e-10
0.0001165406756922383,1.000001559329176,1.0000015595911131,2.6193713864586243e-10
0.0001166406756922383,1.00000154749677,1.0000015477569497,2.601796555978808e-10
0.0001167406756922383,1.000001535754151,1.0000015360125838,2.584328306909356e-10
0.0001168406756922383,1.000001524100636,1.0000015243573341,2.5669821823726124e-10
0.0001169406756922383,1.00000151253555,1.0000015127905242,2.549742639246233e-10
0.0001170406756922383,1.000001501058221,1.0000015013114834,2.532623000206513e-10
0.0001171406756922383,1.000001489667984,1.000001489919545,2.515609942577157e-10
0.0001172406756922383,1.000001478364178,1.000001478614049,2.498710127696313e-10
0.0001173406756922383,1.000001467146146,1.0000014673943387,2.481927996456079e-10
0.0001174406756922383,1.000001456013239,1.0000014562597637,2.4652457852880616e-10
0.0001175406756922383,1.000001444964809,1.0000014452096775,2.448685698652753e-10
0.0001176406756922383,1.000001434000217,1.0000014342434393,2.432223311643611e-10
0.0001177406756922383,1.000001423118825,1.000001423360413,2.4158808287211286e-10
0.0001178406756922383,1.000001412320003,1.000001412559967,2.399640486316912e-10
0.0001179406756922383,1.000001401603124,1.0000014018414745,2.38350450487701e-10
0.0001180406756922383,1.000001390967566,1.000001391204314,2.3674795457395703e-10
0.0001181406756922383,1.000001380412712,1.000001380647868,2.351561168012495e-10
0.0001182406756922383,1.00000136993795,1.0000013701715242,2.3357427103576356e-10
0.0001183406756922383,1.000001359542671,1.000001359774675,2.3200397158973374e-10
0.0001184406756922384,1.000001349226274,1.0000013494567168,2.3044277597250584e-10
0.0001185406756922384,1.000001338988158,1.0000013392170515,2.288935707639439e-10
0.0001186406756922384,1.000001328827731,1.0000013290550844,2.2735346938418388e-10
0.0001187406756922384,1.000001318744403,1.0000013189702261,2.2582313796704057e-10
0.0001188406756922384,1.000001308737588,1.000001308961892,2.243039087801435e-10
0.0001189406756922384,1.000001298806707,1.0000012990295009,2.2279378342204836e-10
0.0001190406756922384,1.000001288951182,1.0000012891724765,2.2129453824959455e-10
0.0001191406756922384,1.000001279170442,1.0000012793902473,2.1980528508436237e-10
0.0001192406756922384,1.00000126946392,1.0000012696822456,2.1832557983714196e-10
0.0001193406756922384,1.000001259831053,1.000001260047908,2.1685497841872348e-10
0.0001194406756922384,1.000001250271281,1.0000012504866758,2.1539481309673647e-10
0.0001195406756922384,1.00000124078405,1.000001240997994,2.1394397364815632e-10
0.0001196406756922384,1.000001231368809,1.0000012315813123,2.125033482514027e-10
0.0001197406756922384,1.000001222025013,1.0000012222360843,2.1107138259424119e-10
0.0001198406756922384,1.000001212752118,1.0000012129617677,2.096496309889062e-10
0.0001199406756922384,1.000001203549588,1.0000012037578248,2.0823676116776824e-10
0.0001200406756922384,1.000001194416887,1.000001194623721,2.0683410539845681e-10
0.0001201406756922384,1.000001185353487,1.000001185558927,2.0544010936873747e-10
0.0001202406756922384,1.000001176358861,1.0000011765629164,2.0405543921242497e-10
0.0001203406756922384,1.000001167432487,1.0000011676351674,2.0268053901872918e-10
0.0001204406756922384,1.000001158573848,1.0000011587751623,2.0131429856462546e-10
0.0001205406756922384,1.00000114978243,1.0000011499823867,1.9995671785011382e-10
0.0001206406756922384,1.000001141057722,1.0000011412563306,1.9860846300900903e-10
0.0001207406756922384,1.000001132399218,1.0000011325964877,1.9726975608591601e-10
0.0001208406756922384,1.000001123806417,1.0000011240023556,1.9593859867939045e-10
0.0001209406756922384,1.000001115278818,1.0000011154734358,1.9461787736929637e-10
0.0001210406756922384,1.000001106815929,1.0000011070092334,1.933044835311648e-10
0.0001211406756922384,1.000001098417257,1.0000010986092573,1.920004155664401e-10
0.0001212406756922384,1.000001090082315,1.00000109027302,1.9070500734130746e-10
0.0001213406756922384,1.00000108181062,1.000001082000038,1.8941803681116198e-10
0.0001214406756922384,1.000001073601691,1.0000010737898315,1.8814039215442335e-10
0.0001215406756922384,1.000001065455053,1.0000010656419238,1.8687074110346202e-10
0.0001216406756922384,1.000001057370233,1.0000010575558425,1.8560952774748785e-10
0.0001217406756922384,1.000001049346762,1.000001049531118,1.8435608595268604e-10
0.0001218406756922384,1.000001041384174,1.0000010415672853,1.8311130389747632e-10
0.0001219406756922384,1.000001033482007,1.000001033663882,1.8187495953725374e-10
0.0001220406756922384,1.000001025639803,1.0000010258204497,1.8064660878280847e-10
0.0001221406756922384,1.000001017857106,1.0000010180365333,1.7942736185716512e-10
0.0001222406756922384,1.000001010133466,1.0000010103116812,1.7821522035887938e-10
0.0001223406756922384,1.000001002468433,1.0000010026454453,1.7701240473400048e-10
0.0001224406756922384,1.000000994861564,1.0000009950373805,1.7581647249187426e-10
0.0001225406756922384,1.000000987312417,1.0000009874870457,1.7462875590013027e-10
0.0001226406756922384,1.000000979820554,1.0000009799940028,1.7344881086955866e-10
0.0001227406756922384,1.000000972385541,1.0000009725578172,1.7227619331094957e-10
0.0001228406756922384,1.000000965006945,1.000000965178057,1.7111201344732763e-10
0.0001229406756922384,1.000000957684339,1.0000009578542945,1.6995560514487806e-10
0.0001230406756922384,1.000000950417298,1.0000009505861047,1.6880674635899595e-10
0.0001231406756922385,1.000000943205401,1.0000009433730659,1.6766499300047144e-10
0.0001232406756922385,1.000000936048228,1.0000009362147595,1.6653145529232916e-10
0.0001233406756922385,1.000000928945364,1.0000009291107703,1.6540635527917402e-10
0.0001234406756922385,1.000000921896399,1.000000922060686,1.6428702842574694e-10
0.0001235406756922385,1.000000914900921,1.0000009150640978,1.6317680540112178e-10
0.0001236406756922385,1.000000907958527,1.0000009081205996,1.620725775808296e-10
0.0001237406756922385,1.000000901068812,1.0000009012297886,1.6097656541091965e-10
0.0001238406756922385,1.000000894231378,1.000000894391265,1.5988699253455252e-10
0.0001239406756922385,1.000000887445827,1.000000887604632,1.5880496917475284e-10
0.0001240406756922385,1.000000880711765,1.000000880869496,1.5773093942073046e-10
0.0001241406756922385,1.000000874028802,1.0000008741854662,1.5666423713867061e-10
0.0001242406756922385,1.000000867396551,1.0000008675521548,1.5560375210554866e-10
0.0001243406756922385,1.000000860814626,1.0000008609691766,1.5455059454438924e-10
0.0001244406756922385,1.000000854282646,1.0000008544361503,1.535043203659825e-10
0.0001245406756922385,1.000000847800232,1.0000008479526963,1.5246426343651365e-10
0.0001246406756922385,1.000000841367006,1.000000841518439,1.5143286624663688e-10
0.0001247406756922385,1.000000834982597,1.0000008351330045,1.5040746426109308e-10
0.0001248406756922385,1.000000828646634,1.0000008287960227,1.4938872361369704e-10
0.0001249406756922385,1.000000822358749,1.000000822507126,1.4837686634905367e-10
0.0001250406756922385,1.000000816118577,1.0000008162659493,1.4737233655637283e-10
0.0001251406756922385,1.000000809925757,1.0000008100721305,1.4637357992342004e-10
0.0001252406756922385,1.000000803779928,1.0000008039253103,1.453823728070347e-10
0.0001253406756922385,1.000000797680735,1.0000007978251322,1.4439716089498233e-10
0.0001254406756922385,1.000000791627824,1.0000007917712423,1.434183882764728e-10
0.0001255406756922385,1.000000785620842,1.000000785763289,1.424471651745307e-10
0.0001256406756922385,1.000000779659443,1.0000007798009243,1.4148127114310682e-10
0.0001257406756922385,1.000000773743279,1.000000773883802,1.405229266282504e-10
0.0001258406756922385,1.000000767872008,1.0000007680115786,1.3957057731772693e-10
0.0001259406756922385,1.00000076204529,1.0000007621839135,1.3862355707772167e-10
0.0001260406756922385,1.000000756262785,1.0000007564004687,1.3768364226507401e-10
0.0001261406756922385,1.000000750524158,1.0000007506609088,1.3675083287978396e-10
0.0001262406756922385,1.000000744829077,1.0000007449649004,1.358233525650121e-10
0.0001263406756922385,1.000000739177211,1.0000007393121135,1.34902533588388e-10
0.0001264406756922385,1.000000733568232,1.0000007337022199,1.339879318607018e-10
0.0001265406756922385,1.000000728001815,1.000000728134894,1.3307888124813871e-10
0.0001266406756922385,1.000000722477637,1.0000007226098129,1.321758258399086e-10
0.0001267406756922385,1.000000716995377,1.000000717126656,1.312789876806164e-10
0.0001268406756922385,1.000000711554717,1.0000007116851053,1.303883667702621e-10
0.0001269406756922385,1.000000706155342,1.000000706284845,1.29503074930426e-10
0.0001270406756922385,1.000000700796938,1.000000700925562,1.286240003395278e-10
0.0001271406756922385,1.000000695479194,1.0000006956069452,1.277511429975675e-10
0.0001272406756922386,1.000000690201801,1.0000006903286858,1.2688472494915004e-10
0.0001273406756922386,1.000000684964454,1.000000685090478,1.260238580158557e-10
0.0001274406756922386,1.00000067976685,1.0000006798920176,1.2516765401926477e-10
0.0001275406756922386,1.000000674608685,1.000000674733003,1.243181113608216e-10
0.0001276406756922386,1.000000669489661,1.000000669613135,1.2347389777289663e-10
0.0001277406756922386,1.000000664409481,1.0000006645321164,1.2263545734469972e-10
0.0001278406756922386,1.00000065936785,1.0000006594896527,1.2180256803162592e-10
0.0001279406756922386,1.000000654364476,1.0000006544854512,1.2097522983367526e-10
0.0001280406756922386,1.000000649399068,1.0000006495192213,1.201532207062428e-10
0.0001281406756922386,1.000000644471338,1.0000006445906753,1.193372067831433e-10
0.0001282406756922386,1.000000639581001,1.000000639699527,1.1852585579674724e-10
0.0001283406756922386,1.000000634727772,1.0000006348454926,1.1772072205928907e-10
0.0001284406756922386,1.00000062991137,1.0000006300282909,1.169209173923491e-10
0.0001285406756922386,1.000000625131515,1.0000006252476417,1.1612666384053227e-10
0.0001286406756922386,1.000000620387931,1.000000620503268,1.1533707322541886e-10
0.0001287406756922386,1.000000615680342,1.0000006157948949,1.1455281168082365e-10
0.0001288406756922386,1.000000611008474,1.0000006111222488,1.1377476738516634e-10
0.0001289406756922386,1.000000606372057,1.0000006064850586,1.1300160807081738e-10
0.0001290406756922386,1.000000601770823,1.0000006018830554,1.1223244555935707e-10
0.0001291406756922386,1.000000597204503,1.0000005973159722,1.1146927825222974e-10
0.0001292406756922386,1.000000592672832,1.0000005927835438,1.1071188410483046e-10
0.0001293406756922386,1.000000588175549,1.0000005882855076,1.0995870880492475e-10
0.0001294406756922386,1.000000583712392,1.0000005838216024,1.092104184863274e-10
0.0001295406756922386,1.000000579283101,1.0000005793915694,1.0846834541666794e-10
0.0001296406756922386,1.000000574887421,1.0000005749951513,1.0773026914989714e-10
0.0001297406756922386,1.000000570525096,1.0000005706320931,1.0699707786443469e-10
0.0001298406756922386,1.000000566195873,1.000000566302142,1.0626899360488551e-10
0.0001299406756922386,1.0000005618995,1.0000005620050465,1.0554646046045946e-10
0.0001300406756922386,1.000000557635729,1.000000557740557,1.0482814616352698e-10
0.0001301406756922386,1.000000553404312,1.0000005535084269,1.0411493889250778e-10
0.0001302406756922386,1.000000549205004,1.0000005493084099,1.0340595046898216e-10
0.0001303406756922386,1.000000545037561,1.0000005451402625,1.0270140293755503e-10
0.0001304406756922386,1.000000540901741,1.000000541003743,1.0200196243204118e-10
0.0001305406756922386,1.000000536797303,1.0000005368986113,1.0130829508625538e-10
0.0001306406756922386,1.000000532724011,1.0000005328246295,1.0061862454335824e-10
0.0001307406756922386,1.000000528681628,1.000000528781561,9.993295080334974e-11
0.0001308406756922386,1.000000524669919,1.0000005247691712,9.92521620446496e-11
0.0001309406756922386,1.000000520688651,1.0000005207872276,9.857648031186272e-11
0.0001310406756922386,1.000000516737594,1.0000005168354986,9.790457333735958e-11
0.0001311406756922386,1.000000512816517,1.0000005129137555,9.723843952258449e-11
0.0001312406756922386,1.000000508925195,1.0000005090217705,9.657541433227834e-11
0.0001313406756922387,1.0000005050634,1.000000505159318,9.591794025709532e-11
0.0001314406756922387,1.000000501230909,1.0000005013261735,9.526446298480096e-11
0.0001315406756922387,1.0000004974275,1.0000004975221148,9.461476047079032e-11
0.0001316406756922387,1.000000493652951,1.0000004937469216,9.39706090719028e-11
0.0001317406756922387,1.000000489907044,1.0000004900003743,9.333023243129901e-11
0.0001318406756922387,1.000000486189562,1.0000004862822558,9.269385259358387e-11
0.0001319406756922387,1.000000482500289,1.0000004825923505,9.206146955875738e-11
0.0001320406756922387,1.00000047883901,1.000000478930444,9.143397150523924e-11
0.0001321406756922387,1.000000475205513,1.000000475296324,9.081113638842453e-11
0.0001322406756922387,1.000000471599588,1.00000047168978,9.019185398528862e-11
0.0001323406756922387,1.000000468021025,1.000000468110602,8.95770124742512e-11
0.0001324406756922387,1.000000464469617,1.000000464558583,8.896594572149752e-11
0.0001325406756922387,1.000000460945158,1.0000004610335165,8.835843168242263e-11
0.0001326406756922387,1.000000457447442,1.0000004575351984,8.775646875847087e-11
0.0001327406756922387,1.000000453976268,1.0000004540634253,8.715739241438314e-11
0.0001328406756922387,1.000000450531433,1.000000450617996,8.656297900699883e-11
0.0001329406756922387,1.000000447112738,1.0000004471987107,8.59727844471081e-11
0.0001330406756922387,1.000000443719985,1.000000443805371,8.538592055629124e-11
0.0001331406756922387,1.000000440352977,1.0000004404377798,8.480283142375811e-11
0.0001332406756922387,1.000000437011517,1.0000004370957418,8.422484931713825e-11
0.0001333406756922387,1.000000433695414,1.0000004337790633,8.364930970117257e-11
0.0001334406756922387,1.000000430404473,1.0000004304875516,8.307865506651524e-11
0.0001335406756922387,1.000000427138504,1.000000427221016,8.251199723474656e-11
0.0001336406756922387,1.000000423897319,1.0000004239792666,8.194755984902713e-11
0.0001337406756922387,1.000000420680727,1.0000004207621158,8.138889562303575e-11
0.0001338406756922387,1.000000417488544,1.0000004175693766,8.083267388769855e-11
0.0001339406756922387,1.000000414320583,1.0000004144008638,8.028089304445984e-11
0.0001340406756922387,1.000000411176661,1.0000004112563938,7.973288695950487e-11
0.0001341406756922387,1.000000408056596,1.000000408135784,7.918798949901884e-11
0.0001342406756922387,1.000000404960206,1.0000004050388533,7.864731088602639e-11
0.0001343406756922387,1.000000401887312,1.000000401965422,7.810996294210781e-11
0.0001344406756922387,1.000000398837736,1.0000003989153121,7.757616771186804e-11
0.0001345406756922387,1.0000003958113,1.0000003958883463,7.704636928451691e-11
0.0001346406756922387,1.000000392807829,1.000000392884349,7.652012357084459e-11
0.0001347406756922387,1.000000389827149,1.000000389903146,7.599698648164122e-11
0.0001348406756922387,1.000000386869087,1.0000003869445644,7.547740210611664e-11
0.0001349406756922387,1.000000383933471,1.0000003840084326,7.49615924888758e-11
0.0001350406756922387,1.000000381020131,1.0000003810945801,7.444911354070882e-11
0.0001351406756922387,1.000000378128897,1.0000003782028377,7.39406313954305e-11
0.0001352406756922387,1.000000375259603,1.000000375333038,7.34350358300162e-11
0.0001353406756922387,1.000000372412081,1.0000003724850142,7.293321502288563e-11
0.0001354406756922388,1.000000369586167,1.0000003696586013,7.243428079561909e-11
0.0001355406756922388,1.000000366781696,1.000000366853635,7.193912132663627e-11
0.0001356406756922388,1.000000363998506,1.000000364069953,7.14470704821224e-11
0.0001357406756922388,1.000000361236435,1.0000003613073936,7.095857235128733e-11
0.0001358406756922388,1.000000358495323,1.0000003585657962,7.047318284492121e-11
0.0001359406756922388,1.000000355775011,1.0000003558450021,6.999112400762897e-11
0.0001360406756922388,1.000000353075341,1.0000003531448534,6.95123958394106e-11
0.0001361406756922388,1.000000350396156,1.0000003504651935,6.903744242947596e-11
0.0001362406756922388,1.000000347737302,1.0000003478058668,6.856470946559057e-11
0.0001363406756922388,1.000000345098623,1.0000003451667188,6.80957512599889e-11
0.0001364406756922388,1.000000342479967,1.000000342547597,6.762990167885619e-11
0.0001365406756922388,1.000000339881182,1.0000003399483488,6.716671663298257e-11
0.0001366406756922388,1.000000337302117,1.0000003373688238,6.670686225618283e-11
0.0001367406756922388,1.000000334742622,1.0000003348088722,6.625011650385204e-11
0.0001368406756922388,1.000000332202548,1.0000003322683453,6.57973675544099e-11
0.0001369406756922388,1.000000329681749,1.000000329747096,6.534706109562194e-11
0.0001370406756922388,1.000000327180079,1.0000003272449782,6.489919712748815e-11
0.0001371406756922388,1.000000324697391,1.000000324761846,6.445510791763809e-11
0.0001372406756922388,1.000000322233543,1.0000003222975562,6.401323915383728e-11
0.0001373406756922388,1.00000031978839,1.0000003198519651,6.357514514832019e-11
0.0001374406756922388,1.000000317361792,1.0000003174249312,6.313927158885235e-11
0.0001375406756922388,1.000000314953607,1.0000003150163137,6.270672869845839e-11
0.0001376406756922388,1.000000312563695,1.0000003126259729,6.227796056634816e-11
0.0001377406756922388,1.000000310191919,1.0000003102537698,6.18507467464724e-11
0.0001378406756922388,1.000000307838139,1.000000307899567,6.142797381869514e-11
0.0001379406756922388,1.000000305502221,1.0000003055632278,6.100675520315235e-11
0.0001380406756922388,1.000000303184028,1.0000003032446168,6.058864521207852e-11
0.0001381406756922388,1.000000300883426,1.0000003009435992,6.017319975626378e-11
0.0001382406756922388,1.000000298600281,1.0000002986600418,5.9760862924918e-11
0.0001383406756922388,1.000000296334461,1.0000002963938122,5.935119062883132e-11
0.0001384406756922388,1.000000294085834,1.0000002941447785,5.894462695721359e-11
0.0001385406756922388,1.00000029185427,1.0000002919128106,5.854050577625003e-11
0.0001386406756922388,1.000000289639639,1.0000002896977789,5.813993730896527e-11
0.0001387406756922388,1.000000287441814,1.0000002874995546,5.7740701109310066e-11
0.0001388406756922388,1.000000285260666,1.0000002853180106,5.734457353412381e-11
0.0001389406756922388,1.000000283096068,1.0000002831530201,5.695222071722128e-11
0.0001390406756922388,1.000000280947896,1.0000002810044575,5.6561422212553225e-11
0.0001391406756922388,1.000000278816025,1.0000002788721982,5.617328824314427e-11
0.0001392406756922388,1.00000027670033,1.0000002767561185,5.578848494280919e-11
0.0001393406756922388,1.00000027460069,1.0000002746560954,5.540545799931351e-11
0.0001394406756922388,1.000000272516982,1.0000002725720074,5.502531763568186e-11
0.0001395406756922389,1.000000270449086,1.0000002705037334,5.4647397718099455e-11
0.0001396406756922389,1.00000026839688,1.0000002684511535,5.42734746034057e-11
0.0001397406756922389,1.000000266360248,1.0000002664141487,5.3900661711736575e-11
0.0001398406756922389,1.00000026433907,1.0000002643926005,5.353051335532655e-11
0.0001399406756922389,1.000000262333228,1.0000002623863917,5.3163695667990396e-11
0.0001400406756922389,1.000000260342607,1.0000002603954061,5.2799098426703495e-11
0.0001401406756922389,1.000000258367092,1.0000002584195282,5.2436277542255993e-11
0.0001402406756922389,1.000000256406567,1.000000256458643,5.207589914846267e-11
0.0001403406756922389,1.000000254460918,1.0000002545126372,5.171929551295307e-11
0.0001404406756922389,1.000000252530034,1.0000002525813976,5.136358005586317e-11
0.0001405406756922389,1.000000250613801,1.0000002506648122,5.101119526784714e-11
0.0001406406756922389,1.000000248712109,1.0000002487627697,5.066080888127544e-11
0.0001407406756922389,1.000000246824847,1.00000024687516,5.0313087029962844e-11
0.0001408406756922389,1.000000244951906,1.0000002450018737,4.9967585624699495e-11
0.0001409406756922389,1.000000243093177,1.0000002431428017,4.962474875469525e-11
0.0001410406756922389,1.000000241248552,1.0000002412978362,4.928413233074025e-11
0.0001411406756922389,1.000000239417925,1.0000002394668703,4.894529226362465e-11
0.0001412406756922389,1.000000237601189,1.0000002376497978,4.860889468716323e-11
0.0001413406756922389,1.000000235798238,1.0000002358465134,4.827538369056583e-11
0.0001414406756922389,1.000000234008969,1.000000234056912,4.794298291699306e-11
0.0001415406756922389,1.000000232233276,1.0000002322808903,4.7614356901704014e-11
0.0001416406756922389,1.000000230471058,1.000000230518345,4.728706315404452e-11
0.0001417406756922389,1.000000228722212,1.0000002287691738,4.6961767807829347e-11
0.0001418406756922389,1.000000226986636,1.0000002270332755,4.6639581086083126e-11
0.0001419406756922389,1.00000022526423,1.0000002253105489,4.631894867657138e-11
0.0001420406756922389,1.000000223554894,1.0000002236008945,4.6000536713108886e-11
0.0001421406756922389,1.000000221858528,1.000000221904213,4.5685011329510417e-11
0.0001422406756922389,1.000000220175035,1.0000002202204057,4.537059616893657e-11
0.0001423406756922389,1.000000218504317,1.0000002185493753,4.505817940980705e-11
0.0001424406756922389,1.000000216846276,1.0000002168910245,4.4748427185936634e-11
0.0001425406756922389,1.000000215200817,1.0000002152452574,4.4440451318905616e-11
0.0001426406756922389,1.000000213567843,1.0000002136119783,4.413536203173862e-11
0.0001427406756922389,1.000000211947261,1.0000002119910925,4.3831382967596255e-11
0.0001428406756922389,1.000000210338976,1.000000210382506,4.353006843871299e-11
0.0001429406756922389,1.000000208742894,1.0000002087861255,4.323141844508882e-11
0.0001430406756922389,1.000000207158924,1.0000002072018581,4.2934100719094204e-11
0.0001431406756922389,1.000000205586974,1.0000002056296124,4.263855934993899e-11
0.0001432406756922389,1.000000204026952,1.0000002040692968,4.234479433762317e-11
0.0001433406756922389,1.000000202478767,1.0000002025208208,4.2053693860566455e-11
0.0001434406756922389,1.00000020094233,1.0000002009840945,4.176436974034914e-11
0.0001435406756922389,1.000000199417552,1.000000199459029,4.147704402157615e-11
0.000143640675692239,1.000000197904344,1.0000001979455357,4.119171670424748e-11
0.000143740675692239,1.000000196402619,1.0000001964435268,4.090772165454837e-11
0.000143840675692239,1.000000194912288,1.000000194952915,4.0626835229318203e-11
0.000143940675692239,1.000000193433267,1.000000193473614,4.0347059027112664e-11
0.000144040675692239,1.000000191965469,1.000000192005538,4.00688371371416e-11
0.000144140675692239,1.000000190508808,1.0000001905486016,3.979350182703456e-11
0.000144240675692239,1.000000189063201,1.0000001891027206,3.951949878455707e-11
0.000144340675692239,1.000000187628563,1.0000001876678108,3.924793823273376e-11
0.000144440675692239,1.000000186204812,1.000000186243789,3.897704381472522e-11
0.000144540675692239,1.000000184791864,1.0000001848305728,3.870881393197578e-11
0.000144640675692239,1.000000183389638,1.0000001834280803,3.8442360406065745e-11
0.000144740675692239,1.000000181998052,1.0000001820362296,3.817768323699511e-11
0.000144840675692239,1.000000180617026,1.0000001806549403,3.791433833555402e-11
0.000144940675692239,1.000000179246479,1.0000001792841322,3.7653213880162184e-11
0.000145040675692239,1.000000177886331,1.0000001779237258,3.739475396002945e-11
0.000145140675692239,1.000000176536505,1.0000001765736422,3.713718221831641e-11
0.000145240675692239,1.000000175196922,1.000000175233803,3.6880942744232925e-11
0.000145340675692239,1.000000173867504,1.0000001739041304,3.662647962698884e-11
0.000145440675692239,1.000000172548173,1.0000001725845473,3.6374236955794004e-11
0.000145540675692239,1.000000171238854,1.0000001712749773,3.612332655222872e-11
0.000145640675692239,1.00000016993947,1.0000001699753445,3.587441455010776e-11
0.000145740675692239,1.000000168649946,1.000000168685573,3.5627056860221273e-11
0.000145840675692239,1.000000167370207,1.0000001674055883,3.5381253482569264e-11
0.000145940675692239,1.000000166100178,1.0000001661353162,3.5138114640176354e-11
0.000146040675692239,1.000000164839787,1.000000164874683,3.489608602080807e-11
0.000146140675692239,1.00000016358896,1.0000001636236153,3.4655389669069336e-11
0.000146240675692239,1.000000162347624,1.000000162382041,3.441691376337985e-11
0.000146340675692239,1.000000161115708,1.0000001611498874,3.417932603611007e-11
0.000146440675692239,1.00000015989314,1.0000001599270834,3.394329262107476e-11
0.000146540675692239,1.000000158679849,1.000000158713558,3.370903556287885e-11
0.000146640675692239,1.000000157475764,1.0000001575092412,3.347722099533712e-11
0.000146740675692239,1.000000156280816,1.0000001563140624,3.324629460621509e-11
0.000146840675692239,1.000000155094936,1.0000001551279527,3.3016700484722605e-11
0.000146940675692239,1.000000153918054,1.0000001539508432,3.278910476467445e-11
0.000147040675692239,1.000000152750102,1.0000001527826656,3.256372949067554e-11
0.000147140675692239,1.000000151591014,1.000000151623352,3.233813217207171e-11
0.000147240675692239,1.00000015044072,1.0000001504728353,3.211519938872698e-11
0.000147340675692239,1.000000149299155,1.0000001493310489,3.189382091761672e-11
0.000147440675692239,1.000000148166253,1.0000001481979262,3.167310858032124e-11
0.000147540675692239,1.000000147041947,1.0000001470734017,3.145461668907501e-11
0.000147640675692239,1.000000145926172,1.00000014595741,3.123790115466818e-11
0.000147740675692239,1.000000144818864,1.0000001448498865,3.10225178878909e-11
0.0001478406756922391,1.000000143719959,1.0000001437507668,3.0807800754928394e-11
0.0001479406756922391,1.000000142629391,1.0000001426599874,3.0596414291039764e-11
0.0001480406756922391,1.0000001415471,1.0000001415774846,3.0384583737941284e-11
0.0001481406756922391,1.000000140473021,1.000000140503196,3.0174973630892055e-11
0.0001482406756922391,1.000000139407092,1.0000001394370588,2.9966695791472375e-11
0.0001483406756922391,1.000000138349252,1.0000001383790118,2.9759750219682246e-11
0.0001484406756922391,1.000000137299439,1.000000137328993,2.955413691552167e-11
0.0001485406756922391,1.000000136257592,1.000000136286942,2.934985587899064e-11
0.0001486406756922391,1.00000013522365,1.0000001352527979,2.914779528850886e-11
0.0001487406756922391,1.000000134197555,1.0000001342265008,2.894573469802708e-11
0.0001488406756922391,1.000000133179245,1.0000001332079913,2.8746338642804403e-11
0.0001489406756922391,1.000000132168663,1.0000001321972103,2.8547386676791575e-11
0.0001490406756922391,1.000000131165748,1.000000131194099,2.8350877201432922e-11
0.0001491406756922391,1.000000130170445,1.0000001301985992,2.8154145681469345e-11
0.0001492406756922391,1.000000129182693,1.0000001292106535,2.7960522785974717e-11
0.0001493406756922391,1.000000128202437,1.0000001282302042,2.7767121935085015e-11
0.0001494406756922391,1.00000012722962,1.0000001272571946,2.7574609262615013e-11
0.0001495406756922391,1.000000126264184,1.000000126291568,2.7384094991589336e-11
0.0001496406756922391,1.000000125306074,1.0000001253332689,2.719491298819321e-11
0.0001497406756922391,1.000000124355234,1.0000001243822412,2.7007063252426633e-11
0.0001498406756922391,1.000000123411609,1.0000001234384297,2.6820767828894532e-11
0.0001499406756922391,1.000000122475145,1.00000012250178,2.6635138539177206e-11
0.0001500406756922391,1.000000121545787,1.0000001215722376,2.6450619472484505e-11
0.0001501406756922391,1.00000012062348,1.0000001206497486,2.626854289644598e-11
0.0001502406756922391,1.000000119708172,1.0000001197342594,2.6087354498827153e-11
0.0001503406756922391,1.00000011879981,1.0000001188257168,2.5906832235023103e-11
0.0001504406756922391,1.000000117898341,1.0000001179240685,2.5727420194243678e-11
0.0001505406756922391,1.000000117003712,1.0000001170292616,2.5549562465698727e-11
0.0001506406756922391,1.000000116115872,1.0000001161412446,2.5372592915573478e-11
0.0001507406756922391,1.000000115234769,1.000000115259966,2.5196955633077778e-11
0.0001508406756922391,1.000000114360351,1.0000001143853743,2.5023316752026403e-11
0.0001509406756922391,1.000000113492569,1.000000113517419,2.485012196018488e-11
0.0001510406756922391,1.000000112631372,1.00000011265605,2.467803739136798e-11
0.0001511406756922391,1.000000111776709,1.000000111801217,2.4507951223995406e-11
0.0001512406756922391,1.000000110928532,1.0000001109528702,2.4338309145832682e-11
0.0001513406756922391,1.000000110086791,1.0000001101109608,2.4169777290694583e-11
0.0001514406756922391,1.000000109251437,1.0000001092754398,2.400279974779096e-11
0.0001515406756922391,1.000000108422422,1.0000001084462589,2.383693242791196e-11
0.0001516406756922391,1.000000107599698,1.0000001076233695,2.3671509197242813e-11
0.0001517406756922391,1.000000106783217,1.0000001068067244,2.3507418234203215e-11
0.0001518406756922391,1.000000105972931,1.000000105996276,2.334488158339809e-11
0.0001519406756922392,1.000000105168794,1.0000001051919771,2.318323311101267e-11
0.0001520406756922392,1.000000104370758,1.0000001043937814,2.3023360995466646e-11
0.0001521406756922392,1.000000103578779,1.0000001036016422,2.2863044790710774e-11
0.0001522406756922392,1.000000102792809,1.0000001028155139,2.270494903200415e-11
0.0001523406756922392,1.000000102012803,1.0000001020353506,2.2547519407112304e-11
0.0001524406756922392,1.000000101238715,1.0000001012611073,2.2392310228269707e-11
0.0001525406756922392,1.000000100470502,1.000000100492739,2.223710104942711e-11
0.0001526406756922392,1.000000099708118,1.000000099730201,2.208300209360914e-11
0.0001527406756922392,1.000000098951519,1.0000000989734492,2.1930235405420717e-11
0.0001528406756922392,1.000000098200661,1.0000000982224395,2.177857894025692e-11
0.0001529406756922392,1.000000097455501,1.0000000974771284,2.1627366564302974e-11
0.0001530406756922392,1.000000096715995,1.000000096737473,2.1477930545188428e-11
0.0001531406756922392,1.000000095982101,1.0000000960034299,2.1328938615283732e-11
0.0001532406756922392,1.000000095253776,1.0000000952749566,2.118061281919381e-11
0.0001533406756922392,1.000000094530977,1.000000094552011,2.103406337994329e-11
0.0001534406756922392,1.000000093813662,1.0000000938345512,2.088929029753217e-11
0.0001535406756922392,1.000000093101791,1.0000000931225355,2.074451721512105e-11
0.0001536406756922392,1.000000092395322,1.0000000924159227,2.060063231112963e-11
0.0001537406756922392,1.000000091694214,1.0000000917146714,2.0457413540952984e-11
0.0001538406756922392,1.000000090998425,1.0000000910187412,2.0316193172220665e-11
0.0001539406756922392,1.000000090307917,1.000000090328092,2.0174972803488345e-11
0.0001540406756922392,1.000000089622648,1.000000089642683,2.0035084702385575e-11
0.0001541406756922392,1.000000088942579,1.0000000889624752,1.9896084779702505e-11
0.0001542406756922392,1.00000008826767,1.0000000882874287,1.975863916925391e-11
0.0001543406756922392,1.000000087597883,1.0000000876175046,1.9621637648015167e-11
0.0001544406756922392,1.000000086933178,1.0000000869526637,1.9485746349801047e-11
0.0001545406756922392,1.000000086273517,1.0000000862928677,1.935074323000663e-11
0.0001546406756922392,1.000000085618862,1.0000000856380782,1.921618419942206e-11
0.0001547406756922392,1.000000084969174,1.0000000849882573,1.908340152567689e-11
0.0001548406756922392,1.000000084324416,1.0000000843433672,1.8951284985746497e-11
0.0001549406756922392,1.000000083684551,1.0000000837033705,1.881939049042103e-11
0.0001550406756922392,1.000000083049541,1.0000000830682299,1.868882826272511e-11
0.0001551406756922392,1.00000008241935,1.000000082437909,1.8558932168843967e-11
0.0001552406756922392,1.000000081793941,1.0000000818123709,1.8429924253382524e-11
0.0001553406756922392,1.000000081173277,1.0000000811915792,1.830224860555063e-11
0.0001554406756922392,1.000000080557323,1.0000000805754983,1.8175239091533513e-11
0.0001555406756922392,1.000000079946042,1.0000000799640922,1.805022797896072e-11
0.0001556406756922392,1.000000079339401,1.0000000793573254,1.7924328687968227e-11
0.0001557406756922392,1.000000078737363,1.0000000787551626,1.779953962000036e-11
0.0001558406756922392,1.000000078139893,1.000000078157569,1.7676082819662042e-11
0.0001559406756922392,1.000000077546956,1.0000000775645101,1.75541803315582e-11
0.0001560406756922393,1.000000076958519,1.0000000769759514,1.7432499888059283e-11
0.0001561406756922393,1.000000076374547,1.0000000763918586,1.7311707622980066e-11
0.0001562406756922393,1.000000075795007,1.0000000758121979,1.719091535790085e-11
0.0001563406756922393,1.000000075219864,1.0000000752369356,1.7071677405056107e-11
0.0001564406756922393,1.000000074649085,1.0000000746660385,1.695354967523599e-11
0.0001565406756922393,1.000000074082637,1.0000000740994732,1.6836310123835574e-11
0.0001566406756922393,1.000000073520488,1.000000073537207,1.6719070572435157e-11
0.0001567406756922393,1.000000072962605,1.0000000729792073,1.660227511024459e-11
0.0001568406756922393,1.000000072408954,1.0000000724254419,1.64879221387082e-11
0.0001569406756922393,1.000000071859505,1.0000000718758781,1.637312507796196e-11
0.0001570406756922393,1.000000071314225,1.0000000713304846,1.6259660284845268e-11
0.0001571406756922393,1.000000070773083,1.0000000707892296,1.6146639580938427e-11
0.0001572406756922393,1.000000070236047,1.0000000702520815,1.6034507055451286e-11
0.0001573406756922393,1.000000069703086,1.0000000697190095,1.592348475298877e-11
0.0001574406756922393,1.00000006917417,1.0000000691899822,1.581224040592133e-11
0.0001575406756922393,1.000000068649267,1.0000000686649693,1.570232832648344e-11
0.0001576406756922393,1.000000068128347,1.00000006814394,1.5593082380860324e-11
0.0001577406756922393,1.000000067611379,1.0000000676268643,1.5485390747471683e-11
0.0001578406756922393,1.000000067098335,1.0000000671137124,1.5377255024873193e-11
0.0001579406756922393,1.000000066589183,1.0000000666044542,1.5271117703719028e-11
0.0001580406756922393,1.000000066083895,1.00000006609906,1.5164980382564863e-11
0.0001581406756922393,1.000000065582442,1.000000065597501,1.5059065106015623e-11
0.0001582406756922393,1.000000065084793,1.0000000650997478,1.495470414170086e-11
0.0001583406756922393,1.000000064590921,1.0000000646057714,1.4850343177386094e-11
0.0001584406756922393,1.000000064100796,1.0000000641155435,1.4747536525305804e-11
0.0001585406756922393,1.00000006361439,1.0000000636290354,1.464539600704029e-11
0.0001586406756922393,1.000000063131675,1.0000000631462187,1.4543699577984626e-11
0.0001587406756922393,1.000000062652623,1.0000000626670658,1.4442669282743736e-11
0.0001588406756922393,1.000000062177206,1.0000000621915486,1.4342527165922547e-11
0.0001589406756922393,1.000000061705397,1.0000000617196396,1.4242607093706283e-11
0.0001590406756922393,1.000000061237168,1.0000000612513116,1.414357519990972e-11
0.0001591406756922393,1.000000060772492,1.0000000607865371,1.404520943992793e-11
0.0001592406756922393,1.000000060311342,1.0000000603252894,1.3947509813760917e-11
0.0001593406756922393,1.000000059853691,1.0000000598675418,1.3850920410618528e-11
0.0001594406756922393,1.000000059399513,1.0000000594132674,1.375433100747614e-11
0.0001595406756922393,1.000000058948782,1.00000005896244,1.3657963648938676e-11
0.0001596406756922393,1.00000005850147,1.0000000585150337,1.3563816736450462e-11
0.0001597406756922393,1.000000058057553,1.000000058071022,1.3469003690147474e-11
0.0001598406756922393,1.000000057617004,1.0000000576303796,1.3375522911474036e-11
0.0001599406756922393,1.000000057179798,1.000000057193081,1.3282930311220298e-11
0.0001600406756922393,1.00000005674591,1.0000000567591003,1.319033771096656e-11
0.0001601406756922394,1.000000056315314,1.0000000563284126,1.3098633289132522e-11
0.0001602406756922394,1.000000055887986,1.0000000559009932,1.3007150911903409e-11
0.0001603406756922394,1.0000000554639,1.000000055476817,1.2917000802303846e-11
0.0001604406756922394,1.000000055043033,1.0000000550558594,1.2826406603494434e-11
0.0001605406756922394,1.000000054625358,1.000000054638096,1.2738032850734271e-11
0.0001606406756922394,1.000000054210854,1.0000000542235026,1.2648548874949483e-11
0.0001607406756922394,1.000000053799494,1.0000000538120553,1.2561285345213946e-11
0.0001608406756922394,1.000000053391256,1.0000000534037299,1.2473799770873484e-11
0.0001609406756922394,1.000000052986116,1.0000000529985027,1.2386758285742872e-11
0.0001610406756922394,1.00000005258405,1.0000000525963506,1.230060497903196e-11
0.0001611406756922394,1.000000052185035,1.0000000521972499,1.2214895761530897e-11
0.0001612406756922394,1.000000051789048,1.0000000518011778,1.212985267784461e-11
0.0001613406756922394,1.000000051396065,1.0000000514081109,1.2045919817182948e-11
0.0001614406756922394,1.000000051006065,1.0000000510180265,1.1961542867311437e-11
0.0001615406756922394,1.000000050619024,1.0000000506309021,1.1878054095859625e-11
0.0001616406756922394,1.00000005023492,1.0000000502467155,1.1795453502827513e-11
0.0001617406756922394,1.00000004985373,1.0000000498654438,1.1713741088215102e-11
0.0001618406756922394,1.000000049475433,1.0000000494870651,1.163202867360269e-11
0.0001619406756922394,1.000000049100007,1.0000000491115577,1.1550760348200129e-11
0.0001620406756922394,1.000000048727429,1.0000000487388998,1.1470824290427117e-11
0.0001621406756922394,1.000000048357679,1.0000000483690694,1.1390444143444256e-11
0.0001622406756922394,1.000000047990734,1.0000000480020452,1.131117421948602e-11
0.0001623406756922394,1.000000047626574,1.0000000476378061,1.1232126340132709e-11
0.0001624406756922394,1.000000047265177,1.000000047276331,1.1153966639199098e-11
0.0001625406756922394,1.000000046906522,1.0000000469175987,1.1076695116685187e-11
0.0001626406756922394,1.000000046550589,1.0000000465615884,1.0999423594171276e-11
0.0001627406756922394,1.000000046197356,1.0000000462082794,1.0923484339286915e-11
0.0001628406756922394,1.000000045846805,1.0000000458576515,1.084643486137793e-11
0.0001629406756922394,1.000000045498913,1.000000045509684,1.0770939695703419e-11
0.0001630406756922394,1.000000045153661,1.000000045164357,1.0695888619238758e-11
0.0001631406756922394,1.000000044811028,1.0000000448216502,1.0622169810403648e-11
0.0001632406756922394,1.000000044470996,1.0000000444815438,1.0547784867753762e-11
0.0001633406756922394,1.000000044133544,1.0000000441440182,1.0474288103523577e-11
0.0001634406756922394,1.000000043798652,1.000000043809054,1.0401901562318017e-11
0.0001635406756922394,1.000000043466302,1.0000000434766312,1.0329292976507531e-11
0.0001636406756922394,1.000000043136474,1.0000000431467309,1.0256906435301971e-11
0.0001637406756922394,1.000000042809148,1.0000000428193339,1.0185852161725961e-11
0.0001638406756922394,1.000000042484307,1.000000042494421,1.0114131754335176e-11
0.0001639406756922394,1.00000004216193,1.000000042171974,1.0043965659178866e-11
0.0001640406756922394,1.000000041841999,1.0000000418519732,9.974243653232406e-12
0.0001641406756922394,1.000000041524497,1.0000000415344008,9.903855513471171e-12
0.0001642406756922395,1.000000041209403,1.0000000412192382,9.835243730549337e-12
0.0001643406756922395,1.0000000408967,1.000000040906467,9.767076036837352e-12
0.0001644406756922395,1.00000004058637,1.0000000405960692,9.699130387730293e-12
0.0001645406756922395,1.000000040278396,1.0000000402880265,9.630518604808458e-12
0.0001646406756922395,1.000000039972757,1.0000000399823212,9.564127267935874e-12
0.0001647406756922395,1.000000039669438,1.0000000396789357,9.497735931063289e-12
0.0001648406756922395,1.000000039368421,1.0000000393778523,9.431344594190705e-12
0.0001649406756922395,1.000000039069688,1.0000000390790535,9.365619391132896e-12
0.0001650406756922395,1.000000038773222,1.000000038782522,9.300116232680011e-12
0.0001651406756922395,1.000000038479006,1.0000000384882406,9.234613074227127e-12
0.0001652406756922395,1.000000038187022,1.0000000381961922,9.170220138798868e-12
0.0001653406756922395,1.000000037897253,1.0000000379063598,9.106937426395234e-12
0.0001654406756922395,1.000000037609684,1.0000000376187268,9.0427665355719e-12
0.0001655406756922395,1.000000037324296,1.0000000373332762,8.980149956983041e-12
0.0001656406756922395,1.000000037041074,1.0000000370499915,8.917533378394182e-12
0.0001657406756922395,1.000000036760001,1.0000000367688566,8.855582933620099e-12
0.0001658406756922395,1.000000036481062,1.000000036489855,8.79296635503124e-12
0.0001659406756922395,1.000000036204238,1.0000000362129702,8.732126133281781e-12
0.0001660406756922395,1.000000035929515,1.0000000359381864,8.671507956137248e-12
0.0001661406756922395,1.000000035656877,1.000000035665488,8.610889778992714e-12
0.0001662406756922395,1.000000035386308,1.0000000353948584,8.55027160184818e-12
0.0001663406756922395,1.000000035117792,1.0000000351262825,8.490541603123347e-12
0.0001664406756922395,1.000000034851313,1.0000000348597446,8.431699782818214e-12
0.0001665406756922395,1.000000034586856,1.0000000345952291,8.373080007118006e-12
0.0001666406756922395,1.000000034324407,1.0000000343327209,8.313794097603022e-12
0.0001667406756922395,1.000000034063948,1.0000000340722046,8.256506589532364e-12
0.0001668406756922395,1.000000033805466,1.000000033813665,8.198997036856781e-12
0.0001669406756922395,1.000000033548946,1.000000033557087,8.141043394971348e-12
0.0001670406756922395,1.000000033294372,1.0000000333024563,8.084422020715465e-12
0.0001671406756922395,1.00000003304173,1.0000000330497576,8.027578601854657e-12
0.0001672406756922395,1.000000032791004,1.0000000327989762,7.972289495228324e-12
0.0001673406756922395,1.000000032542182,1.000000032550098,7.915890165577366e-12
0.0001674406756922395,1.000000032295247,1.0000000323031082,7.861267192765808e-12
0.0001675406756922395,1.000000032050186,1.0000000320579925,7.806422175349326e-12
0.0001676406756922395,1.000000031806985,1.0000000318147366,7.751577157932843e-12
0.0001677406756922395,1.000000031565629,1.0000000315733266,7.69762031893606e-12
0.0001678406756922395,1.000000031326105,1.0000000313337485,7.643441435334353e-12
0.0001679406756922395,1.000000031088399,1.0000000310959885,7.58948459633757e-12
0.0001680406756922395,1.000000030852495,1.0000000308600323,7.537304114180188e-12
0.0001681406756922395,1.000000030618382,1.0000000306258667,7.484679542812955e-12
0.0001682406756922395,1.000000030386046,1.0000000303934777,7.431832926840798e-12
0.0001683406756922396,1.000000030155472,1.0000000301628524,7.380540623103116e-12
0.0001684406756922396,1.000000029926648,1.0000000299339769,7.328804230155583e-12
0.0001685406756922396,1.000000029699561,1.000000029706838,7.277067837208051e-12
0.0001686406756922396,1.000000029474196,1.0000000294814229,7.226885756494994e-12
0.0001687406756922396,1.000000029250542,1.0000000292577182,7.176259586572087e-12
0.0001688406756922396,1.000000029028585,1.000000029035711,7.125855461254105e-12
0.0001689406756922396,1.000000028808312,1.000000028815388,7.076117469750898e-12
0.0001690406756922396,1.000000028589711,1.0000000285967372,7.026157433642766e-12
0.0001691406756922396,1.000000028372768,1.0000000283797454,6.977529665164184e-12
0.0001692406756922396,1.000000028157471,1.0000000281644001,6.929123941290527e-12
0.0001693406756922396,1.000000027943809,1.000000027950689,6.880052083602095e-12
0.0001694406756922396,1.000000027731767,1.0000000277385994,6.832312493543213e-12
0.0001695406756922396,1.000000027521335,1.0000000275281191,6.7841288142744816e-12
0.0001696406756922396,1.000000027312499,1.000000027319236,6.737055358030375e-12
0.0001697406756922396,1.000000027105248,1.000000027111938,6.689981901786268e-12
0.0001698406756922396,1.000000026899569,1.0000000269062128,6.643796623961862e-12
0.0001699406756922396,1.000000026695452,1.0000000267020488,6.596723167717755e-12
0.0001700406756922396,1.000000026492883,1.0000000264994338,6.550759934498274e-12
0.0001701406756922396,1.000000026291852,1.0000000262983564,6.504352612068942e-12
0.0001702406756922396,1.000000026092345,1.0000000260988047,6.459721646479011e-12
0.0001703406756922396,1.000000025894353,1.000000025900767,6.413980457864454e-12
0.0001704406756922396,1.000000025697863,1.0000000257042323,6.369349492274523e-12
0.0001705406756922396,1.000000025502864,1.0000000255091888,6.324718526684592e-12
0.0001706406756922396,1.000000025309345,1.0000000253156254,6.2803096056995855e-12
0.0001707406756922396,1.000000025117294,1.0000000251235306,6.236566818529354e-12
0.0001708406756922396,1.0000000249267,1.0000000249328935,6.193490165173898e-12
0.0001709406756922396,1.000000024737553,1.0000000247437029,6.149969422608592e-12
0.0001710406756922396,1.000000024549841,1.000000024555948,6.106892769253136e-12
0.0001711406756922396,1.000000024363554,1.0000000243696177,6.063594071292755e-12
0.0001712406756922396,1.00000002417868,1.0000000241847011,6.021183551752074e-12
0.0001713406756922396,1.000000023995208,1.000000024001188,5.979883255236018e-12
0.0001714406756922396,1.00000002381313,1.0000000238190672,5.937250691090412e-12
0.0001715406756922396,1.000000023632432,1.0000000236383282,5.896172439179281e-12
0.0001716406756922396,1.000000023453106,1.0000000234589608,5.8548721426632255e-12
0.0001717406756922396,1.000000023275141,1.0000000232809545,5.81357184614717e-12
0.0001718406756922396,1.000000023098526,1.0000000231042987,5.772715638840964e-12
0.0001719406756922396,1.000000022923251,1.0000000229289836,5.732525565349533e-12
0.0001720406756922396,1.000000022749306,1.0000000227549986,5.692557536463028e-12
0.0001721406756922396,1.000000022576681,1.0000000225823338,5.652811552181447e-12
0.0001722406756922396,1.000000022405366,1.0000000224109793,5.6132876125047915e-12
0.0001723406756922396,1.000000022235351,1.000000022240925,5.574207762037986e-12
0.0001724406756922397,1.000000022066627,1.000000022072161,5.534017688546555e-12
0.0001725406756922397,1.000000021899182,1.0000000219046776,5.495603971894525e-12
0.0001726406756922397,1.000000021733008,1.0000000217384653,5.4571902552424945e-12
0.0001727406756922397,1.000000021568095,1.0000000215735139,5.418776538590464e-12
0.0001728406756922397,1.000000021404433,1.0000000214098144,5.381473044963059e-12
0.0001729406756922397,1.000000021242013,1.0000000212473568,5.3437254621258035e-12
0.0001730406756922397,1.000000021080826,1.000000021086132,5.305977879288548e-12
0.0001731406756922397,1.000000020920862,1.0000000209261306,5.268674385661143e-12
0.0001732406756922397,1.000000020762112,1.0000000207673434,5.231370892033738e-12
0.0001733406756922397,1.000000020604566,1.000000020609761,5.1949555768260325e-12
0.0001734406756922397,1.000000020448215,1.0000000204533743,5.1594284400380275e-12
0.0001735406756922397,1.000000020293051,1.0000000202981743,5.123235169435247e-12
0.0001736406756922397,1.000000020139065,1.000000020144152,5.086819854227542e-12
0.0001737406756922397,1.000000019986247,1.0000000199912982,5.051070672834612e-12
0.0001738406756922397,1.000000019834588,1.0000000198396044,5.016431714466307e-12
0.0001739406756922397,1.000000019684081,1.0000000196890617,4.980682533073377e-12
0.0001740406756922397,1.000000019534715,1.0000000195396612,4.9462656193099974e-12
0.0001741406756922397,1.000000019386483,1.0000000193913945,4.9114046163367675e-12
0.0001742406756922397,1.000000019239376,1.0000000192442529,4.876765657968463e-12
0.0001743406756922397,1.000000019093385,1.0000000190982277,4.842570788810008e-12
0.0001744406756922397,1.000000018948502,1.0000000189533105,4.808375919651553e-12
0.0001745406756922397,1.000000018804718,1.0000000188094929,4.774847184307873e-12
0.0001746406756922397,1.000000018662025,1.0000000186667666,4.7415404935691186e-12
0.0001747406756922397,1.000000018520415,1.0000000185251232,4.708233802830364e-12
0.0001748406756922397,1.000000018379879,1.0000000183845548,4.675815290511309e-12
0.0001749406756922397,1.00000001824041,1.000000018245053,4.642952688982405e-12
0.0001750406756922397,1.000000018102,1.0000000181066098,4.609868042848575e-12
0.0001751406756922397,1.000000017964639,1.000000017969217,4.5778936197393705e-12
0.0001752406756922397,1.000000017828321,1.0000000178328667,4.545697152025241e-12
0.0001753406756922397,1.000000017693037,1.000000017697551,4.5139447735209615e-12
0.0001754406756922397,1.00000001755878,1.0000000175632622,4.482192395016682e-12
0.0001755406756922397,1.000000017425542,1.0000000174299923,4.4504400165124025e-12
0.0001756406756922397,1.000000017293314,1.0000000172977337,4.419797861032748e-12
0.0001757406756922397,1.00000001716209,1.0000000171664787,4.388711616343244e-12
0.0001758406756922397,1.000000017031862,1.0000000170362195,4.3576253716537394e-12
0.0001759406756922397,1.000000016902622,1.000000016906949,4.326983216174085e-12
0.0001760406756922397,1.000000016774362,1.0000000167786591,4.297229239114131e-12
0.0001761406756922397,1.000000016647076,1.0000000166513427,4.266809128239402e-12
0.0001762406756922397,1.000000016520756,1.0000000165249925,4.236389017364672e-12
0.0001763406756922397,1.000000016395394,1.000000016399601,4.207079129514568e-12
0.0001764406756922397,1.000000016270983,1.000000016275161,4.177991286269389e-12
0.0001765406756922397,1.000000016147517,1.0000000161516651,4.14801526460451e-12
0.0001766406756922398,1.000000016024987,1.0000000160291065,4.119593555174106e-12
0.0001767406756922398,1.000000015903387,1.0000000159074778,4.090727756533852e-12
0.0001768406756922398,1.00000001578271,1.0000000157867721,4.062084002498523e-12
0.0001769406756922398,1.000000015662949,1.0000000156669822,4.033218203858269e-12
0.0001770406756922398,1.000000015544096,1.0000000155481013,4.005240583637715e-12
0.0001771406756922398,1.000000015426146,1.0000000154301223,3.976374784997461e-12
0.0001772406756922398,1.00000001530909,1.0000000153130386,3.948619209381832e-12
0.0001773406756922398,1.000000015192922,1.0000000151968436,3.921529767580978e-12
0.0001774406756922398,1.000000015077636,1.00000001508153,3.893996236570274e-12
0.0001775406756922398,1.000000014963225,1.0000000149670916,3.86646270555957e-12
0.0001776406756922398,1.000000014849682,1.0000000148535213,3.839373263758716e-12
0.0001777406756922398,1.000000014737001,1.000000014740813,3.8120617773529375e-12
0.0001778406756922398,1.000000014625174,1.0000000146289598,3.785860513971784e-12
0.0001779406756922398,1.000000014514197,1.0000000145179553,3.75832698296108e-12
0.0001780406756922398,1.000000014404061,1.0000000144077932,3.732125719579926e-12
0.0001781406756922398,1.000000014294761,1.000000014298467,3.7061465008036976e-12
0.0001782406756922398,1.00000001418629,1.0000000141899703,3.680389326632394e-12
0.0001783406756922398,1.000000014078642,1.000000014082297,3.65507624167094e-12
0.0001784406756922398,1.000000013971812,1.0000000139754408,3.6288749782897867e-12
0.0001785406756922398,1.000000013865792,1.0000000138693952,3.603117804118483e-12
0.0001786406756922398,1.000000013760576,1.0000000137641543,3.5782488083668795e-12
0.0001787406756922398,1.000000013656159,1.000000013659712,3.552935723405426e-12
0.0001788406756922398,1.000000013552534,1.0000000135560623,3.5282887722587475e-12
0.0001789406756922398,1.000000013449696,1.000000013453199,3.502975687297294e-12
0.0001790406756922398,1.000000013347638,1.0000000133511162,3.4781066915456904e-12
0.0001791406756922398,1.000000013246354,1.0000000132498081,3.454125874213787e-12
0.0001792406756922398,1.000000013145839,1.0000000131492686,3.4294789230671086e-12
0.0001793406756922398,1.000000013046087,1.0000000130494922,3.405054016525355e-12
0.0001794406756922398,1.000000012947091,1.0000000129504727,3.381739333008227e-12
0.0001795406756922398,1.000000012848847,1.0000000128522046,3.3575364710713984e-12
0.0001796406756922398,1.000000012751348,1.0000000127546822,3.33422178755427e-12
0.0001797406756922398,1.000000012654589,1.0000000126578998,3.310907104037142e-12
0.0001798406756922398,1.000000012558564,1.0000000125618518,3.2878144651249386e-12
0.0001799406756922398,1.000000012463268,1.0000000124665325,3.2644997816078103e-12
0.0001800406756922398,1.000000012368695,1.0000000123719366,3.241629187300532e-12
0.0001801406756922398,1.00000001227484,1.0000000122780586,3.218536548388329e-12
0.0001802406756922398,1.000000012181696,1.0000000121848927,3.1965541325007507e-12
0.0001803406756922398,1.00000001208926,1.0000000120924337,3.1736835381934725e-12
0.0001804406756922398,1.000000011997525,1.0000000120006765,3.1514790777009694e-12
0.0001805406756922398,1.000000011906486,1.0000000119096155,3.1294966618133913e-12
0.0001806406756922398,1.000000011816138,1.0000000118192454,3.107292201320888e-12
0.0001807406756922399,1.000000011726476,1.000000011729561,3.085087740828385e-12
0.0001808406756922399,1.000000011637493,1.0000000116405574,3.064437592570357e-12
0.0001809406756922399,1.000000011549186,1.000000011552229,3.042899265892629e-12
0.0001810406756922399,1.00000001146155,1.0000000114645706,3.020694805400126e-12
0.0001811406756922399,1.000000011374578,1.0000000113775775,2.999600567932248e-12
0.0001812406756922399,1.000000011288266,1.0000000112912446,2.97850633046437e-12
0.0001813406756922399,1.000000011202609,1.0000000112055667,2.957634137601417e-12
0.0001814406756922399,1.000000011117602,1.0000000111205392,2.937206033948314e-12
0.0001815406756922399,1.00000001103324,1.0000000110361564,2.916333841085361e-12
0.0001816406756922399,1.000000010949519,1.0000000109524143,2.8952396036174832e-12
0.0001817406756922399,1.000000010866432,1.0000000108693075,2.8754776337791554e-12
0.0001818406756922399,1.000000010783976,1.0000000107868312,2.8552715747309776e-12
0.0001819406756922399,1.000000010702146,1.000000010704981,2.8348434710778747e-12
0.0001820406756922399,1.000000010620937,1.0000000106237514,2.814415367424772e-12
0.0001821406756922399,1.000000010540343,1.0000000105431386,2.795541576006144e-12
0.0001822406756922399,1.000000010460362,1.0000000104631375,2.7755575615628914e-12
0.0001823406756922399,1.000000010380987,1.0000000103837432,2.7562396809344136e-12
0.0001824406756922399,1.000000010302215,1.0000000103049513,2.736255666491161e-12
0.0001825406756922399,1.00000001022404,1.0000000102267574,2.717381875072533e-12
0.0001826406756922399,1.000000010146459,1.000000010149157,2.6980639944440554e-12
0.0001827406756922399,1.000000010069466,1.0000000100721453,2.6794122476303528e-12
0.0001828406756922399,1.000000009993058,1.000000009995718,2.660094367001875e-12
0.0001829406756922399,1.000000009917229,1.0000000099198705,2.6414426201881724e-12
0.0001830406756922399,1.000000009841976,1.0000000098445987,2.62279087337447e-12
0.0001831406756922399,1.000000009767293,1.000000009769898,2.6050273049804673e-12
0.0001832406756922399,1.000000009693178,1.000000009695764,2.5859314689569146e-12
0.0001833406756922399,1.000000009619624,1.0000000096221926,2.568611989772762e-12
0.0001834406756922399,1.000000009546629,1.0000000095491794,2.5504043321689096e-12
0.0001835406756922399,1.000000009474188,1.0000000094767205,2.532418719169982e-12
0.0001836406756922399,1.000000009402297,1.0000000094048112,2.5142110615661295e-12
0.0001837406756922399,1.000000009330951,1.0000000093334476,2.496669537777052e-12
0.0001838406756922399,1.000000009260146,1.0000000092626253,2.4793500585928996e-12
0.0001839406756922399,1.000000009189879,1.0000000091923407,2.461586490198897e-12
0.0001840406756922399,1.000000009120145,1.0000000091225894,2.4442670110147446e-12
0.0001841406756922399,1.00000000905094,1.0000000090533672,2.4271695764355172e-12
0.0001842406756922399,1.00000000898226,1.0000000089846703,2.410294186461215e-12
0.0001843406756922399,1.000000008914102,1.0000000089164947,2.3927526626721374e-12
0.0001844406756922399,1.00000000884646,1.0000000088488363,2.376321361907685e-12
0.0001845406756922399,1.000000008779332,1.0000000087816916,2.3596680165383077e-12
0.0001846406756922399,1.000000008712713,1.0000000087150562,2.3432367157738554e-12
0.0001847406756922399,1.0000000086466,1.0000000086489265,2.326361325799553e-12
0.00018484067569224,1.000000008580989,1.0000000085832983,2.3092638912203256e-12
0.00018494067569224,1.000000008515875,1.0000000085181684,2.2934987242706484e-12
0.00018504067569224,1.000000008451255,1.0000000084535325,2.277511512716046e-12
0.00018514067569224,1.000000008387126,1.0000000083893872,2.261080211951594e-12
0.00018524067569224,1.000000008323483,1.0000000083257288,2.2457591342117666e-12
0.00018534067569224,1.000000008260324,1.000000008262553,2.2291057888423893e-12
0.00018544067569224,1.000000008197643,1.000000008199857,2.214006755707487e-12
0.00018554067569224,1.000000008135438,1.0000000081376366,2.198463633362735e-12
0.00018564067569224,1.000000008073705,1.0000000080758882,2.183142555622908e-12
0.00018574067569224,1.000000008012441,1.0000000080146085,2.1675994332781556e-12
0.00018584067569224,1.000000007951641,1.0000000079537936,2.1527224447481785e-12
0.00018594067569224,1.000000007891303,1.0000000078934403,2.1374013670083514e-12
0.00018604067569224,1.000000007831423,1.000000007833545,2.121858244663599e-12
0.00018614067569224,1.000000007771997,1.000000007774104,2.106981256133622e-12
0.00018624067569224,1.000000007713022,1.0000000077151143,2.09232631220857e-12
0.00018634067569224,1.000000007654494,1.000000007656572,2.078115457493368e-12
0.00018644067569224,1.000000007596411,1.000000007598474,2.063016424358466e-12
0.00018654067569224,1.000000007538768,1.0000000075408169,2.048805569643264e-12
0.00018664067569224,1.000000007481563,1.0000000074835973,2.034372670323137e-12
0.00018674067569224,1.000000007424792,1.0000000074268118,2.01993977100301e-12
0.00018684067569224,1.000000007368452,1.0000000073704571,2.0050627824730327e-12
0.00018694067569224,1.000000007312539,1.0000000073145303,1.9912960169676808e-12
0.00018704067569224,1.000000007257051,1.0000000072590276,1.9766410730426287e-12
0.00018714067569224,1.000000007201983,1.0000000072039463,1.963318396747127e-12
0.00018724067569224,1.000000007147333,1.0000000071492827,1.9497736758467e-12
0.00018734067569224,1.000000007093099,1.0000000070950341,1.935118731921648e-12
0.00018744067569224,1.000000007039275,1.000000007041197,1.922018100231071e-12
0.00018754067569224,1.00000000698586,1.0000000069877684,1.908473379330644e-12
0.00018764067569224,1.00000000693285,1.0000000069347452,1.8951507030351422e-12
0.00018774067569224,1.000000006880243,1.0000000068821246,1.8816059821347153e-12
0.00018784067569224,1.000000006828035,1.000000006829903,1.8680612612342884e-12
0.00018794067569224,1.000000006776223,1.0000000067780779,1.8549606295437115e-12
0.00018804067569224,1.000000006724804,1.000000006726646,1.8418599978531347e-12
0.00018814067569224,1.000000006673775,1.000000006675604,1.828981410767483e-12
0.00018824067569224,1.000000006623133,1.0000000066249497,1.8167689574966062e-12
0.00018834067569224,1.000000006572876,1.0000000065746797,1.8036683258060293e-12
0.00018844067569224,1.000000006523,1.000000006524791,1.7910117833253025e-12
0.00018854067569224,1.000000006473503,1.000000006475281,1.7779111516347257e-12
0.00018864067569224,1.000000006424381,1.0000000064261465,1.765476653758924e-12
0.00018874067569224,1.000000006375632,1.000000006377385,1.7530421558831222e-12
0.00018884067569224,1.000000006327253,1.0000000063289936,1.7406076580073204e-12
0.0001889406756922401,1.000000006279241,1.000000006280969,1.7281731601315187e-12
0.0001890406756922401,1.000000006231593,1.0000000062333092,1.716182751465567e-12
0.0001891406756922401,1.000000006184307,1.0000000061860108,1.7037482535897652e-12
0.0001892406756922401,1.000000006137379,1.0000000061390715,1.6924239787385886e-12
0.0001893406756922401,1.000000006090808,1.0000000060924883,1.680211525467712e-12
0.0001894406756922401,1.00000000604459,1.0000000060462586,1.6686652060116103e-12
0.0001895406756922401,1.000000005998723,1.0000000060003795,1.6564527527407336e-12
0.0001896406756922401,1.000000005953204,1.0000000059548488,1.644906433284632e-12
0.0001897406756922401,1.00000000590803,1.0000000059096634,1.6333601138285303e-12
0.0001898406756922401,1.000000005863199,1.0000000058648209,1.6218137943724287e-12
0.0001899406756922401,1.000000005818708,1.0000000058203187,1.6107115641261771e-12
0.0001900406756922401,1.000000005774555,1.0000000057761542,1.5991652446700755e-12
0.0001901406756922401,1.000000005730737,1.0000000057323248,1.5878409698188989e-12
0.0001902406756922401,1.000000005687252,1.000000005688828,1.5760726057578722e-12
0.0001903406756922401,1.000000005644096,1.0000000056456613,1.5651924201165457e-12
0.0001904406756922401,1.000000005601268,1.000000005602822,1.5540901898702941e-12
0.0001905406756922401,1.000000005558765,1.0000000055603078,1.5427659150191175e-12
0.0001906406756922401,1.000000005516584,1.0000000055181162,1.532107773982716e-12
0.0001907406756922401,1.000000005474723,1.0000000054762448,1.5218937221561646e-12
0.0001908406756922401,1.00000000543318,1.0000000054346911,1.511235581119763e-12
0.0001909406756922401,1.000000005391952,1.0000000053934528,1.5007994846882866e-12
0.0001910406756922401,1.000000005351038,1.0000000053525273,1.489253165232185e-12
0.0001911406756922401,1.000000005310433,1.0000000053119122,1.4792611580105586e-12
0.0001912406756922401,1.000000005270137,1.0000000052716056,1.468603016974157e-12
0.0001913406756922401,1.000000005230147,1.0000000052316047,1.4577228313328305e-12
0.0001914406756922401,1.000000005190459,1.0000000051919073,1.4483969579259792e-12
0.0001915406756922401,1.000000005151074,1.000000005152511,1.4370726830748026e-12
0.0001916406756922401,1.000000005111987,1.000000005113414,1.4268586312482512e-12
0.0001917406756922401,1.000000005073196,1.0000000050746134,1.4173107132364748e-12
0.0001918406756922401,1.0000000050347,1.0000000050361073,1.4073187060148484e-12
0.0001919406756922401,1.000000004996496,1.0000000049978934,1.397326698793222e-12
0.0001920406756922401,1.000000004958582,1.0000000049599693,1.3873346915715956e-12
0.0001921406756922401,1.000000004920955,1.0000000049223332,1.3782308627696693e-12
0.0001922406756922401,1.000000004883614,1.0000000048849826,1.368682944757893e-12
0.0001923406756922401,1.000000004846557,1.0000000048479154,1.3584688929313415e-12
0.0001924406756922401,1.000000004809781,1.0000000048111295,1.3484768857097151e-12
0.0001925406756922401,1.000000004773283,1.0000000047746227,1.3395951015127139e-12
0.0001926406756922401,1.000000004737063,1.0000000047383928,1.3298251388960125e-12
0.0001927406756922401,1.000000004701117,1.000000004702438,1.3209433546990113e-12
0.0001928406756922401,1.000000004665445,1.0000000046667559,1.3109513474773848e-12
0.0001929406756922401,1.000000004630043,1.0000000046313446,1.3016254740705335e-12
0.0001930406756922402,1.000000004594909,1.000000004596202,1.2931877790833823e-12
0.0001931406756922402,1.000000004560043,1.000000004561326,1.2829737272568309e-12
0.0001932406756922402,1.00000000452544,1.0000000045267148,1.2747580768746047e-12
0.0001933406756922402,1.0000000044911,1.000000004492366,1.2660983372825285e-12
0.0001934406756922402,1.000000004457021,1.000000004458278,1.2569945084806022e-12
0.0001935406756922402,1.000000004423201,1.0000000044244486,1.247668635073751e-12
0.0001936406756922402,1.000000004389637,1.0000000043908759,1.2387868508767497e-12
0.0001937406756922402,1.000000004356328,1.000000004357558,1.2301271112846734e-12
0.0001938406756922402,1.000000004323272,1.000000004324493,1.2210232824827472e-12
0.0001939406756922402,1.000000004290466,1.0000000042916788,1.212807632100521e-12
0.0001940406756922402,1.000000004257909,1.0000000042591135,1.2045919817182948e-12
0.0001941406756922402,1.0000000042256,1.0000000042267954,1.1952661083114435e-12
0.0001942406756922402,1.000000004193535,1.0000000041947226,1.1874945471390674e-12
0.0001943406756922402,1.000000004161714,1.000000004162893,1.1788348075469912e-12
0.0001944406756922402,1.000000004130134,1.000000004131305,1.1710632463746151e-12
0.0001945406756922402,1.000000004098795,1.0000000040999566,1.1615153283628388e-12
0.0001946406756922402,1.000000004067692,1.0000000040688464,1.1544099010052378e-12
0.0001947406756922402,1.000000004036826,1.000000004037972,1.1459722060180866e-12
0.0001948406756922402,1.000000004006194,1.0000000040073318,1.1377565556358604e-12
0.0001949406756922402,1.000000003975795,1.0000000039769241,1.1290968160437842e-12
0.0001950406756922402,1.000000003945626,1.0000000039467474,1.1213252548714081e-12
0.0001951406756922402,1.000000003915686,1.0000000039167996,1.113553693699032e-12
0.0001952406756922402,1.000000003885973,1.0000000038870789,1.105782132526656e-12
0.0001953406756922402,1.000000003856486,1.0000000038575836,1.0975664821444298e-12
0.0001954406756922402,1.000000003827222,1.0000000038283123,1.0902390101819037e-12
0.0001955406756922402,1.00000000379818,1.0000000037992631,1.0831335828243027e-12
0.0001956406756922402,1.000000003769359,1.0000000037704344,1.0753620216519266e-12
0.0001957406756922402,1.000000003740757,1.0000000037418244,1.0673684158746255e-12
0.0001958406756922402,1.000000003712372,1.0000000037134316,1.0595968547022494e-12
0.0001959406756922402,1.000000003684202,1.0000000036852539,1.0518252935298733e-12
0.0001960406756922402,1.000000003656246,1.0000000036572902,1.0442757769624222e-12
0.0001961406756922402,1.000000003628501,1.000000003629539,1.0378364834195963e-12
0.0001962406756922402,1.000000003600968,1.0000000036019978,1.0298428776422952e-12
0.0001963406756922402,1.000000003573643,1.000000003574666,1.0229594948896192e-12
0.0001964406756922402,1.000000003546526,1.0000000035475414,1.0154099783221682e-12
0.0001965406756922402,1.000000003519614,1.0000000035206227,1.0087486401744172e-12
0.0001966406756922402,1.000000003492907,1.0000000034939083,1.0011991236069662e-12
0.0001967406756922402,1.000000003466402,1.0000000034673966,9.945377854592152e-13
0.0001968406756922402,1.000000003440099,1.0000000034410859,9.867662242868391e-13
0.0001969406756922402,1.000000003413995,1.000000003414975,9.798828415341632e-13
0.0001970406756922402,1.000000003388089,1.0000000033890621,9.732215033864122e-13
0.0001971406756922403,1.000000003362379,1.000000003363346,9.670042544485113e-13
0.0001972406756922403,1.000000003336865,1.000000003337825,9.598988270909103e-13
0.0001973406756922403,1.000000003311545,1.0000000033124976,9.525713551283843e-13
0.0001974406756922403,1.000000003286416,1.0000000032873624,9.463541061904834e-13
0.0001975406756922403,1.000000003261479,1.000000003262418,9.388045896230324e-13
0.0001976406756922403,1.00000000323673,1.0000000032376628,9.328093852900565e-13
0.0001977406756922403,1.000000003212169,1.0000000032130953,9.263700917472306e-13
0.0001978406756922403,1.000000003187795,1.0000000031887144,9.194867089945546e-13
0.0001979406756922403,1.000000003163606,1.0000000031645184,9.123812816369536e-13
0.0001980406756922403,1.0000000031396,1.000000003140506,9.061640326990528e-13
0.0001981406756922403,1.000000003115776,1.000000003116676,8.999467837611519e-13
0.0001982406756922403,1.000000003092133,1.0000000030930267,8.93729534823251e-13
0.0001983406756922403,1.000000003068669,1.0000000030695568,8.877343304902752e-13
0.0001984406756922403,1.000000003045384,1.000000003046265,8.810729923425242e-13
0.0001985406756922403,1.000000003022275,1.0000000030231502,8.750777880095484e-13
0.0001986406756922403,1.000000002999342,1.0000000030002105,8.684164498617974e-13
0.0001987406756922403,1.000000002976582,1.000000002977445,8.628653347386717e-13
0.0001988406756922403,1.000000002953996,1.0000000029548521,8.562039965909207e-13
0.0001989406756922403,1.00000000293158,1.0000000029324307,8.506528814677949e-13
0.0001990406756922403,1.000000002909335,1.0000000029101794,8.444356325298941e-13
0.0001991406756922403,1.000000002887258,1.0000000028880969,8.388845174067683e-13
0.0001992406756922403,1.00000000286535,1.0000000028661822,8.322231792590173e-13
0.0001993406756922403,1.000000002843607,1.0000000028444336,8.266720641358916e-13
0.0001994406756922403,1.000000002822029,1.00000000282285,8.208989044078407e-13
0.0001995406756922403,1.000000002800615,1.0000000028014302,8.151257446797899e-13
0.0001996406756922403,1.000000002779364,1.000000002780173,8.089084957418891e-13
0.0001997406756922403,1.000000002758274,1.0000000027590772,8.031353360138382e-13
0.0001998406756922403,1.000000002737343,1.0000000027381413,7.982503547054876e-13
0.0001999406756922403,1.000000002716572,1.0000000027173643,7.922551503725117e-13
0.0002000406756922403,1.000000002695958,1.0000000026967448,7.86926079854311e-13
0.0002001406756922403,1.000000002675501,1.000000002676282,7.811529201262601e-13
0.0002002406756922403,1.000000002655199,1.0000000026559746,7.756018050031344e-13
0.0002003406756922403,1.000000002635051,1.000000002635821,7.698286452750835e-13
0.0002004406756922403,1.000000002615056,1.0000000026158204,7.644995747568828e-13
0.0002005406756922403,1.000000002595213,1.0000000025959714,7.585043704239069e-13
0.0002006406756922403,1.00000000257552,1.0000000025762734,7.533973445106312e-13
0.0002007406756922403,1.000000002555976,1.0000000025567246,7.485123632022805e-13
0.0002008406756922403,1.000000002536581,1.0000000025373241,7.431832926840798e-13
0.0002009406756922403,1.000000002517333,1.000000002518071,7.380762667708041e-13
0.0002010406756922403,1.000000002498231,1.000000002498964,7.329692408575283e-13
0.0002011406756922403,1.000000002479275,1.0000000024800018,7.267519919196275e-13
0.0002012406756922404,1.000000002460461,1.0000000024611835,7.225331444260519e-13
0.0002013406756922404,1.000000002441791,1.0000000024425082,7.172040739078511e-13
0.0002014406756922404,1.000000002423262,1.0000000024239744,7.123190925995004e-13
0.0002015406756922404,1.000000002404874,1.0000000024055813,7.072120666862247e-13
0.0002016406756922404,1.000000002386626,1.0000000023873277,7.016609515630989e-13
0.0002017406756922404,1.000000002368516,1.0000000023692128,6.967759702547482e-13
0.0002018406756922404,1.000000002350543,1.0000000023512352,6.921130335513226e-13
0.0002019406756922404,1.000000002332707,1.000000002333394,6.870060076380469e-13
0.0002020406756922404,1.000000002315006,1.0000000023156883,6.823430709346212e-13
0.0002021406756922404,1.000000002297439,1.0000000022981168,6.779021788361206e-13
0.0002022406756922404,1.000000002280006,1.0000000022806788,6.727951529228449e-13
0.0002023406756922404,1.000000002262705,1.000000002263373,6.681322162194192e-13
0.0002024406756922404,1.000000002245536,1.0000000022461986,6.625811010962934e-13
0.0002025406756922404,1.000000002228496,1.0000000022291544,6.583622536027178e-13
0.0002026406756922404,1.000000002211586,1.0000000022122395,6.534772722943671e-13
0.0002027406756922404,1.000000002194804,1.0000000021954532,6.492584248007915e-13
0.0002028406756922404,1.00000000217815,1.000000002178794,6.439293542825908e-13
0.0002029406756922404,1.000000002161622,1.0000000021622613,6.392664175791651e-13
0.0002030406756922404,1.000000002145219,1.0000000021458542,6.352696146905146e-13
0.0002031406756922404,1.00000000212894,1.0000000021295714,6.31494856406789e-13
0.0002032406756922404,1.000000002112786,1.0000000021134123,6.263878304935133e-13
0.0002033406756922404,1.000000002096754,1.0000000020973756,6.215028491851626e-13
0.0002034406756922404,1.000000002080843,1.0000000020814608,6.177280909014371e-13
0.0002035406756922404,1.000000002065054,1.0000000020656667,6.128431095930864e-13
0.0002036406756922404,1.000000002049384,1.0000000020499924,6.084022174945858e-13
0.0002037406756922404,1.000000002033833,1.000000002034437,6.039613253960852e-13
0.0002038406756922404,1.0000000020184,1.0000000020189999,5.999645225074346e-13
0.0002039406756922404,1.000000002003084,1.0000000020036797,5.95745675013859e-13
0.0002040406756922404,1.000000001987884,1.0000000019884758,5.917488721252084e-13
0.0002041406756922404,1.0000000019728,1.0000000019733872,5.873079800267078e-13
0.0002042406756922404,1.00000000195783,1.0000000019584132,5.833111771380572e-13
0.0002043406756922404,1.000000001942974,1.0000000019435529,5.788702850395566e-13
0.0002044406756922404,1.00000000192823,1.0000000019288051,5.750955267558311e-13
0.0002045406756922404,1.000000001913598,1.0000000019141693,5.713207684721056e-13
0.0002046406756922404,1.000000001899078,1.0000000018996447,5.666578317686799e-13
0.0002047406756922404,1.000000001884667,1.0000000018852302,5.631051180898794e-13
0.0002048406756922404,1.000000001870366,1.000000001870925,5.588862705963038e-13
0.0002049406756922404,1.000000001856174,1.0000000018567285,5.544453784978032e-13
0.0002050406756922404,1.000000001842089,1.0000000018426396,5.506706202140776e-13
0.0002051406756922404,1.000000001828111,1.0000000018286577,5.466738173254271e-13
0.0002052406756922404,1.000000001814239,1.0000000018147819,5.428990590417015e-13
0.0002053406756922404,1.000000001800472,1.0000000018010113,5.39346345362901e-13
0.0002054406756922405,1.00000000178681,1.0000000017873454,5.353495424742505e-13
0.0002055406756922405,1.000000001773251,1.000000001773783,5.3179682879545e-13
0.0002056406756922405,1.000000001759795,1.0000000017603234,5.284661597215745e-13
0.0002057406756922405,1.000000001746442,1.0000000017469661,5.240252676230739e-13
0.0002058406756922405,1.00000000173319,1.0000000017337103,5.202505093393484e-13
0.0002059406756922405,1.000000001720038,1.0000000017205548,5.169198402654729e-13
0.0002060406756922405,1.000000001706986,1.0000000017074993,5.131450819817474e-13
0.0002061406756922405,1.000000001694033,1.0000000016945427,5.098144129078719e-13
0.0002062406756922405,1.000000001681179,1.0000000016816846,5.055955654142963e-13
0.0002063406756922405,1.000000001668422,1.0000000016689239,5.018208071305708e-13
0.0002064406756922405,1.000000001655762,1.0000000016562602,4.982680934517703e-13
0.0002065406756922405,1.000000001643198,1.0000000016436925,4.944933351680447e-13
0.0002066406756922405,1.000000001630729,1.0000000016312203,4.911626660941693e-13
0.0002067406756922405,1.000000001618355,1.0000000016188426,4.876099524153688e-13
0.0002068406756922405,1.000000001606074,1.0000000016065587,4.847233725513433e-13
0.0002069406756922405,1.000000001593887,1.0000000015943682,4.811706588725428e-13
0.0002070406756922405,1.000000001581792,1.00000000158227,4.780620344035924e-13
0.0002071406756922405,1.000000001569789,1.000000001570264,4.74953409934642e-13
0.0002072406756922405,1.000000001557878,1.0000000015583488,4.707345624410664e-13
0.0002073406756922405,1.000000001546056,1.000000001546524,4.68070027181966e-13
0.0002074406756922405,1.000000001534325,1.000000001534789,4.640732242933154e-13
0.0002075406756922405,1.000000001522682,1.000000001523143,4.60964599824365e-13
0.0002076406756922405,1.000000001511128,1.0000000015115855,4.576339307504895e-13
0.0002077406756922405,1.000000001499661,1.0000000015001156,4.545253062815391e-13
0.0002078406756922405,1.000000001488281,1.0000000014887327,4.516387264175137e-13
0.0002079406756922405,1.000000001476988,1.0000000014774362,4.480860127387132e-13
0.0002080406756922405,1.00000000146578,1.0000000014662254,4.454214774796128e-13
0.0002081406756922405,1.000000001454658,1.0000000014550998,4.418687638008123e-13
0.0002082406756922405,1.00000000144362,1.0000000014440584,4.3853809472693683e-13
0.0002083406756922405,1.000000001432665,1.000000001433101,4.3587355946783646e-13
0.0002084406756922405,1.000000001421794,1.0000000014222266,4.32542890393961e-13
0.0002085406756922405,1.000000001411005,1.0000000014114347,4.296563105299356e-13
0.0002086406756922405,1.000000001400299,1.0000000014007249,4.2588155224621005e-13
0.0002087406756922405,1.000000001389673,1.000000001390096,4.2299497238218464e-13
0.0002088406756922405,1.000000001379128,1.000000001379548,4.2010839251815923e-13
0.0002089406756922405,1.000000001368663,1.00000000136908,4.169997680492088e-13
0.0002090406756922405,1.000000001358277,1.0000000013586914,4.143352327901084e-13
0.0002091406756922405,1.00000000134797,1.0000000013483819,4.118927421359331e-13
0.0002092406756922405,1.000000001337742,1.0000000013381503,4.083400284571326e-13
0.0002093406756922405,1.000000001327591,1.0000000013279964,4.0545344859310717e-13
0.0002094406756922405,1.000000001317517,1.0000000013179196,4.0256686872908176e-13
0.0002095406756922406,1.000000001307519,1.000000001307919,4.001243780749064e-13
0.0002096406756922406,1.000000001297598,1.0000000012979946,3.965716643961059e-13
0.0002097406756922406,1.000000001287751,1.0000000012881456,3.9457326295178063e-13
0.0002098406756922406,1.00000000127798,1.0000000012783712,3.9124259387790516e-13
0.0002099406756922406,1.000000001268282,1.0000000012686707,3.888001032237298e-13
0.0002100406756922406,1.000000001258658,1.0000000012590442,3.8613556796462944e-13
0.0002101406756922406,1.000000001249107,1.0000000012494905,3.8347103270552907e-13
0.0002102406756922406,1.000000001239629,1.0000000012400094,3.8036240823657863e-13
0.0002103406756922406,1.000000001230223,1.0000000012306003,3.772537837676282e-13
0.0002104406756922406,1.000000001220888,1.0000000012212624,3.743672039036028e-13
0.0002105406756922406,1.000000001211623,1.0000000012119956,3.7259084706420253e-13
0.0002106406756922406,1.000000001202429,1.000000001202799,3.6992631180510216e-13
0.0002107406756922406,1.000000001193305,1.000000001193672,3.6703973194107675e-13
0.0002108406756922406,1.00000000118425,1.0000000011846144,3.643751966819764e-13
0.0002109406756922406,1.000000001175264,1.0000000011756256,3.6148861681795097e-13
0.0002110406756922406,1.000000001166346,1.000000001166705,3.590461261637756e-13
0.0002111406756922406,1.000000001157495,1.000000001157852,3.5704772471945034e-13
0.0002112406756922406,1.000000001148712,1.0000000011490664,3.5438318946034997e-13
0.0002113406756922406,1.000000001139996,1.0000000011403472,3.510525203864745e-13
0.0002114406756922406,1.000000001131345,1.0000000011316943,3.4927616354707425e-13
0.0002115406756922406,1.000000001122761,1.000000001123107,3.459454944731988e-13
0.0002116406756922406,1.000000001114241,1.0000000011145849,3.439470930288735e-13
0.0002117406756922406,1.000000001105786,1.0000000011061274,3.4150460237469815e-13
0.0002118406756922406,1.000000001097395,1.0000000010977341,3.390621117205228e-13
0.0002119406756922406,1.000000001089068,1.0000000010894046,3.3661962106634746e-13
0.0002120406756922406,1.000000001080804,1.000000001081138,3.341771304121721e-13
0.0002121406756922406,1.000000001072603,1.0000000010729344,3.3151259515307174e-13
0.0002122406756922406,1.000000001064464,1.0000000010647931,3.290701044988964e-13
0.0002123406756922406,1.000000001056386,1.0000000010567134,3.2729374765949615e-13
0.0002124406756922406,1.00000000104837,1.0000000010486951,3.2507330161024584e-13
0.0002125406756922406,1.000000001040415,1.0000000010407375,3.2240876635114546e-13
0.0002126406756922406,1.00000000103252,1.0000000010328405,3.204103649068202e-13
0.0002127406756922406,1.000000001024685,1.0000000010250032,3.1818991885756986e-13
0.0002128406756922406,1.00000000101691,1.0000000010172256,3.157474282033945e-13
0.0002129406756922406,1.000000001009193,1.000000001009507,3.1397107136399427e-13
0.0002130406756922406,1.000000001001535,1.0000000010018468,3.1175062531474396e-13
0.0002131406756922406,1.000000000993936,1.0000000009942447,3.086420008457935e-13
0.0002132406756922406,1.000000000986393,1.0000000009867005,3.0753177782116836e-13
0.0002133406756922406,1.000000000978909,1.0000000009792134,3.044231533522179e-13
0.0002134406756922406,1.00000000097148,1.000000000971783,3.0309088572266774e-13
0.0002135406756922406,1.000000000964109,1.0000000009644092,3.0020430585864233e-13
0.0002136406756922407,1.000000000956793,1.0000000009570913,2.9820590441431705e-13
0.0002137406756922407,1.000000000949533,1.0000000009498289,2.9598545836506673e-13
0.0002138406756922407,1.000000000942328,1.0000000009426215,2.935429677108914e-13
0.0002139406756922407,1.000000000935177,1.000000000935469,2.9198865547641617e-13
0.0002140406756922407,1.000000000928081,1.0000000009283707,2.8976820942716586e-13
0.0002141406756922407,1.000000000921039,1.0000000009213261,2.871036741680655e-13
0.0002142406756922407,1.00000000091405,1.000000000914335,2.851052727237402e-13
0.0002143406756922407,1.000000000907113,1.0000000009073973,2.8421709430404007e-13
0.0002144406756922407,1.00000000090023,1.0000000009005119,2.8199664825478976e-13
0.0002145406756922407,1.000000000893399,1.0000000008936787,2.7977620220553945e-13
0.0002146406756922407,1.00000000088662,1.0000000008868977,2.7755575615628914e-13
0.0002147406756922407,1.000000000879892,1.0000000008801677,2.757793993168889e-13
0.0002148406756922407,1.000000000873215,1.000000000873489,2.7400304247748863e-13
0.0002149406756922407,1.000000000866589,1.000000000866861,2.7200464103316335e-13
0.0002150406756922407,1.000000000860014,1.0000000008602834,2.69340105774063e-13
0.0002151406756922407,1.000000000853488,1.0000000008537555,2.6756374893466273e-13
0.0002152406756922407,1.000000000847011,1.0000000008472771,2.6623148130511254e-13
0.0002153406756922407,1.000000000840584,1.000000000840848,2.6401103525586223e-13
0.0002154406756922407,1.000000000834206,1.0000000008344678,2.617905892066119e-13
0.0002155406756922407,1.000000000827876,1.0000000008281358,2.5979218776228663e-13
0.0002156406756922407,1.000000000821593,1.000000000821852,2.589040093425865e-13
0.0002157406756922407,1.000000000815359,1.0000000008156158,2.569056078982612e-13
0.0002158406756922407,1.000000000809172,1.0000000008094267,2.546851618490109e-13
0.0002159406756922407,1.000000000803032,1.000000000803285,2.5290880500961066e-13
0.0002160406756922407,1.000000000796938,1.0000000007971896,2.5157653738006047e-13
0.0002161406756922407,1.000000000790891,1.0000000007911405,2.495781359357352e-13
0.0002162406756922407,1.000000000784889,1.0000000007851373,2.48245868306185e-13
0.0002163406756922407,1.000000000778934,1.0000000007791798,2.4580337765200966e-13
0.0002164406756922407,1.000000000773023,1.0000000007732672,2.4424906541753444e-13
0.0002165406756922407,1.000000000767157,1.0000000007673997,2.426947531830592e-13
0.0002166406756922407,1.000000000761336,1.0000000007615768,2.4069635173873394e-13
0.0002167406756922407,1.000000000755559,1.0000000007557979,2.389199948993337e-13
0.0002168406756922407,1.000000000749826,1.000000000750063,2.369215934550084e-13
0.0002169406756922407,1.000000000744136,1.0000000007443715,2.353672812205332e-13
0.0002170406756922407,1.000000000738489,1.000000000738723,2.34035013590983e-13
0.0002171406756922407,1.000000000732885,1.0000000007331178,2.327027459614328e-13
0.0002172406756922407,1.000000000727324,1.000000000727555,2.3092638912203256e-13
0.0002173406756922407,1.000000000721805,1.0000000007220342,2.291500322826323e-13
0.0002174406756922407,1.000000000716328,1.0000000007165555,2.2737367544323206e-13
0.0002175406756922407,1.000000000710892,1.0000000007111183,2.262634524186069e-13
0.0002176406756922407,1.000000000705498,1.0000000007057221,2.240430063693566e-13
0.0002177406756922408,1.000000000700145,1.000000000700367,2.220446049250313e-13
0.0002178406756922408,1.000000000694832,1.000000000695053,2.2093438190040615e-13
0.0002179406756922408,1.000000000689559,1.0000000006897787,2.1960211427085596e-13
0.0002180406756922408,1.000000000684327,1.0000000006845446,2.1760371282653068e-13
0.0002181406756922408,1.000000000679134,1.0000000006793504,2.162714451969805e-13
0.0002182406756922408,1.000000000673981,1.0000000006741956,2.1449508835758024e-13
0.0002183406756922408,1.000000000668866,1.0000000006690797,2.1360690993788012e-13
0.0002184406756922408,1.000000000663791,1.0000000006640029,2.1183055309847987e-13
0.0002185406756922408,1.000000000658754,1.0000000006589642,2.1027624086400465e-13
0.0002186406756922408,1.000000000653755,1.000000000653964,2.0894397323445446e-13
0.0002187406756922408,1.000000000648795,1.0000000006490017,2.0672352718520415e-13
0.0002188406756922408,1.000000000643871,1.0000000006440772,2.0627943797535409e-13
0.0002189406756922408,1.000000000638986,1.00000000063919,2.0405899192610377e-13
0.0002190406756922408,1.000000000634137,1.0000000006343397,2.0272672429655358e-13
0.0002191406756922408,1.000000000629325,1.0000000006295264,2.013944566670034e-13
0.0002192406756922408,1.00000000062455,1.0000000006247496,1.9961809982760315e-13
0.0002193406756922408,1.000000000619811,1.000000000620009,1.978417429882029e-13
0.0002194406756922408,1.000000000615107,1.0000000006153043,1.971756091734278e-13
0.0002195406756922408,1.00000000061044,1.0000000006106355,1.9562129693895258e-13
0.0002196406756922408,1.000000000605808,1.000000000606002,1.9384494009955233e-13
0.0002197406756922408,1.000000000601211,1.0000000006014036,1.9251267247000214e-13
0.0002198406756922408,1.000000000596649,1.0000000005968401,1.9118040484045196e-13
0.0002199406756922408,1.000000000592121,1.0000000005923113,1.9029222642075183e-13
0.0002200406756922408,1.000000000587628,1.000000000587817,1.8895995879120164e-13
0.0002201406756922408,1.000000000583169,1.0000000005833565,1.8740564655672642e-13
0.0002202406756922408,1.000000000578744,1.00000000057893,1.8607337892717624e-13
0.0002203406756922408,1.000000000574352,1.000000000574537,1.851852005074761e-13
0.0002204406756922408,1.000000000569994,1.0000000005701775,1.8340884366807586e-13
0.0002205406756922408,1.000000000565669,1.000000000565851,1.8185453143360064e-13
0.0002206406756922408,1.000000000561377,1.0000000005615572,1.8030021919912542e-13
0.0002207406756922408,1.000000000557117,1.0000000005572962,1.7918999617450027e-13
0.0002208406756922408,1.000000000552889,1.0000000005530676,1.7852386235972517e-13
0.0002209406756922408,1.000000000548694,1.0000000005488707,1.7674750552032492e-13
0.0002210406756922408,1.00000000054453,1.000000000544706,1.7608137170554983e-13
0.0002211406756922408,1.000000000540398,1.0000000005405727,1.7474910407599964e-13
0.0002212406756922408,1.000000000536298,1.0000000005364709,1.729727472365994e-13
0.0002213406756922408,1.000000000532228,1.0000000005324001,1.7208456881689926e-13
0.0002214406756922408,1.000000000528189,1.0000000005283602,1.7119639039719914e-13
0.0002215406756922408,1.000000000524182,1.0000000005243512,1.6919798895287386e-13
0.0002216406756922408,1.000000000520204,1.0000000005203724,1.6830981053317373e-13
0.0002217406756922408,1.000000000516257,1.0000000005164238,1.667554982986985e-13
0.0002218406756922409,1.000000000512339,1.0000000005125051,1.6608936448392342e-13
0.0002219406756922409,1.000000000508452,1.0000000005086163,1.6431300764452317e-13
0.0002220406756922409,1.000000000504593,1.000000000504757,1.638689184346731e-13
0.0002221406756922409,1.000000000500765,1.0000000005009269,1.6187051699034782e-13
0.0002222406756922409,1.000000000496964,1.000000000497126,1.6187051699034782e-13
0.0002223406756922409,1.000000000493193,1.0000000004933536,1.6053824936079764e-13
0.0002224406756922409,1.000000000489451,1.0000000004896101,1.5920598173124745e-13
0.0002225406756922409,1.000000000485737,1.0000000004858949,1.5787371410169726e-13
0.0002226406756922409,1.000000000482051,1.0000000004822078,1.567634910770721e-13
0.0002227406756922409,1.000000000478393,1.000000000478549,1.5587531265737198e-13
0.0002228406756922409,1.000000000474763,1.0000000004749177,1.5476508963274682e-13
0.0002229406756922409,1.000000000471161,1.000000000471314,1.5298873279334657e-13
0.0002230406756922409,1.000000000467586,1.0000000004677376,1.5165646516379638e-13
0.0002231406756922409,1.000000000464037,1.0000000004641885,1.5143442055887135e-13
0.0002232406756922409,1.000000000460516,1.0000000004606662,1.5010215292932116e-13
0.0002233406756922409,1.000000000457022,1.0000000004571707,1.4876988529977098e-13
0.0002234406756922409,1.000000000453554,1.0000000004537017,1.4765966227514582e-13
0.0002235406756922409,1.000000000450112,1.000000000450259,1.4699352846037073e-13
0.0002236406756922409,1.000000000446696,1.0000000004468426,1.4654943925052066e-13
0.0002237406756922409,1.000000000443307,1.000000000443452,1.4499512701604544e-13
0.0002238406756922409,1.000000000439943,1.0000000004400869,1.438849039914203e-13
0.0002239406756922409,1.000000000436605,1.0000000004367475,1.425526363618701e-13
0.0002240406756922409,1.000000000433292,1.0000000004334335,1.4144241333724494e-13
0.0002241406756922409,1.000000000430004,1.0000000004301446,1.4055423491754482e-13
0.0002242406756922409,1.000000000426741,1.0000000004268808,1.396660564978447e-13
0.0002243406756922409,1.000000000423503,1.0000000004236416,1.3855583347321954e-13
0.0002244406756922409,1.000000000420289,1.000000000420427,1.3811174426336947e-13
0.0002245406756922409,1.0000000004171,1.0000000004172367,1.3677947663381929e-13
0.0002246406756922409,1.000000000413935,1.0000000004140708,1.3566925360919413e-13
0.0002247406756922409,1.000000000410794,1.0000000004109288,1.34781075189494e-13
0.0002248406756922409,1.000000000407677,1.0000000004078107,1.3367085216486885e-13
0.0002249406756922409,1.000000000404583,1.0000000004047163,1.3322676295501878e-13
0.0002250406756922409,1.000000000401513,1.0000000004016452,1.3211653993039363e-13
0.0002251406756922409,1.000000000398467,1.0000000003985976,1.305622276959184e-13
0.0002252406756922409,1.000000000395443,1.000000000395573,1.2989609388114332e-13
0.0002253406756922409,1.000000000392442,1.0000000003925713,1.2922996006636822e-13
0.0002254406756922409,1.000000000389464,1.0000000003895926,1.2856382625159313e-13
0.0002255406756922409,1.000000000386509,1.0000000003866363,1.2723155862204294e-13
0.0002256406756922409,1.000000000383576,1.0000000003837026,1.2656542480726785e-13
0.0002257406756922409,1.000000000380665,1.000000000380791,1.2589929099249275e-13
0.0002258406756922409,1.000000000377777,1.0000000003779015,1.2456702336294256e-13
0.000225940675692241,1.00000000037491,1.000000000375034,1.2390088954816747e-13
0.000226040675692241,1.000000000372065,1.0000000003721883,1.2323475573339238e-13
0.000226140675692241,1.000000000369242,1.000000000369364,1.2212453270876722e-13
0.000226240675692241,1.00000000036644,1.0000000003665614,1.2145839889399213e-13
0.000226340675692241,1.00000000036366,1.00000000036378,1.199040866595169e-13
0.000226440675692241,1.0000000003609,1.0000000003610197,1.1968204205459188e-13
0.000226540675692241,1.000000000358162,1.00000000035828,1.1812772982011666e-13
0.000226640675692241,1.000000000355444,1.0000000003555616,1.176836406102666e-13
0.000226740675692241,1.000000000352747,1.0000000003528635,1.1657341758564144e-13
0.000226840675692241,1.00000000035007,1.000000000350186,1.1612932837579137e-13
0.000226940675692241,1.000000000347414,1.000000000347529,1.1479706074624119e-13
0.000227040675692241,1.000000000344778,1.0000000003448917,1.1368683772161603e-13
0.000227140675692241,1.000000000342161,1.0000000003422747,1.1368683772161603e-13
0.000227240675692241,1.000000000339565,1.0000000003396776,1.1257661469699087e-13
0.000227340675692241,1.000000000336988,1.0000000003371001,1.1213252548714081e-13
0.000227440675692241,1.000000000334431,1.0000000003345422,1.1124434706744069e-13
0.000227540675692241,1.000000000331894,1.0000000003320038,1.0969003483296547e-13
0.000227640675692241,1.000000000329375,1.0000000003294844,1.0946799022804043e-13
0.000227740675692241,1.000000000326875,1.0000000003269842,1.092459456231154e-13
0.000227840675692241,1.000000000324395,1.000000000324503,1.0813572259849025e-13
0.000227940675692241,1.000000000321934,1.0000000003220408,1.0680345496894006e-13
0.000228040675692241,1.000000000319491,1.0000000003195972,1.0613732115416497e-13
0.000228140675692241,1.000000000317067,1.000000000317172,1.0502709812953981e-13
0.000228240675692241,1.000000000314661,1.0000000003147653,1.0436096431476471e-13
0.000228340675692241,1.000000000312273,1.000000000312377,1.0391687510491465e-13
0.000228440675692241,1.000000000309903,1.0000000003100067,1.0369483049998962e-13
0.000228540675692241,1.000000000307552,1.0000000003076543,1.0236256287043943e-13
0.000228640675692241,1.000000000305218,1.0000000003053198,1.0169642905566434e-13
0.000228740675692241,1.000000000302902,1.000000000303003,1.0103029524088925e-13
0.000228840675692241,1.000000000300603,1.000000000300704,1.0080825063596421e-13
0.000228940675692241,1.000000000298322,1.0000000002984222,1.0014211682118912e-13
0.000229040675692241,1.000000000296059,1.0000000002961578,9.880984919163893e-14
0.000229140675692241,1.000000000293812,1.0000000002939105,9.836575998178887e-14
0.000229240675692241,1.000000000291583,1.0000000002916802,9.725553695716371e-14
0.000229340675692241,1.00000000028937,1.0000000002894671,9.703349235223868e-14
0.000229440675692241,1.000000000287175,1.0000000002872704,9.547918011776346e-14
0.000229540675692241,1.000000000284995,1.0000000002850906,9.57012247226885e-14
0.000229640675692241,1.000000000282832,1.0000000002829275,9.547918011776346e-14
0.000229740675692241,1.000000000280686,1.0000000002807805,9.459100169806334e-14
0.000229840675692241,1.000000000278557,1.00000000027865,9.303668946358812e-14
0.000229940675692241,1.000000000276443,1.0000000002765357,9.259260025373806e-14
0.0002300406756922411,1.000000000274345,1.0000000002744374,9.237055564881302e-14
0.0002301406756922411,1.000000000272263,1.0000000002723548,9.170442183403793e-14
0.0002302406756922411,1.000000000270197,1.0000000002702882,9.126033262418787e-14
0.0002303406756922411,1.000000000268147,1.0000000002682372,9.015010959956271e-14
0.0002304406756922411,1.000000000266112,1.000000000266202,8.992806499463768e-14
0.0002305406756922411,1.000000000264093,1.000000000264182,8.903988657493755e-14
0.0002306406756922411,1.000000000262089,1.0000000002621774,8.837375276016246e-14
0.0002307406756922411,1.0000000002601,1.0000000002601879,8.79296635503124e-14
0.0002308406756922411,1.000000000258127,1.0000000002582137,8.659739592076221e-14
0.0002309406756922411,1.000000000256168,1.0000000002562544,8.637535131583718e-14
0.0002310406756922411,1.000000000254224,1.00000000025431,8.593126210598712e-14
0.0002311406756922411,1.000000000252295,1.0000000002523801,8.504308368628699e-14
0.0002312406756922411,1.000000000250381,1.0000000002504652,8.415490526658687e-14
0.0002313406756922411,1.000000000248481,1.0000000002485645,8.348877145181177e-14
0.0002314406756922411,1.000000000246595,1.0000000002466785,8.348877145181177e-14
0.0002315406756922411,1.000000000244724,1.0000000002448066,8.260059303211165e-14
0.0002316406756922411,1.000000000242867,1.0000000002429492,8.215650382226158e-14
0.0002317406756922411,1.000000000241024,1.0000000002411056,8.149037000748649e-14
0.0002318406756922411,1.000000000239195,1.0000000002392762,8.104628079763643e-14
0.0002319406756922411,1.00000000023738,1.0000000002374605,8.060219158778636e-14
0.0002320406756922411,1.000000000235579,1.0000000002356586,7.971401316808624e-14
0.0002321406756922411,1.000000000233791,1.0000000002338705,7.949196856316121e-14
0.0002322406756922411,1.000000000232017,1.000000000232096,7.882583474838611e-14
0.0002323406756922411,1.000000000230256,1.0000000002303346,7.860379014346108e-14
0.0002324406756922411,1.000000000228509,1.000000000228587,7.793765632868599e-14
0.0002325406756922411,1.000000000226775,1.0000000002268523,7.72715225139109e-14
0.0002326406756922411,1.000000000225054,1.000000000225131,7.704947790898586e-14
0.0002327406756922411,1.000000000223347,1.0000000002234228,7.593925488436071e-14
0.0002328406756922411,1.000000000221652,1.0000000002217275,7.549516567451064e-14
0.0002329406756922411,1.00000000021997,1.0000000002200449,7.482903185973555e-14
0.0002330406756922411,1.000000000218301,1.0000000002183753,7.438494264988549e-14
0.0002331406756922411,1.000000000216644,1.0000000002167182,7.416289804496046e-14
0.0002332406756922411,1.000000000215,1.0000000002150737,7.37188088351104e-14
0.0002333406756922411,1.000000000213369,1.0000000002134417,7.260858581048524e-14
0.0002334406756922411,1.00000000021175,1.0000000002118221,7.216449660063518e-14
0.0002335406756922411,1.000000000210143,1.000000000210215,7.194245199571014e-14
0.0002336406756922411,1.000000000208549,1.0000000002086198,7.083222897108499e-14
0.0002337406756922411,1.000000000206966,1.0000000002070368,7.083222897108499e-14
0.0002338406756922411,1.000000000205395,1.0000000002054659,7.083222897108499e-14
0.0002339406756922411,1.000000000203837,1.0000000002039067,6.972200594645983e-14
0.0002340406756922411,1.00000000020229,1.0000000002023595,6.94999613415348e-14
0.0002341406756922411,1.000000000200755,1.000000000200824,6.905587213168474e-14
0.0002342406756922412,1.000000000199232,1.0000000001993001,6.816769371198461e-14
0.0002343406756922412,1.00000000019772,1.0000000001977878,6.772360450213455e-14
0.0002344406756922412,1.000000000196219,1.000000000196287,6.794564910705958e-14
0.0002345406756922412,1.000000000194731,1.0000000001947975,6.661338147750939e-14
0.0002346406756922412,1.000000000193253,1.0000000001933196,6.661338147750939e-14
0.0002347406756922412,1.000000000191787,1.0000000001918525,6.550315845288424e-14
0.0002348406756922412,1.000000000190331,1.0000000001903968,6.572520305780927e-14
0.0002349406756922412,1.000000000188887,1.0000000001889522,6.52811138479592e-14
0.0002350406756922412,1.000000000187454,1.0000000001875182,6.417089082333405e-14
0.0002351406756922412,1.000000000186031,1.0000000001860954,6.439293542825908e-14
0.0002352406756922412,1.00000000018462,1.0000000001846834,6.328271240363392e-14
0.0002353406756922412,1.000000000183219,1.000000000183282,6.306066779870889e-14
0.0002354406756922412,1.000000000181828,1.0000000001818912,6.306066779870889e-14
0.0002355406756922412,1.000000000180449,1.000000000180511,6.195044477408373e-14
0.0002356406756922412,1.000000000179079,1.0000000001791414,6.23945339839338e-14
0.0002357406756922412,1.000000000177721,1.000000000177782,6.106226635438361e-14
0.0002358406756922412,1.000000000176372,1.000000000176433,6.106226635438361e-14
0.0002359406756922412,1.000000000175034,1.0000000001750942,6.017408793468348e-14
0.0002360406756922412,1.000000000173706,1.0000000001737657,5.972999872483342e-14
0.0002361406756922412,1.000000000172388,1.0000000001724472,5.906386491005833e-14
0.0002362406756922412,1.00000000017108,1.0000000001711384,5.839773109528323e-14
0.0002363406756922412,1.000000000169782,1.00000000016984,5.795364188543317e-14
0.0002364406756922412,1.000000000168493,1.0000000001685512,5.81756864903582e-14
0.0002365406756922412,1.000000000167214,1.0000000001672722,5.81756864903582e-14
0.0002366406756922412,1.000000000165946,1.000000000166003,5.706546346573305e-14
0.0002367406756922412,1.000000000164686,1.0000000001647433,5.728750807065808e-14
0.0002368406756922412,1.000000000163437,1.0000000001634932,5.617728504603292e-14
0.0002369406756922412,1.000000000162197,1.0000000001622527,5.573319583618286e-14
0.0002370406756922412,1.000000000160966,1.0000000001610214,5.551115123125783e-14
0.0002371406756922412,1.000000000159744,1.0000000001597997,5.573319583618286e-14
0.0002372406756922412,1.000000000158532,1.0000000001585871,5.5067062021407764e-14
0.0002373406756922412,1.000000000157329,1.0000000001573837,5.46229728115577e-14
0.0002374406756922412,1.000000000156135,1.0000000001561895,5.440092820663267e-14
0.0002375406756922412,1.00000000015495,1.0000000001550045,5.440092820663267e-14
0.0002376406756922412,1.000000000153775,1.0000000001538283,5.3290705182007514e-14
0.0002377406756922412,1.000000000152608,1.000000000152661,5.306866057708248e-14
0.0002378406756922412,1.00000000015145,1.0000000001515026,5.262457136723242e-14
0.0002379406756922412,1.000000000150301,1.000000000150353,5.1958437552457326e-14
0.0002380406756922412,1.00000000014916,1.0000000001492122,5.218048215738236e-14
0.0002381406756922412,1.000000000148028,1.0000000001480798,5.1736392947532295e-14
0.0002382406756922412,1.000000000146905,1.0000000001469562,5.129230373768223e-14
0.0002383406756922413,1.00000000014579,1.0000000001458411,5.10702591327572e-14
0.0002384406756922413,1.000000000144684,1.0000000001447344,5.040412531798211e-14
0.0002385406756922413,1.000000000143586,1.0000000001436362,5.0182080713057076e-14
0.0002386406756922413,1.000000000142497,1.0000000001425464,4.951594689828198e-14
0.0002387406756922413,1.000000000141415,1.0000000001414646,4.951594689828198e-14
0.0002388406756922413,1.000000000140342,1.0000000001403913,4.929390229335695e-14
0.0002389406756922413,1.000000000139277,1.0000000001393259,4.884981308350689e-14
0.0002390406756922413,1.000000000138221,1.0000000001382687,4.773959005888173e-14
0.0002391406756922413,1.000000000137172,1.0000000001372196,4.75175454539567e-14
0.0002392406756922413,1.000000000136131,1.0000000001361784,4.729550084903167e-14
0.0002393406756922413,1.000000000135098,1.000000000135145,4.707345624410664e-14
0.0002394406756922413,1.000000000134073,1.0000000001341196,4.6629367034256575e-14
0.0002395406756922413,1.000000000133055,1.000000000133102,4.707345624410664e-14
0.0002396406756922413,1.000000000132045,1.000000000132092,4.6851411639181606e-14
0.0002397406756922413,1.000000000131044,1.0000000001310896,4.551914400963142e-14
0.0002398406756922413,1.000000000130049,1.0000000001300948,4.574118861455645e-14
0.0002399406756922413,1.000000000129063,1.0000000001291078,4.4853010194856324e-14
0.0002400406756922413,1.000000000128083,1.000000000128128,4.4853010194856324e-14
0.0002401406756922413,1.000000000127111,1.0000000001271558,4.4853010194856324e-14
0.0002402406756922413,1.000000000126147,1.000000000126191,4.39648317751562e-14
0.0002403406756922413,1.000000000125189,1.0000000001252334,4.440892098500626e-14
0.0002404406756922413,1.00000000012424,1.0000000001242833,4.3298697960381105e-14
0.0002405406756922413,1.000000000123297,1.00000000012334,4.3076653355456074e-14
0.0002406406756922413,1.000000000122361,1.000000000122404,4.3076653355456074e-14
0.0002407406756922413,1.000000000121433,1.0000000001214755,4.241051954068098e-14
0.0002408406756922413,1.000000000120511,1.0000000001205536,4.263256414560601e-14
0.0002409406756922413,1.000000000119597,1.000000000119639,4.196643033083092e-14
0.0002410406756922413,1.000000000118689,1.000000000118731,4.196643033083092e-14
0.0002411406756922413,1.000000000117789,1.0000000001178302,4.1300296516055823e-14
0.0002412406756922413,1.000000000116895,1.000000000116936,4.107825191113079e-14
0.0002413406756922413,1.000000000116008,1.0000000001160487,4.063416270128073e-14
0.0002414406756922413,1.000000000115128,1.000000000115168,4.0190073491430667e-14
0.0002415406756922413,1.000000000114254,1.0000000001142944,4.04121180963557e-14
0.0002416406756922413,1.000000000113387,1.000000000113427,3.9968028886505635e-14
0.0002417406756922413,1.000000000112527,1.0000000001125664,3.930189507173054e-14
0.0002418406756922413,1.000000000111673,1.0000000001117122,3.930189507173054e-14
0.0002419406756922413,1.000000000110826,1.0000000001108644,3.8413716652030416e-14
0.0002420406756922413,1.000000000109984,1.0000000001100233,3.930189507173054e-14
0.0002421406756922413,1.00000000010915,1.0000000001091884,3.8413716652030416e-14
0.0002422406756922413,1.000000000108322,1.0000000001083598,3.774758283725532e-14
0.0002423406756922413,1.0000000001075,1.0000000001075375,3.752553823233029e-14
0.0002424406756922414,1.000000000106684,1.0000000001067217,3.774758283725532e-14
0.0002425406756922414,1.000000000105874,1.000000000105912,3.7969627442180354e-14
0.0002426406756922414,1.000000000105071,1.0000000001051081,3.708144902248023e-14
0.0002427406756922414,1.000000000104274,1.0000000001043106,3.6637359812630166e-14
0.0002428406756922414,1.000000000103482,1.0000000001035192,3.730349362740526e-14
0.0002429406756922414,1.000000000102697,1.0000000001027336,3.6637359812630166e-14
0.0002430406756922414,1.000000000101918,1.000000000101954,3.597122599785507e-14
0.0002431406756922414,1.000000000101144,1.0000000001011804,3.6415315207705135e-14
0.0002432406756922414,1.000000000100377,1.0000000001004128,3.574918139293004e-14
0.0002433406756922414,1.000000000099615,1.0000000000996507,3.574918139293004e-14
0.0002434406756922414,1.00000000009886,1.0000000000988947,3.4638958368304884e-14
0.0002435406756922414,1.000000000098109,1.0000000000981442,3.5083047578154947e-14
0.0002436406756922414,1.000000000097365,1.0000000000973994,3.441691376337985e-14
0.0002437406756922414,1.000000000096626,1.0000000000966605,3.441691376337985e-14
0.0002438406756922414,1.000000000095893,1.000000000095927,3.397282455352979e-14
0.0002439406756922414,1.000000000095165,1.000000000095199,3.397282455352979e-14
0.0002440406756922414,1.000000000094443,1.0000000000944766,3.375077994860476e-14
0.0002441406756922414,1.000000000093726,1.0000000000937599,3.397282455352979e-14
0.0002442406756922414,1.000000000093015,1.0000000000930485,3.352873534367973e-14
0.0002443406756922414,1.000000000092309,1.0000000000923424,3.3306690738754696e-14
0.0002444406756922414,1.000000000091609,1.0000000000916416,3.26405569239796e-14
0.0002445406756922414,1.000000000090914,1.0000000000909461,3.219646771412954e-14
0.0002446406756922414,1.000000000090224,1.0000000000902562,3.219646771412954e-14
0.0002447406756922414,1.000000000089539,1.0000000000895712,3.219646771412954e-14
0.0002448406756922414,1.00000000008886,1.0000000000888916,3.1530333899354446e-14
0.0002449406756922414,1.000000000088186,1.000000000088217,3.108624468950438e-14
0.0002450406756922414,1.000000000087516,1.0000000000875477,3.175237850427948e-14
0.0002451406756922414,1.000000000086852,1.0000000000868834,3.1308289294429414e-14
0.0002452406756922414,1.000000000086193,1.0000000000862241,3.108624468950438e-14
0.0002453406756922414,1.000000000085539,1.0000000000855698,3.086420008457935e-14
0.0002454406756922414,1.00000000008489,1.0000000000849205,3.042011087472929e-14
0.0002455406756922414,1.000000000084246,1.0000000000842761,3.019806626980426e-14
0.0002456406756922414,1.000000000083607,1.0000000000836367,2.9753977059954195e-14
0.0002457406756922414,1.000000000082972,1.000000000083002,2.9976021664879227e-14
0.0002458406756922414,1.000000000082343,1.0000000000823723,2.930988785010413e-14
0.0002459406756922414,1.000000000081718,1.0000000000817473,2.930988785010413e-14
0.0002460406756922414,1.000000000081098,1.0000000000811269,2.886579864025407e-14
0.0002461406756922414,1.000000000080482,1.0000000000805114,2.930988785010413e-14
0.0002462406756922414,1.000000000079872,1.0000000000799003,2.8199664825478976e-14
0.0002463406756922414,1.000000000079266,1.0000000000792941,2.8199664825478976e-14
0.0002464406756922414,1.000000000078664,1.0000000000786924,2.842170943040401e-14
0.0002465406756922414,1.000000000078067,1.0000000000780953,2.8199664825478976e-14
0.0002466406756922414,1.000000000077475,1.0000000000775027,2.7755575615628914e-14
0.0002467406756922414,1.000000000076887,1.0000000000769147,2.7755575615628914e-14
0.0002468406756922414,1.000000000076304,1.000000000076331,2.6867397195928788e-14
0.0002469406756922414,1.000000000075725,1.0000000000757518,2.6867397195928788e-14
0.0002470406756922414,1.00000000007515,1.000000000075177,2.6867397195928788e-14
0.0002471406756922414,1.00000000007458,1.0000000000746065,2.6645352591003757e-14
0.0002472406756922414,1.000000000074014,1.0000000000740406,2.6645352591003757e-14
0.0002473406756922414,1.000000000073452,1.0000000000734786,2.6645352591003757e-14
0.0002474406756922414,1.000000000072895,1.000000000072921,2.5979218776228663e-14
0.0002475406756922414,1.000000000072342,1.0000000000723677,2.5757174171303632e-14
0.0002476406756922415,1.000000000071793,1.0000000000718186,2.55351295663786e-14
0.0002477406756922415,1.000000000071248,1.0000000000712737,2.5757174171303632e-14
0.0002478406756922415,1.000000000070707,1.0000000000707328,2.5757174171303632e-14
0.0002479406756922415,1.000000000070171,1.000000000070196,2.5091040356528538e-14
0.0002480406756922415,1.000000000069639,1.0000000000696634,2.4424906541753444e-14
0.0002481406756922415,1.00000000006911,1.000000000069135,2.4868995751603507e-14
0.0002482406756922415,1.000000000068586,1.0000000000686102,2.4202861936828413e-14
0.0002483406756922415,1.000000000068065,1.0000000000680898,2.4646951146678475e-14
0.0002484406756922415,1.000000000067549,1.000000000067573,2.398081733190338e-14
0.0002485406756922415,1.000000000067036,1.0000000000670604,2.4424906541753444e-14
0.0002486406756922415,1.000000000066527,1.0000000000665514,2.4424906541753444e-14
0.0002487406756922415,1.000000000066023,1.0000000000660465,2.353672812205332e-14
0.0002488406756922415,1.000000000065522,1.0000000000655453,2.3314683517128287e-14
0.0002489406756922415,1.000000000065025,1.000000000065048,2.2870594307278225e-14
0.0002490406756922415,1.000000000064531,1.0000000000645544,2.3314683517128287e-14
0.0002491406756922415,1.000000000064041,1.0000000000640645,2.353672812205332e-14
0.0002492406756922415,1.000000000063555,1.0000000000635783,2.3314683517128287e-14
0.0002493406756922415,1.000000000063073,1.000000000063096,2.2870594307278225e-14
0.0002494406756922415,1.000000000062594,1.0000000000626172,2.3314683517128287e-14
0.0002495406756922415,1.000000000062119,1.000000000062142,2.3092638912203256e-14
0.0002496406756922415,1.000000000061648,1.0000000000616704,2.2426505097428162e-14
0.0002497406756922415,1.00000000006118,1.0000000000612026,2.2648549702353193e-14
0.0002498406756922415,1.000000000060716,1.000000000060738,2.19824158875781e-14
0.0002499406756922415,1.000000000060255,1.0000000000602773,2.2426505097428162e-14
0.0002500406756922415,1.000000000059798,1.00000000005982,2.19824158875781e-14
0.0002501406756922415,1.000000000059344,1.0000000000593658,2.1760371282653068e-14
0.0002502406756922415,1.000000000058894,1.0000000000589155,2.1538326677728037e-14
0.0002503406756922415,1.000000000058447,1.0000000000584683,2.1316282072803006e-14
0.0002504406756922415,1.000000000058004,1.0000000000580247,2.0650148258027912e-14
0.0002505406756922415,1.000000000057563,1.0000000000575844,2.1316282072803006e-14
0.0002506406756922415,1.000000000057127,1.0000000000571476,2.0650148258027912e-14
0.0002507406756922415,1.000000000056693,1.000000000056714,2.0872192862952943e-14
0.0002508406756922415,1.000000000056263,1.0000000000562836,2.0650148258027912e-14
0.0002509406756922415,1.000000000055836,1.0000000000558564,2.042810365310288e-14
0.0002510406756922415,1.000000000055412,1.0000000000554325,2.0650148258027912e-14
0.0002511406756922415,1.000000000054992,1.000000000055012,1.9984014443252818e-14
0.0002512406756922415,1.000000000054575,1.0000000000545946,1.9539925233402755e-14
0.0002513406756922415,1.00000000005416,1.0000000000541802,2.020605904817785e-14
0.0002514406756922415,1.00000000005375,1.0000000000537692,1.9317880628477724e-14
0.0002515406756922415,1.000000000053342,1.000000000053361,1.9095836023552692e-14
0.0002516406756922415,1.000000000052937,1.0000000000529563,1.9317880628477724e-14
0.0002517406756922416,1.000000000052535,1.0000000000525544,1.9317880628477724e-14
0.0002518406756922416,1.000000000052137,1.0000000000521556,1.865174681370263e-14
0.0002519406756922416,1.000000000051741,1.00000000005176,1.887379141862766e-14
0.0002520406756922416,1.000000000051348,1.0000000000513671,1.9095836023552692e-14
0.0002521406756922416,1.000000000050959,1.0000000000509774,1.84297022087776e-14
0.0002522406756922416,1.000000000050572,1.0000000000505906,1.865174681370263e-14
0.0002523406756922416,1.000000000050188,1.0000000000502067,1.865174681370263e-14
0.0002524406756922416,1.000000000049807,1.0000000000498257,1.865174681370263e-14
0.0002525406756922416,1.000000000049429,1.0000000000494476,1.865174681370263e-14
0.0002526406756922416,1.000000000049054,1.0000000000490725,1.84297022087776e-14
0.0002527406756922416,1.000000000048682,1.0000000000487002,1.8207657603852567e-14
0.0002528406756922416,1.000000000048313,1.0000000000483305,1.7541523789077473e-14
0.0002529406756922416,1.000000000047946,1.0000000000479639,1.7763568394002505e-14
0.0002530406756922416,1.000000000047582,1.0000000000476,1.7985612998927536e-14
0.0002531406756922416,1.000000000047221,1.0000000000472387,1.7763568394002505e-14
0.0002532406756922416,1.000000000046863,1.0000000000468803,1.7319479184152442e-14
0.0002533406756922416,1.000000000046507,1.0000000000465246,1.7541523789077473e-14
0.0002534406756922416,1.000000000046154,1.0000000000461715,1.7541523789077473e-14
0.0002535406756922416,1.000000000045804,1.0000000000458211,1.709743457922741e-14
0.0002536406756922416,1.000000000045456,1.0000000000454734,1.7319479184152442e-14
0.0002537406756922416,1.000000000045111,1.0000000000451283,1.7319479184152442e-14
0.0002538406756922416,1.000000000044769,1.000000000044786,1.687538997430238e-14
0.0002539406756922416,1.000000000044429,1.000000000044446,1.709743457922741e-14
0.0002540406756922416,1.000000000044092,1.000000000044109,1.687538997430238e-14
0.0002541406756922416,1.000000000043758,1.000000000043774,1.5987211554602254e-14
0.0002542406756922416,1.000000000043426,1.000000000043442,1.5987211554602254e-14
0.0002543406756922416,1.000000000043096,1.0000000000431124,1.6431300764452317e-14
0.0002544406756922416,1.000000000042769,1.0000000000427853,1.6431300764452317e-14
0.0002545406756922416,1.000000000042445,1.0000000000424605,1.554312234475219e-14
0.0002546406756922416,1.000000000042123,1.0000000000421383,1.532107773982716e-14
0.0002547406756922416,1.000000000041803,1.0000000000418185,1.554312234475219e-14
0.0002548406756922416,1.000000000041486,1.0000000000415012,1.532107773982716e-14
0.0002549406756922416,1.000000000041171,1.0000000000411864,1.532107773982716e-14
0.0002550406756922416,1.000000000040858,1.000000000040874,1.5987211554602254e-14
0.0002551406756922416,1.000000000040548,1.0000000000405638,1.5765166949677223e-14
0.0002552406756922416,1.000000000040241,1.000000000040256,1.509903313490213e-14
0.0002553406756922416,1.000000000039936,1.0000000000399505,1.4432899320127035e-14
0.0002554406756922416,1.000000000039633,1.0000000000396474,1.4432899320127035e-14
0.0002555406756922416,1.000000000039332,1.0000000000393465,1.4432899320127035e-14
0.0002556406756922416,1.000000000039034,1.0000000000390479,1.3766765505351941e-14
0.0002557406756922416,1.000000000038737,1.0000000000387517,1.4654943925052066e-14
0.0002558406756922417,1.000000000038443,1.0000000000384577,1.4654943925052066e-14
0.0002559406756922417,1.000000000038152,1.0000000000381657,1.3766765505351941e-14
0.0002560406756922417,1.000000000037862,1.0000000000378761,1.4210854715202004e-14
0.0002561406756922417,1.000000000037575,1.0000000000375888,1.3766765505351941e-14
0.0002562406756922417,1.00000000003729,1.0000000000373035,1.354472090042691e-14
0.0002563406756922417,1.000000000037007,1.0000000000370204,1.3322676295501878e-14
0.0002564406756922417,1.000000000036726,1.0000000000367395,1.354472090042691e-14
0.0002565406756922417,1.000000000036447,1.0000000000364608,1.3766765505351941e-14
0.0002566406756922417,1.000000000036171,1.0000000000361842,1.3100631690576847e-14
0.0002567406756922417,1.000000000035896,1.0000000000359095,1.354472090042691e-14
0.0002568406756922417,1.000000000035624,1.000000000035637,1.3100631690576847e-14
0.0002569406756922417,1.000000000035353,1.0000000000353666,1.354472090042691e-14
0.0002570406756922417,1.000000000035085,1.0000000000350984,1.3322676295501878e-14
0.0002571406756922417,1.000000000034819,1.000000000034832,1.2878587085651816e-14
0.0002572406756922417,1.000000000034555,1.0000000000345677,1.2656542480726785e-14
0.0002573406756922417,1.000000000034292,1.0000000000343054,1.354472090042691e-14
0.0002574406756922417,1.000000000034032,1.000000000034045,1.2878587085651816e-14
0.0002575406756922417,1.000000000033774,1.0000000000337868,1.2656542480726785e-14
0.0002576406756922417,1.000000000033518,1.0000000000335303,1.2212453270876722e-14
0.0002577406756922417,1.000000000033264,1.0000000000332758,1.176836406102666e-14
0.0002578406756922417,1.000000000033011,1.0000000000330234,1.2434497875801753e-14
0.0002579406756922417,1.000000000032761,1.000000000032773,1.199040866595169e-14
0.0002580406756922417,1.000000000032512,1.0000000000325242,1.2212453270876722e-14
0.0002581406756922417,1.000000000032266,1.0000000000322773,1.1324274851176597e-14
0.0002582406756922417,1.000000000032021,1.0000000000320324,1.1324274851176597e-14
0.0002583406756922417,1.000000000031777,1.0000000000317895,1.2434497875801753e-14
0.0002584406756922417,1.000000000031536,1.000000000031548,1.199040866595169e-14
0.0002585406756922417,1.000000000031297,1.0000000000313087,1.176836406102666e-14
0.0002586406756922417,1.000000000031059,1.0000000000310711,1.2212453270876722e-14
0.0002587406756922417,1.000000000030824,1.0000000000308356,1.1546319456101628e-14
0.0002588406756922417,1.00000000003059,1.0000000000306015,1.1546319456101628e-14
0.0002589406756922417,1.000000000030357,1.0000000000303693,1.2212453270876722e-14
0.0002590406756922417,1.000000000030127,1.0000000000301388,1.176836406102666e-14
0.0002591406756922417,1.000000000029899,1.00000000002991,1.1102230246251565e-14
0.0002592406756922417,1.000000000029672,1.0000000000296831,1.1102230246251565e-14
0.0002593406756922417,1.000000000029447,1.000000000029458,1.1102230246251565e-14
0.0002594406756922417,1.000000000029224,1.0000000000292344,1.0436096431476471e-14
0.0002595406756922417,1.000000000029002,1.0000000000290126,1.0658141036401503e-14
0.0002596406756922417,1.000000000028782,1.0000000000287925,1.0436096431476471e-14
0.0002597406756922417,1.000000000028563,1.000000000028574,1.1102230246251565e-14
0.0002598406756922417,1.000000000028346,1.000000000028357,1.1102230246251565e-14
0.0002599406756922417,1.000000000028131,1.000000000028142,1.0880185641326534e-14
0.0002600406756922418,1.000000000027918,1.0000000000279283,1.0436096431476471e-14
0.0002601406756922418,1.000000000027706,1.0000000000277165,1.0436096431476471e-14
0.0002602406756922418,1.000000000027496,1.0000000000275062,1.021405182655144e-14
0.0002603406756922418,1.000000000027287,1.0000000000272975,1.0436096431476471e-14
0.0002604406756922418,1.00000000002708,1.0000000000270903,1.0436096431476471e-14
0.0002605406756922418,1.000000000026875,1.0000000000268847,9.769962616701378e-15
0.0002606406756922418,1.00000000002667,1.0000000000266809,1.0880185641326534e-14
0.0002607406756922418,1.000000000026468,1.0000000000264784,1.0436096431476471e-14
0.0002608406756922418,1.000000000026267,1.0000000000262774,1.0436096431476471e-14
0.0002609406756922418,1.000000000026068,1.000000000026078,9.992007221626409e-15
0.0002610406756922418,1.00000000002587,1.0000000000258802,1.021405182655144e-14
0.0002611406756922418,1.000000000025674,1.0000000000256837,9.769962616701378e-15
0.0002612406756922418,1.000000000025479,1.000000000025489,9.992007221626409e-15
0.0002613406756922418,1.000000000025286,1.0000000000252955,9.547918011776346e-15
0.0002614406756922418,1.000000000025094,1.0000000000251035,9.547918011776346e-15
0.0002615406756922418,1.000000000024903,1.000000000024913,9.992007221626409e-15
0.0002616406756922418,1.000000000024714,1.000000000024724,9.992007221626409e-15
0.0002617406756922418,1.000000000024527,1.0000000000245364,9.325873406851315e-15
0.0002618406756922418,1.000000000024341,1.0000000000243503,9.325873406851315e-15
0.0002619406756922418,1.000000000024156,1.0000000000241653,9.325873406851315e-15
0.0002620406756922418,1.000000000023973,1.0000000000239821,9.103828801926284e-15
0.0002621406756922418,1.000000000023791,1.0000000000238,9.103828801926284e-15
0.0002622406756922418,1.00000000002361,1.0000000000236196,9.547918011776346e-15
0.0002623406756922418,1.000000000023431,1.0000000000234404,9.325873406851315e-15
0.0002624406756922418,1.000000000023254,1.0000000000232625,8.43769498715119e-15
0.0002625406756922418,1.000000000023077,1.000000000023086,8.881784197001252e-15
0.0002626406756922418,1.000000000022902,1.0000000000229108,8.881784197001252e-15
0.0002627406756922418,1.000000000022728,1.000000000022737,8.881784197001252e-15
0.0002628406756922418,1.000000000022556,1.0000000000225644,8.43769498715119e-15
0.0002629406756922418,1.000000000022385,1.0000000000223932,8.215650382226158e-15
0.0002630406756922418,1.000000000022215,1.0000000000222231,8.215650382226158e-15
0.0002631406756922418,1.000000000022046,1.0000000000220546,8.659739592076221e-15
0.0002632406756922418,1.000000000021879,1.0000000000218872,8.215650382226158e-15
0.0002633406756922418,1.000000000021713,1.000000000021721,7.993605777301127e-15
0.0002634406756922418,1.000000000021548,1.0000000000215563,8.215650382226158e-15
0.0002635406756922418,1.000000000021384,1.0000000000213927,8.659739592076221e-15
0.0002636406756922418,1.000000000021222,1.0000000000212304,8.43769498715119e-15
0.0002637406756922418,1.000000000021061,1.0000000000210694,8.43769498715119e-15
0.0002638406756922418,1.000000000020902,1.0000000000209095,7.549516567451064e-15
0.0002639406756922418,1.000000000020743,1.0000000000207507,7.771561172376096e-15
0.0002640406756922418,1.000000000020586,1.0000000000205933,7.327471962526033e-15
0.0002641406756922419,1.000000000020429,1.000000000020437,7.993605777301127e-15
0.0002642406756922419,1.000000000020274,1.000000000020282,7.993605777301127e-15
0.0002643406756922419,1.000000000020121,1.0000000000201281,7.105427357601002e-15
0.0002644406756922419,1.000000000019968,1.0000000000199754,7.327471962526033e-15
0.0002645406756922419,1.000000000019816,1.0000000000198237,7.771561172376096e-15
0.0002646406756922419,1.000000000019666,1.0000000000196734,7.327471962526033e-15
0.0002647406756922419,1.000000000019516,1.0000000000195242,8.215650382226158e-15
0.0002648406756922419,1.000000000019369,1.000000000019376,7.105427357601002e-15
0.0002649406756922419,1.000000000019222,1.0000000000192288,6.8833827526759706e-15
0.0002650406756922419,1.000000000019076,1.000000000019083,6.8833827526759706e-15
0.0002651406756922419,1.000000000018931,1.0000000000189382,7.105427357601002e-15
0.0002652406756922419,1.000000000018787,1.0000000000187945,7.549516567451064e-15
0.0002653406756922419,1.000000000018645,1.000000000018652,6.8833827526759706e-15
0.0002654406756922419,1.000000000018503,1.0000000000185103,7.327471962526033e-15
0.0002655406756922419,1.000000000018363,1.00000000001837,6.8833827526759706e-15
0.0002656406756922419,1.000000000018224,1.0000000000182305,6.439293542825908e-15
0.0002657406756922419,1.000000000018085,1.0000000000180922,7.105427357601002e-15
0.0002658406756922419,1.000000000017948,1.000000000017955,6.8833827526759706e-15
0.0002659406756922419,1.000000000017812,1.0000000000178186,6.661338147750939e-15
0.0002660406756922419,1.000000000017677,1.0000000000176834,6.439293542825908e-15
0.0002661406756922419,1.000000000017542,1.0000000000175493,7.327471962526033e-15
0.0002662406756922419,1.000000000017409,1.000000000017416,7.105427357601002e-15
0.0002663406756922419,1.000000000017277,1.000000000017284,6.8833827526759706e-15
0.0002664406756922419,1.000000000017146,1.0000000000171527,6.661338147750939e-15
0.0002665406756922419,1.000000000017016,1.0000000000170226,6.661338147750939e-15
0.0002666406756922419,1.000000000016887,1.0000000000168934,6.439293542825908e-15
0.0002667406756922419,1.000000000016759,1.0000000000167653,6.217248937900877e-15
0.0002668406756922419,1.000000000016632,1.000000000016638,5.995204332975845e-15
0.0002669406756922419,1.000000000016505,1.000000000016512,6.8833827526759706e-15
0.0002670406756922419,1.00000000001638,1.0000000000163864,6.439293542825908e-15
0.0002671406756922419,1.000000000016256,1.000000000016262,5.995204332975845e-15
0.0002672406756922419,1.000000000016133,1.0000000000161389,5.773159728050814e-15
0.0002673406756922419,1.00000000001601,1.0000000000160163,6.217248937900877e-15
0.0002674406756922419,1.000000000015889,1.0000000000158948,5.773159728050814e-15
0.0002675406756922419,1.000000000015768,1.0000000000157743,6.217248937900877e-15
0.0002676406756922419,1.000000000015649,1.0000000000156546,5.551115123125783e-15
0.0002677406756922419,1.00000000001553,1.0000000000155358,5.773159728050814e-15
0.0002678406756922419,1.000000000015412,1.000000000015418,5.995204332975845e-15
0.0002679406756922419,1.000000000015295,1.0000000000153009,5.773159728050814e-15
0.0002680406756922419,1.000000000015179,1.0000000000151847,5.773159728050814e-15
0.0002681406756922419,1.000000000015064,1.0000000000150695,5.551115123125783e-15
0.000268240675692242,1.000000000014949,1.0000000000149551,6.217248937900877e-15
0.000268340675692242,1.000000000014836,1.0000000000148417,5.773159728050814e-15
0.000268440675692242,1.000000000014723,1.000000000014729,6.217248937900877e-15
0.000268540675692242,1.000000000014612,1.0000000000146172,5.10702591327572e-15
0.000268640675692242,1.000000000014501,1.0000000000145064,5.329070518200751e-15
0.000268740675692242,1.000000000014391,1.0000000000143963,5.329070518200751e-15
0.000268840675692242,1.000000000014282,1.000000000014287,5.10702591327572e-15
0.000268940675692242,1.000000000014173,1.0000000000141787,5.551115123125783e-15
0.000269040675692242,1.000000000014065,1.0000000000140712,6.217248937900877e-15
0.000269140675692242,1.000000000013959,1.0000000000139644,5.329070518200751e-15
0.000269240675692242,1.000000000013853,1.0000000000138582,5.329070518200751e-15
0.000269340675692242,1.000000000013748,1.0000000000137532,5.329070518200751e-15
0.000269440675692242,1.000000000013644,1.0000000000136489,4.884981308350689e-15
0.000269540675692242,1.00000000001354,1.0000000000135452,5.10702591327572e-15
0.000269640675692242,1.000000000013437,1.0000000000134426,5.551115123125783e-15
0.000269740675692242,1.000000000013335,1.0000000000133404,5.329070518200751e-15
0.000269840675692242,1.000000000013234,1.0000000000132392,5.10702591327572e-15
0.000269940675692242,1.000000000013134,1.0000000000131388,4.884981308350689e-15
0.000270040675692242,1.000000000013034,1.0000000000130391,5.10702591327572e-15
0.000270140675692242,1.000000000012935,1.00000000001294,5.10702591327572e-15
0.000270240675692242,1.000000000012837,1.000000000012842,4.884981308350689e-15
0.000270340675692242,1.00000000001274,1.0000000000127445,4.440892098500626e-15
0.000270440675692242,1.000000000012643,1.0000000000126479,4.884981308350689e-15
0.000270540675692242,1.000000000012547,1.0000000000125517,4.6629367034256575e-15
0.000270640675692242,1.000000000012452,1.0000000000124567,4.6629367034256575e-15
0.000270740675692242,1.000000000012357,1.0000000000123621,5.10702591327572e-15
0.000270840675692242,1.000000000012263,1.0000000000122682,5.10702591327572e-15
0.000270940675692242,1.00000000001217,1.0000000000121751,5.10702591327572e-15
0.000271040675692242,1.000000000012078,1.0000000000120828,4.884981308350689e-15
0.000271140675692242,1.000000000011986,1.000000000011991,5.10702591327572e-15
0.000271240675692242,1.000000000011895,1.0000000000119,5.10702591327572e-15
0.000271340675692242,1.000000000011805,1.0000000000118099,4.884981308350689e-15
0.000271440675692242,1.000000000011716,1.0000000000117202,4.218847493575595e-15
0.000271540675692242,1.000000000011627,1.0000000000116314,4.440892098500626e-15
0.000271640675692242,1.000000000011538,1.000000000011543,4.884981308350689e-15
0.000271740675692242,1.000000000011451,1.0000000000114555,4.440892098500626e-15
0.000271840675692242,1.000000000011364,1.0000000000113685,4.440892098500626e-15
0.000271940675692242,1.000000000011278,1.0000000000112823,4.218847493575595e-15
0.000272040675692242,1.000000000011192,1.0000000000111966,4.6629367034256575e-15
0.000272140675692242,1.000000000011108,1.0000000000111118,3.774758283725532e-15
0.000272240675692242,1.000000000011023,1.0000000000110274,4.440892098500626e-15
0.0002723406756922421,1.000000000010939,1.0000000000109437,4.6629367034256575e-15
0.0002724406756922421,1.000000000010856,1.0000000000108606,4.6629367034256575e-15
0.0002725406756922421,1.000000000010774,1.0000000000107783,4.218847493575595e-15
0.0002726406756922421,1.000000000010692,1.0000000000106966,4.6629367034256575e-15
0.0002727406756922421,1.000000000010611,1.0000000000106153,4.218847493575595e-15
0.0002728406756922421,1.000000000010531,1.0000000000105347,3.774758283725532e-15
0.0002729406756922421,1.000000000010451,1.0000000000104547,3.774758283725532e-15
0.0002730406756922421,1.000000000010371,1.0000000000103755,4.440892098500626e-15
0.0002731406756922421,1.000000000010293,1.0000000000102967,3.552713678800501e-15
0.0002732406756922421,1.000000000010214,1.0000000000102187,4.6629367034256575e-15
0.0002733406756922421,1.000000000010137,1.000000000010141,3.9968028886505635e-15
0.0002734406756922421,1.00000000001006,1.0000000000100642,4.218847493575595e-15
0.0002735406756922421,1.000000000009984,1.0000000000099878,3.774758283725532e-15
0.0002736406756922421,1.000000000009908,1.000000000009912,3.9968028886505635e-15
0.0002737406756922421,1.000000000009833,1.0000000000098368,3.774758283725532e-15
0.0002738406756922421,1.000000000009758,1.0000000000097622,4.218847493575595e-15
0.0002739406756922421,1.000000000009684,1.000000000009688,3.9968028886505635e-15
0.0002740406756922421,1.000000000009611,1.0000000000096145,3.552713678800501e-15
0.0002741406756922421,1.000000000009538,1.0000000000095415,3.552713678800501e-15
0.0002742406756922421,1.000000000009465,1.000000000009469,3.9968028886505635e-15
0.0002743406756922421,1.000000000009394,1.0000000000093974,3.3306690738754696e-15
0.0002744406756922421,1.000000000009322,1.000000000009326,3.9968028886505635e-15
0.0002745406756922421,1.000000000009251,1.0000000000092553,4.218847493575595e-15
0.0002746406756922421,1.000000000009181,1.000000000009185,3.9968028886505635e-15
0.0002747406756922421,1.000000000009112,1.0000000000091154,3.3306690738754696e-15
0.0002748406756922421,1.000000000009043,1.000000000009046,3.1086244689504383e-15
0.0002749406756922421,1.000000000008974,1.0000000000089775,3.552713678800501e-15
0.0002750406756922421,1.000000000008906,1.0000000000089093,3.3306690738754696e-15
0.0002751406756922421,1.000000000008838,1.0000000000088418,3.774758283725532e-15
0.0002752406756922421,1.000000000008771,1.0000000000087748,3.774758283725532e-15
0.0002753406756922421,1.000000000008705,1.0000000000087081,3.1086244689504383e-15
0.0002754406756922421,1.000000000008638,1.000000000008642,3.9968028886505635e-15
0.0002755406756922421,1.000000000008573,1.0000000000085765,3.552713678800501e-15
0.0002756406756922421,1.000000000008508,1.0000000000085114,3.3306690738754696e-15
0.0002757406756922421,1.000000000008443,1.0000000000084468,3.774758283725532e-15
0.0002758406756922421,1.000000000008379,1.0000000000083826,3.552713678800501e-15
0.0002759406756922421,1.000000000008316,1.0000000000083191,3.1086244689504383e-15
0.0002760406756922421,1.000000000008253,1.000000000008256,3.1086244689504383e-15
0.0002761406756922421,1.00000000000819,1.0000000000081932,3.3306690738754696e-15
0.0002762406756922421,1.000000000008128,1.000000000008131,3.1086244689504383e-15
0.0002763406756922421,1.000000000008066,1.0000000000080695,3.552713678800501e-15
0.0002764406756922422,1.000000000008005,1.0000000000080083,3.3306690738754696e-15
0.0002765406756922422,1.000000000007944,1.0000000000079474,3.3306690738754696e-15
0.0002766406756922422,1.000000000007884,1.0000000000078872,3.3306690738754696e-15
0.0002767406756922422,1.000000000007824,1.0000000000078273,3.3306690738754696e-15
0.0002768406756922422,1.000000000007765,1.000000000007768,3.1086244689504383e-15
0.0002769406756922422,1.000000000007706,1.000000000007709,2.886579864025407e-15
0.0002770406756922422,1.000000000007647,1.0000000000076505,3.552713678800501e-15
0.0002771406756922422,1.000000000007589,1.0000000000075924,3.3306690738754696e-15
0.0002772406756922422,1.000000000007532,1.0000000000075349,2.886579864025407e-15
0.0002773406756922422,1.000000000007475,1.0000000000074776,2.6645352591003757e-15
0.0002774406756922422,1.000000000007418,1.000000000007421,2.886579864025407e-15
0.0002775406756922422,1.000000000007361,1.0000000000073646,3.552713678800501e-15
0.0002776406756922422,1.000000000007305,1.0000000000073086,3.552713678800501e-15
0.0002777406756922422,1.00000000000725,1.0000000000072533,3.3306690738754696e-15
0.0002778406756922422,1.000000000007195,1.0000000000071982,3.3306690738754696e-15
0.0002779406756922422,1.000000000007141,1.0000000000071436,2.6645352591003757e-15
0.0002780406756922422,1.000000000007087,1.0000000000070894,2.4424906541753444e-15
0.0002781406756922422,1.000000000007033,1.0000000000070355,2.4424906541753444e-15
0.0002782406756922422,1.000000000006979,1.0000000000069822,3.1086244689504383e-15
0.0002783406756922422,1.000000000006926,1.0000000000069291,3.1086244689504383e-15
0.0002784406756922422,1.000000000006874,1.0000000000068767,2.6645352591003757e-15
0.0002785406756922422,1.000000000006821,1.0000000000068245,3.552713678800501e-15
0.0002786406756922422,1.00000000000677,1.0000000000067726,2.6645352591003757e-15
0.0002787406756922422,1.000000000006718,1.0000000000067213,3.3306690738754696e-15
0.0002788406756922422,1.000000000006667,1.0000000000066702,3.3306690738754696e-15
0.0002789406756922422,1.000000000006617,1.0000000000066196,2.6645352591003757e-15
0.0002790406756922422,1.000000000006567,1.0000000000065694,2.4424906541753444e-15
0.0002791406756922422,1.000000000006517,1.0000000000065197,2.6645352591003757e-15
0.0002792406756922422,1.000000000006468,1.0000000000064702,2.220446049250313e-15
0.0002793406756922422,1.000000000006419,1.000000000006421,1.9984014443252818e-15
0.0002794406756922422,1.00000000000637,1.0000000000063722,2.220446049250313e-15
0.0002795406756922422,1.000000000006322,1.000000000006324,1.9984014443252818e-15
0.0002796406756922422,1.000000000006274,1.0000000000062759,1.7763568394002505e-15
0.0002797406756922422,1.000000000006226,1.0000000000062284,2.4424906541753444e-15
0.0002798406756922422,1.000000000006179,1.000000000006181,1.9984014443252818e-15
0.0002799406756922422,1.000000000006132,1.0000000000061342,2.220446049250313e-15
0.0002800406756922422,1.000000000006085,1.0000000000060876,2.6645352591003757e-15
0.0002801406756922422,1.000000000006039,1.0000000000060414,2.4424906541753444e-15
0.0002802406756922422,1.000000000005993,1.0000000000059956,2.6645352591003757e-15
0.0002803406756922422,1.000000000005948,1.0000000000059501,2.220446049250313e-15
0.0002804406756922422,1.000000000005903,1.000000000005905,1.9984014443252818e-15
0.0002805406756922423,1.000000000005858,1.0000000000058602,2.220446049250313e-15
0.0002806406756922423,1.000000000005814,1.0000000000058158,1.7763568394002505e-15
0.0002807406756922423,1.000000000005769,1.0000000000057716,2.6645352591003757e-15
0.0002808406756922423,1.000000000005726,1.0000000000057279,1.7763568394002505e-15
0.0002809406756922423,1.000000000005682,1.0000000000056843,2.4424906541753444e-15
0.0002810406756922423,1.000000000005639,1.0000000000056413,2.220446049250313e-15
0.0002811406756922423,1.000000000005596,1.0000000000055984,2.4424906541753444e-15
0.0002812406756922423,1.000000000005554,1.0000000000055558,1.7763568394002505e-15
0.0002813406756922423,1.000000000005512,1.0000000000055138,1.7763568394002505e-15
0.0002814406756922423,1.00000000000547,1.0000000000054718,1.7763568394002505e-15
0.0002815406756922423,1.000000000005428,1.0000000000054303,2.220446049250313e-15
0.0002816406756922423,1.000000000005387,1.0000000000053892,2.220446049250313e-15
0.0002817406756922423,1.000000000005346,1.0000000000053482,2.220446049250313e-15
0.0002818406756922423,1.000000000005306,1.0000000000053078,1.7763568394002505e-15
0.0002819406756922423,1.000000000005265,1.0000000000052673,2.4424906541753444e-15
0.0002820406756922423,1.000000000005225,1.0000000000052274,2.4424906541753444e-15
0.0002821406756922423,1.000000000005186,1.0000000000051879,1.7763568394002505e-15
0.0002822406756922423,1.000000000005146,1.0000000000051483,2.220446049250313e-15
0.0002823406756922423,1.000000000005107,1.0000000000051092,2.220446049250313e-15
0.0002824406756922423,1.000000000005068,1.0000000000050706,2.6645352591003757e-15
0.0002825406756922423,1.00000000000503,1.0000000000050322,2.220446049250313e-15
0.0002826406756922423,1.000000000004992,1.000000000004994,1.9984014443252818e-15
0.0002827406756922423,1.000000000004954,1.000000000004956,1.9984014443252818e-15
0.0002828406756922423,1.000000000004916,1.0000000000049185,2.4424906541753444e-15
0.0002829406756922423,1.000000000004879,1.000000000004881,1.9984014443252818e-15
0.0002830406756922423,1.000000000004842,1.0000000000048441,2.220446049250313e-15
0.0002831406756922423,1.000000000004805,1.0000000000048073,2.220446049250313e-15
0.0002832406756922423,1.000000000004769,1.0000000000047709,1.7763568394002505e-15
0.0002833406756922423,1.000000000004733,1.0000000000047347,1.5543122344752192e-15
0.0002834406756922423,1.000000000004697,1.0000000000046987,1.7763568394002505e-15
0.0002835406756922423,1.000000000004661,1.000000000004663,1.9984014443252818e-15
0.0002836406756922423,1.000000000004626,1.0000000000046276,1.5543122344752192e-15
0.0002837406756922423,1.000000000004591,1.0000000000045925,1.5543122344752192e-15
0.0002838406756922423,1.000000000004556,1.0000000000045577,1.7763568394002505e-15
0.0002839406756922423,1.000000000004521,1.000000000004523,1.9984014443252818e-15
0.0002840406756922423,1.000000000004487,1.0000000000044889,1.7763568394002505e-15
0.0002841406756922423,1.000000000004453,1.0000000000044547,1.5543122344752192e-15
0.0002842406756922423,1.000000000004419,1.000000000004421,1.9984014443252818e-15
0.0002843406756922423,1.000000000004386,1.0000000000043874,1.3322676295501878e-15
0.0002844406756922423,1.000000000004352,1.000000000004354,1.9984014443252818e-15
0.0002845406756922423,1.000000000004319,1.000000000004321,1.9984014443252818e-15
0.0002846406756922424,1.000000000004287,1.0000000000042883,1.3322676295501878e-15
0.0002847406756922424,1.000000000004254,1.0000000000042557,1.7763568394002505e-15
0.0002848406756922424,1.000000000004222,1.0000000000042235,1.5543122344752192e-15
0.0002849406756922424,1.00000000000419,1.0000000000041913,1.3322676295501878e-15
0.0002850406756922424,1.000000000004158,1.0000000000041596,1.5543122344752192e-15
0.0002851406756922424,1.000000000004126,1.000000000004128,1.9984014443252818e-15
0.0002852406756922424,1.000000000004095,1.0000000000040967,1.7763568394002505e-15
0.0002853406756922424,1.000000000004064,1.0000000000040656,1.5543122344752192e-15
0.0002854406756922424,1.000000000004033,1.0000000000040348,1.7763568394002505e-15
0.0002855406756922424,1.000000000004003,1.0000000000040041,1.1102230246251565e-15
0.0002856406756922424,1.000000000003972,1.0000000000039737,1.7763568394002505e-15
0.0002857406756922424,1.000000000003942,1.0000000000039435,1.5543122344752192e-15
0.0002858406756922424,1.000000000003912,1.0000000000039138,1.7763568394002505e-15
0.0002859406756922424,1.000000000003882,1.000000000003884,1.9984014443252818e-15
0.0002860406756922424,1.000000000003853,1.0000000000038545,1.5543122344752192e-15
0.0002861406756922424,1.000000000003824,1.0000000000038252,1.1102230246251565e-15
0.0002862406756922424,1.000000000003795,1.0000000000037963,1.3322676295501878e-15
0.0002863406756922424,1.000000000003766,1.0000000000037674,1.3322676295501878e-15
0.0002864406756922424,1.000000000003737,1.0000000000037388,1.7763568394002505e-15
0.0002865406756922424,1.000000000003709,1.0000000000037104,1.3322676295501878e-15
0.0002866406756922424,1.000000000003681,1.0000000000036824,1.3322676295501878e-15
0.0002867406756922424,1.000000000003653,1.0000000000036544,1.3322676295501878e-15
0.0002868406756922424,1.000000000003625,1.0000000000036267,1.5543122344752192e-15
0.0002869406756922424,1.000000000003598,1.0000000000035991,1.1102230246251565e-15
0.0002870406756922424,1.00000000000357,1.0000000000035718,1.7763568394002505e-15
0.0002871406756922424,1.000000000003543,1.0000000000035447,1.7763568394002505e-15
0.0002872406756922424,1.000000000003516,1.0000000000035179,1.7763568394002505e-15
0.0002873406756922424,1.00000000000349,1.0000000000034912,1.1102230246251565e-15
0.0002874406756922424,1.000000000003463,1.0000000000034646,1.5543122344752192e-15
0.0002875406756922424,1.000000000003437,1.0000000000034384,1.3322676295501878e-15
0.0002876406756922424,1.000000000003411,1.0000000000034122,1.1102230246251565e-15
0.0002877406756922424,1.000000000003385,1.0000000000033864,1.3322676295501878e-15
0.0002878406756922424,1.000000000003359,1.0000000000033606,1.5543122344752192e-15
0.0002879406756922424,1.000000000003334,1.000000000003335,1.1102230246251565e-15
0.0002880406756922424,1.000000000003308,1.0000000000033098,1.7763568394002505e-15
0.0002881406756922424,1.000000000003283,1.0000000000032847,1.7763568394002505e-15
0.0002882406756922424,1.000000000003259,1.0000000000032598,8.881784197001252e-16
0.0002883406756922424,1.000000000003234,1.0000000000032352,1.1102230246251565e-15
0.0002884406756922424,1.000000000003209,1.0000000000032105,1.5543122344752192e-15
0.0002885406756922424,1.000000000003185,1.0000000000031861,1.1102230246251565e-15
0.0002886406756922424,1.000000000003161,1.000000000003162,8.881784197001252e-16
0.0002887406756922425,1.000000000003137,1.000000000003138,8.881784197001252e-16
0.0002888406756922425,1.000000000003113,1.0000000000031142,1.1102230246251565e-15
0.0002889406756922425,1.000000000003089,1.0000000000030906,1.5543122344752192e-15
0.0002890406756922425,1.000000000003066,1.000000000003067,1.1102230246251565e-15
0.0002891406756922425,1.000000000003042,1.0000000000030438,1.7763568394002505e-15
0.0002892406756922425,1.000000000003019,1.0000000000030207,1.7763568394002505e-15
0.0002893406756922425,1.000000000002996,1.0000000000029978,1.7763568394002505e-15
0.0002894406756922425,1.000000000002974,1.0000000000029752,1.1102230246251565e-15
0.0002895406756922425,1.000000000002951,1.0000000000029525,1.5543122344752192e-15
0.0002896406756922425,1.000000000002929,1.00000000000293,1.1102230246251565e-15
0.0002897406756922425,1.000000000002907,1.000000000002908,8.881784197001252e-16
0.0002898406756922425,1.000000000002884,1.0000000000028857,1.7763568394002505e-15
0.0002899406756922425,1.000000000002863,1.000000000002864,8.881784197001252e-16
0.0002900406756922425,1.000000000002841,1.0000000000028422,1.1102230246251565e-15
0.0002901406756922425,1.00000000000282,1.0000000000028206,6.661338147750939e-16
0.0002902406756922425,1.000000000002798,1.000000000002799,1.1102230246251565e-15
0.0002903406756922425,1.000000000002777,1.000000000002778,1.1102230246251565e-15
0.0002904406756922425,1.000000000002756,1.000000000002757,8.881784197001252e-16
0.0002905406756922425,1.000000000002735,1.000000000002736,1.1102230246251565e-15
0.0002906406756922425,1.000000000002714,1.0000000000027152,1.1102230246251565e-15
0.0002907406756922425,1.000000000002693,1.0000000000026945,1.5543122344752192e-15
0.0002908406756922425,1.000000000002673,1.000000000002674,1.1102230246251565e-15
0.0002909406756922425,1.000000000002653,1.0000000000026539,8.881784197001252e-16
0.0002910406756922425,1.000000000002633,1.0000000000026337,6.661338147750939e-16
0.0002911406756922425,1.000000000002613,1.0000000000026137,6.661338147750939e-16
0.0002912406756922425,1.000000000002593,1.000000000002594,8.881784197001252e-16
0.0002913406756922425,1.000000000002573,1.0000000000025742,1.1102230246251565e-15
0.0002914406756922425,1.000000000002554,1.0000000000025546,6.661338147750939e-16
0.0002915406756922425,1.000000000002534,1.0000000000025353,1.3322676295501878e-15
0.0002916406756922425,1.000000000002515,1.000000000002516,8.881784197001252e-16
0.0002917406756922425,1.000000000002496,1.000000000002497,8.881784197001252e-16
0.0002918406756922425,1.000000000002477,1.000000000002478,1.1102230246251565e-15
0.0002919406756922425,1.000000000002458,1.0000000000024591,1.1102230246251565e-15
0.0002920406756922425,1.00000000000244,1.0000000000024405,4.440892098500626e-16
0.0002921406756922425,1.000000000002421,1.000000000002422,1.1102230246251565e-15
0.0002922406756922425,1.000000000002403,1.0000000000024036,6.661338147750939e-16
0.0002923406756922425,1.000000000002385,1.0000000000023854,4.440892098500626e-16
0.0002924406756922425,1.000000000002367,1.0000000000023672,2.220446049250313e-16
0.0002925406756922425,1.000000000002349,1.0000000000023495,4.440892098500626e-16
0.0002926406756922425,1.000000000002331,1.0000000000023315,4.440892098500626e-16
0.0002927406756922425,1.000000000002313,1.000000000002314,8.881784197001252e-16
0.0002928406756922425,1.000000000002295,1.0000000000022964,1.3322676295501878e-15
0.0002929406756922426,1.000000000002278,1.0000000000022788,8.881784197001252e-16
0.0002930406756922426,1.000000000002261,1.0000000000022615,4.440892098500626e-16
0.0002931406756922426,1.000000000002244,1.0000000000022444,4.440892098500626e-16
0.0002932406756922426,1.000000000002226,1.0000000000022273,1.3322676295501878e-15
0.0002933406756922426,1.00000000000221,1.0000000000022105,4.440892098500626e-16
0.0002934406756922426,1.000000000002193,1.0000000000021938,8.881784197001252e-16
0.0002935406756922426,1.000000000002176,1.0000000000021771,1.1102230246251565e-15
0.0002936406756922426,1.00000000000216,1.0000000000021605,4.440892098500626e-16
0.0002937406756922426,1.000000000002143,1.000000000002144,1.1102230246251565e-15
0.0002938406756922426,1.000000000002127,1.0000000000021279,8.881784197001252e-16
0.0002939406756922426,1.000000000002111,1.0000000000021116,6.661338147750939e-16
0.0002940406756922426,1.000000000002095,1.0000000000020957,6.661338147750939e-16
0.0002941406756922426,1.000000000002079,1.00000000000208,8.881784197001252e-16
0.0002942406756922426,1.000000000002063,1.0000000000020641,1.1102230246251565e-15
0.0002943406756922426,1.000000000002047,1.0000000000020484,1.3322676295501878e-15
0.0002944406756922426,1.000000000002032,1.0000000000020328,8.881784197001252e-16
0.0002945406756922426,1.000000000002017,1.0000000000020175,4.440892098500626e-16
0.0002946406756922426,1.000000000002001,1.0000000000020022,1.1102230246251565e-15
0.0002947406756922426,1.000000000001986,1.0000000000019869,8.881784197001252e-16
0.0002948406756922426,1.000000000001971,1.0000000000019718,6.661338147750939e-16
0.0002949406756922426,1.000000000001956,1.0000000000019569,8.881784197001252e-16
0.0002950406756922426,1.000000000001941,1.000000000001942,1.1102230246251565e-15
0.0002951406756922426,1.000000000001926,1.0000000000019273,1.3322676295501878e-15
0.0002952406756922426,1.000000000001912,1.0000000000019127,6.661338147750939e-16
0.0002953406756922426,1.000000000001898,1.000000000001898,0.0
0.0002954406756922426,1.000000000001883,1.0000000000018838,8.881784197001252e-16
0.0002955406756922426,1.000000000001869,1.0000000000018694,4.440892098500626e-16
0.0002956406756922426,1.000000000001855,1.0000000000018552,2.220446049250313e-16
0.0002957406756922426,1.00000000000184,1.0000000000018412,1.1102230246251565e-15
0.0002958406756922426,1.000000000001826,1.0000000000018272,1.1102230246251565e-15
0.0002959406756922426,1.000000000001813,1.0000000000018134,4.440892098500626e-16
0.0002960406756922426,1.000000000001799,1.0000000000017997,6.661338147750939e-16
0.0002961406756922426,1.000000000001785,1.000000000001786,8.881784197001252e-16
0.0002962406756922426,1.000000000001772,1.0000000000017724,4.440892098500626e-16
0.0002963406756922426,1.000000000001758,1.0000000000017588,8.881784197001252e-16
0.0002964406756922426,1.000000000001745,1.0000000000017455,4.440892098500626e-16
0.0002965406756922426,1.000000000001732,1.0000000000017324,4.440892098500626e-16
0.0002966406756922426,1.000000000001719,1.0000000000017193,2.220446049250313e-16
0.0002967406756922426,1.000000000001706,1.0000000000017062,2.220446049250313e-16
0.0002968406756922426,1.000000000001692,1.000000000001693,1.1102230246251565e-15
0.0002969406756922426,1.00000000000168,1.0000000000016804,4.440892098500626e-16
0.0002970406756922427,1.000000000001667,1.0000000000016676,4.440892098500626e-16
0.0002971406756922427,1.000000000001654,1.000000000001655,8.881784197001252e-16
0.0002972406756922427,1.000000000001642,1.0000000000016425,4.440892098500626e-16
0.0002973406756922427,1.000000000001629,1.00000000000163,1.1102230246251565e-15
0.0002974406756922427,1.000000000001617,1.0000000000016176,6.661338147750939e-16
0.0002975406756922427,1.000000000001604,1.0000000000016054,1.3322676295501878e-15
0.0002976406756922427,1.000000000001592,1.0000000000015932,1.1102230246251565e-15
0.0002977406756922427,1.00000000000158,1.000000000001581,8.881784197001252e-16
0.0002978406756922427,1.000000000001568,1.000000000001569,8.881784197001252e-16
0.0002979406756922427,1.000000000001557,1.0000000000015572,2.220446049250313e-16
0.0002980406756922427,1.000000000001545,1.0000000000015452,2.220446049250313e-16
0.0002981406756922427,1.000000000001533,1.0000000000015337,6.661338147750939e-16
0.0002982406756922427,1.000000000001521,1.000000000001522,8.881784197001252e-16
0.0002983406756922427,1.00000000000151,1.0000000000015103,4.440892098500626e-16
0.0002984406756922427,1.000000000001498,1.000000000001499,1.1102230246251565e-15
0.0002985406756922427,1.000000000001487,1.0000000000014875,4.440892098500626e-16
0.0002986406756922427,1.000000000001475,1.0000000000014762,1.1102230246251565e-15
0.0002987406756922427,1.000000000001464,1.000000000001465,1.1102230246251565e-15
0.0002988406756922427,1.000000000001453,1.000000000001454,8.881784197001252e-16
0.0002989406756922427,1.000000000001442,1.0000000000014428,8.881784197001252e-16
0.0002990406756922427,1.000000000001431,1.000000000001432,8.881784197001252e-16
0.0002991406756922427,1.00000000000142,1.000000000001421,1.1102230246251565e-15
0.0002992406756922427,1.00000000000141,1.0000000000014102,2.220446049250313e-16
0.0002993406756922427,1.000000000001399,1.0000000000013995,4.440892098500626e-16
0.0002994406756922427,1.000000000001388,1.000000000001389,8.881784197001252e-16
0.0002995406756922427,1.000000000001378,1.0000000000013785,4.440892098500626e-16
0.0002996406756922427,1.000000000001368,1.000000000001368,0.0
0.0002997406756922427,1.000000000001357,1.0000000000013576,6.661338147750939e-16
0.0002998406756922427,1.000000000001347,1.0000000000013474,4.440892098500626e-16
0.0002999406756922427,1.000000000001336,1.0000000000013372,1.1102230246251565e-15
0.0003000406756922427,1.000000000001326,1.000000000001327,8.881784197001252e-16
0.0003001406756922427,1.000000000001316,1.000000000001317,8.881784197001252e-16
0.0003002406756922427,1.000000000001307,1.000000000001307,0.0
0.0003003406756922427,1.000000000001297,1.000000000001297,0.0
0.0003004406756922427,1.000000000001287,1.0000000000012872,2.220446049250313e-16
0.0003005406756922427,1.000000000001277,1.0000000000012774,4.440892098500626e-16
0.0003006406756922427,1.000000000001267,1.0000000000012677,6.661338147750939e-16
0.0003007406756922427,1.000000000001257,1.000000000001258,1.1102230246251565e-15
0.0003008406756922427,1.000000000001248,1.0000000000012486,6.661338147750939e-16
0.0003009406756922427,1.000000000001239,1.000000000001239,0.0
0.0003010406756922427,1.000000000001229,1.0000000000012297,6.661338147750939e-16
0.0003011406756922428,1.00000000000122,1.0000000000012204,4.440892098500626e-16
0.0003012406756922428,1.000000000001211,1.000000000001211,0.0
0.0003013406756922428,1.000000000001201,1.000000000001202,8.881784197001252e-16
0.0003014406756922428,1.000000000001192,1.0000000000011928,8.881784197001252e-16
0.0003015406756922428,1.000000000001183,1.0000000000011837,6.661338147750939e-16
0.0003016406756922428,1.000000000001174,1.0000000000011746,6.661338147750939e-16
0.0003017406756922428,1.000000000001165,1.0000000000011657,6.661338147750939e-16
0.0003018406756922428,1.000000000001156,1.0000000000011569,8.881784197001252e-16
0.0003019406756922428,1.000000000001148,1.0000000000011482,2.220446049250313e-16
0.0003020406756922428,1.000000000001139,1.0000000000011395,4.440892098500626e-16
0.0003021406756922428,1.00000000000113,1.0000000000011309,8.881784197001252e-16
0.0003022406756922428,1.000000000001122,1.0000000000011222,2.220446049250313e-16
0.0003023406756922428,1.000000000001113,1.0000000000011138,6.661338147750939e-16
0.0003024406756922428,1.000000000001105,1.0000000000011053,4.440892098500626e-16
0.0003025406756922428,1.000000000001096,1.000000000001097,8.881784197001252e-16
0.0003026406756922428,1.000000000001088,1.0000000000010885,4.440892098500626e-16
0.0003027406756922428,1.00000000000108,1.0000000000010802,2.220446049250313e-16
0.0003028406756922428,1.000000000001072,1.000000000001072,0.0
0.0003029406756922428,1.000000000001064,1.000000000001064,0.0
0.0003030406756922428,1.000000000001055,1.0000000000010558,8.881784197001252e-16
0.0003031406756922428,1.000000000001047,1.0000000000010478,8.881784197001252e-16
0.0003032406756922428,1.000000000001039,1.0000000000010398,8.881784197001252e-16
0.0003033406756922428,1.000000000001032,1.000000000001032,0.0
0.0003034406756922428,1.000000000001024,1.0000000000010243,2.220446049250313e-16
0.0003035406756922428,1.000000000001016,1.0000000000010165,4.440892098500626e-16
0.0003036406756922428,1.000000000001008,1.0000000000010087,6.661338147750939e-16
0.0003037406756922428,1.000000000001001,1.000000000001001,0.0
0.0003038406756922428,1.000000000000993,1.0000000000009934,4.440892098500626e-16
0.0003039406756922428,1.000000000000985,1.0000000000009859,8.881784197001252e-16
0.0003040406756922428,1.000000000000978,1.0000000000009783,2.220446049250313e-16
0.0003041406756922428,1.000000000000971,1.000000000000971,0.0
0.0003042406756922428,1.000000000000963,1.0000000000009637,6.661338147750939e-16
0.0003043406756922428,1.000000000000956,1.0000000000009563,4.440892098500626e-16
0.0003044406756922428,1.000000000000949,1.000000000000949,0.0
0.0003045406756922428,1.000000000000941,1.000000000000942,8.881784197001252e-16
0.0003046406756922428,1.000000000000934,1.0000000000009348,8.881784197001252e-16
0.0003047406756922428,1.000000000000927,1.0000000000009277,6.661338147750939e-16
0.0003048406756922428,1.00000000000092,1.0000000000009206,6.661338147750939e-16
0.0003049406756922428,1.000000000000913,1.0000000000009137,6.661338147750939e-16
0.0003050406756922428,1.000000000000906,1.0000000000009066,6.661338147750939e-16
0.0003051406756922428,1.0000000000009,1.0000000000008997,2.220446049250313e-16
0.0003052406756922429,1.000000000000893,1.000000000000893,0.0
0.0003053406756922429,1.000000000000886,1.0000000000008862,2.220446049250313e-16
0.0003054406756922429,1.000000000000879,1.0000000000008795,4.440892098500626e-16
0.0003055406756922429,1.000000000000872,1.0000000000008729,8.881784197001252e-16
0.0003056406756922429,1.000000000000866,1.0000000000008662,2.220446049250313e-16
0.0003057406756922429,1.000000000000859,1.0000000000008595,4.440892098500626e-16
0.0003058406756922429,1.000000000000853,1.000000000000853,0.0
0.0003059406756922429,1.000000000000846,1.0000000000008467,6.661338147750939e-16
0.0003060406756922429,1.00000000000084,1.0000000000008402,2.220446049250313e-16
0.0003061406756922429,1.000000000000833,1.0000000000008338,8.881784197001252e-16
0.0003062406756922429,1.000000000000827,1.0000000000008276,6.661338147750939e-16
0.0003063406756922429,1.000000000000821,1.0000000000008211,2.220446049250313e-16
0.0003064406756922429,1.000000000000815,1.000000000000815,0.0
0.0003065406756922429,1.000000000000808,1.0000000000008087,6.661338147750939e-16
0.0003066406756922429,1.000000000000802,1.0000000000008027,6.661338147750939e-16
0.0003067406756922429,1.000000000000796,1.0000000000007965,4.440892098500626e-16
0.0003068406756922429,1.00000000000079,1.0000000000007905,4.440892098500626e-16
0.0003069406756922429,1.000000000000784,1.0000000000007845,4.440892098500626e-16
0.0003070406756922429,1.000000000000778,1.0000000000007785,4.440892098500626e-16
0.0003071406756922429,1.000000000000772,1.0000000000007727,6.661338147750939e-16
0.0003072406756922429,1.000000000000766,1.0000000000007667,6.661338147750939e-16
0.0003073406756922429,1.000000000000761,1.000000000000761,0.0
0.0003074406756922429,1.000000000000755,1.0000000000007552,2.220446049250313e-16
0.0003075406756922429,1.000000000000749,1.0000000000007494,4.440892098500626e-16
0.0003076406756922429,1.000000000000743,1.0000000000007438,8.881784197001252e-16
0.0003077406756922429,1.000000000000738,1.000000000000738,0.0
0.0003078406756922429,1.000000000000732,1.0000000000007325,4.440892098500626e-16
0.0003079406756922429,1.000000000000727,1.000000000000727,0.0
0.0003080406756922429,1.000000000000721,1.0000000000007214,4.440892098500626e-16
0.0003081406756922429,1.000000000000716,1.000000000000716,0.0
0.0003082406756922429,1.00000000000071,1.0000000000007105,4.440892098500626e-16
0.0003083406756922429,1.000000000000705,1.0000000000007052,2.220446049250313e-16
0.0003084406756922429,1.000000000000699,1.0000000000006999,8.881784197001252e-16
0.0003085406756922429,1.000000000000694,1.0000000000006946,6.661338147750939e-16
0.0003086406756922429,1.000000000000689,1.0000000000006892,2.220446049250313e-16
0.0003087406756922429,1.000000000000684,1.000000000000684,0.0
0.0003088406756922429,1.000000000000679,1.0000000000006788,2.220446049250313e-16
0.0003089406756922429,1.000000000000673,1.0000000000006737,6.661338147750939e-16
0.0003090406756922429,1.000000000000668,1.0000000000006686,6.661338147750939e-16
0.0003091406756922429,1.000000000000663,1.0000000000006635,4.440892098500626e-16
0.0003092406756922429,1.000000000000658,1.0000000000006584,4.440892098500626e-16
0.000309340675692243,1.000000000000653,1.0000000000006535,4.440892098500626e-16
0.000309440675692243,1.000000000000648,1.0000000000006486,6.661338147750939e-16
0.000309540675692243,1.000000000000643,1.0000000000006435,4.440892098500626e-16
0.000309640675692243,1.000000000000639,1.0000000000006386,4.440892098500626e-16
0.000309740675692243,1.000000000000634,1.000000000000634,0.0
0.000309840675692243,1.000000000000629,1.000000000000629,0.0
0.000309940675692243,1.000000000000624,1.0000000000006242,2.220446049250313e-16
0.000310040675692243,1.000000000000619,1.0000000000006195,4.440892098500626e-16
0.000310140675692243,1.000000000000615,1.0000000000006148,2.220446049250313e-16
0.000310240675692243,1.00000000000061,1.0000000000006102,2.220446049250313e-16
0.000310340675692243,1.000000000000605,1.0000000000006055,4.440892098500626e-16
0.000310440675692243,1.000000000000601,1.0000000000006009,2.220446049250313e-16
0.000310540675692243,1.000000000000596,1.0000000000005964,4.440892098500626e-16
0.000310640675692243,1.000000000000592,1.0000000000005917,2.220446049250313e-16
0.000310740675692243,1.000000000000587,1.0000000000005873,2.220446049250313e-16
0.000310840675692243,1.000000000000583,1.0000000000005829,2.220446049250313e-16
0.000310940675692243,1.000000000000578,1.0000000000005784,4.440892098500626e-16
0.000311040675692243,1.000000000000574,1.000000000000574,0.0
0.000311140675692243,1.000000000000569,1.0000000000005698,6.661338147750939e-16
0.000311240675692243,1.000000000000565,1.0000000000005653,2.220446049250313e-16
0.000311340675692243,1.000000000000561,1.000000000000561,0.0
0.000311440675692243,1.000000000000557,1.0000000000005569,2.220446049250313e-16
0.000311540675692243,1.000000000000553,1.0000000000005527,2.220446049250313e-16
0.000311640675692243,1.000000000000548,1.0000000000005485,4.440892098500626e-16
0.000311740675692243,1.000000000000544,1.0000000000005442,2.220446049250313e-16
0.000311840675692243,1.00000000000054,1.0000000000005402,2.220446049250313e-16
0.000311940675692243,1.000000000000536,1.000000000000536,0.0
0.000312040675692243,1.000000000000532,1.000000000000532,0.0
0.000312140675692243,1.000000000000528,1.000000000000528,0.0
0.000312240675692243,1.000000000000524,1.000000000000524,0.0
0.000312340675692243,1.00000000000052,1.00000000000052,0.0
0.000312440675692243,1.000000000000516,1.000000000000516,0.0
0.000312540675692243,1.000000000000512,1.000000000000512,0.0
0.000312640675692243,1.000000000000508,1.0000000000005083,2.220446049250313e-16
0.000312740675692243,1.000000000000504,1.0000000000005043,2.220446049250313e-16
0.000312840675692243,1.0000000000005,1.0000000000005005,4.440892098500626e-16
0.000312940675692243,1.000000000000496,1.0000000000004967,6.661338147750939e-16
0.000313040675692243,1.000000000000493,1.000000000000493,0.0
0.000313140675692243,1.000000000000489,1.0000000000004892,2.220446049250313e-16
0.000313240675692243,1.000000000000485,1.0000000000004856,6.661338147750939e-16
0.000313340675692243,1.000000000000482,1.0000000000004818,2.220446049250313e-16
0.0003134406756922431,1.000000000000478,1.000000000000478,0.0
0.0003135406756922431,1.000000000000475,1.0000000000004745,4.440892098500626e-16
0.0003136406756922431,1.000000000000471,1.000000000000471,0.0
0.0003137406756922431,1.000000000000467,1.0000000000004674,4.440892098500626e-16
0.0003138406756922431,1.000000000000464,1.0000000000004639,2.220446049250313e-16
0.0003139406756922431,1.00000000000046,1.0000000000004603,2.220446049250313e-16
0.0003140406756922431,1.000000000000457,1.0000000000004567,2.220446049250313e-16
0.0003141406756922431,1.000000000000453,1.0000000000004534,4.440892098500626e-16
0.0003142406756922431,1.00000000000045,1.0000000000004499,2.220446049250313e-16
0.0003143406756922431,1.000000000000446,1.0000000000004465,4.440892098500626e-16
0.0003144406756922431,1.000000000000443,1.0000000000004432,2.220446049250313e-16
0.0003145406756922431,1.00000000000044,1.0000000000004396,4.440892098500626e-16
0.0003146406756922431,1.000000000000436,1.0000000000004363,2.220446049250313e-16
0.0003147406756922431,1.000000000000433,1.000000000000433,0.0
0.0003148406756922431,1.00000000000043,1.0000000000004299,2.220446049250313e-16
0.0003149406756922431,1.000000000000427,1.0000000000004265,4.440892098500626e-16
0.0003150406756922431,1.000000000000423,1.0000000000004232,2.220446049250313e-16
0.0003151406756922431,1.00000000000042,1.00000000000042,0.0
0.0003152406756922431,1.000000000000417,1.000000000000417,0.0
0.0003153406756922431,1.000000000000413,1.0000000000004137,6.661338147750939e-16
0.0003154406756922431,1.00000000000041,1.0000000000004106,6.661338147750939e-16
0.0003155406756922431,1.000000000000407,1.0000000000004075,4.440892098500626e-16
0.0003156406756922431,1.000000000000404,1.0000000000004043,4.440892098500626e-16
0.0003157406756922431,1.000000000000401,1.0000000000004012,2.220446049250313e-16
0.0003158406756922431,1.000000000000398,1.0000000000003983,4.440892098500626e-16
0.0003159406756922431,1.000000000000395,1.0000000000003952,2.220446049250313e-16
0.0003160406756922431,1.000000000000392,1.0000000000003924,4.440892098500626e-16
0.0003161406756922431,1.000000000000389,1.0000000000003892,2.220446049250313e-16
0.0003162406756922431,1.000000000000386,1.0000000000003864,4.440892098500626e-16
0.0003163406756922431,1.000000000000383,1.0000000000003835,4.440892098500626e-16
0.0003164406756922431,1.00000000000038,1.0000000000003806,6.661338147750939e-16
0.0003165406756922431,1.000000000000377,1.0000000000003777,6.661338147750939e-16
0.0003166406756922431,1.000000000000375,1.0000000000003748,2.220446049250313e-16
0.0003167406756922431,1.000000000000372,1.000000000000372,0.0
0.0003168406756922431,1.000000000000369,1.000000000000369,0.0
0.0003169406756922431,1.000000000000366,1.0000000000003664,4.440892098500626e-16
0.0003170406756922431,1.000000000000363,1.0000000000003635,4.440892098500626e-16
0.0003171406756922431,1.000000000000361,1.0000000000003608,2.220446049250313e-16
0.0003172406756922431,1.000000000000358,1.000000000000358,0.0
0.0003173406756922431,1.000000000000355,1.0000000000003553,2.220446049250313e-16
0.0003174406756922431,1.000000000000352,1.0000000000003526,6.661338147750939e-16
0.0003175406756922432,1.00000000000035,1.00000000000035,0.0
0.0003176406756922432,1.000000000000347,1.0000000000003473,2.220446049250313e-16
0.0003177406756922432,1.000000000000344,1.0000000000003446,6.661338147750939e-16
0.0003178406756922432,1.000000000000342,1.000000000000342,0.0
0.0003179406756922432,1.00000000000034,1.0000000000003395,4.440892098500626e-16
0.0003180406756922432,1.000000000000337,1.0000000000003368,2.220446049250313e-16
0.0003181406756922432,1.000000000000334,1.0000000000003342,2.220446049250313e-16
0.0003182406756922432,1.000000000000332,1.0000000000003317,2.220446049250313e-16
0.0003183406756922432,1.000000000000329,1.0000000000003293,2.220446049250313e-16
0.0003184406756922432,1.000000000000327,1.0000000000003266,4.440892098500626e-16
0.0003185406756922432,1.000000000000324,1.0000000000003242,2.220446049250313e-16
0.0003186406756922432,1.000000000000322,1.0000000000003217,2.220446049250313e-16
0.0003187406756922432,1.000000000000319,1.0000000000003193,2.220446049250313e-16
0.0003188406756922432,1.000000000000317,1.0000000000003169,2.220446049250313e-16
0.0003189406756922432,1.000000000000314,1.0000000000003144,4.440892098500626e-16
0.0003190406756922432,1.000000000000312,1.0000000000003122,2.220446049250313e-16
0.0003191406756922432,1.00000000000031,1.0000000000003098,2.220446049250313e-16
0.0003192406756922432,1.000000000000308,1.0000000000003073,6.661338147750939e-16
0.0003193406756922432,1.000000000000305,1.000000000000305,0.0
0.0003194406756922432,1.000000000000303,1.0000000000003029,2.220446049250313e-16
0.0003195406756922432,1.0000000000003,1.0000000000003004,4.440892098500626e-16
0.0003196406756922432,1.000000000000298,1.0000000000002982,2.220446049250313e-16
0.0003197406756922432,1.000000000000296,1.000000000000296,0.0
0.0003198406756922432,1.000000000000294,1.0000000000002938,2.220446049250313e-16
0.0003199406756922432,1.000000000000291,1.0000000000002915,4.440892098500626e-16
0.0003200406756922432,1.000000000000289,1.0000000000002893,2.220446049250313e-16
0.0003201406756922432,1.000000000000287,1.000000000000287,0.0
0.0003202406756922432,1.000000000000285,1.0000000000002849,2.220446049250313e-16
0.0003203406756922432,1.000000000000282,1.0000000000002827,6.661338147750939e-16
0.0003204406756922432,1.00000000000028,1.0000000000002807,6.661338147750939e-16
0.0003205406756922432,1.000000000000278,1.0000000000002784,4.440892098500626e-16
0.0003206406756922432,1.000000000000276,1.0000000000002762,2.220446049250313e-16
0.0003207406756922432,1.000000000000274,1.0000000000002742,2.220446049250313e-16
0.0003208406756922432,1.000000000000272,1.0000000000002722,2.220446049250313e-16
0.0003209406756922432,1.00000000000027,1.00000000000027,0.0
0.0003210406756922432,1.000000000000268,1.000000000000268,0.0
0.0003211406756922432,1.000000000000266,1.000000000000266,0.0
0.0003212406756922432,1.000000000000264,1.000000000000264,0.0
0.0003213406756922432,1.000000000000262,1.000000000000262,0.0
0.0003214406756922432,1.00000000000026,1.00000000000026,0.0
0.0003215406756922432,1.000000000000258,1.000000000000258,0.0
0.0003216406756922432,1.000000000000256,1.000000000000256,0.0
0.0003217406756922433,1.000000000000254,1.000000000000254,0.0
0.0003218406756922433,1.000000000000252,1.0000000000002522,2.220446049250313e-16
0.0003219406756922433,1.00000000000025,1.0000000000002502,2.220446049250313e-16
0.0003220406756922433,1.000000000000248,1.0000000000002485,4.440892098500626e-16
0.0003221406756922433,1.000000000000246,1.0000000000002465,4.440892098500626e-16
0.0003222406756922433,1.000000000000244,1.0000000000002447,6.661338147750939e-16
0.0003223406756922433,1.000000000000242,1.0000000000002427,6.661338147750939e-16
0.0003224406756922433,1.000000000000241,1.000000000000241,0.0
0.0003225406756922433,1.000000000000239,1.0000000000002391,2.220446049250313e-16
0.0003226406756922433,1.000000000000237,1.0000000000002374,4.440892098500626e-16
0.0003227406756922433,1.000000000000235,1.0000000000002354,4.440892098500626e-16
0.0003228406756922433,1.000000000000234,1.0000000000002336,4.440892098500626e-16
0.0003229406756922433,1.000000000000232,1.0000000000002318,2.220446049250313e-16
0.0003230406756922433,1.00000000000023,1.0000000000002303,2.220446049250313e-16
0.0003231406756922433,1.000000000000228,1.0000000000002285,4.440892098500626e-16
0.0003232406756922433,1.000000000000226,1.0000000000002267,6.661338147750939e-16
0.0003233406756922433,1.000000000000225,1.000000000000225,0.0
0.0003234406756922433,1.000000000000223,1.0000000000002232,2.220446049250313e-16
0.0003235406756922433,1.000000000000221,1.0000000000002216,6.661338147750939e-16
0.0003236406756922433,1.00000000000022,1.0000000000002198,2.220446049250313e-16
0.0003237406756922433,1.000000000000218,1.0000000000002183,2.220446049250313e-16
0.0003238406756922433,1.000000000000216,1.0000000000002165,4.440892098500626e-16
0.0003239406756922433,1.000000000000215,1.000000000000215,0.0
0.0003240406756922433,1.000000000000213,1.0000000000002132,2.220446049250313e-16
0.0003241406756922433,1.000000000000212,1.0000000000002116,4.440892098500626e-16
0.0003242406756922433,1.00000000000021,1.00000000000021,0.0
0.0003243406756922433,1.000000000000208,1.0000000000002085,4.440892098500626e-16
0.0003244406756922433,1.000000000000207,1.000000000000207,0.0
0.0003245406756922433,1.000000000000205,1.0000000000002054,4.440892098500626e-16
0.0003246406756922433,1.000000000000204,1.0000000000002038,2.220446049250313e-16
0.0003247406756922433,1.000000000000202,1.0000000000002023,2.220446049250313e-16
0.0003248406756922433,1.000000000000201,1.0000000000002007,2.220446049250313e-16
0.0003249406756922433,1.000000000000199,1.0000000000001992,2.220446049250313e-16
0.0003250406756922433,1.000000000000198,1.0000000000001976,4.440892098500626e-16
0.0003251406756922433,1.000000000000196,1.000000000000196,0.0
0.0003252406756922433,1.000000000000195,1.0000000000001947,2.220446049250313e-16
0.0003253406756922433,1.000000000000193,1.0000000000001932,2.220446049250313e-16
0.0003254406756922433,1.000000000000192,1.0000000000001916,4.440892098500626e-16
0.0003255406756922433,1.00000000000019,1.0000000000001903,2.220446049250313e-16
0.0003256406756922433,1.000000000000189,1.0000000000001887,2.220446049250313e-16
0.0003257406756922433,1.000000000000187,1.0000000000001874,4.440892098500626e-16
0.0003258406756922434,1.000000000000186,1.0000000000001859,2.220446049250313e-16
0.0003259406756922434,1.000000000000185,1.0000000000001845,4.440892098500626e-16
0.0003260406756922434,1.000000000000183,1.0000000000001832,2.220446049250313e-16
0.0003261406756922434,1.000000000000182,1.0000000000001819,2.220446049250313e-16
0.0003262406756922434,1.000000000000181,1.0000000000001803,6.661338147750939e-16
0.0003263406756922434,1.000000000000179,1.000000000000179,0.0
0.0003264406756922434,1.000000000000178,1.0000000000001776,4.440892098500626e-16
0.0003265406756922434,1.000000000000176,1.0000000000001763,2.220446049250313e-16
0.0003266406756922434,1.000000000000175,1.000000000000175,0.0
0.0003267406756922434,1.000000000000174,1.0000000000001736,4.440892098500626e-16
0.0003268406756922434,1.000000000000172,1.0000000000001723,2.220446049250313e-16
0.0003269406756922434,1.000000000000171,1.000000000000171,0.0
0.0003270406756922434,1.00000000000017,1.0000000000001696,4.440892098500626e-16
0.0003271406756922434,1.000000000000169,1.0000000000001683,6.661338147750939e-16
0.0003272406756922434,1.000000000000167,1.0000000000001672,2.220446049250313e-16
0.0003273406756922434,1.000000000000166,1.0000000000001659,2.220446049250313e-16
0.0003274406756922434,1.000000000000165,1.0000000000001645,4.440892098500626e-16
0.0003275406756922434,1.000000000000163,1.0000000000001634,4.440892098500626e-16
0.0003276406756922434,1.000000000000162,1.000000000000162,0.0
0.0003277406756922434,1.000000000000161,1.000000000000161,0.0
0.0003278406756922434,1.00000000000016,1.0000000000001597,4.440892098500626e-16
0.0003279406756922434,1.000000000000159,1.0000000000001585,4.440892098500626e-16
0.0003280406756922434,1.000000000000157,1.0000000000001572,2.220446049250313e-16
0.0003281406756922434,1.000000000000156,1.000000000000156,0.0
0.0003282406756922434,1.000000000000155,1.000000000000155,0.0
0.0003283406756922434,1.000000000000154,1.0000000000001537,4.440892098500626e-16
0.0003284406756922434,1.000000000000153,1.0000000000001525,4.440892098500626e-16
0.0003285406756922434,1.000000000000151,1.0000000000001514,4.440892098500626e-16
0.0003286406756922434,1.00000000000015,1.0000000000001503,2.220446049250313e-16
0.0003287406756922434,1.000000000000149,1.000000000000149,0.0
0.0003288406756922434,1.000000000000148,1.0000000000001479,2.220446049250313e-16
0.0003289406756922434,1.000000000000147,1.0000000000001468,2.220446049250313e-16
0.0003290406756922434,1.000000000000146,1.0000000000001457,4.440892098500626e-16
0.0003291406756922434,1.000000000000145,1.0000000000001446,4.440892098500626e-16
0.0003292406756922434,1.000000000000143,1.0000000000001434,4.440892098500626e-16
0.0003293406756922434,1.000000000000142,1.0000000000001423,2.220446049250313e-16
0.0003294406756922434,1.000000000000141,1.0000000000001414,4.440892098500626e-16
0.0003295406756922434,1.00000000000014,1.0000000000001403,2.220446049250313e-16
0.0003296406756922434,1.000000000000139,1.0000000000001392,2.220446049250313e-16
0.0003297406756922434,1.000000000000138,1.0000000000001381,2.220446049250313e-16
0.0003298406756922434,1.000000000000137,1.000000000000137,0.0
0.0003299406756922435,1.000000000000136,1.0000000000001361,2.220446049250313e-16
0.0003300406756922435,1.000000000000135,1.000000000000135,0.0
0.0003301406756922435,1.000000000000134,1.0000000000001341,2.220446049250313e-16
0.0003302406756922435,1.000000000000133,1.000000000000133,0.0
0.0003303406756922435,1.000000000000132,1.000000000000132,0.0
0.0003304406756922435,1.000000000000131,1.000000000000131,0.0
0.0003305406756922435,1.00000000000013,1.00000000000013,0.0
0.0003306406756922435,1.000000000000129,1.000000000000129,0.0
0.0003307406756922435,1.000000000000128,1.0000000000001281,2.220446049250313e-16
0.0003308406756922435,1.000000000000127,1.000000000000127,0.0
0.0003309406756922435,1.000000000000126,1.0000000000001261,2.220446049250313e-16
0.0003310406756922435,1.000000000000125,1.0000000000001252,2.220446049250313e-16
0.0003311406756922435,1.000000000000124,1.0000000000001241,2.220446049250313e-16
0.0003312406756922435,1.000000000000123,1.0000000000001232,2.220446049250313e-16
0.0003313406756922435,1.000000000000122,1.0000000000001223,4.440892098500626e-16
0.0003314406756922435,1.000000000000121,1.0000000000001215,4.440892098500626e-16
0.0003315406756922435,1.00000000000012,1.0000000000001203,4.440892098500626e-16
0.0003316406756922435,1.000000000000119,1.0000000000001195,4.440892098500626e-16
0.0003317406756922435,1.000000000000119,1.0000000000001186,4.440892098500626e-16
0.0003318406756922435,1.000000000000118,1.0000000000001177,2.220446049250313e-16
0.0003319406756922435,1.000000000000117,1.0000000000001168,2.220446049250313e-16
0.0003320406756922435,1.000000000000116,1.000000000000116,0.0
0.0003321406756922435,1.000000000000115,1.000000000000115,0.0
0.0003322406756922435,1.000000000000114,1.0000000000001141,2.220446049250313e-16
0.0003323406756922435,1.000000000000113,1.0000000000001132,2.220446049250313e-16
0.0003324406756922435,1.000000000000113,1.0000000000001126,4.440892098500626e-16
0.0003325406756922435,1.000000000000112,1.0000000000001117,2.220446049250313e-16
0.0003326406756922435,1.000000000000111,1.0000000000001108,2.220446049250313e-16
0.0003327406756922435,1.00000000000011,1.00000000000011,0.0
0.0003328406756922435,1.000000000000109,1.000000000000109,0.0
0.0003329406756922435,1.000000000000108,1.0000000000001084,4.440892098500626e-16
0.0003330406756922435,1.000000000000107,1.0000000000001075,4.440892098500626e-16
0.0003331406756922435,1.000000000000107,1.0000000000001066,4.440892098500626e-16
0.0003332406756922435,1.000000000000106,1.000000000000106,0.0
0.0003333406756922435,1.000000000000105,1.000000000000105,0.0
0.0003334406756922435,1.000000000000104,1.0000000000001041,2.220446049250313e-16
0.0003335406756922435,1.000000000000103,1.0000000000001035,4.440892098500626e-16
0.0003336406756922435,1.000000000000103,1.0000000000001026,4.440892098500626e-16
0.0003337406756922435,1.000000000000102,1.000000000000102,0.0
0.0003338406756922435,1.000000000000101,1.000000000000101,0.0
0.0003339406756922435,1.0000000000001,1.0000000000001004,4.440892098500626e-16
0.0003340406756922436,1.0000000000001,1.0000000000000995,4.440892098500626e-16
0.0003341406756922436,1.000000000000099,1.0000000000000988,2.220446049250313e-16
0.0003342406756922436,1.000000000000098,1.0000000000000981,2.220446049250313e-16
0.0003343406756922436,1.000000000000097,1.0000000000000973,2.220446049250313e-16
0.0003344406756922436,1.000000000000097,1.0000000000000966,4.440892098500626e-16
0.0003345406756922436,1.000000000000096,1.000000000000096,0.0
0.0003346406756922436,1.000000000000095,1.000000000000095,0.0
0.0003347406756922436,1.000000000000095,1.0000000000000944,6.661338147750939e-16
0.0003348406756922436,1.000000000000094,1.0000000000000937,2.220446049250313e-16
0.0003349406756922436,1.000000000000093,1.000000000000093,0.0
0.0003350406756922436,1.000000000000092,1.0000000000000924,4.440892098500626e-16
0.0003351406756922436,1.000000000000091,1.0000000000000915,4.440892098500626e-16
0.0003352406756922436,1.000000000000091,1.0000000000000908,2.220446049250313e-16
0.0003353406756922436,1.00000000000009,1.0000000000000902,2.220446049250313e-16
0.0003354406756922436,1.000000000000089,1.0000000000000895,4.440892098500626e-16
0.0003355406756922436,1.000000000000089,1.0000000000000888,2.220446049250313e-16
0.0003356406756922436,1.000000000000088,1.0000000000000882,2.220446049250313e-16
0.0003357406756922436,1.000000000000087,1.0000000000000875,4.440892098500626e-16
0.0003358406756922436,1.000000000000087,1.0000000000000868,2.220446049250313e-16
0.0003359406756922436,1.000000000000086,1.0000000000000862,2.220446049250313e-16
0.0003360406756922436,1.000000000000086,1.0000000000000855,4.440892098500626e-16
0.0003361406756922436,1.000000000000085,1.0000000000000848,2.220446049250313e-16
0.0003362406756922436,1.000000000000084,1.0000000000000842,2.220446049250313e-16
0.0003363406756922436,1.000000000000084,1.0000000000000835,4.440892098500626e-16
0.0003364406756922436,1.000000000000083,1.000000000000083,0.0
0.0003365406756922436,1.000000000000082,1.0000000000000824,4.440892098500626e-16
0.0003366406756922436,1.000000000000082,1.0000000000000817,2.220446049250313e-16
0.0003367406756922436,1.000000000000081,1.000000000000081,0.0
0.0003368406756922436,1.000000000000081,1.0000000000000804,6.661338147750939e-16
0.0003369406756922436,1.00000000000008,1.00000000000008,0.0
0.0003370406756922436,1.000000000000079,1.0000000000000793,2.220446049250313e-16
0.0003371406756922436,1.000000000000079,1.0000000000000786,4.440892098500626e-16
0.0003372406756922436,1.000000000000078,1.000000000000078,0.0
0.0003373406756922436,1.000000000000077,1.0000000000000775,4.440892098500626e-16
0.0003374406756922436,1.000000000000077,1.0000000000000768,2.220446049250313e-16
0.0003375406756922436,1.000000000000076,1.0000000000000762,2.220446049250313e-16
0.0003376406756922436,1.000000000000076,1.0000000000000757,2.220446049250313e-16
0.0003377406756922436,1.000000000000075,1.000000000000075,0.0
0.0003378406756922436,1.000000000000075,1.0000000000000746,4.440892098500626e-16
0.0003379406756922436,1.000000000000074,1.000000000000074,0.0
0.0003380406756922436,1.000000000000073,1.0000000000000735,4.440892098500626e-16
0.0003381406756922437,1.000000000000073,1.0000000000000728,2.220446049250313e-16
0.0003382406756922437,1.000000000000072,1.0000000000000724,4.440892098500626e-16
0.0003383406756922437,1.000000000000072,1.0000000000000717,2.220446049250313e-16
0.0003384406756922437,1.000000000000071,1.0000000000000713,2.220446049250313e-16
0.0003385406756922437,1.000000000000071,1.0000000000000706,4.440892098500626e-16
0.0003386406756922437,1.00000000000007,1.0000000000000702,2.220446049250313e-16
0.0003387406756922437,1.00000000000007,1.0000000000000695,4.440892098500626e-16
0.0003388406756922437,1.000000000000069,1.000000000000069,0.0
0.0003389406756922437,1.000000000000069,1.0000000000000686,4.440892098500626e-16
0.0003390406756922437,1.000000000000068,1.000000000000068,0.0
0.0003391406756922437,1.000000000000068,1.0000000000000675,4.440892098500626e-16
0.0003392406756922437,1.000000000000067,1.000000000000067,0.0
0.0003393406756922437,1.000000000000067,1.0000000000000664,6.661338147750939e-16
0.0003394406756922437,1.000000000000066,1.000000000000066,0.0
0.0003395406756922437,1.000000000000066,1.0000000000000655,4.440892098500626e-16
0.0003396406756922437,1.000000000000065,1.000000000000065,0.0
0.0003397406756922437,1.000000000000064,1.0000000000000644,4.440892098500626e-16
0.0003398406756922437,1.000000000000064,1.000000000000064,0.0
0.0003399406756922437,1.000000000000064,1.0000000000000635,4.440892098500626e-16
0.0003400406756922437,1.000000000000063,1.000000000000063,0.0
0.0003401406756922437,1.000000000000063,1.0000000000000626,4.440892098500626e-16
0.0003402406756922437,1.000000000000062,1.0000000000000622,2.220446049250313e-16
0.0003403406756922437,1.000000000000062,1.0000000000000617,2.220446049250313e-16
0.0003404406756922437,1.000000000000061,1.000000000000061,0.0
0.0003405406756922437,1.000000000000061,1.0000000000000606,4.440892098500626e-16
0.0003406406756922437,1.00000000000006,1.0000000000000602,2.220446049250313e-16
0.0003407406756922437,1.00000000000006,1.0000000000000597,2.220446049250313e-16
0.0003408406756922437,1.00000000000006,1.0000000000000593,6.661338147750939e-16
0.0003409406756922437,1.000000000000059,1.0000000000000588,2.220446049250313e-16
0.0003410406756922437,1.000000000000058,1.0000000000000584,4.440892098500626e-16
0.0003411406756922437,1.000000000000058,1.000000000000058,0.0
0.0003412406756922437,1.000000000000058,1.0000000000000575,4.440892098500626e-16
0.0003413406756922437,1.000000000000057,1.000000000000057,0.0
0.0003414406756922437,1.000000000000056,1.0000000000000566,6.661338147750939e-16
0.0003415406756922437,1.000000000000056,1.0000000000000562,2.220446049250313e-16
0.0003416406756922437,1.000000000000056,1.0000000000000557,2.220446049250313e-16
0.0003417406756922437,1.000000000000055,1.0000000000000553,2.220446049250313e-16
0.0003418406756922437,1.000000000000055,1.000000000000055,0.0
0.0003419406756922437,1.000000000000055,1.0000000000000546,4.440892098500626e-16
0.0003420406756922437,1.000000000000054,1.0000000000000542,2.220446049250313e-16
0.0003421406756922437,1.000000000000054,1.0000000000000537,2.220446049250313e-16
0.0003422406756922438,1.000000000000053,1.0000000000000533,2.220446049250313e-16
0.0003423406756922438,1.000000000000053,1.0000000000000528,2.220446049250313e-16
0.0003424406756922438,1.000000000000053,1.0000000000000524,6.661338147750939e-16
0.0003425406756922438,1.000000000000052,1.0000000000000522,2.220446049250313e-16
0.0003426406756922438,1.000000000000052,1.0000000000000517,2.220446049250313e-16
0.0003427406756922438,1.000000000000051,1.0000000000000513,2.220446049250313e-16
0.0003428406756922438,1.000000000000051,1.0000000000000508,2.220446049250313e-16
0.0003429406756922438,1.000000000000051,1.0000000000000506,4.440892098500626e-16
0.0003430406756922438,1.00000000000005,1.0000000000000502,2.220446049250313e-16
0.0003431406756922438,1.00000000000005,1.0000000000000497,2.220446049250313e-16
0.0003432406756922438,1.000000000000049,1.0000000000000495,4.440892098500626e-16
0.0003433406756922438,1.000000000000049,1.000000000000049,0.0
0.0003434406756922438,1.000000000000049,1.0000000000000486,4.440892098500626e-16
0.0003435406756922438,1.000000000000048,1.0000000000000482,2.220446049250313e-16
0.0003436406756922438,1.000000000000048,1.000000000000048,0.0
0.0003437406756922438,1.000000000000048,1.0000000000000475,4.440892098500626e-16
0.0003438406756922438,1.000000000000047,1.0000000000000473,2.220446049250313e-16
0.0003439406756922438,1.000000000000047,1.0000000000000469,2.220446049250313e-16
0.0003440406756922438,1.000000000000047,1.0000000000000464,6.661338147750939e-16
0.0003441406756922438,1.000000000000046,1.0000000000000462,2.220446049250313e-16
0.0003442406756922438,1.000000000000046,1.0000000000000457,2.220446049250313e-16
0.0003443406756922438,1.000000000000046,1.0000000000000455,4.440892098500626e-16
0.0003444406756922438,1.000000000000045,1.000000000000045,0.0
0.0003445406756922438,1.000000000000045,1.0000000000000449,2.220446049250313e-16
0.0003446406756922438,1.000000000000045,1.0000000000000444,6.661338147750939e-16
0.0003447406756922438,1.000000000000044,1.000000000000044,0.0
0.0003448406756922438,1.000000000000044,1.0000000000000437,2.220446049250313e-16
0.0003449406756922438,1.000000000000044,1.0000000000000433,6.661338147750939e-16
0.0003450406756922438,1.000000000000043,1.000000000000043,0.0
0.0003451406756922438,1.000000000000043,1.0000000000000429,2.220446049250313e-16
0.0003452406756922438,1.000000000000042,1.0000000000000424,4.440892098500626e-16
0.0003453406756922438,1.000000000000042,1.0000000000000422,2.220446049250313e-16
0.0003454406756922438,1.000000000000042,1.0000000000000417,2.220446049250313e-16
0.0003455406756922438,1.000000000000042,1.0000000000000415,4.440892098500626e-16
0.0003456406756922438,1.000000000000041,1.000000000000041,0.0
0.0003457406756922438,1.000000000000041,1.0000000000000409,2.220446049250313e-16
0.0003458406756922438,1.000000000000041,1.0000000000000406,4.440892098500626e-16
0.0003459406756922438,1.00000000000004,1.0000000000000402,2.220446049250313e-16
0.0003460406756922438,1.00000000000004,1.00000000000004,0.0
0.0003461406756922438,1.00000000000004,1.0000000000000395,4.440892098500626e-16
0.0003462406756922438,1.00000000000004,1.0000000000000393,6.661338147750939e-16
0.0003463406756922439,1.000000000000039,1.000000000000039,0.0
0.0003464406756922439,1.000000000000039,1.0000000000000386,4.440892098500626e-16
0.0003465406756922439,1.000000000000039,1.0000000000000384,6.661338147750939e-16
0.0003466406756922439,1.000000000000038,1.0000000000000382,2.220446049250313e-16
0.0003467406756922439,1.000000000000038,1.0000000000000377,2.220446049250313e-16
0.0003468406756922439,1.000000000000038,1.0000000000000375,4.440892098500626e-16
0.0003469406756922439,1.000000000000038,1.0000000000000373,6.661338147750939e-16
0.0003470406756922439,1.000000000000037,1.000000000000037,0.0
0.0003471406756922439,1.000000000000037,1.0000000000000366,4.440892098500626e-16
0.0003472406756922439,1.000000000000036,1.0000000000000364,4.440892098500626e-16
0.0003473406756922439,1.000000000000036,1.0000000000000362,2.220446049250313e-16
0.0003474406756922439,1.000000000000036,1.000000000000036,0.0
0.0003475406756922439,1.000000000000036,1.0000000000000355,4.440892098500626e-16
0.0003476406756922439,1.000000000000036,1.0000000000000353,6.661338147750939e-16
0.0003477406756922439,1.000000000000035,1.000000000000035,0.0
0.0003478406756922439,1.000000000000035,1.0000000000000349,2.220446049250313e-16
0.0003479406756922439,1.000000000000035,1.0000000000000346,4.440892098500626e-16
0.0003480406756922439,1.000000000000034,1.0000000000000342,2.220446049250313e-16
0.0003481406756922439,1.000000000000034,1.000000000000034,0.0
0.0003482406756922439,1.000000000000034,1.0000000000000338,2.220446049250313e-16
0.0003483406756922439,1.000000000000034,1.0000000000000335,4.440892098500626e-16
0.0003484406756922439,1.000000000000033,1.0000000000000333,2.220446049250313e-16
0.0003485406756922439,1.000000000000033,1.000000000000033,0.0
0.0003486406756922439,1.000000000000033,1.0000000000000326,4.440892098500626e-16
0.0003487406756922439,1.000000000000032,1.0000000000000324,4.440892098500626e-16
0.0003488406756922439,1.000000000000032,1.0000000000000322,2.220446049250313e-16
0.0003489406756922439,1.000000000000032,1.000000000000032,0.0
0.0003490406756922439,1.000000000000032,1.0000000000000318,2.220446049250313e-16
0.0003491406756922439,1.000000000000032,1.0000000000000315,4.440892098500626e-16
0.0003492406756922439,1.000000000000031,1.0000000000000313,2.220446049250313e-16
0.0003493406756922439,1.000000000000031,1.000000000000031,0.0
0.0003494406756922439,1.000000000000031,1.0000000000000309,2.220446049250313e-16
0.0003495406756922439,1.000000000000031,1.0000000000000306,4.440892098500626e-16
0.0003496406756922439,1.00000000000003,1.0000000000000304,4.440892098500626e-16
0.0003497406756922439,1.00000000000003,1.0000000000000302,2.220446049250313e-16
0.0003498406756922439,1.00000000000003,1.00000000000003,0.0
0.0003499406756922439,1.00000000000003,1.0000000000000298,2.220446049250313e-16
0.0003500406756922439,1.00000000000003,1.0000000000000295,4.440892098500626e-16
0.0003501406756922439,1.000000000000029,1.0000000000000293,2.220446049250313e-16
0.0003502406756922439,1.000000000000029,1.000000000000029,0.0
0.0003503406756922439,1.000000000000029,1.0000000000000289,2.220446049250313e-16
0.0003504406756922439,1.000000000000029,1.0000000000000286,4.440892098500626e-16
0.000350540675692244,1.000000000000028,1.0000000000000284,4.440892098500626e-16
0.000350640675692244,1.000000000000028,1.0000000000000282,2.220446049250313e-16
0.000350740675692244,1.000000000000028,1.000000000000028,0.0
0.000350840675692244,1.000000000000028,1.0000000000000278,2.220446049250313e-16
0.000350940675692244,1.000000000000027,1.0000000000000275,4.440892098500626e-16
0.000351040675692244,1.000000000000027,1.0000000000000273,2.220446049250313e-16
0.000351140675692244,1.000000000000027,1.000000000000027,0.0
0.000351240675692244,1.000000000000027,1.0000000000000269,2.220446049250313e-16
0.000351340675692244,1.000000000000026,1.0000000000000266,6.661338147750939e-16
0.000351440675692244,1.000000000000026,1.0000000000000264,4.440892098500626e-16
0.000351540675692244,1.000000000000026,1.0000000000000262,2.220446049250313e-16
0.000351640675692244,1.000000000000026,1.000000000000026,0.0
0.000351740675692244,1.000000000000026,1.0000000000000258,2.220446049250313e-16
0.000351840675692244,1.000000000000026,1.0000000000000258,2.220446049250313e-16
0.000351940675692244,1.000000000000025,1.0000000000000255,4.440892098500626e-16
0.000352040675692244,1.000000000000025,1.0000000000000253,2.220446049250313e-16
0.000352140675692244,1.000000000000025,1.000000000000025,0.0
0.000352240675692244,1.000000000000025,1.0000000000000249,2.220446049250313e-16
0.000352340675692244,1.000000000000025,1.0000000000000246,4.440892098500626e-16
0.000352440675692244,1.000000000000025,1.0000000000000244,6.661338147750939e-16
0.000352540675692244,1.000000000000025,1.0000000000000244,6.661338147750939e-16
0.000352640675692244,1.000000000000024,1.0000000000000242,2.220446049250313e-16
0.000352740675692244,1.000000000000024,1.000000000000024,0.0
0.000352840675692244,1.000000000000024,1.0000000000000238,2.220446049250313e-16
0.000352940675692244,1.000000000000024,1.0000000000000235,4.440892098500626e-16
0.000353040675692244,1.000000000000023,1.0000000000000233,2.220446049250313e-16
0.000353140675692244,1.000000000000023,1.0000000000000233,2.220446049250313e-16
0.000353240675692244,1.000000000000023,1.000000000000023,0.0
0.000353340675692244,1.000000000000023,1.0000000000000229,2.220446049250313e-16
0.000353440675692244,1.000000000000023,1.0000000000000226,4.440892098500626e-16
0.000353540675692244,1.000000000000023,1.0000000000000226,4.440892098500626e-16
0.000353640675692244,1.000000000000023,1.0000000000000224,6.661338147750939e-16
0.000353740675692244,1.000000000000022,1.0000000000000222,2.220446049250313e-16
0.000353840675692244,1.000000000000022,1.000000000000022,0.0
0.000353940675692244,1.000000000000022,1.0000000000000218,2.220446049250313e-16
0.000354040675692244,1.000000000000022,1.0000000000000218,2.220446049250313e-16
0.000354140675692244,1.000000000000022,1.0000000000000215,4.440892098500626e-16
0.000354240675692244,1.000000000000021,1.0000000000000213,2.220446049250313e-16
0.000354340675692244,1.000000000000021,1.0000000000000213,2.220446049250313e-16
0.000354440675692244,1.000000000000021,1.000000000000021,0.0
0.000354540675692244,1.000000000000021,1.0000000000000209,2.220446049250313e-16
0.0003546406756922441,1.000000000000021,1.0000000000000207,4.440892098500626e-16
0.0003547406756922441,1.000000000000021,1.0000000000000207,4.440892098500626e-16
0.0003548406756922441,1.00000000000002,1.0000000000000204,4.440892098500626e-16
0.0003549406756922441,1.00000000000002,1.0000000000000202,2.220446049250313e-16
0.0003550406756922441,1.00000000000002,1.0000000000000202,2.220446049250313e-16
0.0003551406756922441,1.00000000000002,1.00000000000002,0.0
0.0003552406756922441,1.00000000000002,1.0000000000000198,2.220446049250313e-16
0.0003553406756922441,1.00000000000002,1.0000000000000198,2.220446049250313e-16
0.0003554406756922441,1.00000000000002,1.0000000000000195,4.440892098500626e-16
0.0003555406756922441,1.000000000000019,1.0000000000000193,2.220446049250313e-16
0.0003556406756922441,1.000000000000019,1.0000000000000193,2.220446049250313e-16
0.0003557406756922441,1.000000000000019,1.000000000000019,0.0
0.0003558406756922441,1.000000000000019,1.0000000000000189,2.220446049250313e-16
0.0003559406756922441,1.000000000000019,1.0000000000000189,2.220446049250313e-16
0.0003560406756922441,1.000000000000019,1.0000000000000187,4.440892098500626e-16
0.0003561406756922441,1.000000000000019,1.0000000000000184,6.661338147750939e-16
0.0003562406756922441,1.000000000000019,1.0000000000000184,6.661338147750939e-16
0.0003563406756922441,1.000000000000018,1.0000000000000182,2.220446049250313e-16
0.0003564406756922441,1.000000000000018,1.000000000000018,0.0
0.0003565406756922441,1.000000000000018,1.000000000000018,0.0
0.0003566406756922441,1.000000000000018,1.0000000000000178,2.220446049250313e-16
0.0003567406756922441,1.000000000000018,1.0000000000000178,2.220446049250313e-16
0.0003568406756922441,1.000000000000018,1.0000000000000175,4.440892098500626e-16
0.0003569406756922441,1.000000000000017,1.0000000000000173,2.220446049250313e-16
0.0003570406756922441,1.000000000000017,1.0000000000000173,2.220446049250313e-16
0.0003571406756922441,1.000000000000017,1.000000000000017,0.0
0.0003572406756922441,1.000000000000017,1.000000000000017,0.0
0.0003573406756922441,1.000000000000017,1.0000000000000169,2.220446049250313e-16
0.0003574406756922441,1.000000000000017,1.0000000000000167,4.440892098500626e-16
0.0003575406756922441,1.000000000000017,1.0000000000000167,4.440892098500626e-16
0.0003576406756922441,1.000000000000017,1.0000000000000164,6.661338147750939e-16
0.0003577406756922441,1.000000000000017,1.0000000000000164,6.661338147750939e-16
0.0003578406756922441,1.000000000000016,1.0000000000000162,2.220446049250313e-16
0.0003579406756922441,1.000000000000016,1.0000000000000162,2.220446049250313e-16
0.0003580406756922441,1.000000000000016,1.000000000000016,0.0
0.0003581406756922441,1.000000000000016,1.000000000000016,0.0
0.0003582406756922441,1.000000000000016,1.0000000000000158,2.220446049250313e-16
0.0003583406756922441,1.000000000000016,1.0000000000000155,4.440892098500626e-16
0.0003584406756922441,1.000000000000015,1.0000000000000155,4.440892098500626e-16
0.0003585406756922441,1.000000000000015,1.0000000000000153,2.220446049250313e-16
0.0003586406756922441,1.000000000000015,1.0000000000000153,2.220446049250313e-16
0.0003587406756922442,1.000000000000015,1.000000000000015,0.0
0.0003588406756922442,1.000000000000015,1.000000000000015,0.0
0.0003589406756922442,1.000000000000015,1.0000000000000149,2.220446049250313e-16
0.0003590406756922442,1.000000000000015,1.0000000000000149,2.220446049250313e-16
0.0003591406756922442,1.000000000000015,1.0000000000000147,4.440892098500626e-16
0.0003592406756922442,1.000000000000015,1.0000000000000147,4.440892098500626e-16
0.0003593406756922442,1.000000000000015,1.0000000000000144,6.661338147750939e-16
0.0003594406756922442,1.000000000000015,1.0000000000000144,6.661338147750939e-16
0.0003595406756922442,1.000000000000015,1.0000000000000142,8.881784197001252e-16
0.0003596406756922442,1.000000000000015,1.0000000000000142,8.881784197001252e-16
0.0003597406756922442,1.000000000000014,1.000000000000014,0.0
0.0003598406756922442,1.000000000000014,1.000000000000014,0.0
0.0003599406756922442,1.000000000000014,1.0000000000000138,2.220446049250313e-16
0.0003600406756922442,1.000000000000014,1.0000000000000138,2.220446049250313e-16
0.0003601406756922442,1.000000000000014,1.0000000000000135,4.440892098500626e-16
0.0003602406756922442,1.000000000000014,1.0000000000000135,4.440892098500626e-16
0.0003603406756922442,1.000000000000014,1.0000000000000133,6.661338147750939e-16
0.0003604406756922442,1.000000000000013,1.0000000000000133,2.220446049250313e-16
0.0003605406756922442,1.000000000000013,1.0000000000000133,2.220446049250313e-16
0.0003606406756922442,1.000000000000013,1.000000000000013,0.0
0.0003607406756922442,1.000000000000013,1.000000000000013,0.0
0.0003608406756922442,1.000000000000013,1.0000000000000129,2.220446049250313e-16
0.0003609406756922442,1.000000000000013,1.0000000000000129,2.220446049250313e-16
0.0003610406756922442,1.000000000000013,1.0000000000000127,4.440892098500626e-16
0.0003611406756922442,1.000000000000013,1.0000000000000127,4.440892098500626e-16
0.0003612406756922442,1.000000000000013,1.0000000000000124,6.661338147750939e-16
0.0003613406756922442,1.000000000000012,1.0000000000000124,4.440892098500626e-16
0.0003614406756922442,1.000000000000012,1.0000000000000124,4.440892098500626e-16
0.0003615406756922442,1.000000000000012,1.0000000000000122,2.220446049250313e-16
0.0003616406756922442,1.000000000000012,1.0000000000000122,2.220446049250313e-16
0.0003617406756922442,1.000000000000012,1.000000000000012,0.0
0.0003618406756922442,1.000000000000012,1.000000000000012,0.0
0.0003619406756922442,1.000000000000012,1.000000000000012,0.0
0.0003620406756922442,1.000000000000012,1.0000000000000118,2.220446049250313e-16
0.0003621406756922442,1.000000000000012,1.0000000000000118,2.220446049250313e-16
0.0003622406756922442,1.000000000000012,1.0000000000000115,4.440892098500626e-16
0.0003623406756922442,1.000000000000012,1.0000000000000115,4.440892098500626e-16
0.0003624406756922442,1.000000000000012,1.0000000000000115,4.440892098500626e-16
0.0003625406756922442,1.000000000000012,1.0000000000000113,6.661338147750939e-16
0.0003626406756922442,1.000000000000011,1.0000000000000113,2.220446049250313e-16
0.0003627406756922442,1.000000000000011,1.000000000000011,0.0
0.0003628406756922443,1.000000000000011,1.000000000000011,0.0
0.0003629406756922443,1.000000000000011,1.000000000000011,0.0
0.0003630406756922443,1.000000000000011,1.0000000000000109,2.220446049250313e-16
0.0003631406756922443,1.000000000000011,1.0000000000000109,2.220446049250313e-16
0.0003632406756922443,1.000000000000011,1.0000000000000109,2.220446049250313e-16
0.0003633406756922443,1.000000000000011,1.0000000000000107,4.440892098500626e-16
0.0003634406756922443,1.000000000000011,1.0000000000000107,4.440892098500626e-16
0.0003635406756922443,1.000000000000011,1.0000000000000104,6.661338147750939e-16
0.0003636406756922443,1.000000000000011,1.0000000000000104,6.661338147750939e-16
0.0003637406756922443,1.00000000000001,1.0000000000000104,4.440892098500626e-16
0.0003638406756922443,1.00000000000001,1.0000000000000102,2.220446049250313e-16
0.0003639406756922443,1.00000000000001,1.0000000000000102,2.220446049250313e-16
0.0003640406756922443,1.00000000000001,1.0000000000000102,2.220446049250313e-16
0.0003641406756922443,1.00000000000001,1.00000000000001,0.0
0.0003642406756922443,1.00000000000001,1.00000000000001,0.0
0.0003643406756922443,1.00000000000001,1.00000000000001,0.0
0.0003644406756922443,1.00000000000001,1.0000000000000098,2.220446049250313e-16
0.0003645406756922443,1.00000000000001,1.0000000000000098,2.220446049250313e-16
0.0003646406756922443,1.00000000000001,1.0000000000000098,2.220446049250313e-16
0.0003647406756922443,1.00000000000001,1.0000000000000095,4.440892098500626e-16
0.0003648406756922443,1.00000000000001,1.0000000000000095,4.440892098500626e-16
0.0003649406756922443,1.00000000000001,1.0000000000000095,4.440892098500626e-16
0.0003650406756922443,1.000000000000009,1.0000000000000093,2.220446049250313e-16
0.0003651406756922443,1.000000000000009,1.0000000000000093,2.220446049250313e-16
0.0003652406756922443,1.000000000000009,1.0000000000000093,2.220446049250313e-16
0.0003653406756922443,1.000000000000009,1.000000000000009,0.0
0.0003654406756922443,1.000000000000009,1.000000000000009,0.0
0.0003655406756922443,1.000000000000009,1.000000000000009,0.0
0.0003656406756922443,1.000000000000009,1.0000000000000089,2.220446049250313e-16
0.0003657406756922443,1.000000000000009,1.0000000000000089,2.220446049250313e-16
0.0003658406756922443,1.000000000000009,1.0000000000000089,2.220446049250313e-16
0.0003659406756922443,1.000000000000009,1.0000000000000087,4.440892098500626e-16
0.0003660406756922443,1.000000000000009,1.0000000000000087,4.440892098500626e-16
0.0003661406756922443,1.000000000000009,1.0000000000000087,4.440892098500626e-16
0.0003662406756922443,1.000000000000009,1.0000000000000087,4.440892098500626e-16
0.0003663406756922443,1.000000000000008,1.0000000000000084,4.440892098500626e-16
0.0003664406756922443,1.000000000000008,1.0000000000000084,4.440892098500626e-16
0.0003665406756922443,1.000000000000008,1.0000000000000084,4.440892098500626e-16
0.0003666406756922443,1.000000000000008,1.0000000000000082,2.220446049250313e-16
0.0003667406756922443,1.000000000000008,1.0000000000000082,2.220446049250313e-16
0.0003668406756922443,1.000000000000008,1.0000000000000082,2.220446049250313e-16
0.0003669406756922444,1.000000000000008,1.0000000000000082,2.220446049250313e-16
0.0003670406756922444,1.000000000000008,1.000000000000008,0.0
0.0003671406756922444,1.000000000000008,1.000000000000008,0.0
0.0003672406756922444,1.000000000000008,1.000000000000008,0.0
0.0003673406756922444,1.000000000000008,1.0000000000000078,2.220446049250313e-16
0.0003674406756922444,1.000000000000008,1.0000000000000078,2.220446049250313e-16
0.0003675406756922444,1.000000000000008,1.0000000000000078,2.220446049250313e-16
0.0003676406756922444,1.000000000000008,1.0000000000000078,2.220446049250313e-16
0.0003677406756922444,1.000000000000008,1.0000000000000075,4.440892098500626e-16
0.0003678406756922444,1.000000000000008,1.0000000000000075,4.440892098500626e-16
0.0003679406756922444,1.000000000000008,1.0000000000000075,4.440892098500626e-16
0.0003680406756922444,1.000000000000008,1.0000000000000075,4.440892098500626e-16
0.0003681406756922444,1.000000000000008,1.0000000000000073,6.661338147750939e-16
0.0003682406756922444,1.000000000000008,1.0000000000000073,6.661338147750939e-16
0.0003683406756922444,1.000000000000008,1.0000000000000073,6.661338147750939e-16
0.0003684406756922444,1.000000000000008,1.0000000000000073,6.661338147750939e-16
0.0003685406756922444,1.000000000000007,1.000000000000007,0.0
0.0003686406756922444,1.000000000000007,1.000000000000007,0.0
0.0003687406756922444,1.000000000000007,1.000000000000007,0.0
0.0003688406756922444,1.000000000000007,1.000000000000007,0.0
0.0003689406756922444,1.000000000000007,1.0000000000000069,2.220446049250313e-16
0.0003690406756922444,1.000000000000007,1.0000000000000069,2.220446049250313e-16
0.0003691406756922444,1.000000000000007,1.0000000000000069,2.220446049250313e-16
0.0003692406756922444,1.000000000000007,1.0000000000000069,2.220446049250313e-16
0.0003693406756922444,1.000000000000007,1.0000000000000067,4.440892098500626e-16
0.0003694406756922444,1.000000000000007,1.0000000000000067,4.440892098500626e-16
0.0003695406756922444,1.000000000000007,1.0000000000000067,4.440892098500626e-16
0.0003696406756922444,1.000000000000006,1.0000000000000067,6.661338147750939e-16
0.0003697406756922444,1.000000000000006,1.0000000000000067,6.661338147750939e-16
0.0003698406756922444,1.000000000000006,1.0000000000000064,4.440892098500626e-16
0.0003699406756922444,1.000000000000006,1.0000000000000064,4.440892098500626e-16
0.0003700406756922444,1.000000000000006,1.0000000000000064,4.440892098500626e-16
0.0003701406756922444,1.000000000000006,1.0000000000000064,4.440892098500626e-16
0.0003702406756922444,1.000000000000006,1.0000000000000062,2.220446049250313e-16
0.0003703406756922444,1.000000000000006,1.0000000000000062,2.220446049250313e-16
0.0003704406756922444,1.000000000000006,1.0000000000000062,2.220446049250313e-16
0.0003705406756922444,1.000000000000006,1.0000000000000062,2.220446049250313e-16
0.0003706406756922444,1.000000000000006,1.0000000000000062,2.220446049250313e-16
0.0003707406756922444,1.000000000000006,1.000000000000006,0.0
0.0003708406756922444,1.000000000000006,1.000000000000006,0.0
0.0003709406756922444,1.000000000000006,1.000000000000006,0.0
0.0003710406756922445,1.000000000000006,1.000000000000006,0.0
0.0003711406756922445,1.000000000000006,1.000000000000006,0.0
0.0003712406756922445,1.000000000000006,1.0000000000000058,2.220446049250313e-16
0.0003713406756922445,1.000000000000006,1.0000000000000058,2.220446049250313e-16
0.0003714406756922445,1.000000000000006,1.0000000000000058,2.220446049250313e-16
0.0003715406756922445,1.000000000000006,1.0000000000000058,2.220446049250313e-16
0.0003716406756922445,1.000000000000006,1.0000000000000058,2.220446049250313e-16
0.0003717406756922445,1.000000000000006,1.0000000000000056,4.440892098500626e-16
0.0003718406756922445,1.000000000000006,1.0000000000000056,4.440892098500626e-16
0.0003719406756922445,1.000000000000006,1.0000000000000056,4.440892098500626e-16
0.0003720406756922445,1.000000000000006,1.0000000000000056,4.440892098500626e-16
0.0003721406756922445,1.000000000000006,1.0000000000000056,4.440892098500626e-16
0.0003722406756922445,1.000000000000006,1.0000000000000053,6.661338147750939e-16
0.0003723406756922445,1.000000000000006,1.0000000000000053,6.661338147750939e-16
0.0003724406756922445,1.000000000000006,1.0000000000000053,6.661338147750939e-16
0.0003725406756922445,1.000000000000006,1.0000000000000053,6.661338147750939e-16
0.0003726406756922445,1.000000000000006,1.0000000000000053,6.661338147750939e-16
0.0003727406756922445,1.000000000000006,1.0000000000000053,6.661338147750939e-16
0.0003728406756922445,1.000000000000005,1.000000000000005,0.0
0.0003729406756922445,1.000000000000005,1.000000000000005,0.0
0.0003730406756922445,1.000000000000005,1.000000000000005,0.0
0.0003731406756922445,1.000000000000005,1.000000000000005,0.0
0.0003732406756922445,1.000000000000005,1.000000000000005,0.0
0.0003733406756922445,1.000000000000005,1.0000000000000049,2.220446049250313e-16
0.0003734406756922445,1.000000000000005,1.0000000000000049,2.220446049250313e-16
0.0003735406756922445,1.000000000000005,1.0000000000000049,2.220446049250313e-16
0.0003736406756922445,1.000000000000005,1.0000000000000049,2.220446049250313e-16
0.0003737406756922445,1.000000000000005,1.0000000000000049,2.220446049250313e-16
0.0003738406756922445,1.000000000000005,1.0000000000000049,2.220446049250313e-16
0.0003739406756922445,1.000000000000005,1.0000000000000047,4.440892098500626e-16
0.0003740406756922445,1.000000000000005,1.0000000000000047,4.440892098500626e-16
0.0003741406756922445,1.000000000000005,1.0000000000000047,4.440892098500626e-16
0.0003742406756922445,1.000000000000005,1.0000000000000047,4.440892098500626e-16
0.0003743406756922445,1.000000000000005,1.0000000000000047,4.440892098500626e-16
0.0003744406756922445,1.000000000000004,1.0000000000000047,6.661338147750939e-16
0.0003745406756922445,1.000000000000004,1.0000000000000047,6.661338147750939e-16
0.0003746406756922445,1.000000000000004,1.0000000000000044,4.440892098500626e-16
0.0003747406756922445,1.000000000000004,1.0000000000000044,4.440892098500626e-16
0.0003748406756922445,1.000000000000004,1.0000000000000044,4.440892098500626e-16
0.0003749406756922445,1.000000000000004,1.0000000000000044,4.440892098500626e-16
0.0003750406756922445,1.000000000000004,1.0000000000000044,4.440892098500626e-16
0.0003751406756922446,1.000000000000004,1.0000000000000044,4.440892098500626e-16
0.0003752406756922446,1.000000000000004,1.0000000000000042,2.220446049250313e-16
0.0003753406756922446,1.000000000000004,1.0000000000000042,2.220446049250313e-16
0.0003754406756922446,1.000000000000004,1.0000000000000042,2.220446049250313e-16
0.0003755406756922446,1.000000000000004,1.0000000000000042,2.220446049250313e-16
0.0003756406756922446,1.000000000000004,1.0000000000000042,2.220446049250313e-16
0.0003757406756922446,1.000000000000004,1.0000000000000042,2.220446049250313e-16
0.0003758406756922446,1.000000000000004,1.0000000000000042,2.220446049250313e-16
0.0003759406756922446,1.000000000000004,1.000000000000004,0.0
0.0003760406756922446,1.000000000000004,1.000000000000004,0.0
0.0003761406756922446,1.000000000000004,1.000000000000004,0.0
0.0003762406756922446,1.000000000000004,1.000000000000004,0.0
0.0003763406756922446,1.000000000000004,1.000000000000004,0.0
0.0003764406756922446,1.000000000000004,1.000000000000004,0.0
0.0003765406756922446,1.000000000000004,1.000000000000004,0.0
0.0003766406756922446,1.000000000000004,1.0000000000000038,2.220446049250313e-16
0.0003767406756922446,1.000000000000004,1.0000000000000038,2.220446049250313e-16
0.0003768406756922446,1.000000000000004,1.0000000000000038,2.220446049250313e-16
0.0003769406756922446,1.000000000000004,1.0000000000000038,2.220446049250313e-16
0.0003770406756922446,1.000000000000004,1.0000000000000038,2.220446049250313e-16
0.0003771406756922446,1.000000000000004,1.0000000000000038,2.220446049250313e-16
0.0003772406756922446,1.000000000000004,1.0000000000000038,2.220446049250313e-16
0.0003773406756922446,1.000000000000004,1.0000000000000038,2.220446049250313e-16
0.0003774406756922446,1.000000000000004,1.0000000000000036,4.440892098500626e-16
0.0003775406756922446,1.000000000000004,1.0000000000000036,4.440892098500626e-16
0.0003776406756922446,1.000000000000004,1.0000000000000036,4.440892098500626e-16
0.0003777406756922446,1.000000000000004,1.0000000000000036,4.440892098500626e-16
0.0003778406756922446,1.000000000000004,1.0000000000000036,4.440892098500626e-16
0.0003779406756922446,1.000000000000004,1.0000000000000036,4.440892098500626e-16
0.0003780406756922446,1.000000000000004,1.0000000000000036,4.440892098500626e-16
0.0003781406756922446,1.000000000000004,1.0000000000000036,4.440892098500626e-16
0.0003782406756922446,1.000000000000004,1.0000000000000033,6.661338147750939e-16
0.0003783406756922446,1.000000000000004,1.0000000000000033,6.661338147750939e-16
0.0003784406756922446,1.000000000000004,1.0000000000000033,6.661338147750939e-16
0.0003785406756922446,1.000000000000004,1.0000000000000033,6.661338147750939e-16
0.0003786406756922446,1.000000000000004,1.0000000000000033,6.661338147750939e-16
0.0003787406756922446,1.000000000000004,1.0000000000000033,6.661338147750939e-16
0.0003788406756922446,1.000000000000003,1.0000000000000033,2.220446049250313e-16
0.0003789406756922446,1.000000000000003,1.0000000000000033,2.220446049250313e-16
0.0003790406756922446,1.000000000000003,1.0000000000000033,2.220446049250313e-16
0.0003791406756922446,1.000000000000003,1.000000000000003,0.0
0.0003792406756922446,1.000000000000003,1.000000000000003,0.0
0.0003793406756922447,1.000000000000003,1.000000000000003,0.0
0.0003794406756922447,1.000000000000003,1.000000000000003,0.0
0.0003795406756922447,1.000000000000003,1.000000000000003,0.0
0.0003796406756922447,1.000000000000003,1.000000000000003,0.0
0.0003797406756922447,1.000000000000003,1.000000000000003,0.0
0.0003798406756922447,1.000000000000003,1.000000000000003,0.0
0.0003799406756922447,1.000000000000003,1.000000000000003,0.0
0.0003800406756922447,1.000000000000003,1.0000000000000029,2.220446049250313e-16
0.0003801406756922447,1.000000000000003,1.0000000000000029,2.220446049250313e-16
0.0003802406756922447,1.000000000000003,1.0000000000000029,2.220446049250313e-16
0.0003803406756922447,1.000000000000003,1.0000000000000029,2.220446049250313e-16
0.0003804406756922447,1.000000000000003,1.0000000000000029,2.220446049250313e-16
0.0003805406756922447,1.000000000000003,1.0000000000000029,2.220446049250313e-16
0.0003806406756922447,1.000000000000003,1.0000000000000029,2.220446049250313e-16
0.0003807406756922447,1.000000000000003,1.0000000000000029,2.220446049250313e-16
0.0003808406756922447,1.000000000000003,1.0000000000000029,2.220446049250313e-16
0.0003809406756922447,1.000000000000003,1.0000000000000029,2.220446049250313e-16
0.0003810406756922447,1.000000000000003,1.0000000000000029,2.220446049250313e-16
0.0003811406756922447,1.000000000000003,1.0000000000000027,4.440892098500626e-16
0.0003812406756922447,1.000000000000003,1.0000000000000027,4.440892098500626e-16
0.0003813406756922447,1.000000000000003,1.0000000000000027,4.440892098500626e-16
0.0003814406756922447,1.000000000000003,1.0000000000000027,4.440892098500626e-16
0.0003815406756922447,1.000000000000003,1.0000000000000027,4.440892098500626e-16
0.0003816406756922447,1.000000000000003,1.0000000000000027,4.440892098500626e-16
0.0003817406756922447,1.000000000000003,1.0000000000000027,4.440892098500626e-16
0.0003818406756922447,1.000000000000003,1.0000000000000027,4.440892098500626e-16
0.0003819406756922447,1.000000000000003,1.0000000000000027,4.440892098500626e-16
0.0003820406756922447,1.000000000000003,1.0000000000000027,4.440892098500626e-16
0.0003821406756922447,1.000000000000003,1.0000000000000024,6.661338147750939e-16
0.0003822406756922447,1.000000000000003,1.0000000000000024,6.661338147750939e-16
0.0003823406756922447,1.000000000000003,1.0000000000000024,6.661338147750939e-16
0.0003824406756922447,1.000000000000003,1.0000000000000024,6.661338147750939e-16
0.0003825406756922447,1.000000000000003,1.0000000000000024,6.661338147750939e-16
0.0003826406756922447,1.000000000000003,1.0000000000000024,6.661338147750939e-16
0.0003827406756922447,1.000000000000003,1.0000000000000024,6.661338147750939e-16
0.0003828406756922447,1.000000000000003,1.0000000000000024,6.661338147750939e-16
0.0003829406756922447,1.000000000000003,1.0000000000000024,6.661338147750939e-16
0.0003830406756922447,1.000000000000003,1.0000000000000024,6.661338147750939e-16
0.0003831406756922447,1.000000000000002,1.0000000000000024,4.440892098500626e-16
0.0003832406756922447,1.000000000000002,1.0000000000000024,4.440892098500626e-16
0.0003833406756922447,1.000000000000002,1.0000000000000022,2.220446049250313e-16
0.0003834406756922448,1.000000000000002,1.0000000000000022,2.220446049250313e-16
0.0003835406756922448,1.000000000000002,1.0000000000000022,2.220446049250313e-16
0.0003836406756922448,1.000000000000002,1.0000000000000022,2.220446049250313e-16
0.0003837406756922448,1.000000000000002,1.0000000000000022,2.220446049250313e-16
0.0003838406756922448,1.000000000000002,1.0000000000000022,2.220446049250313e-16
0.0003839406756922448,1.000000000000002,1.0000000000000022,2.220446049250313e-16
0.0003840406756922448,1.000000000000002,1.0000000000000022,2.220446049250313e-16
0.0003841406756922448,1.000000000000002,1.0000000000000022,2.220446049250313e-16
0.0003842406756922448,1.000000000000002,1.0000000000000022,2.220446049250313e-16
0.0003843406756922448,1.000000000000002,1.0000000000000022,2.220446049250313e-16
0.0003844406756922448,1.000000000000002,1.0000000000000022,2.220446049250313e-16
0.0003845406756922448,1.000000000000002,1.0000000000000022,2.220446049250313e-16
0.0003846406756922448,1.000000000000002,1.0000000000000022,2.220446049250313e-16
0.0003847406756922448,1.000000000000002,1.000000000000002,0.0
0.0003848406756922448,1.000000000000002,1.000000000000002,0.0
0.0003849406756922448,1.000000000000002,1.000000000000002,0.0
0.0003850406756922448,1.000000000000002,1.000000000000002,0.0
0.0003851406756922448,1.000000000000002,1.000000000000002,0.0
0.0003852406756922448,1.000000000000002,1.000000000000002,0.0
0.0003853406756922448,1.000000000000002,1.000000000000002,0.0
0.0003854406756922448,1.000000000000002,1.000000000000002,0.0
0.0003855406756922448,1.000000000000002,1.000000000000002,0.0
0.0003856406756922448,1.000000000000002,1.000000000000002,0.0
0.0003857406756922448,1.000000000000002,1.000000000000002,0.0
0.0003858406756922448,1.000000000000002,1.000000000000002,0.0
0.0003859406756922448,1.000000000000002,1.000000000000002,0.0
0.0003860406756922448,1.000000000000002,1.000000000000002,0.0
0.0003861406756922448,1.000000000000002,1.0000000000000018,2.220446049250313e-16
0.0003862406756922448,1.000000000000002,1.0000000000000018,2.220446049250313e-16
0.0003863406756922448,1.000000000000002,1.0000000000000018,2.220446049250313e-16
0.0003864406756922448,1.000000000000002,1.0000000000000018,2.220446049250313e-16
0.0003865406756922448,1.000000000000002,1.0000000000000018,2.220446049250313e-16
0.0003866406756922448,1.000000000000002,1.0000000000000018,2.220446049250313e-16
0.0003867406756922448,1.000000000000002,1.0000000000000018,2.220446049250313e-16
0.0003868406756922448,1.000000000000002,1.0000000000000018,2.220446049250313e-16
0.0003869406756922448,1.000000000000002,1.0000000000000018,2.220446049250313e-16
0.0003870406756922448,1.000000000000002,1.0000000000000018,2.220446049250313e-16
0.0003871406756922448,1.000000000000002,1.0000000000000018,2.220446049250313e-16
0.0003872406756922448,1.000000000000002,1.0000000000000018,2.220446049250313e-16
0.0003873406756922448,1.000000000000002,1.0000000000000018,2.220446049250313e-16
0.0003874406756922448,1.000000000000002,1.0000000000000018,2.220446049250313e-16
0.0003875406756922449,1.000000000000002,1.0000000000000018,2.220446049250313e-16
0.0003876406756922449,1.000000000000002,1.0000000000000018,2.220446049250313e-16
0.0003877406756922449,1.000000000000002,1.0000000000000018,2.220446049250313e-16
0.0003878406756922449,1.000000000000002,1.0000000000000016,4.440892098500626e-16
0.0003879406756922449,1.000000000000002,1.0000000000000016,4.440892098500626e-16
0.0003880406756922449,1.000000000000002,1.0000000000000016,4.440892098500626e-16
0.0003881406756922449,1.000000000000002,1.0000000000000016,4.440892098500626e-16
0.0003882406756922449,1.000000000000002,1.0000000000000016,4.440892098500626e-16
0.0003883406756922449,1.000000000000002,1.0000000000000016,4.440892098500626e-16
0.0003884406756922449,1.000000000000002,1.0000000000000016,4.440892098500626e-16
0.0003885406756922449,1.000000000000002,1.0000000000000016,4.440892098500626e-16
0.0003886406756922449,1.000000000000002,1.0000000000000016,4.440892098500626e-16
0.0003887406756922449,1.000000000000002,1.0000000000000016,4.440892098500626e-16
0.0003888406756922449,1.000000000000002,1.0000000000000016,4.440892098500626e-16
0.0003889406756922449,1.000000000000002,1.0000000000000016,4.440892098500626e-16
0.0003890406756922449,1.000000000000002,1.0000000000000016,4.440892098500626e-16
0.0003891406756922449,1.000000000000002,1.0000000000000016,4.440892098500626e-16
0.0003892406756922449,1.000000000000002,1.0000000000000016,4.440892098500626e-16
0.0003893406756922449,1.000000000000002,1.0000000000000016,4.440892098500626e-16
0.0003894406756922449,1.000000000000002,1.0000000000000016,4.440892098500626e-16
0.0003895406756922449,1.000000000000002,1.0000000000000016,4.440892098500626e-16
0.0003896406756922449,1.000000000000002,1.0000000000000013,6.661338147750939e-16
0.0003897406756922449,1.000000000000002,1.0000000000000013,6.661338147750939e-16
0.0003898406756922449,1.000000000000002,1.0000000000000013,6.661338147750939e-16
0.0003899406756922449,1.000000000000002,1.0000000000000013,6.661338147750939e-16
0.0003900406756922449,1.000000000000002,1.0000000000000013,6.661338147750939e-16
0.0003901406756922449,1.000000000000002,1.0000000000000013,6.661338147750939e-16
0.0003902406756922449,1.000000000000002,1.0000000000000013,6.661338147750939e-16
0.0003903406756922449,1.000000000000002,1.0000000000000013,6.661338147750939e-16
0.0003904406756922449,1.000000000000002,1.0000000000000013,6.661338147750939e-16
0.0003905406756922449,1.000000000000002,1.0000000000000013,6.661338147750939e-16
0.0003906406756922449,1.000000000000002,1.0000000000000013,6.661338147750939e-16
0.0003907406756922449,1.000000000000002,1.0000000000000013,6.661338147750939e-16
0.0003908406756922449,1.000000000000002,1.0000000000000013,6.661338147750939e-16
0.0003909406756922449,1.000000000000002,1.0000000000000013,6.661338147750939e-16
0.0003910406756922449,1.000000000000002,1.0000000000000013,6.661338147750939e-16
0.0003911406756922449,1.000000000000002,1.0000000000000013,6.661338147750939e-16
0.0003912406756922449,1.000000000000002,1.0000000000000013,6.661338147750939e-16
0.0003913406756922449,1.000000000000002,1.0000000000000013,6.661338147750939e-16
0.0003914406756922449,1.000000000000001,1.0000000000000013,2.220446049250313e-16
0.0003915406756922449,1.000000000000001,1.0000000000000013,2.220446049250313e-16
0.000391640675692245,1.000000000000001,1.0000000000000013,2.220446049250313e-16
0.000391740675692245,1.000000000000001,1.0000000000000013,2.220446049250313e-16
0.000391840675692245,1.000000000000001,1.000000000000001,0.0
0.000391940675692245,1.000000000000001,1.000000000000001,0.0
0.000392040675692245,1.000000000000001,1.000000000000001,0.0
0.000392140675692245,1.000000000000001,1.000000000000001,0.0
0.000392240675692245,1.000000000000001,1.000000000000001,0.0
0.000392340675692245,1.000000000000001,1.000000000000001,0.0
0.000392440675692245,1.000000000000001,1.000000000000001,0.0
0.000392540675692245,1.000000000000001,1.000000000000001,0.0
0.000392640675692245,1.000000000000001,1.000000000000001,0.0
0.000392740675692245,1.000000000000001,1.000000000000001,0.0
0.000392840675692245,1.000000000000001,1.000000000000001,0.0
0.000392940675692245,1.000000000000001,1.000000000000001,0.0
0.000393040675692245,1.000000000000001,1.000000000000001,0.0
0.000393140675692245,1.000000000000001,1.000000000000001,0.0
0.000393240675692245,1.000000000000001,1.000000000000001,0.0
0.000393340675692245,1.000000000000001,1.000000000000001,0.0
0.000393440675692245,1.000000000000001,1.000000000000001,0.0
0.000393540675692245,1.000000000000001,1.000000000000001,0.0
0.000393640675692245,1.000000000000001,1.000000000000001,0.0
0.000393740675692245,1.000000000000001,1.000000000000001,0.0
0.000393840675692245,1.000000000000001,1.000000000000001,0.0
0.000393940675692245,1.000000000000001,1.000000000000001,0.0
0.000394040675692245,1.000000000000001,1.000000000000001,0.0
0.000394140675692245,1.000000000000001,1.000000000000001,0.0
0.000394240675692245,1.000000000000001,1.000000000000001,0.0
0.000394340675692245,1.000000000000001,1.000000000000001,0.0
0.000394440675692245,1.000000000000001,1.000000000000001,0.0
0.000394540675692245,1.000000000000001,1.0000000000000009,2.220446049250313e-16
0.000394640675692245,1.000000000000001,1.0000000000000009,2.220446049250313e-16
0.000394740675692245,1.000000000000001,1.0000000000000009,2.220446049250313e-16
0.000394840675692245,1.000000000000001,1.0000000000000009,2.220446049250313e-16
0.000394940675692245,1.000000000000001,1.0000000000000009,2.220446049250313e-16
0.000395040675692245,1.000000000000001,1.0000000000000009,2.220446049250313e-16
0.000395140675692245,1.000000000000001,1.0000000000000009,2.220446049250313e-16
0.000395240675692245,1.000000000000001,1.0000000000000009,2.220446049250313e-16
0.000395340675692245,1.000000000000001,1.0000000000000009,2.220446049250313e-16
0.000395440675692245,1.000000000000001,1.0000000000000009,2.220446049250313e-16
0.000395540675692245,1.000000000000001,1.0000000000000009,2.220446049250313e-16
0.000395640675692245,1.000000000000001,1.0000000000000009,2.220446049250313e-16
0.0003957406756922451,1.000000000000001,1.0000000000000009,2.220446049250313e-16
0.0003958406756922451,1.000000000000001,1.0000000000000009,2.220446049250313e-16
0.0003959406756922451,1.000000000000001,1.0000000000000009,2.220446049250313e-16
0.0003960406756922451,1.000000000000001,1.0000000000000009,2.220446049250313e-16
0.0003961406756922451,1.000000000000001,1.0000000000000009,2.220446049250313e-16
0.0003962406756922451,1.000000000000001,1.0000000000000009,2.220446049250313e-16
0.0003963406756922451,1.000000000000001,1.0000000000000009,2.220446049250313e-16
0.0003964406756922451,1.000000000000001,1.0000000000000009,2.220446049250313e-16
0.0003965406756922451,1.000000000000001,1.0000000000000009,2.220446049250313e-16
0.0003966406756922451,1.000000000000001,1.0000000000000009,2.220446049250313e-16
0.0003967406756922451,1.000000000000001,1.0000000000000009,2.220446049250313e-16
0.0003968406756922451,1.000000000000001,1.0000000000000009,2.220446049250313e-16
0.0003969406756922451,1.000000000000001,1.0000000000000009,2.220446049250313e-16
0.0003970406756922451,1.000000000000001,1.0000000000000009,2.220446049250313e-16
0.0003971406756922451,1.000000000000001,1.0000000000000009,2.220446049250313e-16
0.0003972406756922451,1.000000000000001,1.0000000000000009,2.220446049250313e-16
0.0003973406756922451,1.000000000000001,1.0000000000000009,2.220446049250313e-16
0.0003974406756922451,1.000000000000001,1.0000000000000009,2.220446049250313e-16
0.0003975406756922451,1.000000000000001,1.0000000000000009,2.220446049250313e-16
0.0003976406756922451,1.000000000000001,1.0000000000000009,2.220446049250313e-16
0.0003977406756922451,1.000000000000001,1.0000000000000009,2.220446049250313e-16
0.0003978406756922451,1.000000000000001,1.0000000000000007,4.440892098500626e-16
0.0003979406756922451,1.000000000000001,1.0000000000000007,4.440892098500626e-16
0.0003980406756922451,1.000000000000001,1.0000000000000007,4.440892098500626e-16
0.0003981406756922451,1.000000000000001,1.0000000000000007,4.440892098500626e-16
0.0003982406756922451,1.000000000000001,1.0000000000000007,4.440892098500626e-16
0.0003983406756922451,1.000000000000001,1.0000000000000007,4.440892098500626e-16
0.0003984406756922451,1.000000000000001,1.0000000000000007,4.440892098500626e-16
0.0003985406756922451,1.000000000000001,1.0000000000000007,4.440892098500626e-16
0.0003986406756922451,1.000000000000001,1.0000000000000007,4.440892098500626e-16
0.0003987406756922451,1.000000000000001,1.0000000000000007,4.440892098500626e-16
0.0003988406756922451,1.000000000000001,1.0000000000000007,4.440892098500626e-16
0.0003989406756922451,1.000000000000001,1.0000000000000007,4.440892098500626e-16
0.0003990406756922451,1.000000000000001,1.0000000000000007,4.440892098500626e-16
0.0003991406756922451,1.000000000000001,1.0000000000000007,4.440892098500626e-16
0.0003992406756922451,1.000000000000001,1.0000000000000007,4.440892098500626e-16
0.0003993406756922451,1.000000000000001,1.0000000000000007,4.440892098500626e-16
0.0003994406756922451,1.000000000000001,1.0000000000000007,4.440892098500626e-16
0.0003995406756922451,1.000000000000001,1.0000000000000007,4.440892098500626e-16
0.0003996406756922451,1.000000000000001,1.0000000000000007,4.440892098500626e-16
0.0003997406756922451,1.000000000000001,1.0000000000000007,4.440892098500626e-16
0.0003998406756922452,1.000000000000001,1.0000000000000007,4.440892098500626e-16
0.0003999406756922452,1.000000000000001,1.0000000000000007,4.440892098500626e-16
0.0004000406756922452,1.000000000000001,1.0000000000000007,4.440892098500626e-16
0.0004001406756922452,1.000000000000001,1.0000000000000007,4.440892098500626e-16
0.0004002406756922452,1.000000000000001,1.0000000000000007,4.440892098500626e-16
0.0004003406756922452,1.000000000000001,1.0000000000000007,4.440892098500626e-16
0.0004004406756922452,1.000000000000001,1.0000000000000007,4.440892098500626e-16
0.0004005406756922452,1.000000000000001,1.0000000000000007,4.440892098500626e-16
0.0004006406756922452,1.000000000000001,1.0000000000000007,4.440892098500626e-16
0.0004007406756922452,1.000000000000001,1.0000000000000007,4.440892098500626e-16
0.0004008406756922452,1.000000000000001,1.0000000000000007,4.440892098500626e-16
0.0004009406756922452,1.000000000000001,1.0000000000000007,4.440892098500626e-16
0.0004010406756922452,1.000000000000001,1.0000000000000007,4.440892098500626e-16
0.0004011406756922452,1.000000000000001,1.0000000000000007,4.440892098500626e-16
0.0004012406756922452,1.000000000000001,1.0000000000000007,4.440892098500626e-16
0.0004013406756922452,1.000000000000001,1.0000000000000007,4.440892098500626e-16
0.0004014406756922452,1.000000000000001,1.0000000000000007,4.440892098500626e-16
0.0004015406756922452,1.000000000000001,1.0000000000000007,4.440892098500626e-16
0.0004016406756922452,1.000000000000001,1.0000000000000007,4.440892098500626e-16
0.0004017406756922452,1.000000000000001,1.0000000000000007,4.440892098500626e-16
0.0004018406756922452,1.000000000000001,1.0000000000000007,4.440892098500626e-16
0.0004019406756922452,1.000000000000001,1.0000000000000007,4.440892098500626e-16
0.0004020406756922452,1.000000000000001,1.0000000000000007,4.440892098500626e-16
0.0004021406756922452,1.000000000000001,1.0000000000000007,4.440892098500626e-16
0.0004022406756922452,1.000000000000001,1.0000000000000004,6.661338147750939e-16
0.0004023406756922452,1.000000000000001,1.0000000000000004,6.661338147750939e-16
0.0004024406756922452,1.000000000000001,1.0000000000000004,6.661338147750939e-16
0.0004025406756922452,1.000000000000001,1.0000000000000004,6.661338147750939e-16
0.0004026406756922452,1.000000000000001,1.0000000000000004,6.661338147750939e-16
0.0004027406756922452,1.000000000000001,1.0000000000000004,6.661338147750939e-16
0.0004028406756922452,1.000000000000001,1.0000000000000004,6.661338147750939e-16
0.0004029406756922452,1.000000000000001,1.0000000000000004,6.661338147750939e-16
0.0004030406756922452,1.000000000000001,1.0000000000000004,6.661338147750939e-16
0.0004031406756922452,1.000000000000001,1.0000000000000004,6.661338147750939e-16
0.0004032406756922452,1.000000000000001,1.0000000000000004,6.661338147750939e-16
0.0004033406756922452,1.000000000000001,1.0000000000000004,6.661338147750939e-16
0.0004034406756922452,1.000000000000001,1.0000000000000004,6.661338147750939e-16
0.0004035406756922452,1.000000000000001,1.0000000000000004,6.661338147750939e-16
0.0004036406756922452,1.000000000000001,1.0000000000000004,6.661338147750939e-16
0.0004037406756922452,1.000000000000001,1.0000000000000004,6.661338147750939e-16
0.0004038406756922452,1.000000000000001,1.0000000000000004,6.661338147750939e-16
0.0004039406756922453,1.000000000000001,1.0000000000000004,6.661338147750939e-16
0.0004040406756922453,1.000000000000001,1.0000000000000004,6.661338147750939e-16
0.0004041406756922453,1.000000000000001,1.0000000000000004,6.661338147750939e-16
0.0004042406756922453,1.000000000000001,1.0000000000000004,6.661338147750939e-16
0.0004043406756922453,1.000000000000001,1.0000000000000004,6.661338147750939e-16
0.0004044406756922453,1.000000000000001,1.0000000000000004,6.661338147750939e-16
0.0004045406756922453,1.000000000000001,1.0000000000000004,6.661338147750939e-16
0.0004046406756922453,1.000000000000001,1.0000000000000004,6.661338147750939e-16
0.0004047406756922453,1.000000000000001,1.0000000000000004,6.661338147750939e-16
0.0004048406756922453,1.000000000000001,1.0000000000000004,6.661338147750939e-16
0.0004049406756922453,1.000000000000001,1.0000000000000004,6.661338147750939e-16
0.0004050406756922453,1.000000000000001,1.0000000000000004,6.661338147750939e-16
0.0004051406756922453,1.000000000000001,1.0000000000000004,6.661338147750939e-16
0.0004052406756922453,1.000000000000001,1.0000000000000004,6.661338147750939e-16
0.0004053406756922453,1.000000000000001,1.0000000000000004,6.661338147750939e-16
0.0004054406756922453,1.000000000000001,1.0000000000000004,6.661338147750939e-16
0.0004055406756922453,1.000000000000001,1.0000000000000004,6.661338147750939e-16
0.0004056406756922453,1.000000000000001,1.0000000000000004,6.661338147750939e-16
0.0004057406756922453,1.000000000000001,1.0000000000000004,6.661338147750939e-16
0.0004058406756922453,1.000000000000001,1.0000000000000004,6.661338147750939e-16
0.0004059406756922453,1.000000000000001,1.0000000000000004,6.661338147750939e-16
0.0004060406756922453,1.000000000000001,1.0000000000000004,6.661338147750939e-16
0.0004061406756922453,1.000000000000001,1.0000000000000004,6.661338147750939e-16
0.0004062406756922453,1.000000000000001,1.0000000000000004,6.661338147750939e-16
0.0004063406756922453,1.000000000000001,1.0000000000000004,6.661338147750939e-16
0.0004064406756922453,1.000000000000001,1.0000000000000004,6.661338147750939e-16
0.0004065406756922453,1.000000000000001,1.0000000000000004,6.661338147750939e-16
0.0004066406756922453,1.000000000000001,1.0000000000000004,6.661338147750939e-16
0.0004067406756922453,1.000000000000001,1.0000000000000004,6.661338147750939e-16
0.0004068406756922453,1.000000000000001,1.0000000000000004,6.661338147750939e-16
0.0004069406756922453,1.000000000000001,1.0000000000000004,6.661338147750939e-16
0.0004070406756922453,1.000000000000001,1.0000000000000004,6.661338147750939e-16
0.0004071406756922453,1.000000000000001,1.0000000000000004,6.661338147750939e-16
0.0004072406756922453,1.000000000000001,1.0000000000000004,6.661338147750939e-16
0.0004073406756922453,1.000000000000001,1.0000000000000004,6.661338147750939e-16
0.0004074406756922453,1.000000000000001,1.0000000000000004,6.661338147750939e-16
0.0004075406756922453,1.000000000000001,1.0000000000000004,6.661338147750939e-16
0.0004076406756922453,1.000000000000001,1.0000000000000004,6.661338147750939e-16
0.0004077406756922453,1.000000000000001,1.0000000000000004,6.661338147750939e-16
0.0004078406756922453,1.000000000000001,1.0000000000000004,6.661338147750939e-16
0.0004079406756922453,1.000000000000001,1.0000000000000004,6.661338147750939e-16
0.0004080406756922453,1.000000000000001,1.0000000000000004,6.661338147750939e-16
0.0004081406756922454,1.000000000000001,1.0000000000000004,6.661338147750939e-16
0.0004082406756922454,1.000000000000001,1.0000000000000004,6.661338147750939e-16
0.0004083406756922454,1.000000000000001,1.0000000000000004,6.661338147750939e-16
0.0004084406756922454,1.000000000000001,1.0000000000000004,6.661338147750939e-16
0.0004085406756922454,1.000000000000001,1.0000000000000004,6.661338147750939e-16
0.0004086406756922454,1.000000000000001,1.0000000000000004,6.661338147750939e-16
0.0004087406756922454,1.000000000000001,1.0000000000000004,6.661338147750939e-16
0.0004088406756922454,1.000000000000001,1.0000000000000004,6.661338147750939e-16
0.0004089406756922454,1.000000000000001,1.0000000000000002,8.881784197001252e-16
0.0004090406756922454,1.000000000000001,1.0000000000000002,8.881784197001252e-16
0.0004091406756922454,1.000000000000001,1.0000000000000002,8.881784197001252e-16
0.0004092406756922454,1.000000000000001,1.0000000000000002,8.881784197001252e-16
0.0004093406756922454,1.000000000000001,1.0000000000000002,8.881784197001252e-16
0.0004094406756922454,1.000000000000001,1.0000000000000002,8.881784197001252e-16
0.0004095406756922454,1.000000000000001,1.0000000000000002,8.881784197001252e-16
0.0004096406756922454,1.000000000000001,1.0000000000000002,8.881784197001252e-16
0.0004097406756922454,1.000000000000001,1.0000000000000002,8.881784197001252e-16
0.0004098406756922454,1.000000000000001,1.0000000000000002,8.881784197001252e-16
0.0004099406756922454,1.000000000000001,1.0000000000000002,8.881784197001252e-16
0.0004100406756922454,1.000000000000001,1.0000000000000002,8.881784197001252e-16
0.0004101406756922454,1.000000000000001,1.0000000000000002,8.881784197001252e-16
0.0004102406756922454,1.000000000000001,1.0000000000000002,8.881784197001252e-16
0.0004103406756922454,1.000000000000001,1.0000000000000002,8.881784197001252e-16
0.0004104406756922454,1.000000000000001,1.0000000000000002,8.881784197001252e-16
0.0004105406756922454,1.000000000000001,1.0000000000000002,8.881784197001252e-16
0.0004106406756922454,1.000000000000001,1.0000000000000002,8.881784197001252e-16
0.0004107406756922454,1.000000000000001,1.0000000000000002,8.881784197001252e-16
0.0004108406756922454,1.000000000000001,1.0000000000000002,8.881784197001252e-16
0.0004109406756922454,1.000000000000001,1.0000000000000002,8.881784197001252e-16
0.0004110406756922454,1.000000000000001,1.0000000000000002,8.881784197001252e-16
0.0004111406756922454,1.000000000000001,1.0000000000000002,8.881784197001252e-16
0.0004112406756922454,1.000000000000001,1.0000000000000002,8.881784197001252e-16
0.0004113406756922454,1.000000000000001,1.0000000000000002,8.881784197001252e-16
0.0004114406756922454,1.000000000000001,1.0000000000000002,8.881784197001252e-16
0.0004115406756922454,1.000000000000001,1.0000000000000002,8.881784197001252e-16
0.0004116406756922454,1.000000000000001,1.0000000000000002,8.881784197001252e-16
0.0004117406756922454,1.000000000000001,1.0000000000000002,8.881784197001252e-16
0.0004118406756922454,1.000000000000001,1.0000000000000002,8.881784197001252e-16
0.0004119406756922454,1.0,1.0000000000000002,2.220446049250313e-16
0.0004120406756922454,1.0,1.0000000000000002,2.220446049250313e-16
0.0004121406756922454,1.0,1.0000000000000002,2.220446049250313e-16
0.0004122406756922455,1.0,1.0000000000000002,2.220446049250313e-16
0.0004123406756922455,1.0,1.0000000000000002,2.220446049250313e-16
0.0004124406756922455,1.0,1.0000000000000002,2.220446049250313e-16
0.0004125406756922455,1.0,1.0000000000000002,2.220446049250313e-16
0.0004126406756922455,1.0,1.0000000000000002,2.220446049250313e-16
0.0004127406756922455,1.0,1.0000000000000002,2.220446049250313e-16
0.0004128406756922455,1.0,1.0000000000000002,2.220446049250313e-16
0.0004129406756922455,1.0,1.0000000000000002,2.220446049250313e-16
0.0004130406756922455,1.0,1.0000000000000002,2.220446049250313e-16
0.0004131406756922455,1.0,1.0000000000000002,2.220446049250313e-16
0.0004132406756922455,1.0,1.0000000000000002,2.220446049250313e-16
0.0004133406756922455,1.0,1.0000000000000002,2.220446049250313e-16
0.0004134406756922455,1.0,1.0000000000000002,2.220446049250313e-16
0.0004135406756922455,1.0,1.0000000000000002,2.220446049250313e-16
0.0004136406756922455,1.0,1.0000000000000002,2.220446049250313e-16
0.0004137406756922455,1.0,1.0000000000000002,2.220446049250313e-16
0.0004138406756922455,1.0,1.0000000000000002,2.220446049250313e-16
0.0004139406756922455,1.0,1.0000000000000002,2.220446049250313e-16
0.0004140406756922455,1.0,1.0000000000000002,2.220446049250313e-16
0.0004141406756922455,1.0,1.0000000000000002,2.220446049250313e-16
0.0004142406756922455,1.0,1.0000000000000002,2.220446049250313e-16
0.0004143406756922455,1.0,1.0000000000000002,2.220446049250313e-16
0.0004144406756922455,1.0,1.0000000000000002,2.220446049250313e-16
0.0004145406756922455,1.0,1.0000000000000002,2.220446049250313e-16
0.0004146406756922455,1.0,1.0000000000000002,2.220446049250313e-16
0.0004147406756922455,1.0,1.0000000000000002,2.220446049250313e-16
0.0004148406756922455,1.0,1.0000000000000002,2.220446049250313e-16
0.0004149406756922455,1.0,1.0000000000000002,2.220446049250313e-16
0.0004150406756922455,1.0,1.0000000000000002,2.220446049250313e-16
0.0004151406756922455,1.0,1.0000000000000002,2.220446049250313e-16
0.0004152406756922455,1.0,1.0000000000000002,2.220446049250313e-16
0.0004153406756922455,1.0,1.0000000000000002,2.220446049250313e-16
0.0004154406756922455,1.0,1.0000000000000002,2.220446049250313e-16
0.0004155406756922455,1.0,1.0000000000000002,2.220446049250313e-16
0.0004156406756922455,1.0,1.0000000000000002,2.220446049250313e-16
0.0004157406756922455,1.0,1.0000000000000002,2.220446049250313e-16
0.0004158406756922455,1.0,1.0000000000000002,2.220446049250313e-16
0.0004159406756922455,1.0,1.0000000000000002,2.220446049250313e-16
0.0004160406756922455,1.0,1.0000000000000002,2.220446049250313e-16
0.0004161406756922455,1.0,1.0000000000000002,2.220446049250313e-16
0.0004162406756922455,1.0,1.0000000000000002,2.220446049250313e-16
0.0004163406756922456,1.0,1.0000000000000002,2.220446049250313e-16
0.0004164406756922456,1.0,1.0000000000000002,2.220446049250313e-16
0.0004165406756922456,1.0,1.0000000000000002,2.220446049250313e-16
0.0004166406756922456,1.0,1.0000000000000002,2.220446049250313e-16
0.0004167406756922456,1.0,1.0000000000000002,2.220446049250313e-16
0.0004168406756922456,1.0,1.0000000000000002,2.220446049250313e-16
0.0004169406756922456,1.0,1.0000000000000002,2.220446049250313e-16
0.0004170406756922456,1.0,1.0000000000000002,2.220446049250313e-16
0.0004171406756922456,1.0,1.0000000000000002,2.220446049250313e-16
0.0004172406756922456,1.0,1.0000000000000002,2.220446049250313e-16
0.0004173406756922456,1.0,1.0000000000000002,2.220446049250313e-16
0.0004174406756922456,1.0,1.0000000000000002,2.220446049250313e-16
0.0004175406756922456,1.0,1.0000000000000002,2.220446049250313e-16
0.0004176406756922456,1.0,1.0000000000000002,2.220446049250313e-16
0.0004177406756922456,1.0,1.0000000000000002,2.220446049250313e-16
0.0004178406756922456,1.0,1.0000000000000002,2.220446049250313e-16
0.0004179406756922456,1.0,1.0000000000000002,2.220446049250313e-16
0.0004180406756922456,1.0,1.0000000000000002,2.220446049250313e-16
0.0004181406756922456,1.0,1.0000000000000002,2.220446049250313e-16
0.0004182406756922456,1.0,1.0000000000000002,2.220446049250313e-16
0.0004183406756922456,1.0,1.0000000000000002,2.220446049250313e-16
0.0004184406756922456,1.0,1.0000000000000002,2.220446049250313e-16
0.0004185406756922456,1.0,1.0000000000000002,2.220446049250313e-16
0.0004186406756922456,1.0,1.0000000000000002,2.220446049250313e-16
0.0004187406756922456,1.0,1.0000000000000002,2.220446049250313e-16
0.0004188406756922456,1.0,1.0000000000000002,2.220446049250313e-16
0.0004189406756922456,1.0,1.0000000000000002,2.220446049250313e-16
0.0004190406756922456,1.0,1.0000000000000002,2.220446049250313e-16
0.0004191406756922456,1.0,1.0000000000000002,2.220446049250313e-16
0.0004192406756922456,1.0,1.0000000000000002,2.220446049250313e-16
0.0004193406756922456,1.0,1.0000000000000002,2.220446049250313e-16
0.0004194406756922456,1.0,1.0000000000000002,2.220446049250313e-16
0.0004195406756922456,1.0,1.0000000000000002,2.220446049250313e-16
0.0004196406756922456,1.0,1.0000000000000002,2.220446049250313e-16
0.0004197406756922456,1.0,1.0000000000000002,2.220446049250313e-16
0.0004198406756922456,1.0,1.0000000000000002,2.220446049250313e-16
0.0004199406756922456,1.0,1.0000000000000002,2.220446049250313e-16
0.0004200406756922456,1.0,1.0000000000000002,2.220446049250313e-16
0.0004201406756922456,1.0,1.0000000000000002,2.220446049250313e-16
0.0004202406756922456,1.0,1.0000000000000002,2.220446049250313e-16
0.0004203406756922456,1.0,1.0000000000000002,2.220446049250313e-16
0.0004204406756922457,1.0,1.0000000000000002,2.220446049250313e-16
0.0004205406756922457,1.0,1.0000000000000002,2.220446049250313e-16
0.0004206406756922457,1.0,1.0000000000000002,2.220446049250313e-16
0.0004207406756922457,1.0,1.0000000000000002,2.220446049250313e-16
0.0004208406756922457,1.0,1.0000000000000002,2.220446049250313e-16
0.0004209406756922457,1.0,1.0000000000000002,2.220446049250313e-16
0.0004210406756922457,1.0,1.0000000000000002,2.220446049250313e-16
0.0004211406756922457,1.0,1.0000000000000002,2.220446049250313e-16
0.0004212406756922457,1.0,1.0000000000000002,2.220446049250313e-16
0.0004213406756922457,1.0,1.0000000000000002,2.220446049250313e-16
0.0004214406756922457,1.0,1.0000000000000002,2.220446049250313e-16
0.0004215406756922457,1.0,1.0000000000000002,2.220446049250313e-16
0.0004216406756922457,1.0,1.0000000000000002,2.220446049250313e-16
0.0004217406756922457,1.0,1.0000000000000002,2.220446049250313e-16
0.0004218406756922457,1.0,1.0000000000000002,2.220446049250313e-16
0.0004219406756922457,1.0,1.0000000000000002,2.220446049250313e-16
0.0004220406756922457,1.0,1.0000000000000002,2.220446049250313e-16
0.0004221406756922457,1.0,1.0000000000000002,2.220446049250313e-16
0.0004222406756922457,1.0,1.0000000000000002,2.220446049250313e-16
0.0004223406756922457,1.0,1.0000000000000002,2.220446049250313e-16
0.0004224406756922457,1.0,1.0000000000000002,2.220446049250313e-16
0.0004225406756922457,1.0,1.0000000000000002,2.220446049250313e-16
0.0004226406756922457,1.0,1.0000000000000002,2.220446049250313e-16
0.0004227406756922457,1.0,1.0000000000000002,2.220446049250313e-16
0.0004228406756922457,1.0,1.0000000000000002,2.220446049250313e-16
0.0004229406756922457,1.0,1.0000000000000002,2.220446049250313e-16
0.0004230406756922457,1.0,1.0000000000000002,2.220446049250313e-16
0.0004231406756922457,1.0,1.0000000000000002,2.220446049250313e-16
0.0004232406756922457,1.0,1.0000000000000002,2.220446049250313e-16
0.0004233406756922457,1.0,1.0,0.0
0.0004234406756922457,1.0,1.0,0.0
0.0004235406756922457,1.0,1.0,0.0
0.0004236406756922457,1.0,1.0,0.0
0.0004237406756922457,1.0,1.0,0.0
0.0004238406756922457,1.0,1.0,0.0
0.0004239406756922457,1.0,1.0,0.0
0.0004240406756922457,1.0,1.0,0.0
0.0004241406756922457,1.0,1.0,0.0
0.0004242406756922457,1.0,1.0,0.0
0.0004243406756922457,1.0,1.0,0.0
0.0004244406756922457,1.0,1.0,0.0
0.0004245406756922458,1.0,1.0,0.0
0.0004246406756922458,1.0,1.0,0.0
0.0004247406756922458,1.0,1.0,0.0
0.0004248406756922458,1.0,1.0,0.0
0.0004249406756922458,1.0,1.0,0.0
0.0004250406756922458,1.0,1.0,0.0
0.0004251406756922458,1.0,1.0,0.0
0.0004252406756922458,1.0,1.0,0.0
0.0004253406756922458,1.0,1.0,0.0
0.0004254406756922458,1.0,1.0,0.0
0.0004255406756922458,1.0,1.0,0.0
0.0004256406756922458,1.0,1.0,0.0
0.0004257406756922458,1.0,1.0,0.0
0.0004258406756922458,1.0,1.0,0.0
0.0004259406756922458,1.0,1.0,0.0
0.0004260406756922458,1.0,1.0,0.0
0.0004261406756922458,1.0,1.0,0.0
0.0004262406756922458,1.0,1.0,0.0
0.0004263406756922458,1.0,1.0,0.0
0.0004264406756922458,1.0,1.0,0.0
0.0004265406756922458,1.0,1.0,0.0
0.0004266406756922458,1.0,1.0,0.0
0.0004267406756922458,1.0,1.0,0.0
0.0004268406756922458,1.0,1.0,0.0
0.0004269406756922458,1.0,1.0,0.0
0.0004270406756922458,1.0,1.0,0.0
0.0004271406756922458,1.0,1.0,0.0
0.0004272406756922458,1.0,1.0,0.0
0.0004273406756922458,1.0,1.0,0.0
0.0004274406756922458,1.0,1.0,0.0
0.0004275406756922458,1.0,1.0,0.0
0.0004276406756922458,1.0,1.0,0.0
0.0004277406756922458,1.0,1.0,0.0
0.0004278406756922458,1.0,1.0,0.0
0.0004279406756922458,1.0,1.0,0.0
0.0004280406756922458,1.0,1.0,0.0
0.0004281406756922458,1.0,1.0,0.0
0.0004282406756922458,1.0,1.0,0.0
0.0004283406756922458,1.0,1.0,0.0
0.0004284406756922458,1.0,1.0,0.0
0.0004285406756922458,1.0,1.0,0.0
0.0004286406756922459,1.0,1.0,0.0
0.0004287406756922459,1.0,1.0,0.0
0.0004288406756922459,1.0,1.0,0.0
0.0004289406756922459,1.0,1.0,0.0
0.0004290406756922459,1.0,1.0,0.0
0.0004291406756922459,1.0,1.0,0.0
0.0004292406756922459,1.0,1.0,0.0
0.0004293406756922459,1.0,1.0,0.0
0.0004294406756922459,1.0,1.0,0.0
0.0004295406756922459,1.0,1.0,0.0
0.0004296406756922459,1.0,1.0,0.0
0.0004297406756922459,1.0,1.0,0.0
0.0004298406756922459,1.0,1.0,0.0
0.0004299406756922459,1.0,1.0,0.0
0.0004300406756922459,1.0,1.0,0.0
0.0004301406756922459,1.0,1.0,0.0
0.0004302406756922459,1.0,1.0,0.0
0.0004303406756922459,1.0,1.0,0.0
0.0004304406756922459,1.0,1.0,0.0
0.0004305406756922459,1.0,1.0,0.0
0.0004306406756922459,1.0,1.0,0.0
0.0004307406756922459,1.0,1.0,0.0
0.0004308406756922459,1.0,1.0,0.0
0.0004309406756922459,1.0,1.0,0.0
0.0004310406756922459,1.0,1.0,0.0
0.0004311406756922459,1.0,1.0,0.0
0.0004312406756922459,1.0,1.0,0.0
0.0004313406756922459,1.0,1.0,0.0
0.0004314406756922459,1.0,1.0,0.0
0.0004315406756922459,1.0,1.0,0.0
0.0004316406756922459,1.0,1.0,0.0
0.0004317406756922459,1.0,1.0,0.0
0.0004318406756922459,1.0,1.0,0.0
0.0004319406756922459,1.0,1.0,0.0
0.0004320406756922459,1.0,1.0,0.0
0.0004321406756922459,1.0,1.0,0.0
0.0004322406756922459,1.0,1.0,0.0
0.0004323406756922459,1.0,1.0,0.0
0.0004324406756922459,1.0,1.0,0.0
0.0004325406756922459,1.0,1.0,0.0
0.0004326406756922459,1.0,1.0,0.0
0.000432740675692246,1.0,1.0,0.0
0.000432840675692246,1.0,1.0,0.0
0.000432940675692246,1.0,1.0,0.0
0.000433040675692246,1.0,1.0,0.0
0.000433140675692246,1.0,1.0,0.0
0.000433240675692246,1.0,1.0,0.0
0.000433340675692246,1.0,1.0,0.0
0.000433440675692246,1.0,1.0,0.0
0.000433540675692246,1.0,1.0,0.0
0.000433640675692246,1.0,1.0,0.0
0.000433740675692246,1.0,1.0,0.0
0.000433840675692246,1.0,1.0,0.0
0.000433940675692246,1.0,1.0,0.0
0.000434040675692246,1.0,1.0,0.0
0.000434140675692246,1.0,1.0,0.0
0.000434240675692246,1.0,1.0,0.0
0.000434340675692246,1.0,1.0,0.0
0.000434440675692246,1.0,1.0,0.0
0.000434540675692246,1.0,1.0,0.0
0.000434640675692246,1.0,1.0,0.0
0.000434740675692246,1.0,1.0,0.0
0.000434840675692246,1.0,1.0,0.0
0.000434940675692246,1.0,1.0,0.0
0.000435040675692246,1.0,1.0,0.0
0.000435140675692246,1.0,1.0,0.0
0.000435240675692246,1.0,1.0,0.0
0.000435340675692246,1.0,1.0,0.0
0.000435440675692246,1.0,1.0,0.0
0.000435540675692246,1.0,1.0,0.0
0.000435640675692246,1.0,1.0,0.0
0.000435740675692246,1.0,1.0,0.0
0.000435840675692246,1.0,1.0,0.0
0.000435940675692246,1.0,1.0,0.0
0.000436040675692246,1.0,1.0,0.0
0.000436140675692246,1.0,1.0,0.0
0.000436240675692246,1.0,1.0,0.0
0.000436340675692246,1.0,1.0,0.0
0.000436440675692246,1.0,1.0,0.0
0.000436540675692246,1.0,1.0,0.0
0.000436640675692246,1.0,1.0,0.0
0.000436740675692246,1.0,1.0,0.0
0.000436840675692246,1.0,1.0,0.0
0.0004369406756922461,1.0,1.0,0.0
0.0004370406756922461,1.0,1.0,0.0
0.0004371406756922461,1.0,1.0,0.0
0.0004372406756922461,1.0,1.0,0.0
0.0004373406756922461,1.0,1.0,0.0
0.0004374406756922461,1.0,1.0,0.0
0.0004375406756922461,1.0,1.0,0.0
0.0004376406756922461,1.0,1.0,0.0
0.0004377406756922461,1.0,1.0,0.0
0.0004378406756922461,1.0,1.0,0.0
0.0004379406756922461,1.0,1.0,0.0
0.0004380406756922461,1.0,1.0,0.0
0.0004381406756922461,1.0,1.0,0.0
0.0004382406756922461,1.0,1.0,0.0
0.0004383406756922461,1.0,1.0,0.0
0.0004384406756922461,1.0,1.0,0.0
0.0004385406756922461,1.0,1.0,0.0
0.0004386406756922461,1.0,1.0,0.0
0.0004387406756922461,1.0,1.0,0.0
0.0004388406756922461,1.0,1.0,0.0
0.0004389406756922461,1.0,1.0,0.0
0.0004390406756922461,1.0,1.0,0.0
0.0004391406756922461,1.0,1.0,0.0
0.0004392406756922461,1.0,1.0,0.0
0.0004393406756922461,1.0,1.0,0.0
0.0004394406756922461,1.0,1.0,0.0
0.0004395406756922461,1.0,1.0,0.0
0.0004396406756922461,1.0,1.0,0.0
0.0004397406756922461,1.0,1.0,0.0
0.0004398406756922461,1.0,1.0,0.0
0.0004399406756922461,1.0,1.0,0.0
0.0004400406756922461,1.0,1.0,0.0
0.0004401406756922461,1.0,1.0,0.0
0.0004402406756922461,1.0,1.0,0.0
0.0004403406756922461,1.0,1.0,0.0
0.0004404406756922461,1.0,1.0,0.0
0.0004405406756922461,1.0,1.0,0.0
0.0004406406756922461,1.0,1.0,0.0
0.0004407406756922461,1.0,1.0,0.0
0.0004408406756922461,1.0,1.0,0.0
0.0004409406756922461,1.0,1.0,0.0
0.0004410406756922462,1.0,1.0,0.0
0.0004411406756922462,1.0,1.0,0.0
0.0004412406756922462,1.0,1.0,0.0
0.0004413406756922462,1.0,1.0,0.0
0.0004414406756922462,1.0,1.0,0.0
0.0004415406756922462,1.0,1.0,0.0
0.0004416406756922462,1.0,1.0,0.0
0.0004417406756922462,1.0,1.0,0.0
0.0004418406756922462,1.0,1.0,0.0
0.0004419406756922462,1.0,1.0,0.0
0.0004420406756922462,1.0,1.0,0.0
0.0004421406756922462,1.0,1.0,0.0
0.0004422406756922462,1.0,1.0,0.0
0.0004423406756922462,1.0,1.0,0.0
0.0004424406756922462,1.0,1.0,0.0
0.0004425406756922462,1.0,1.0,0.0
0.0004426406756922462,1.0,1.0,0.0
0.0004427406756922462,1.0,1.0,0.0
0.0004428406756922462,1.0,1.0,0.0
0.0004429406756922462,1.0,1.0,0.0
0.0004430406756922462,1.0,1.0,0.0
0.0004431406756922462,1.0,1.0,0.0
0.0004432406756922462,1.0,1.0,0.0
0.0004433406756922462,1.0,1.0,0.0
0.0004434406756922462,1.0,1.0,0.0
0.0004435406756922462,1.0,1.0,0.0
0.0004436406756922462,1.0,1.0,0.0
0.0004437406756922462,1.0,1.0,0.0
0.0004438406756922462,1.0,1.0,0.0
0.0004439406756922462,1.0,1.0,0.0
0.0004440406756922462,1.0,1.0,0.0
0.0004441406756922462,1.0,1.0,0.0
0.0004442406756922462,1.0,1.0,0.0
0.0004443406756922462,1.0,1.0,0.0
0.0004444406756922462,1.0,1.0,0.0
0.0004445406756922462,1.0,1.0,0.0
0.0004446406756922462,1.0,1.0,0.0
0.0004447406756922462,1.0,1.0,0.0
0.0004448406756922462,1.0,1.0,0.0
0.0004449406756922462,1.0,1.0,0.0
0.0004450406756922462,1.0,1.0,0.0
0.0004451406756922463,1.0,1.0,0.0
0.0004452406756922463,1.0,1.0,0.0
0.0004453406756922463,1.0,1.0,0.0
0.0004454406756922463,1.0,1.0,0.0
0.0004455406756922463,1.0,1.0,0.0
0.0004456406756922463,1.0,1.0,0.0
0.0004457406756922463,1.0,1.0,0.0
0.0004458406756922463,1.0,1.0,0.0
0.0004459406756922463,1.0,1.0,0.0
0.0004460406756922463,1.0,1.0,0.0
0.0004461406756922463,1.0,1.0,0.0
0.0004462406756922463,1.0,1.0,0.0
0.0004463406756922463,1.0,1.0,0.0
0.0004464406756922463,1.0,1.0,0.0
0.0004465406756922463,1.0,1.0,0.0
0.0004466406756922463,1.0,1.0,0.0
0.0004467406756922463,1.0,1.0,0.0
0.0004468406756922463,1.0,1.0,0.0
0.0004469406756922463,1.0,1.0,0.0
0.0004470406756922463,1.0,1.0,0.0
0.0004471406756922463,1.0,1.0,0.0
0.0004472406756922463,1.0,1.0,0.0
0.0004473406756922463,1.0,1.0,0.0
0.0004474406756922463,1.0,1.0,0.0
0.0004475406756922463,1.0,1.0,0.0
0.0004476406756922463,1.0,1.0,0.0
0.0004477406756922463,1.0,1.0,0.0
0.0004478406756922463,1.0,1.0,0.0
0.0004479406756922463,1.0,1.0,0.0
0.0004480406756922463,1.0,1.0,0.0
0.0004481406756922463,1.0,1.0,0.0
0.0004482406756922463,1.0,1.0,0.0
0.0004483406756922463,1.0,1.0,0.0
0.0004484406756922463,1.0,1.0,0.0
0.0004485406756922463,1.0,1.0,0.0
0.0004486406756922463,1.0,1.0,0.0
0.0004487406756922463,1.0,1.0,0.0
0.0004488406756922463,1.0,1.0,0.0
0.0004489406756922463,1.0,1.0,0.0
0.0004490406756922463,1.0,1.0,0.0
0.0004491406756922463,1.0,1.0,0.0
0.0004492406756922464,1.0,1.0,0.0
0.0004493406756922464,1.0,1.0,0.0
0.0004494406756922464,1.0,1.0,0.0
0.0004495406756922464,1.0,1.0,0.0
0.0004496406756922464,1.0,1.0,0.0
0.0004497406756922464,1.0,1.0,0.0
0.0004498406756922464,1.0,1.0,0.0
0.0004499406756922464,1.0,1.0,0.0
0.0004500406756922464,1.0,1.0,0.0
0.0004501406756922464,1.0,1.0,0.0
0.0004502406756922464,1.0,1.0,0.0
0.0004503406756922464,1.0,1.0,0.0
0.0004504406756922464,1.0,1.0,0.0
0.0004505406756922464,1.0,1.0,0.0
0.0004506406756922464,1.0,1.0,0.0
0.0004507406756922464,1.0,1.0,0.0
0.0004508406756922464,1.0,1.0,0.0
0.0004509406756922464,1.0,1.0,0.0
0.0004510406756922464,1.0,1.0,0.0
0.0004511406756922464,1.0,1.0,0.0
0.0004512406756922464,1.0,1.0,0.0
0.0004513406756922464,1.0,1.0,0.0
0.0004514406756922464,1.0,1.0,0.0
0.0004515406756922464,1.0,1.0,0.0
0.0004516406756922464,1.0,1.0,0.0
0.0004517406756922464,1.0,1.0,0.0
0.0004518406756922464,1.0,1.0,0.0
0.0004519406756922464,1.0,1.0,0.0
0.0004520406756922464,1.0,1.0,0.0
0.0004521406756922464,1.0,1.0,0.0
0.0004522406756922464,1.0,1.0,0.0
0.0004523406756922464,1.0,1.0,0.0
0.0004524406756922464,1.0,1.0,0.0
0.0004525406756922464,1.0,1.0,0.0
0.0004526406756922464,1.0,1.0,0.0
0.0004527406756922464,1.0,1.0,0.0
0.0004528406756922464,1.0,1.0,0.0
0.0004529406756922464,1.0,1.0,0.0
0.0004530406756922464,1.0,1.0,0.0
0.0004531406756922464,1.0,1.0,0.0
0.0004532406756922464,1.0,1.0,0.0
0.0004533406756922465,1.0,1.0,0.0
0.0004534406756922465,1.0,1.0,0.0
0.0004535406756922465,1.0,1.0,0.0
0.0004536406756922465,1.0,1.0,0.0
0.0004537406756922465,1.0,1.0,0.0
0.0004538406756922465,1.0,1.0,0.0
0.0004539406756922465,1.0,1.0,0.0
0.0004540406756922465,1.0,1.0,0.0
0.0004541406756922465,1.0,1.0,0.0
0.0004542406756922465,1.0,1.0,0.0
0.0004543406756922465,1.0,1.0,0.0
0.0004544406756922465,1.0,1.0,0.0
0.0004545406756922465,1.0,1.0,0.0
0.0004546406756922465,1.0,1.0,0.0
0.0004547406756922465,1.0,1.0,0.0
0.0004548406756922465,1.0,1.0,0.0
0.0004549406756922465,1.0,1.0,0.0
0.0004550406756922465,1.0,1.0,0.0
0.0004551406756922465,1.0,1.0,0.0
0.0004552406756922465,1.0,1.0,0.0
0.0004553406756922465,1.0,1.0,0.0
0.0004554406756922465,1.0,1.0,0.0
0.0004555406756922465,1.0,1.0,0.0
0.0004556406756922465,1.0,1.0,0.0
0.0004557406756922465,1.0,1.0,0.0
0.0004558406756922465,1.0,1.0,0.0
0.0004559406756922465,1.0,1.0,0.0
0.0004560406756922465,1.0,1.0,0.0
0.0004561406756922465,1.0,1.0,0.0
0.0004562406756922465,1.0,1.0,0.0
0.0004563406756922465,1.0,1.0,0.0
0.0004564406756922465,1.0,1.0,0.0
0.0004565406756922465,1.0,1.0,0.0
0.0004566406756922465,1.0,1.0,0.0
0.0004567406756922465,1.0,1.0,0.0
0.0004568406756922465,1.0,1.0,0.0
0.0004569406756922465,1.0,1.0,0.0
0.0004570406756922465,1.0,1.0,0.0
0.0004571406756922465,1.0,1.0,0.0
0.0004572406756922465,1.0,1.0,0.0
0.0004573406756922465,1.0,1.0,0.0
0.0004574406756922466,1.0,1.0,0.0
0.0004575406756922466,1.0,1.0,0.0
0.0004576406756922466,1.0,1.0,0.0
0.0004577406756922466,1.0,1.0,0.0
0.0004578406756922466,1.0,1.0,0.0
0.0004579406756922466,1.0,1.0,0.0
0.0004580406756922466,1.0,1.0,0.0
0.0004581406756922466,1.0,1.0,0.0
0.0004582406756922466,1.0,1.0,0.0
0.0004583406756922466,1.0,1.0,0.0
0.0004584406756922466,1.0,1.0,0.0
0.0004585406756922466,1.0,1.0,0.0
0.0004586406756922466,1.0,1.0,0.0
0.0004587406756922466,1.0,1.0,0.0
0.0004588406756922466,1.0,1.0,0.0
0.0004589406756922466,1.0,1.0,0.0
0.0004590406756922466,1.0,1.0,0.0
0.0004591406756922466,1.0,1.0,0.0
0.0004592406756922466,1.0,1.0,0.0
0.0004593406756922466,1.0,1.0,0.0
0.0004594406756922466,1.0,1.0,0.0
0.0004595406756922466,1.0,1.0,0.0
0.0004596406756922466,1.0,1.0,0.0
0.0004597406756922466,1.0,1.0,0.0
0.0004598406756922466,1.0,1.0,0.0
0.0004599406756922466,1.0,1.0,0.0
0.0004600406756922466,1.0,1.0,0.0
0.0004601406756922466,1.0,1.0,0.0
0.0004602406756922466,1.0,1.0,0.0
0.0004603406756922466,1.0,1.0,0.0
0.0004604406756922466,1.0,1.0,0.0
0.0004605406756922466,1.0,1.0,0.0
0.0004606406756922466,1.0,1.0,0.0
0.0004607406756922466,1.0,1.0,0.0
0.0004608406756922466,1.0,1.0,0.0
0.0004609406756922466,1.0,1.0,0.0
0.0004610406756922466,1.0,1.0,0.0
0.0004611406756922466,1.0,1.0,0.0
0.0004612406756922466,1.0,1.0,0.0
0.0004613406756922466,1.0,1.0,0.0
0.0004614406756922466,1.0,1.0,0.0
0.0004615406756922467,1.0,1.0,0.0
0.0004616406756922467,1.0,1.0,0.0
0.0004617406756922467,1.0,1.0,0.0
0.0004618406756922467,1.0,1.0,0.0
0.0004619406756922467,1.0,1.0,0.0
0.0004620406756922467,1.0,1.0,0.0
0.0004621406756922467,1.0,1.0,0.0
0.0004622406756922467,1.0,1.0,0.0
0.0004623406756922467,1.0,1.0,0.0
0.0004624406756922467,1.0,1.0,0.0
0.0004625406756922467,1.0,1.0,0.0
0.0004626406756922467,1.0,1.0,0.0
0.0004627406756922467,1.0,1.0,0.0
0.0004628406756922467,1.0,1.0,0.0
0.0004629406756922467,1.0,1.0,0.0
0.0004630406756922467,1.0,1.0,0.0
0.0004631406756922467,1.0,1.0,0.0
0.0004632406756922467,1.0,1.0,0.0
0.0004633406756922467,1.0,1.0,0.0
0.0004634406756922467,1.0,1.0,0.0
0.0004635406756922467,1.0,1.0,0.0
0.0004636406756922467,1.0,1.0,0.0
0.0004637406756922467,1.0,1.0,0.0
0.0004638406756922467,1.0,1.0,0.0
0.0004639406756922467,1.0,1.0,0.0
0.0004640406756922467,1.0,1.0,0.0
0.0004641406756922467,1.0,1.0,0.0
0.0004642406756922467,1.0,1.0,0.0
0.0004643406756922467,1.0,1.0,0.0
0.0004644406756922467,1.0,1.0,0.0
0.0004645406756922467,1.0,1.0,0.0
0.0004646406756922467,1.0,1.0,0.0
0.0004647406756922467,1.0,1.0,0.0
0.0004648406756922467,1.0,1.0,0.0
0.0004649406756922467,1.0,1.0,0.0
0.0004650406756922467,1.0,1.0,0.0
0.0004651406756922467,1.0,1.0,0.0
0.0004652406756922467,1.0,1.0,0.0
0.0004653406756922467,1.0,1.0,0.0
0.0004654406756922467,1.0,1.0,0.0
0.0004655406756922467,1.0,1.0,0.0
0.0004656406756922467,1.0,1.0,0.0
0.0004657406756922468,1.0,1.0,0.0
0.0004658406756922468,1.0,1.0,0.0
0.0004659406756922468,1.0,1.0,0.0
0.0004660406756922468,1.0,1.0,0.0
0.0004661406756922468,1.0,1.0,0.0
0.0004662406756922468,1.0,1.0,0.0
0.0004663406756922468,1.0,1.0,0.0
0.0004664406756922468,1.0,1.0,0.0
0.0004665406756922468,1.0,1.0,0.0
0.0004666406756922468,1.0,1.0,0.0
0.0004667406756922468,1.0,1.0,0.0
0.0004668406756922468,1.0,1.0,0.0
0.0004669406756922468,1.0,1.0,0.0
0.0004670406756922468,1.0,1.0,0.0
0.0004671406756922468,1.0,1.0,0.0
0.0004672406756922468,1.0,1.0,0.0
0.0004673406756922468,1.0,1.0,0.0
0.0004674406756922468,1.0,1.0,0.0
0.0004675406756922468,1.0,1.0,0.0
0.0004676406756922468,1.0,1.0,0.0
0.0004677406756922468,1.0,1.0,0.0
0.0004678406756922468,1.0,1.0,0.0
0.0004679406756922468,1.0,1.0,0.0
0.0004680406756922468,1.0,1.0,0.0
0.0004681406756922468,1.0,1.0,0.0
0.0004682406756922468,1.0,1.0,0.0
0.0004683406756922468,1.0,1.0,0.0
0.0004684406756922468,1.0,1.0,0.0
0.0004685406756922468,1.0,1.0,0.0
0.0004686406756922468,1.0,1.0,0.0
0.0004687406756922468,1.0,1.0,0.0
0.0004688406756922468,1.0,1.0,0.0
0.0004689406756922468,1.0,1.0,0.0
0.0004690406756922468,1.0,1.0,0.0
0.0004691406756922468,1.0,1.0,0.0
0.0004692406756922468,1.0,1.0,0.0
0.0004693406756922468,1.0,1.0,0.0
0.0004694406756922468,1.0,1.0,0.0
0.0004695406756922468,1.0,1.0,0.0
0.0004696406756922468,1.0,1.0,0.0
0.0004697406756922468,1.0,1.0,0.0
0.0004698406756922469,1.0,1.0,0.0
0.0004699406756922469,1.0,1.0,0.0
0.0004700406756922469,1.0,1.0,0.0
0.0004701406756922469,1.0,1.0,0.0
0.0004702406756922469,1.0,1.0,0.0
0.0004703406756922469,1.0,1.0,0.0
0.0004704406756922469,1.0,1.0,0.0
0.0004705406756922469,1.0,1.0,0.0
0.0004706406756922469,1.0,1.0,0.0
0.0004707406756922469,1.0,1.0,0.0
0.0004708406756922469,1.0,1.0,0.0
0.0004709406756922469,1.0,1.0,0.0
0.0004710406756922469,1.0,1.0,0.0
0.0004711406756922469,1.0,1.0,0.0
0.0004712406756922469,1.0,1.0,0.0
0.0004713406756922469,1.0,1.0,0.0
0.0004714406756922469,1.0,1.0,0.0
0.0004715406756922469,1.0,1.0,0.0
0.0004716406756922469,1.0,1.0,0.0
0.0004717406756922469,1.0,1.0,0.0
0.0004718406756922469,1.0,1.0,0.0
0.0004719406756922469,1.0,1.0,0.0
0.0004720406756922469,1.0,1.0,0.0
0.0004721406756922469,1.0,1.0,0.0
0.0004722406756922469,1.0,1.0,0.0
0.0004723406756922469,1.0,1.0,0.0
0.0004724406756922469,1.0,1.0,0.0
0.0004725406756922469,1.0,1.0,0.0
0.0004726406756922469,1.0,1.0,0.0
0.0004727406756922469,1.0,1.0,0.0
0.0004728406756922469,1.0,1.0,0.0
0.0004729406756922469,1.0,1.0,0.0
0.0004730406756922469,1.0,1.0,0.0
0.0004731406756922469,1.0,1.0,0.0
0.0004732406756922469,1.0,1.0,0.0
0.0004733406756922469,1.0,1.0,0.0
0.0004734406756922469,1.0,1.0,0.0
0.0004735406756922469,1.0,1.0,0.0
0.0004736406756922469,1.0,1.0,0.0
0.0004737406756922469,1.0,1.0,0.0
0.0004738406756922469,1.0,1.0,0.0
0.000473940675692247,1.0,1.0,0.0
0.000474040675692247,1.0,1.0,0.0
0.000474140675692247,1.0,1.0,0.0
0.000474240675692247,1.0,1.0,0.0
0.000474340675692247,1.0,1.0,0.0
0.000474440675692247,1.0,1.0,0.0
0.000474540675692247,1.0,1.0,0.0
0.000474640675692247,1.0,1.0,0.0
0.000474740675692247,1.0,1.0,0.0
0.000474840675692247,1.0,1.0,0.0
0.000474940675692247,1.0,1.0,0.0
0.000475040675692247,1.0,1.0,0.0
0.000475140675692247,1.0,1.0,0.0
0.000475240675692247,1.0,1.0,0.0
0.000475340675692247,1.0,1.0,0.0
0.000475440675692247,1.0,1.0,0.0
0.000475540675692247,1.0,1.0,0.0
0.000475640675692247,1.0,1.0,0.0
0.000475740675692247,1.0,1.0,0.0
0.000475840675692247,1.0,1.0,0.0
0.000475940675692247,1.0,1.0,0.0
0.000476040675692247,1.0,1.0,0.0
0.000476140675692247,1.0,1.0,0.0
0.000476240675692247,1.0,1.0,0.0
0.000476340675692247,1.0,1.0,0.0
0.000476440675692247,1.0,1.0,0.0
0.000476540675692247,1.0,1.0,0.0
0.000476640675692247,1.0,1.0,0.0
0.000476740675692247,1.0,1.0,0.0
0.000476840675692247,1.0,1.0,0.0
0.000476940675692247,1.0,1.0,0.0
0.000477040675692247,1.0,1.0,0.0
0.000477140675692247,1.0,1.0,0.0
0.000477240675692247,1.0,1.0,0.0
0.000477340675692247,1.0,1.0,0.0
0.000477440675692247,1.0,1.0,0.0
0.000477540675692247,1.0,1.0,0.0
0.000477640675692247,1.0,1.0,0.0
0.000477740675692247,1.0,1.0,0.0
0.000477840675692247,1.0,1.0,0.0
0.000477940675692247,1.0,1.0,0.0
0.0004780406756922471,1.0,1.0,0.0
0.0004781406756922471,1.0,1.0,0.0
0.0004782406756922471,1.0,1.0,0.0
0.0004783406756922471,1.0,1.0,0.0
0.0004784406756922471,1.0,1.0,0.0
0.0004785406756922471,1.0,1.0,0.0
0.0004786406756922471,1.0,1.0,0.0
0.0004787406756922471,1.0,1.0,0.0
0.0004788406756922471,1.0,1.0,0.0
0.0004789406756922471,1.0,1.0,0.0
0.0004790406756922471,1.0,1.0,0.0
0.0004791406756922471,1.0,1.0,0.0
0.0004792406756922471,1.0,1.0,0.0
0.0004793406756922471,1.0,1.0,0.0
0.0004794406756922471,1.0,1.0,0.0
0.0004795406756922471,1.0,1.0,0.0
0.0004796406756922471,1.0,1.0,0.0
0.0004797406756922471,1.0,1.0,0.0
0.0004798406756922471,1.0,1.0,0.0
0.0004799406756922471,1.0,1.0,0.0
0.0004800406756922471,1.0,1.0,0.0
0.0004801406756922471,1.0,1.0,0.0
0.0004802406756922471,1.0,1.0,0.0
0.0004803406756922471,1.0,1.0,0.0
0.0004804406756922471,1.0,1.0,0.0
0.0004805406756922471,1.0,1.0,0.0
0.0004806406756922471,1.0,1.0,0.0
0.0004807406756922471,1.0,1.0,0.0
0.0004808406756922471,1.0,1.0,0.0
0.0004809406756922471,1.0,1.0,0.0
0.0004810406756922471,1.0,1.0,0.0
0.0004811406756922471,1.0,1.0,0.0
0.0004812406756922471,1.0,1.0,0.0
0.0004813406756922471,1.0,1.0,0.0
0.0004814406756922471,1.0,1.0,0.0
0.0004815406756922471,1.0,1.0,0.0
0.0004816406756922471,1.0,1.0,0.0
0.0004817406756922471,1.0,1.0,0.0
0.0004818406756922471,1.0,1.0,0.0
0.0004819406756922471,1.0,1.0,0.0
0.0004820406756922471,1.0,1.0,0.0
0.0004821406756922472,1.0,1.0,0.0
0.0004822406756922472,1.0,1.0,0.0
0.0004823406756922472,1.0,1.0,0.0
0.0004824406756922472,1.0,1.0,0.0
0.0004825406756922472,1.0,1.0,0.0
0.0004826406756922472,1.0,1.0,0.0
0.0004827406756922472,1.0,1.0,0.0
0.0004828406756922472,1.0,1.0,0.0
0.0004829406756922472,1.0,1.0,0.0
0.0004830406756922472,1.0,1.0,0.0
0.0004831406756922472,1.0,1.0,0.0
0.0004832406756922472,1.0,1.0,0.0
0.0004833406756922472,1.0,1.0,0.0
0.0004834406756922472,1.0,1.0,0.0
0.0004835406756922472,1.0,1.0,0.0
0.0004836406756922472,1.0,1.0,0.0
0.0004837406756922472,1.0,1.0,0.0
0.0004838406756922472,1.0,1.0,0.0
0.0004839406756922472,1.0,1.0,0.0
0.0004840406756922472,1.0,1.0,0.0
0.0004841406756922472,1.0,1.0,0.0
0.0004842406756922472,1.0,1.0,0.0
0.0004843406756922472,1.0,1.0,0.0
0.0004844406756922472,1.0,1.0,0.0
0.0004845406756922472,1.0,1.0,0.0
0.0004846406756922472,1.0,1.0,0.0
0.0004847406756922472,1.0,1.0,0.0
0.0004848406756922472,1.0,1.0,0.0
0.0004849406756922472,1.0,1.0,0.0
0.0004850406756922472,1.0,1.0,0.0
0.0004851406756922472,1.0,1.0,0.0
0.0004852406756922472,1.0,1.0,0.0
0.0004853406756922472,1.0,1.0,0.0
0.0004854406756922472,1.0,1.0,0.0
0.0004855406756922472,1.0,1.0,0.0
0.0004856406756922472,1.0,1.0,0.0
0.0004857406756922472,1.0,1.0,0.0
0.0004858406756922472,1.0,1.0,0.0
0.0004859406756922472,1.0,1.0,0.0
0.0004860406756922472,1.0,1.0,0.0
0.0004861406756922472,1.0,1.0,0.0
0.0004862406756922473,1.0,1.0,0.0
0.0004863406756922473,1.0,1.0,0.0
0.0004864406756922473,1.0,1.0,0.0
0.0004865406756922473,1.0,1.0,0.0
0.0004866406756922473,1.0,1.0,0.0
0.0004867406756922473,1.0,1.0,0.0
0.0004868406756922473,1.0,1.0,0.0
0.0004869406756922473,1.0,1.0,0.0
0.0004870406756922473,1.0,1.0,0.0
0.0004871406756922473,1.0,1.0,0.0
0.0004872406756922473,1.0,1.0,0.0
0.0004873406756922473,1.0,1.0,0.0
0.0004874406756922473,1.0,1.0,0.0
0.0004875406756922473,1.0,1.0,0.0
0.0004876406756922473,1.0,1.0,0.0
0.0004877406756922473,1.0,1.0,0.0
0.0004878406756922473,1.0,1.0,0.0
0.0004879406756922473,1.0,1.0,0.0
0.0004880406756922473,1.0,1.0,0.0
0.0004881406756922473,1.0,1.0,0.0
0.0004882406756922473,1.0,1.0,0.0
0.0004883406756922472,1.0,1.0,0.0
0.0004884406756922472,1.0,1.0,0.0
0.0004885406756922471,1.0,1.0,0.0
0.0004886406756922471,1.0,1.0,0.0
0.000488740675692247,1.0,1.0,0.0
0.000488840675692247,1.0,1.0,0.0
0.0004889406756922469,1.0,1.0,0.0
0.0004890406756922469,1.0,1.0,0.0
0.0004891406756922468,1.0,1.0,0.0
0.0004892406756922468,1.0,1.0,0.0
0.0004893406756922467,1.0,1.0,0.0
0.0004894406756922467,1.0,1.0,0.0
0.0004895406756922466,1.0,1.0,0.0
0.0004896406756922466,1.0,1.0,0.0
0.0004897406756922465,1.0,1.0,0.0
0.0004898406756922465,1.0,1.0,0.0
0.0004899406756922464,1.0,1.0,0.0
0.0004900406756922464,1.0,1.0,0.0
0.0004901406756922463,1.0,1.0,0.0
0.0004902406756922463,1.0,1.0,0.0
0.0004903406756922462,1.0,1.0,0.0
0.0004904406756922462,1.0,1.0,0.0
0.0004905406756922461,1.0,1.0,0.0
0.0004906406756922461,1.0,1.0,0.0
0.000490740675692246,1.0,1.0,0.0
0.000490840675692246,1.0,1.0,0.0
0.0004909406756922459,1.0,1.0,0.0
0.0004910406756922458,1.0,1.0,0.0
0.0004911406756922458,1.0,1.0,0.0
0.0004912406756922457,1.0,1.0,0.0
0.0004913406756922457,1.0,1.0,0.0
0.0004914406756922456,1.0,1.0,0.0
0.0004915406756922456,1.0,1.0,0.0
0.0004916406756922455,1.0,1.0,0.0
0.0004917406756922455,1.0,1.0,0.0
0.0004918406756922454,1.0,1.0,0.0
0.0004919406756922454,1.0,1.0,0.0
0.0004920406756922453,1.0,1.0,0.0
0.0004921406756922453,1.0,1.0,0.0
0.0004922406756922452,1.0,1.0,0.0
0.0004923406756922452,1.0,1.0,0.0
0.0004924406756922451,1.0,1.0,0.0
0.0004925406756922451,1.0,1.0,0.0
0.000492640675692245,1.0,1.0,0.0
0.000492740675692245,1.0,1.0,0.0
0.0004928406756922449,1.0,1.0,0.0
0.0004929406756922449,1.0,1.0,0.0
0.0004930406756922448,1.0,1.0,0.0
0.0004931406756922448,1.0,1.0,0.0
0.0004932406756922447,1.0,1.0,0.0
0.0004933406756922447,1.0,1.0,0.0
0.0004934406756922446,1.0,1.0,0.0
0.0004935406756922446,1.0,1.0,0.0
0.0004936406756922445,1.0,1.0,0.0
0.0004937406756922445,1.0,1.0,0.0
0.0004938406756922444,1.0,1.0,0.0
0.0004939406756922443,1.0,1.0,0.0
0.0004940406756922443,1.0,1.0,0.0
0.0004941406756922442,1.0,1.0,0.0
0.0004942406756922442,1.0,1.0,0.0
0.0004943406756922441,1.0,1.0,0.0
0.0004944406756922441,1.0,1.0,0.0
0.000494540675692244,1.0,1.0,0.0
0.000494640675692244,1.0,1.0,0.0
0.0004947406756922439,1.0,1.0,0.0
0.0004948406756922439,1.0,1.0,0.0
0.0004949406756922438,1.0,1.0,0.0
0.0004950406756922438,1.0,1.0,0.0
0.0004951406756922437,1.0,1.0,0.0
0.0004952406756922437,1.0,1.0,0.0
0.0004953406756922436,1.0,1.0,0.0
0.0004954406756922436,1.0,1.0,0.0
0.0004955406756922435,1.0,1.0,0.0
0.0004956406756922435,1.0,1.0,0.0
0.0004957406756922434,1.0,1.0,0.0
0.0004958406756922434,1.0,1.0,0.0
0.0004959406756922433,1.0,1.0,0.0
0.0004960406756922433,1.0,1.0,0.0
0.0004961406756922432,1.0,1.0,0.0
0.0004962406756922432,1.0,1.0,0.0
0.0004963406756922431,1.0,1.0,0.0
0.000496440675692243,1.0,1.0,0.0
0.000496540675692243,1.0,1.0,0.0
0.000496640675692243,1.0,1.0,0.0
0.0004967406756922429,1.0,1.0,0.0
0.0004968406756922428,1.0,1.0,0.0
0.0004969406756922428,1.0,1.0,0.0
0.0004970406756922427,1.0,1.0,0.0
0.0004971406756922427,1.0,1.0,0.0
0.0004972406756922426,1.0,1.0,0.0
0.0004973406756922426,1.0,1.0,0.0
0.0004974406756922425,1.0,1.0,0.0
0.0004975406756922425,1.0,1.0,0.0
0.0004976406756922424,1.0,1.0,0.0
0.0004977406756922424,1.0,1.0,0.0
0.0004978406756922423,1.0,1.0,0.0
0.0004979406756922423,1.0,1.0,0.0
0.0004980406756922422,1.0,1.0,0.0
0.0004981406756922422,1.0,1.0,0.0
0.0004982406756922421,1.0,1.0,0.0
0.0004983406756922421,1.0,1.0,0.0
0.000498440675692242,1.0,1.0,0.0
0.000498540675692242,1.0,1.0,0.0
0.0004986406756922419,1.0,1.0,0.0
0.0004987406756922419,1.0,1.0,0.0
0.0004988406756922418,1.0,1.0,0.0
0.0004989406756922418,1.0,1.0,0.0
0.0004990406756922417,1.0,1.0,0.0
0.0004991406756922417,1.0,1.0,0.0
0.0004992406756922416,1.0,1.0,0.0
0.0004993406756922416,1.0,1.0,0.0
0.0004994406756922415,1.0,1.0,0.0
0.0004995406756922414,1.0,1.0,0.0
0.0004996406756922414,1.0,1.0,0.0
0.0004997406756922413,1.0,1.0,0.0
0.0004998406756922413,1.0,1.0,0.0
0.0004999406756922412,1.0,1.0,0.0
0.0005000406756922412,1.0,1.0,0.0
0.0005001406756922411,1.0,1.0,0.0
0.0005002406756922411,1.0,1.0,0.0
0.000500340675692241,1.0,1.0,0.0
0.000500440675692241,1.0,1.0,0.0
0.0005005406756922409,1.0,1.0,0.0
0.0005006406756922409,1.0,1.0,0.0
0.0005007406756922408,1.0,1.0,0.0
0.0005008406756922408,1.0,1.0,0.0
0.0005009406756922407,1.0,1.0,0.0
0.0005010406756922407,1.0,1.0,0.0
0.0005011406756922406,1.0,1.0,0.0
0.0005012406756922406,1.0,1.0,0.0
0.0005013406756922405,1.0,1.0,0.0
0.0005014406756922405,1.0,1.0,0.0
0.0005015406756922404,1.0,1.0,0.0
0.0005016406756922404,1.0,1.0,0.0
0.0005017406756922403,1.0,1.0,0.0
0.0005018406756922403,1.0,1.0,0.0
0.0005019406756922402,1.0,1.0,0.0
0.0005020406756922402,1.0,1.0,0.0
0.0005021406756922401,1.0,1.0,0.0
0.00050224067569224,1.0,1.0,0.0
0.00050234067569224,1.0,1.0,0.0
0.00050244067569224,1.0,1.0,0.0
0.0005025406756922399,1.0,1.0,0.0
0.0005026406756922398,1.0,1.0,0.0
0.0005027406756922398,1.0,1.0,0.0
0.0005028406756922397,1.0,1.0,0.0
0.0005029406756922397,1.0,1.0,0.0
0.0005030406756922396,1.0,1.0,0.0
0.0005031406756922396,1.0,1.0,0.0
0.0005032406756922395,1.0,1.0,0.0
0.0005033406756922395,1.0,1.0,0.0
0.0005034406756922394,1.0,1.0,0.0
0.0005035406756922394,1.0,1.0,0.0
0.0005036406756922393,1.0,1.0,0.0
0.0005037406756922393,1.0,1.0,0.0
0.0005038406756922392,1.0,1.0,0.0
0.0005039406756922392,1.0,1.0,0.0
0.0005040406756922391,1.0,1.0,0.0
0.0005041406756922391,1.0,1.0,0.0
0.000504240675692239,1.0,1.0,0.0
0.000504340675692239,1.0,1.0,0.0
0.0005044406756922389,1.0,1.0,0.0
0.0005045406756922389,1.0,1.0,0.0
0.0005046406756922388,1.0,1.0,0.0
0.0005047406756922388,1.0,1.0,0.0
0.0005048406756922387,1.0,1.0,0.0
0.0005049406756922387,1.0,1.0,0.0
0.0005050406756922386,1.0,1.0,0.0
0.0005051406756922385,1.0,1.0,0.0
0.0005052406756922385,1.0,1.0,0.0
0.0005053406756922384,1.0,1.0,0.0
0.0005054406756922384,1.0,1.0,0.0
0.0005055406756922383,1.0,1.0,0.0
0.0005056406756922383,1.0,1.0,0.0
0.0005057406756922382,1.0,1.0,0.0
0.0005058406756922382,1.0,1.0,0.0
0.0005059406756922381,1.0,1.0,0.0
0.0005060406756922381,1.0,1.0,0.0
0.000506140675692238,1.0,1.0,0.0
0.000506240675692238,1.0,1.0,0.0
0.0005063406756922379,1.0,1.0,0.0
0.0005064406756922379,1.0,1.0,0.0
0.0005065406756922378,1.0,1.0,0.0
0.0005066406756922378,1.0,1.0,0.0
0.0005067406756922377,1.0,1.0,0.0
0.0005068406756922377,1.0,1.0,0.0
0.0005069406756922376,1.0,1.0,0.0
0.0005070406756922376,1.0,1.0,0.0
0.0005071406756922375,1.0,1.0,0.0
0.0005072406756922375,1.0,1.0,0.0
0.0005073406756922374,1.0,1.0,0.0
0.0005074406756922374,1.0,1.0,0.0
0.0005075406756922373,1.0,1.0,0.0
0.0005076406756922373,1.0,1.0,0.0
0.0005077406756922372,1.0,1.0,0.0
0.0005078406756922372,1.0,1.0,0.0
0.0005079406756922371,1.0,1.0,0.0
0.000508040675692237,1.0,1.0,0.0
0.000508140675692237,1.0,1.0,0.0
0.0005082406756922369,1.0,1.0,0.0
0.0005083406756922369,1.0,1.0,0.0
0.0005084406756922368,1.0,1.0,0.0
0.0005085406756922368,1.0,1.0,0.0
0.0005086406756922367,1.0,1.0,0.0
0.0005087406756922367,1.0,1.0,0.0
0.0005088406756922366,1.0,1.0,0.0
0.0005089406756922366,1.0,1.0,0.0
0.0005090406756922365,1.0,1.0,0.0
0.0005091406756922365,1.0,1.0,0.0
0.0005092406756922364,1.0,1.0,0.0
0.0005093406756922364,1.0,1.0,0.0
0.0005094406756922363,1.0,1.0,0.0
0.0005095406756922363,1.0,1.0,0.0
0.0005096406756922362,1.0,1.0,0.0
0.0005097406756922362,1.0,1.0,0.0
0.0005098406756922361,1.0,1.0,0.0
0.0005099406756922361,1.0,1.0,0.0
0.000510040675692236,1.0,1.0,0.0
0.000510140675692236,1.0,1.0,0.0
0.0005102406756922359,1.0,1.0,0.0
0.0005103406756922359,1.0,1.0,0.0
0.0005104406756922358,1.0,1.0,0.0
0.0005105406756922358,1.0,1.0,0.0
0.0005106406756922357,1.0,1.0,0.0
0.0005107406756922356,1.0,1.0,0.0
0.0005108406756922356,1.0,1.0,0.0
0.0005109406756922355,1.0,1.0,0.0
0.0005110406756922355,1.0,1.0,0.0
0.0005111406756922354,1.0,1.0,0.0
0.0005112406756922354,1.0,1.0,0.0
0.0005113406756922353,1.0,1.0,0.0
0.0005114406756922353,1.0,1.0,0.0
0.0005115406756922352,1.0,1.0,0.0
0.0005116406756922352,1.0,1.0,0.0
0.0005117406756922351,1.0,1.0,0.0
0.0005118406756922351,1.0,1.0,0.0
0.000511940675692235,1.0,1.0,0.0
0.000512040675692235,1.0,1.0,0.0
0.0005121406756922349,1.0,1.0,0.0
0.0005122406756922349,1.0,1.0,0.0
0.0005123406756922348,1.0,1.0,0.0
0.0005124406756922348,1.0,1.0,0.0
0.0005125406756922347,1.0,1.0,0.0
0.0005126406756922347,1.0,1.0,0.0
0.0005127406756922346,1.0,1.0,0.0
0.0005128406756922346,1.0,1.0,0.0
0.0005129406756922345,1.0,1.0,0.0
0.0005130406756922345,1.0,1.0,0.0
0.0005131406756922344,1.0,1.0,0.0
0.0005132406756922344,1.0,1.0,0.0
0.0005133406756922343,1.0,1.0,0.0
0.0005134406756922343,1.0,1.0,0.0
0.0005135406756922342,1.0,1.0,0.0
0.0005136406756922341,1.0,1.0,0.0
0.0005137406756922341,1.0,1.0,0.0
0.000513840675692234,1.0,1.0,0.0
0.000513940675692234,1.0,1.0,0.0
0.0005140406756922339,1.0,1.0,0.0
0.0005141406756922339,1.0,1.0,0.0
0.0005142406756922338,1.0,1.0,0.0
0.0005143406756922338,1.0,1.0,0.0
0.0005144406756922337,1.0,1.0,0.0
0.0005145406756922337,1.0,1.0,0.0
0.0005146406756922336,1.0,1.0,0.0
0.0005147406756922336,1.0,1.0,0.0
0.0005148406756922335,1.0,1.0,0.0
0.0005149406756922335,1.0,1.0,0.0
0.0005150406756922334,1.0,1.0,0.0
0.0005151406756922334,1.0,1.0,0.0
0.0005152406756922333,1.0,1.0,0.0
0.0005153406756922333,1.0,1.0,0.0
0.0005154406756922332,1.0,1.0,0.0
0.0005155406756922332,1.0,1.0,0.0
0.0005156406756922331,1.0,1.0,0.0
0.0005157406756922331,1.0,1.0,0.0
0.000515840675692233,1.0,1.0,0.0
0.000515940675692233,1.0,1.0,0.0
0.0005160406756922329,1.0,1.0,0.0
0.0005161406756922329,1.0,1.0,0.0
0.0005162406756922328,1.0,1.0,0.0
0.0005163406756922327,1.0,1.0,0.0
0.0005164406756922327,1.0,1.0,0.0
0.0005165406756922326,1.0,1.0,0.0
0.0005166406756922326,1.0,1.0,0.0
0.0005167406756922325,1.0,1.0,0.0
0.0005168406756922325,1.0,1.0,0.0
0.0005169406756922324,1.0,1.0,0.0
0.0005170406756922324,1.0,1.0,0.0
0.0005171406756922323,1.0,1.0,0.0
0.0005172406756922323,1.0,1.0,0.0
0.0005173406756922322,1.0,1.0,0.0
0.0005174406756922322,1.0,1.0,0.0
0.0005175406756922321,1.0,1.0,0.0
0.0005176406756922321,1.0,1.0,0.0
0.000517740675692232,1.0,1.0,0.0
0.000517840675692232,1.0,1.0,0.0
0.0005179406756922319,1.0,1.0,0.0
0.0005180406756922319,1.0,1.0,0.0
0.0005181406756922318,1.0,1.0,0.0
0.0005182406756922318,1.0,1.0,0.0
0.0005183406756922317,1.0,1.0,0.0
0.0005184406756922317,1.0,1.0,0.0
0.0005185406756922316,1.0,1.0,0.0
0.0005186406756922316,1.0,1.0,0.0
0.0005187406756922315,1.0,1.0,0.0
0.0005188406756922315,1.0,1.0,0.0
0.0005189406756922314,1.0,1.0,0.0
0.0005190406756922314,1.0,1.0,0.0
0.0005191406756922313,1.0,1.0,0.0
0.0005192406756922312,1.0,1.0,0.0
0.0005193406756922312,1.0,1.0,0.0
0.0005194406756922311,1.0,1.0,0.0
0.0005195406756922311,1.0,1.0,0.0
0.000519640675692231,1.0,1.0,0.0
0.000519740675692231,1.0,1.0,0.0
0.0005198406756922309,1.0,1.0,0.0
0.0005199406756922309,1.0,1.0,0.0
0.0005200406756922308,1.0,1.0,0.0
0.0005201406756922308,1.0,1.0,0.0
0.0005202406756922307,1.0,1.0,0.0
0.0005203406756922307,1.0,1.0,0.0
0.0005204406756922306,1.0,1.0,0.0
0.0005205406756922306,1.0,1.0,0.0
0.0005206406756922305,1.0,1.0,0.0
0.0005207406756922305,1.0,1.0,0.0
0.0005208406756922304,1.0,1.0,0.0
0.0005209406756922304,1.0,1.0,0.0
0.0005210406756922303,1.0,1.0,0.0
0.0005211406756922303,1.0,1.0,0.0
0.0005212406756922302,1.0,1.0,0.0
0.0005213406756922302,1.0,1.0,0.0
0.0005214406756922301,1.0,1.0,0.0
0.0005215406756922301,1.0,1.0,0.0
0.00052164067569223,1.0,1.0,0.0
0.00052174067569223,1.0,1.0,0.0
0.0005218406756922299,1.0,1.0,0.0
0.0005219406756922298,1.0,1.0,0.0
0.0005220406756922298,1.0,1.0,0.0
0.0005221406756922297,1.0,1.0,0.0
0.0005222406756922297,1.0,1.0,0.0
0.0005223406756922296,1.0,1.0,0.0
0.0005224406756922296,1.0,1.0,0.0
0.0005225406756922295,1.0,1.0,0.0
0.0005226406756922295,1.0,1.0,0.0
0.0005227406756922294,1.0,1.0,0.0
0.0005228406756922294,1.0,1.0,0.0
0.0005229406756922293,1.0,1.0,0.0
0.0005230406756922293,1.0,1.0,0.0
0.0005231406756922292,1.0,1.0,0.0
0.0005232406756922292,1.0,1.0,0.0
0.0005233406756922291,1.0,1.0,0.0
0.0005234406756922291,1.0,1.0,0.0
0.000523540675692229,1.0,1.0,0.0
0.000523640675692229,1.0,1.0,0.0
0.0005237406756922289,1.0,1.0,0.0
0.0005238406756922289,1.0,1.0,0.0
0.0005239406756922288,1.0,1.0,0.0
0.0005240406756922288,1.0,1.0,0.0
0.0005241406756922287,1.0,1.0,0.0
0.0005242406756922287,1.0,1.0,0.0
0.0005243406756922286,1.0,1.0,0.0
0.0005244406756922286,1.0,1.0,0.0
0.0005245406756922285,1.0,1.0,0.0
0.0005246406756922285,1.0,1.0,0.0
0.0005247406756922284,1.0,1.0,0.0
0.0005248406756922283,1.0,1.0,0.0
0.0005249406756922283,1.0,1.0,0.0
0.0005250406756922282,1.0,1.0,0.0
0.0005251406756922282,1.0,1.0,0.0
0.0005252406756922281,1.0,1.0,0.0
0.0005253406756922281,1.0,1.0,0.0
0.000525440675692228,1.0,1.0,0.0
0.000525540675692228,1.0,1.0,0.0
0.0005256406756922279,1.0,1.0,0.0
0.0005257406756922279,1.0,1.0,0.0
0.0005258406756922278,1.0,1.0,0.0
0.0005259406756922278,1.0,1.0,0.0
0.0005260406756922277,1.0,1.0,0.0
0.0005261406756922277,1.0,1.0,0.0
0.0005262406756922276,1.0,1.0,0.0
0.0005263406756922276,1.0,1.0,0.0
0.0005264406756922275,1.0,1.0,0.0
0.0005265406756922275,1.0,1.0,0.0
0.0005266406756922274,1.0,1.0,0.0
0.0005267406756922274,1.0,1.0,0.0
0.0005268406756922273,1.0,1.0,0.0
0.0005269406756922273,1.0,1.0,0.0
0.0005270406756922272,1.0,1.0,0.0
0.0005271406756922272,1.0,1.0,0.0
0.0005272406756922271,1.0,1.0,0.0
0.000527340675692227,1.0,1.0,0.0
0.000527440675692227,1.0,1.0,0.0
0.000527540675692227,1.0,1.0,0.0
0.0005276406756922269,1.0,1.0,0.0
0.0005277406756922268,1.0,1.0,0.0
0.0005278406756922268,1.0,1.0,0.0
0.0005279406756922267,1.0,1.0,0.0
0.0005280406756922267,1.0,1.0,0.0
0.0005281406756922266,1.0,1.0,0.0
0.0005282406756922266,1.0,1.0,0.0
0.0005283406756922265,1.0,1.0,0.0
0.0005284406756922265,1.0,1.0,0.0
0.0005285406756922264,1.0,1.0,0.0
0.0005286406756922264,1.0,1.0,0.0
0.0005287406756922263,1.0,1.0,0.0
0.0005288406756922263,1.0,1.0,0.0
0.0005289406756922262,1.0,1.0,0.0
0.0005290406756922262,1.0,1.0,0.0
0.0005291406756922261,1.0,1.0,0.0
0.0005292406756922261,1.0,1.0,0.0
0.000529340675692226,1.0,1.0,0.0
0.000529440675692226,1.0,1.0,0.0
0.0005295406756922259,1.0,1.0,0.0
0.0005296406756922259,1.0,1.0,0.0
0.0005297406756922258,1.0,1.0,0.0
0.0005298406756922258,1.0,1.0,0.0
0.0005299406756922257,1.0,1.0,0.0
0.0005300406756922257,1.0,1.0,0.0
0.0005301406756922256,1.0,1.0,0.0
0.0005302406756922256,1.0,1.0,0.0
0.0005303406756922255,1.0,1.0,0.0
0.0005304406756922254,1.0,1.0,0.0
0.0005305406756922254,1.0,1.0,0.0
0.0005306406756922253,1.0,1.0,0.0
0.0005307406756922253,1.0,1.0,0.0
0.0005308406756922252,1.0,1.0,0.0
0.0005309406756922252,1.0,1.0,0.0
0.0005310406756922251,1.0,1.0,0.0
0.0005311406756922251,1.0,1.0,0.0
0.000531240675692225,1.0,1.0,0.0
0.000531340675692225,1.0,1.0,0.0
0.0005314406756922249,1.0,1.0,0.0
0.0005315406756922249,1.0,1.0,0.0
0.0005316406756922248,1.0,1.0,0.0
0.0005317406756922248,1.0,1.0,0.0
0.0005318406756922247,1.0,1.0,0.0
0.0005319406756922247,1.0,1.0,0.0
0.0005320406756922246,1.0,1.0,0.0
0.0005321406756922246,1.0,1.0,0.0
0.0005322406756922245,1.0,1.0,0.0
0.0005323406756922245,1.0,1.0,0.0
0.0005324406756922244,1.0,1.0,0.0
0.0005325406756922244,1.0,1.0,0.0
0.0005326406756922243,1.0,1.0,0.0
0.0005327406756922243,1.0,1.0,0.0
0.0005328406756922242,1.0,1.0,0.0
0.0005329406756922242,1.0,1.0,0.0
0.0005330406756922241,1.0,1.0,0.0
0.000533140675692224,1.0,1.0,0.0
0.000533240675692224,1.0,1.0,0.0
0.000533340675692224,1.0,1.0,0.0
0.0005334406756922239,1.0,1.0,0.0
0.0005335406756922238,1.0,1.0,0.0
0.0005336406756922238,1.0,1.0,0.0
0.0005337406756922237,1.0,1.0,0.0
0.0005338406756922237,1.0,1.0,0.0
0.0005339406756922236,1.0,1.0,0.0
0.0005340406756922236,1.0,1.0,0.0
0.0005341406756922235,1.0,1.0,0.0
0.0005342406756922235,1.0,1.0,0.0
0.0005343406756922234,1.0,1.0,0.0
0.0005344406756922234,1.0,1.0,0.0
0.0005345406756922233,1.0,1.0,0.0
0.0005346406756922233,1.0,1.0,0.0
0.0005347406756922232,1.0,1.0,0.0
0.0005348406756922232,1.0,1.0,0.0
0.0005349406756922231,1.0,1.0,0.0
0.0005350406756922231,1.0,1.0,0.0
0.000535140675692223,1.0,1.0,0.0
0.000535240675692223,1.0,1.0,0.0
0.0005353406756922229,1.0,1.0,0.0
0.0005354406756922229,1.0,1.0,0.0
0.0005355406756922228,1.0,1.0,0.0
0.0005356406756922228,1.0,1.0,0.0
0.0005357406756922227,1.0,1.0,0.0
0.0005358406756922227,1.0,1.0,0.0
0.0005359406756922226,1.0,1.0,0.0
0.0005360406756922225,1.0,1.0,0.0
0.0005361406756922225,1.0,1.0,0.0
0.0005362406756922224,1.0,1.0,0.0
0.0005363406756922224,1.0,1.0,0.0
0.0005364406756922223,1.0,1.0,0.0
0.0005365406756922223,1.0,1.0,0.0
0.0005366406756922222,1.0,1.0,0.0
0.0005367406756922222,1.0,1.0,0.0
0.0005368406756922221,1.0,1.0,0.0
0.0005369406756922221,1.0,1.0,0.0
0.000537040675692222,1.0,1.0,0.0
0.000537140675692222,1.0,1.0,0.0
0.0005372406756922219,1.0,1.0,0.0
0.0005373406756922219,1.0,1.0,0.0
0.0005374406756922218,1.0,1.0,0.0
0.0005375406756922218,1.0,1.0,0.0
0.0005376406756922217,1.0,1.0,0.0
0.0005377406756922217,1.0,1.0,0.0
0.0005378406756922216,1.0,1.0,0.0
0.0005379406756922216,1.0,1.0,0.0
0.0005380406756922215,1.0,1.0,0.0
0.0005381406756922215,1.0,1.0,0.0
0.0005382406756922214,1.0,1.0,0.0
0.0005383406756922214,1.0,1.0,0.0
0.0005384406756922213,1.0,1.0,0.0
0.0005385406756922213,1.0,1.0,0.0
0.0005386406756922212,1.0,1.0,0.0
0.0005387406756922212,1.0,1.0,0.0
0.0005388406756922211,1.0,1.0,0.0
0.000538940675692221,1.0,1.0,0.0
0.000539040675692221,1.0,1.0,0.0
0.0005391406756922209,1.0,1.0,0.0
0.0005392406756922209,1.0,1.0,0.0
0.0005393406756922208,1.0,1.0,0.0
0.0005394406756922208,1.0,1.0,0.0
0.0005395406756922207,1.0,1.0,0.0
0.0005396406756922207,1.0,1.0,0.0
0.0005397406756922206,1.0,1.0,0.0
0.0005398406756922206,1.0,1.0,0.0
0.0005399406756922205,1.0,1.0,0.0
0.0005400406756922205,1.0,1.0,0.0
0.0005401406756922204,1.0,1.0,0.0
0.0005402406756922204,1.0,1.0,0.0
0.0005403406756922203,1.0,1.0,0.0
0.0005404406756922203,1.0,1.0,0.0
0.0005405406756922202,1.0,1.0,0.0
0.0005406406756922202,1.0,1.0,0.0
0.0005407406756922201,1.0,1.0,0.0
0.0005408406756922201,1.0,1.0,0.0
0.00054094067569222,1.0,1.0,0.0
0.00054104067569222,1.0,1.0,0.0
0.0005411406756922199,1.0,1.0,0.0
0.0005412406756922199,1.0,1.0,0.0
0.0005413406756922198,1.0,1.0,0.0
0.0005414406756922198,1.0,1.0,0.0
0.0005415406756922197,1.0,1.0,0.0
0.0005416406756922196,1.0,1.0,0.0
0.0005417406756922196,1.0,1.0,0.0
0.0005418406756922195,1.0,1.0,0.0
0.0005419406756922195,1.0,1.0,0.0
0.0005420406756922194,1.0,1.0,0.0
0.0005421406756922194,1.0,1.0,0.0
0.0005422406756922193,1.0,1.0,0.0
0.0005423406756922193,1.0,1.0,0.0
0.0005424406756922192,1.0,1.0,0.0
0.0005425406756922192,1.0,1.0,0.0
0.0005426406756922191,1.0,1.0,0.0
0.0005427406756922191,1.0,1.0,0.0
0.000542840675692219,1.0,1.0,0.0
0.000542940675692219,1.0,1.0,0.0
0.0005430406756922189,1.0,1.0,0.0
0.0005431406756922189,1.0,1.0,0.0
0.0005432406756922188,1.0,1.0,0.0
0.0005433406756922188,1.0,1.0,0.0
0.0005434406756922187,1.0,1.0,0.0
0.0005435406756922187,1.0,1.0,0.0
0.0005436406756922186,1.0,1.0,0.0
0.0005437406756922186,1.0,1.0,0.0
0.0005438406756922185,1.0,1.0,0.0
0.0005439406756922185,1.0,1.0,0.0
0.0005440406756922184,1.0,1.0,0.0
0.0005441406756922184,1.0,1.0,0.0
0.0005442406756922183,1.0,1.0,0.0
0.0005443406756922183,1.0,1.0,0.0
0.0005444406756922182,1.0,1.0,0.0
0.0005445406756922181,1.0,1.0,0.0
0.0005446406756922181,1.0,1.0,0.0
0.000544740675692218,1.0,1.0,0.0
0.000544840675692218,1.0,1.0,0.0
0.0005449406756922179,1.0,1.0,0.0
0.0005450406756922179,1.0,1.0,0.0
0.0005451406756922178,1.0,1.0,0.0
0.0005452406756922178,1.0,1.0,0.0
0.0005453406756922177,1.0,1.0,0.0
0.0005454406756922177,1.0,1.0,0.0
0.0005455406756922176,1.0,1.0,0.0
0.0005456406756922176,1.0,1.0,0.0
0.0005457406756922175,1.0,1.0,0.0
0.0005458406756922175,1.0,1.0,0.0
0.0005459406756922174,1.0,1.0,0.0
0.0005460406756922174,1.0,1.0,0.0
0.0005461406756922173,1.0,1.0,0.0
0.0005462406756922173,1.0,1.0,0.0
0.0005463406756922172,1.0,1.0,0.0
0.0005464406756922172,1.0,1.0,0.0
0.0005465406756922171,1.0,1.0,0.0
0.0005466406756922171,1.0,1.0,0.0
0.000546740675692217,1.0,1.0,0.0
0.000546840675692217,1.0,1.0,0.0
0.0005469406756922169,1.0,1.0,0.0
0.0005470406756922169,1.0,1.0,0.0
0.0005471406756922168,1.0,1.0,0.0
0.0005472406756922167,1.0,1.0,0.0
0.0005473406756922167,1.0,1.0,0.0
0.0005474406756922166,1.0,1.0,0.0
0.0005475406756922166,1.0,1.0,0.0
0.0005476406756922165,1.0,1.0,0.0
0.0005477406756922165,1.0,1.0,0.0
0.0005478406756922164,1.0,1.0,0.0
0.0005479406756922164,1.0,1.0,0.0
0.0005480406756922163,1.0,1.0,0.0
0.0005481406756922163,1.0,1.0,0.0
0.0005482406756922162,1.0,1.0,0.0
0.0005483406756922162,1.0,1.0,0.0
0.0005484406756922161,1.0,1.0,0.0
0.0005485406756922161,1.0,1.0,0.0
0.000548640675692216,1.0,1.0,0.0
0.000548740675692216,1.0,1.0,0.0
0.0005488406756922159,1.0,1.0,0.0
0.0005489406756922159,1.0,1.0,0.0
0.0005490406756922158,1.0,1.0,0.0
0.0005491406756922158,1.0,1.0,0.0
0.0005492406756922157,1.0,1.0,0.0
0.0005493406756922157,1.0,1.0,0.0
0.0005494406756922156,1.0,1.0,0.0
0.0005495406756922156,1.0,1.0,0.0
0.0005496406756922155,1.0,1.0,0.0
0.0005497406756922155,1.0,1.0,0.0
0.0005498406756922154,1.0,1.0,0.0
0.0005499406756922154,1.0,1.0,0.0
0.0005500406756922153,1.0,1.0,0.0
0.0005501406756922152,1.0,1.0,0.0
0.0005502406756922152,1.0,1.0,0.0
0.0005503406756922151,1.0,1.0,0.0
0.0005504406756922151,1.0,1.0,0.0
0.000550540675692215,1.0,1.0,0.0
0.000550640675692215,1.0,1.0,0.0
0.0005507406756922149,1.0,1.0,0.0
0.0005508406756922149,1.0,1.0,0.0
0.0005509406756922148,1.0,1.0,0.0
0.0005510406756922148,1.0,1.0,0.0
0.0005511406756922147,1.0,1.0,0.0
0.0005512406756922147,1.0,1.0,0.0
0.0005513406756922146,1.0,1.0,0.0
0.0005514406756922146,1.0,1.0,0.0
0.0005515406756922145,1.0,1.0,0.0
0.0005516406756922145,1.0,1.0,0.0
0.0005517406756922144,1.0,1.0,0.0
0.0005518406756922144,1.0,1.0,0.0
0.0005519406756922143,1.0,1.0,0.0
0.0005520406756922143,1.0,1.0,0.0
0.0005521406756922142,1.0,1.0,0.0
0.0005522406756922142,1.0,1.0,0.0
0.0005523406756922141,1.0,1.0,0.0
0.0005524406756922141,1.0,1.0,0.0
0.000552540675692214,1.0,1.0,0.0
0.000552640675692214,1.0,1.0,0.0
0.0005527406756922139,1.0,1.0,0.0
0.0005528406756922138,1.0,1.0,0.0
0.0005529406756922138,1.0,1.0,0.0
0.0005530406756922137,1.0,1.0,0.0
0.0005531406756922137,1.0,1.0,0.0
0.0005532406756922136,1.0,1.0,0.0
0.0005533406756922136,1.0,1.0,0.0
0.0005534406756922135,1.0,1.0,0.0
0.0005535406756922135,1.0,1.0,0.0
0.0005536406756922134,1.0,1.0,0.0
0.0005537406756922134,1.0,1.0,0.0
0.0005538406756922133,1.0,1.0,0.0
0.0005539406756922133,1.0,1.0,0.0
0.0005540406756922132,1.0,1.0,0.0
0.0005541406756922132,1.0,1.0,0.0
0.0005542406756922131,1.0,1.0,0.0
0.0005543406756922131,1.0,1.0,0.0
0.000554440675692213,1.0,1.0,0.0
0.000554540675692213,1.0,1.0,0.0
0.0005546406756922129,1.0,1.0,0.0
0.0005547406756922129,1.0,1.0,0.0
0.0005548406756922128,1.0,1.0,0.0
0.0005549406756922128,1.0,1.0,0.0
0.0005550406756922127,1.0,1.0,0.0
0.0005551406756922127,1.0,1.0,0.0
0.0005552406756922126,1.0,1.0,0.0
0.0005553406756922126,1.0,1.0,0.0
0.0005554406756922125,1.0,1.0,0.0
0.0005555406756922125,1.0,1.0,0.0
0.0005556406756922124,1.0,1.0,0.0
0.0005557406756922123,1.0,1.0,0.0
0.0005558406756922123,1.0,1.0,0.0
0.0005559406756922122,1.0,1.0,0.0
0.0005560406756922122,1.0,1.0,0.0
0.0005561406756922121,1.0,1.0,0.0
0.0005562406756922121,1.0,1.0,0.0
0.000556340675692212,1.0,1.0,0.0
0.000556440675692212,1.0,1.0,0.0
0.0005565406756922119,1.0,1.0,0.0
0.0005566406756922119,1.0,1.0,0.0
0.0005567406756922118,1.0,1.0,0.0
0.0005568406756922118,1.0,1.0,0.0
0.0005569406756922117,1.0,1.0,0.0
0.0005570406756922117,1.0,1.0,0.0
0.0005571406756922116,1.0,1.0,0.0
0.0005572406756922116,1.0,1.0,0.0
0.0005573406756922115,1.0,1.0,0.0
0.0005574406756922115,1.0,1.0,0.0
0.0005575406756922114,1.0,1.0,0.0
0.0005576406756922114,1.0,1.0,0.0
0.0005577406756922113,1.0,1.0,0.0
0.0005578406756922113,1.0,1.0,0.0
0.0005579406756922112,1.0,1.0,0.0
0.0005580406756922112,1.0,1.0,0.0
0.0005581406756922111,1.0,1.0,0.0
0.000558240675692211,1.0,1.0,0.0
0.000558340675692211,1.0,1.0,0.0
0.000558440675692211,1.0,1.0,0.0
0.0005585406756922109,1.0,1.0,0.0
0.0005586406756922108,1.0,1.0,0.0
0.0005587406756922108,1.0,1.0,0.0
0.0005588406756922107,1.0,1.0,0.0
0.0005589406756922107,1.0,1.0,0.0
0.0005590406756922106,1.0,1.0,0.0
0.0005591406756922106,1.0,1.0,0.0
0.0005592406756922105,1.0,1.0,0.0
0.0005593406756922105,1.0,1.0,0.0
0.0005594406756922104,1.0,1.0,0.0
0.0005595406756922104,1.0,1.0,0.0
0.0005596406756922103,1.0,1.0,0.0
0.0005597406756922103,1.0,1.0,0.0
0.0005598406756922102,1.0,1.0,0.0
0.0005599406756922102,1.0,1.0,0.0
0.0005600406756922101,1.0,1.0,0.0
0.0005601406756922101,1.0,1.0,0.0
0.00056024067569221,1.0,1.0,0.0
0.00056034067569221,1.0,1.0,0.0
0.0005604406756922099,1.0,1.0,0.0
0.0005605406756922099,1.0,1.0,0.0
0.0005606406756922098,1.0,1.0,0.0
0.0005607406756922098,1.0,1.0,0.0
0.0005608406756922097,1.0,1.0,0.0
0.0005609406756922097,1.0,1.0,0.0
0.0005610406756922096,1.0,1.0,0.0
0.0005611406756922096,1.0,1.0,0.0
0.0005612406756922095,1.0,1.0,0.0
0.0005613406756922094,1.0,1.0,0.0
0.0005614406756922094,1.0,1.0,0.0
0.0005615406756922093,1.0,1.0,0.0
0.0005616406756922093,1.0,1.0,0.0
0.0005617406756922092,1.0,1.0,0.0
0.0005618406756922092,1.0,1.0,0.0
0.0005619406756922091,1.0,1.0,0.0
0.0005620406756922091,1.0,1.0,0.0
0.000562140675692209,1.0,1.0,0.0
0.000562240675692209,1.0,1.0,0.0
0.0005623406756922089,1.0,1.0,0.0
0.0005624406756922089,1.0,1.0,0.0
0.0005625406756922088,1.0,1.0,0.0
0.0005626406756922088,1.0,1.0,0.0
0.0005627406756922087,1.0,1.0,0.0
0.0005628406756922087,1.0,1.0,0.0
0.0005629406756922086,1.0,1.0,0.0
0.0005630406756922086,1.0,1.0,0.0
0.0005631406756922085,1.0,1.0,0.0
0.0005632406756922085,1.0,1.0,0.0
0.0005633406756922084,1.0,1.0,0.0
0.0005634406756922084,1.0,1.0,0.0
0.0005635406756922083,1.0,1.0,0.0
0.0005636406756922083,1.0,1.0,0.0
0.0005637406756922082,1.0,1.0,0.0
0.0005638406756922082,1.0,1.0,0.0
0.0005639406756922081,1.0,1.0,0.0
0.000564040675692208,1.0,1.0,0.0
0.000564140675692208,1.0,1.0,0.0
0.000564240675692208,1.0,1.0,0.0
0.0005643406756922079,1.0,1.0,0.0
0.0005644406756922078,1.0,1.0,0.0
0.0005645406756922078,1.0,1.0,0.0
0.0005646406756922077,1.0,1.0,0.0
0.0005647406756922077,1.0,1.0,0.0
0.0005648406756922076,1.0,1.0,0.0
0.0005649406756922076,1.0,1.0,0.0
0.0005650406756922075,1.0,1.0,0.0
0.0005651406756922075,1.0,1.0,0.0
0.0005652406756922074,1.0,1.0,0.0
0.0005653406756922074,1.0,1.0,0.0
0.0005654406756922073,1.0,1.0,0.0
0.0005655406756922073,1.0,1.0,0.0
0.0005656406756922072,1.0,1.0,0.0
0.0005657406756922072,1.0,1.0,0.0
0.0005658406756922071,1.0,1.0,0.0
0.0005659406756922071,1.0,1.0,0.0
0.000566040675692207,1.0,1.0,0.0
0.000566140675692207,1.0,1.0,0.0
0.0005662406756922069,1.0,1.0,0.0
0.0005663406756922069,1.0,1.0,0.0
0.0005664406756922068,1.0,1.0,0.0
0.0005665406756922068,1.0,1.0,0.0
0.0005666406756922067,1.0,1.0,0.0
0.0005667406756922067,1.0,1.0,0.0
0.0005668406756922066,1.0,1.0,0.0
0.0005669406756922065,1.0,1.0,0.0
0.0005670406756922065,1.0,1.0,0.0
0.0005671406756922064,1.0,1.0,0.0
0.0005672406756922064,1.0,1.0,0.0
0.0005673406756922063,1.0,1.0,0.0
0.0005674406756922063,1.0,1.0,0.0
0.0005675406756922062,1.0,1.0,0.0
0.0005676406756922062,1.0,1.0,0.0
0.0005677406756922061,1.0,1.0,0.0
0.0005678406756922061,1.0,1.0,0.0
0.000567940675692206,1.0,1.0,0.0
0.000568040675692206,1.0,1.0,0.0
0.0005681406756922059,1.0,1.0,0.0
0.0005682406756922059,1.0,1.0,0.0
0.0005683406756922058,1.0,1.0,0.0
0.0005684406756922058,1.0,1.0,0.0
0.0005685406756922057,1.0,1.0,0.0
0.0005686406756922057,1.0,1.0,0.0
0.0005687406756922056,1.0,1.0,0.0
0.0005688406756922056,1.0,1.0,0.0
0.0005689406756922055,1.0,1.0,0.0
0.0005690406756922055,1.0,1.0,0.0
0.0005691406756922054,1.0,1.0,0.0
0.0005692406756922054,1.0,1.0,0.0
0.0005693406756922053,1.0,1.0,0.0
0.0005694406756922053,1.0,1.0,0.0
0.0005695406756922052,1.0,1.0,0.0
0.0005696406756922052,1.0,1.0,0.0
0.0005697406756922051,1.0,1.0,0.0
0.000569840675692205,1.0,1.0,0.0
0.000569940675692205,1.0,1.0,0.0
0.0005700406756922049,1.0,1.0,0.0
0.0005701406756922049,1.0,1.0,0.0
0.0005702406756922048,1.0,1.0,0.0
0.0005703406756922048,1.0,1.0,0.0
0.0005704406756922047,1.0,1.0,0.0
0.0005705406756922047,1.0,1.0,0.0
0.0005706406756922046,1.0,1.0,0.0
0.0005707406756922046,1.0,1.0,0.0
0.0005708406756922045,1.0,1.0,0.0
0.0005709406756922045,1.0,1.0,0.0
0.0005710406756922044,1.0,1.0,0.0
0.0005711406756922044,1.0,1.0,0.0
0.0005712406756922043,1.0,1.0,0.0
0.0005713406756922043,1.0,1.0,0.0
0.0005714406756922042,1.0,1.0,0.0
0.0005715406756922042,1.0,1.0,0.0
0.0005716406756922041,1.0,1.0,0.0
0.0005717406756922041,1.0,1.0,0.0
0.000571840675692204,1.0,1.0,0.0
0.000571940675692204,1.0,1.0,0.0
0.0005720406756922039,1.0,1.0,0.0
0.0005721406756922039,1.0,1.0,0.0
0.0005722406756922038,1.0,1.0,0.0
0.0005723406756922038,1.0,1.0,0.0
0.0005724406756922037,1.0,1.0,0.0
0.0005725406756922036,1.0,1.0,0.0
0.0005726406756922036,1.0,1.0,0.0
0.0005727406756922035,1.0,1.0,0.0
0.0005728406756922035,1.0,1.0,0.0
0.0005729406756922034,1.0,1.0,0.0
0.0005730406756922034,1.0,1.0,0.0
0.0005731406756922033,1.0,1.0,0.0
0.0005732406756922033,1.0,1.0,0.0
0.0005733406756922032,1.0,1.0,0.0
0.0005734406756922032,1.0,1.0,0.0
0.0005735406756922031,1.0,1.0,0.0
0.0005736406756922031,1.0,1.0,0.0
0.000573740675692203,1.0,1.0,0.0
0.000573840675692203,1.0,1.0,0.0
0.0005739406756922029,1.0,1.0,0.0
0.0005740406756922029,1.0,1.0,0.0
0.0005741406756922028,1.0,1.0,0.0
0.0005742406756922028,1.0,1.0,0.0
0.0005743406756922027,1.0,1.0,0.0
0.0005744406756922027,1.0,1.0,0.0
0.0005745406756922026,1.0,1.0,0.0
0.0005746406756922026,1.0,1.0,0.0
0.0005747406756922025,1.0,1.0,0.0
0.0005748406756922025,1.0,1.0,0.0
0.0005749406756922024,1.0,1.0,0.0
0.0005750406756922024,1.0,1.0,0.0
0.0005751406756922023,1.0,1.0,0.0
0.0005752406756922023,1.0,1.0,0.0
0.0005753406756922022,1.0,1.0,0.0
0.0005754406756922021,1.0,1.0,0.0
0.0005755406756922021,1.0,1.0,0.0
0.000575640675692202,1.0,1.0,0.0
0.000575740675692202,1.0,1.0,0.0
0.0005758406756922019,1.0,1.0,0.0
0.0005759406756922019,1.0,1.0,0.0
0.0005760406756922018,1.0,1.0,0.0
0.0005761406756922018,1.0,1.0,0.0
0.0005762406756922017,1.0,1.0,0.0
0.0005763406756922017,1.0,1.0,0.0
0.0005764406756922016,1.0,1.0,0.0
0.0005765406756922016,1.0,1.0,0.0
0.0005766406756922015,1.0,1.0,0.0
0.0005767406756922015,1.0,1.0,0.0
0.0005768406756922014,1.0,1.0,0.0
0.0005769406756922014,1.0,1.0,0.0
0.0005770406756922013,1.0,1.0,0.0
0.0005771406756922013,1.0,1.0,0.0
0.0005772406756922012,1.0,1.0,0.0
0.0005773406756922012,1.0,1.0,0.0
0.0005774406756922011,1.0,1.0,0.0
0.0005775406756922011,1.0,1.0,0.0
0.000577640675692201,1.0,1.0,0.0
0.000577740675692201,1.0,1.0,0.0
0.0005778406756922009,1.0,1.0,0.0
0.0005779406756922009,1.0,1.0,0.0
0.0005780406756922008,1.0,1.0,0.0
0.0005781406756922007,1.0,1.0,0.0
0.0005782406756922007,1.0,1.0,0.0
0.0005783406756922006,1.0,1.0,0.0
0.0005784406756922006,1.0,1.0,0.0
0.0005785406756922005,1.0,1.0,0.0
0.0005786406756922005,1.0,1.0,0.0
0.0005787406756922004,1.0,1.0,0.0
0.0005788406756922004,1.0,1.0,0.0
0.0005789406756922003,1.0,1.0,0.0
0.0005790406756922003,1.0,1.0,0.0
0.0005791406756922002,1.0,1.0,0.0
0.0005792406756922002,1.0,1.0,0.0
0.0005793406756922001,1.0,1.0,0.0
0.0005794406756922001,1.0,1.0,0.0
0.0005795406756922,1.0,1.0,0.0
0.0005796406756922,1.0,1.0,0.0
0.0005797406756921999,1.0,1.0,0.0
0.0005798406756921999,1.0,1.0,0.0
0.0005799406756921998,1.0,1.0,0.0
0.0005800406756921998,1.0,1.0,0.0
0.0005801406756921997,1.0,1.0,0.0
0.0005802406756921997,1.0,1.0,0.0
0.0005803406756921996,1.0,1.0,0.0
0.0005804406756921996,1.0,1.0,0.0
0.0005805406756921995,1.0,1.0,0.0
0.0005806406756921995,1.0,1.0,0.0
0.0005807406756921994,1.0,1.0,0.0
0.0005808406756921994,1.0,1.0,0.0
0.0005809406756921993,1.0,1.0,0.0
0.0005810406756921992,1.0,1.0,0.0
0.0005811406756921992,1.0,1.0,0.0
0.0005812406756921991,1.0,1.0,0.0
0.0005813406756921991,1.0,1.0,0.0
0.000581440675692199,1.0,1.0,0.0
0.000581540675692199,1.0,1.0,0.0
0.0005816406756921989,1.0,1.0,0.0
0.0005817406756921989,1.0,1.0,0.0
0.0005818406756921988,1.0,1.0,0.0
0.0005819406756921988,1.0,1.0,0.0
0.0005820406756921987,1.0,1.0,0.0
0.0005821406756921987,1.0,1.0,0.0
0.0005822406756921986,1.0,1.0,0.0
0.0005823406756921986,1.0,1.0,0.0
0.0005824406756921985,1.0,1.0,0.0
0.0005825406756921985,1.0,1.0,0.0
0.0005826406756921984,1.0,1.0,0.0
0.0005827406756921984,1.0,1.0,0.0
0.0005828406756921983,1.0,1.0,0.0
0.0005829406756921983,1.0,1.0,0.0
0.0005830406756921982,1.0,1.0,0.0
0.0005831406756921982,1.0,1.0,0.0
0.0005832406756921981,1.0,1.0,0.0
0.0005833406756921981,1.0,1.0,0.0
0.000583440675692198,1.0,1.0,0.0
0.000583540675692198,1.0,1.0,0.0
0.0005836406756921979,1.0,1.0,0.0
0.0005837406756921978,1.0,1.0,0.0
0.0005838406756921978,1.0,1.0,0.0
0.0005839406756921977,1.0,1.0,0.0
0.0005840406756921977,1.0,1.0,0.0
0.0005841406756921976,1.0,1.0,0.0
0.0005842406756921976,1.0,1.0,0.0
0.0005843406756921975,1.0,1.0,0.0
0.0005844406756921975,1.0,1.0,0.0
0.0005845406756921974,1.0,1.0,0.0
0.0005846406756921974,1.0,1.0,0.0
0.0005847406756921973,1.0,1.0,0.0
0.0005848406756921973,1.0,1.0,0.0
0.0005849406756921972,1.0,1.0,0.0
0.0005850406756921972,1.0,1.0,0.0
0.0005851406756921971,1.0,1.0,0.0
0.0005852406756921971,1.0,1.0,0.0
0.000585340675692197,1.0,1.0,0.0
0.000585440675692197,1.0,1.0,0.0
0.0005855406756921969,1.0,1.0,0.0
0.0005856406756921969,1.0,1.0,0.0
0.0005857406756921968,1.0,1.0,0.0
0.0005858406756921968,1.0,1.0,0.0
0.0005859406756921967,1.0,1.0,0.0
0.0005860406756921967,1.0,1.0,0.0
0.0005861406756921966,1.0,1.0,0.0
0.0005862406756921966,1.0,1.0,0.0
0.0005863406756921965,1.0,1.0,0.0
0.0005864406756921965,1.0,1.0,0.0
0.0005865406756921964,1.0,1.0,0.0
0.0005866406756921963,1.0,1.0,0.0
0.0005867406756921963,1.0,1.0,0.0
0.0005868406756921962,1.0,1.0,0.0
0.0005869406756921962,1.0,1.0,0.0
0.0005870406756921961,1.0,1.0,0.0
0.0005871406756921961,1.0,1.0,0.0
0.000587240675692196,1.0,1.0,0.0
0.000587340675692196,1.0,1.0,0.0
0.0005874406756921959,1.0,1.0,0.0
0.0005875406756921959,1.0,1.0,0.0
0.0005876406756921958,1.0,1.0,0.0
0.0005877406756921958,1.0,1.0,0.0
0.0005878406756921957,1.0,1.0,0.0
0.0005879406756921957,1.0,1.0,0.0
0.0005880406756921956,1.0,1.0,0.0
0.0005881406756921956,1.0,1.0,0.0
0.0005882406756921955,1.0,1.0,0.0
0.0005883406756921955,1.0,1.0,0.0
0.0005884406756921954,1.0,1.0,0.0
0.0005885406756921954,1.0,1.0,0.0
0.0005886406756921953,1.0,1.0,0.0
0.0005887406756921953,1.0,1.0,0.0
0.0005888406756921952,1.0,1.0,0.0
0.0005889406756921952,1.0,1.0,0.0
0.0005890406756921951,1.0,1.0,0.0
0.000589140675692195,1.0,1.0,0.0
0.000589240675692195,1.0,1.0,0.0
0.000589340675692195,1.0,1.0,0.0
0.0005894406756921949,1.0,1.0,0.0
0.0005895406756921948,1.0,1.0,0.0
0.0005896406756921948,1.0,1.0,0.0
0.0005897406756921947,1.0,1.0,0.0
0.0005898406756921947,1.0,1.0,0.0
0.0005899406756921946,1.0,1.0,0.0
0.0005900406756921946,1.0,1.0,0.0
0.0005901406756921945,1.0,1.0,0.0
0.0005902406756921945,1.0,1.0,0.0
0.0005903406756921944,1.0,1.0,0.0
0.0005904406756921944,1.0,1.0,0.0
0.0005905406756921943,1.0,1.0,0.0
0.0005906406756921943,1.0,1.0,0.0
0.0005907406756921942,1.0,1.0,0.0
0.0005908406756921942,1.0,1.0,0.0
0.0005909406756921941,1.0,1.0,0.0
0.0005910406756921941,1.0,1.0,0.0
0.000591140675692194,1.0,1.0,0.0
0.000591240675692194,1.0,1.0,0.0
0.0005913406756921939,1.0,1.0,0.0
0.0005914406756921939,1.0,1.0,0.0
0.0005915406756921938,1.0,1.0,0.0
0.0005916406756921938,1.0,1.0,0.0
0.0005917406756921937,1.0,1.0,0.0
0.0005918406756921937,1.0,1.0,0.0
0.0005919406756921936,1.0,1.0,0.0
0.0005920406756921936,1.0,1.0,0.0
0.0005921406756921935,1.0,1.0,0.0
0.0005922406756921934,1.0,1.0,0.0
0.0005923406756921934,1.0,1.0,0.0
0.0005924406756921933,1.0,1.0,0.0
0.0005925406756921933,1.0,1.0,0.0
0.0005926406756921932,1.0,1.0,0.0
0.0005927406756921932,1.0,1.0,0.0
0.0005928406756921931,1.0,1.0,0.0
0.0005929406756921931,1.0,1.0,0.0
0.000593040675692193,1.0,1.0,0.0
0.000593140675692193,1.0,1.0,0.0
0.0005932406756921929,1.0,1.0,0.0
0.0005933406756921929,1.0,1.0,0.0
0.0005934406756921928,1.0,1.0,0.0
0.0005935406756921928,1.0,1.0,0.0
0.0005936406756921927,1.0,1.0,0.0
0.0005937406756921927,1.0,1.0,0.0
0.0005938406756921926,1.0,1.0,0.0
0.0005939406756921926,1.0,1.0,0.0
0.0005940406756921925,1.0,1.0,0.0
0.0005941406756921925,1.0,1.0,0.0
0.0005942406756921924,1.0,1.0,0.0
0.0005943406756921924,1.0,1.0,0.0
0.0005944406756921923,1.0,1.0,0.0
0.0005945406756921923,1.0,1.0,0.0
0.0005946406756921922,1.0,1.0,0.0
0.0005947406756921922,1.0,1.0,0.0
0.0005948406756921921,1.0,1.0,0.0
0.000594940675692192,1.0,1.0,0.0
0.000595040675692192,1.0,1.0,0.0
0.000595140675692192,1.0,1.0,0.0
0.0005952406756921919,1.0,1.0,0.0
0.0005953406756921918,1.0,1.0,0.0
0.0005954406756921918,1.0,1.0,0.0
0.0005955406756921917,1.0,1.0,0.0
0.0005956406756921917,1.0,1.0,0.0
0.0005957406756921916,1.0,1.0,0.0
0.0005958406756921916,1.0,1.0,0.0
0.0005959406756921915,1.0,1.0,0.0
0.0005960406756921915,1.0,1.0,0.0
0.0005961406756921914,1.0,1.0,0.0
0.0005962406756921914,1.0,1.0,0.0
0.0005963406756921913,1.0,1.0,0.0
0.0005964406756921913,1.0,1.0,0.0
0.0005965406756921912,1.0,1.0,0.0
0.0005966406756921912,1.0,1.0,0.0
0.0005967406756921911,1.0,1.0,0.0
0.0005968406756921911,1.0,1.0,0.0
0.000596940675692191,1.0,1.0,0.0
0.000597040675692191,1.0,1.0,0.0
0.0005971406756921909,1.0,1.0,0.0
0.0005972406756921909,1.0,1.0,0.0
0.0005973406756921908,1.0,1.0,0.0
0.0005974406756921908,1.0,1.0,0.0
0.0005975406756921907,1.0,1.0,0.0
0.0005976406756921907,1.0,1.0,0.0
0.0005977406756921906,1.0,1.0,0.0
0.0005978406756921905,1.0,1.0,0.0
0.0005979406756921905,1.0,1.0,0.0
0.0005980406756921904,1.0,1.0,0.0
0.0005981406756921904,1.0,1.0,0.0
0.0005982406756921903,1.0,1.0,0.0
0.0005983406756921903,1.0,1.0,0.0
0.0005984406756921902,1.0,1.0,0.0
0.0005985406756921902,1.0,1.0,0.0
0.0005986406756921901,1.0,1.0,0.0
0.0005987406756921901,1.0,1.0,0.0
0.00059884067569219,1.0,1.0,0.0
0.00059894067569219,1.0,1.0,0.0
0.0005990406756921899,1.0,1.0,0.0
0.0005991406756921899,1.0,1.0,0.0
0.0005992406756921898,1.0,1.0,0.0
0.0005993406756921898,1.0,1.0,0.0
0.0005994406756921897,1.0,1.0,0.0
0.0005995406756921897,1.0,1.0,0.0
0.0005996406756921896,1.0,1.0,0.0
0.0005997406756921896,1.0,1.0,0.0
0.0005998406756921895,1.0,1.0,0.0
0.0005999406756921895,1.0,1.0,0.0
0.0006000406756921894,1.0,1.0,0.0
0.0006001406756921894,1.0,1.0,0.0
0.0006002406756921893,1.0,1.0,0.0
0.0006003406756921893,1.0,1.0,0.0
0.0006004406756921892,1.0,1.0,0.0
0.0006005406756921892,1.0,1.0,0.0
0.0006006406756921891,1.0,1.0,0.0
0.000600740675692189,1.0,1.0,0.0
0.000600840675692189,1.0,1.0,0.0
0.0006009203378460944,1.0,1.0,0.0
0.000601,1.0,1.0,0.0
