time_s,spectre,derived_finite_rise_step,absolute_error
0.0,0.0,0.0,0.0
1e-07,0.0,0.0,0.0
2e-07,0.0,0.0,0.0
3e-07,0.0,0.0,0.0
4e-07,0.0,0.0,0.0
5e-07,0.0,0.0,0.0
6e-07,0.0,0.0,0.0
7e-07,0.0,0.0,0.0
8e-07,0.0,0.0,0.0
9e-07,0.0,0.0,0.0
1e-06,0.0,0.0,0.0
1.000003949821887e-06,9.802210093899586e-08,4.901186946310726e-08,4.9010231475888604e-08
1.000007456631827e-06,2.376012467825779e-07,1.746740632656285e-07,6.292718351694939e-08
1.000008849962505e-06,3.102015855049694e-07,2.4605069940189517e-07,6.415088610307421e-08
1.000010360253689e-06,4.01799313893305e-07,3.3719500683489223e-07,6.460430705841276e-08
1.000012103839827e-06,5.250272015568863e-07,4.602407715458001e-07,6.478643001108619e-08
1.000014412256749e-06,7.174034399302686e-07,6.525301954104362e-07,6.487324451983242e-08
1.000018092003818e-06,1.093193289931446e-06,1.028268646119379e-06,6.492464381206693e-08
1.000024481020928e-06,1.947679028029917e-06,1.882723021481153e-06,6.495600654876394e-08
1.000036681124661e-06,4.291665961388974e-06,4.226700360501767e-06,6.496560088720683e-08
1.000061081332125e-06,1.178442564168733e-05,1.1719545254224029e-05,6.488038746330088e-08
1.000108834060216e-06,3.726728132638843e-05,3.720313667536501e-05,6.414465102341646e-08
1.000148658734034e-06,6.946885359326768e-05,6.940554578654945e-05,6.33078067182268e-08
1.000186627355421e-06,0.0001094403001325491,0.00010937776447356162,6.25356589874763e-08
1.000224850704827e-06,0.0001588183917519122,0.0001587566177756461,6.177397626611872e-08
1.000262280311495e-06,0.0002160543748418482,0.00021599332795507742,6.104688677079063e-08
1.000299684439984e-06,0.0002820303883472131,0.0002819700562544658,6.033209274731348e-08
1.000337238504727e-06,0.0003570976016852911,0.00035703798571767864,5.96159676124813e-08
1.000374894744241e-06,0.0004412474495703698,0.00044118855379116084,5.8895779208938907e-08
1.000412687741919e-06,0.0005346397192036652,0.0005345815499319673,5.816927169794133e-08
1.000450614352364e-06,0.0006373605508327382,0.0006373031150478381,5.743578490005792e-08
1.000488671586137e-06,0.0007494938687691615,0.0007494371735948246,5.6695174336838204e-08
1.00052686772107e-06,0.0008711582636718457,0.0008711023166263487,5.5947045496927174e-08
1.000565211597361e-06,0.001002482542484135,0.0010024273515947257,5.519088940920437e-08
1.000603713204027e-06,0.001143608695331107,0.0011435542692338485,5.4426097258588116e-08
1.000642383107882e-06,0.001294691064116142,0.001294637412108779,5.365200736310617e-08
1.000681231594233e-06,0.001455893469898737,0.0014558406019692383,5.286792949883885e-08
1.000720268760423e-06,0.001627389399425161,0.0016273373262586377,5.207316652335557e-08
1.000759504549831e-06,0.001809362047698974,0.0018093107806784747,5.1267020499288704e-08
1.000798948764663e-06,0.002002004307565116,0.0020019538588001984,5.044876491772446e-08
1.000838611101729e-06,0.002205518902355996,0.0022054692846664725,4.961768952345749e-08
1.000878501161549e-06,0.002420118428249258,0.0024200696552028056,4.877304645226066e-08
1.00091862844825e-06,0.002646025360964935,0.002645977446883885,4.7914081049982293e-08
1.000959002368253e-06,0.002883472058532393,0.0028834250184930355,4.7040039357661156e-08
1.000979501184127e-06,0.00300792620994248,0.003007879412647463,4.6797295016973856e-08
1.001e-06,0.003135004286459386,0.003134957649966741,4.663649264512182e-08
1.001000716883561e-06,0.003139494316043931,0.0031394476899742063,4.6626069724782504e-08
1.001002150650684e-06,0.003148474326189117,0.0031484277087167056,4.6617472411383115e-08
1.001003800753575e-06,0.003158809201538635,0.0031587625878306547,4.661370798034192e-08
1.001007100959358e-06,0.003179478631507366,0.003179432021398698,4.661010866765375e-08
1.001013701370923e-06,0.003220816195973452,0.0032207695899028055,4.6606070646434267e-08
1.001026902194053e-06,0.003303486133240956,0.0033034395326544397,4.660058651635712e-08
1.001053303840313e-06,0.003468805235382186,0.003468758643170422,4.6592211764076574e-08
1.001106107132834e-06,0.003799360362204866,0.0037993137804955834,4.658170928237976e-08
1.001211713717875e-06,0.004460138449273065,0.004460091850176706,4.65990963585336e-08
1.001422926887957e-06,0.005780367139317186,0.005780320208205514,4.69311116722132e-08
1.001670088922438e-06,0.007323056287550435,0.007323008506609274,4.778094116111159e-08
1.001919523512931e-06,0.008877478845834582,0.00887742996903329,4.8876801292049854e-08
1.002175334770782e-06,0.0104690859171085,0.010469035799543724,5.011756477532603e-08
1.002435283912567e-06,0.01208379351240521,0.012083742062223846,5.145018136358537e-08
1.002699750714892e-06,0.01372383194617514,0.013723779085137,5.2861038140478156e-08
1.002970145515657e-06,0.01539778844091337,0.015397734077697067,5.436321630358787e-08
1.003246698873568e-06,0.0171069026353199,0.017106846668392905,5.596692699560979e-08
1.003529452563416e-06,0.01885123689751679,0.018851179218358327,5.7679158463330715e-08
1.003818349557487e-06,0.02063024009793385,0.020630180593369296,5.950456455350306e-08
1.004113244030332e-06,0.02244281467766873,0.02244275323195488,6.144571384689157e-08
1.004414004598243e-06,0.02428795477274595,0.024287891268333972,6.350441197899848e-08
1.004720518005305e-06,0.02616476824459062,0.026164702562264663,6.568232595663415e-08
1.005032682982044e-06,0.02807243839212758,0.028072370411055814,6.798107176492207e-08
1.005350409137218e-06,0.03001021672160629,0.030010146319286224,7.040232006746971e-08
1.005673612718632e-06,0.03197739672142003,0.031977323773697997,7.294772203653155e-08
1.006002214517465e-06,0.03397330092942601,0.03397322531052538,7.561890063428889e-08
1.006336139217836e-06,0.03599727688960298,0.03599719847218663,7.841741635206123e-08
1.006675314989189e-06,0.0380486946103632,0.03804861326558384,8.134477935684004e-08
1.007019673293806e-06,0.04012694533803478,0.040126860935611686,8.440242309226687e-08
1.007369148735681e-06,0.04223144058222792,0.04223135299048697,8.759174095068767e-08
1.007723678884079e-06,0.04436161098998864,0.044361520075926086,9.091406255601342e-08
1.008083204092963e-06,0.04651690519902688,0.046516810828356236,9.437067064604898e-08
1.008447667323941e-06,0.04869678871702907,0.048696690754254535,9.796277453816282e-08
1.008817013981011e-06,0.05090074287708368,0.05090064118551518,1.0169156849926253e-07
1.009191191755568e-06,0.05312826385960439,0.05312815830143702,1.0555816736673718e-07
1.009570150490456e-06,0.05537886183285327,0.05537875226920619,1.0956364707853661e-07
1.009953842053605e-06,0.05765206015472934,0.05765194644567717,1.1370905216717686e-07
1.010342220219134e-06,0.05994739462299782,0.05994727662764032,1.1799535749867918e-07
1.010735240561072e-06,0.0622644128042185,0.062264290380711906,1.2242350659608103e-07
1.011132860357246e-06,0.06460267342606649,0.06460254643167063,1.269943958603914e-07
1.011535038498887e-06,0.06696174580649475,0.06696161409760693,1.3170888782387813e-07
1.01194173540031e-06,0.06934120928651716,0.06934107271872958,1.365677875786453e-07
1.012352912929052e-06,0.0717406527858762,0.07174051121400205,1.415718741543115e-07
1.012768534326869e-06,0.0741596743076329,0.07415952758576516,1.4672186773867502e-07
1.013188564146385e-06,0.076597880536826,0.07659772851835411,1.5201847188006656e-07
1.013612968185289e-06,0.07905488642700487,0.07905472896467913,1.5746232573388141e-07
1.014041713430814e-06,0.08153031484876148,0.0815301517947079,1.6305405357852631e-07
1.014474768002821e-06,0.08402379623208718,0.08402362743785385,1.6879423332671895e-07
1.014912101102797e-06,0.08653496824495695,0.08653479356155624,1.7468340070270205e-07
1.015353682967025e-06,0.08906347549770738,0.08906329477565222,1.8072205515418105e-07
1.015799484821091e-06,0.09160896925678513,0.09160878234611158,1.869106735497006e-07
1.016249478836778e-06,0.09417110717381671,0.09417091392414023,1.9324967648337577e-07
1.0167036380956e-06,0.09674955305413023,0.09674935331465229,1.9973947794349467e-07
1.017161936546512e-06,0.09934397659349786,0.09934377021306828,2.0638042957932257e-07
1.017624348975882e-06,0.1019540531860494,0.10195384001318619,2.1317286320876594e-07
1.018090850972114e-06,0.1045794637029694,0.10457924358588477,2.2011708462887913e-07
1.018561418893663e-06,0.1072198942917181,0.10721966707837238,2.2721334572151086e-07
1.019036029841308e-06,0.1098750362004475,0.10987480173855413,2.3446189337250622e-07
1.019514661629913e-06,0.1125445856004785,0.1125443437375625,2.418629160005903e-07
1.019997292763494e-06,0.1152282434283852,0.1152279940117944,2.494165907973578e-07
1.020483902406056e-06,0.1179257152055404,0.117925458082482,2.5712305840031036e-07
1.020974470362569e-06,0.1206367109150683,0.12063644593264378,2.6498242451655774e-07
1.021468977054227e-06,0.1233609448478624,0.12336067185309252,2.729947698870694e-07
1.021967403498424e-06,0.1260981354756214,0.12609785431547482,2.8116014658130517e-07
1.022469731287742e-06,0.1288480053192217,0.12884771584065213,2.8947856955952034e-07
1.022975942571779e-06,0.1316102808335271,0.1316099828834909,2.97950036198813e-07
1.023486020038691e-06,0.1343846922912943,0.1343843857167839,3.0657451038917927e-07
1.02399994689686e-06,0.1371709736685753,0.13717065831664943,3.1535192587806016e-07
1.024517706859626e-06,0.1399688625474767,0.13996853826528377,3.242821929316797e-07
1.025039284128706e-06,0.1427781000124168,0.1427777666472274,3.333651893977496e-07
1.025564663380816e-06,0.1455984305643238,0.14559808796354556,3.426007782469931e-07
1.026093829750887e-06,0.1484296020170601,0.148429250028279,3.5198878109432563e-07
1.026626768823102e-06,0.1512713654364166,0.15127100390741077,3.6152900581565284e-07
1.027163466612025e-06,0.1541234750265544,0.15412310380533412,3.7122122029109583e-07
1.027703909551832e-06,0.1569856880605406,0.1569853069953564,3.8106518421288094e-07
1.02824808448942e-06,0.1598577648316012,0.15985737377097942,3.9106062177385326e-07
1.028795978666466e-06,0.1627394685463634,0.16273906733913246,4.0120723093783894e-07
1.029347579712089e-06,0.1656305652747757,0.1656301537700826,4.115046930985855e-07
1.029902875632581e-06,0.168530823884818,0.16853040193215818,4.2195265981259666e-07
1.030461854800105e-06,0.1714400159722741,0.17143958342152077,4.325507533264883e-07
1.031024505943096e-06,0.1743579157999349,0.17435747250134714,4.432985877544926e-07
1.031590818138712e-06,0.1772843002477463,0.17728384605199976,4.5419574654093076e-07
1.032160780803977e-06,0.1802189487564714,0.18021848351469527,4.652417761319416e-07
1.032734383682665e-06,0.1831616432499779,0.18316116681374894,4.764362289688684e-07
1.033311616846979e-06,0.1861121681338161,0.18611168035521075,4.877786053403277e-07
1.033892470681129e-06,0.1890703102011366,0.189069810932726,4.992684105864509e-07
1.034476935875266e-06,0.1920358585922834,0.19203534768717812,5.109051052776259e-07
1.035065003424045e-06,0.1950086047779889,0.1950080820898461,5.226881427955465e-07
1.035656664611507e-06,0.1979883424734007,0.19798780785645642,5.346169442699278e-07
1.036251911010383e-06,0.2009748676256359,0.2009743209347059,5.466909299978173e-07
1.036850734475756e-06,0.2039679783727111,0.2039674194632406,5.589094705105158e-07
1.037453127134472e-06,0.2069674749817427,0.20696690370979787,5.712719448325299e-07
1.038059081383403e-06,0.2099731598316325,0.2099725760539447,5.8377768780149e-07
1.03866858988157e-06,0.2129848373653507,0.21298424093931945,5.964260312574243e-07
1.039281645547122e-06,0.2160023140665162,0.2160017048502415,6.092162747051155e-07
1.039898241550668e-06,0.2190253984181376,0.21902477627042571,6.221477118761864e-07
1.040518371309821e-06,0.2220539008676086,0.22205326564800276,6.352196058323489e-07
1.041142028482637e-06,0.2250876337866532,0.22508698535544402,6.484312091714628e-07
1.041769206970238e-06,0.2281264114760561,0.228125749694308,6.61781748123591e-07
1.042399900902548e-06,0.2311700500884371,0.23116937481800848,6.752704286294708e-07
1.043034104639389e-06,0.2342183676260585,0.2342176787296012,6.888964572959733e-07
1.04367181276753e-06,0.2372711839187801,0.23727048125978467,7.026589954328699e-07
1.044313020093954e-06,0.2403283205841615,0.24032760402695275,7.165572087630689e-07
1.044957721641323e-06,0.2433896009983831,0.24338887040814983,7.30590233283257e-07
1.045605912646313e-06,0.2464548502810128,0.24645410552381697,7.447571958307808e-07
1.046257588553965e-06,0.2495238952609312,0.2495231362037269,7.590572042859289e-07
1.046912745019405e-06,0.2525965644771564,0.2525957909878167,7.734893396893483e-07
1.047571377897586e-06,0.2556726881233982,0.2556719000707224,7.880526758374806e-07
1.048233483242197e-06,0.2587520980360961,0.2587512952898193,8.027462767845606e-07
1.048899057304385e-06,0.2618346276814593,0.26183381011228424,8.175691750822445e-07
1.049568096531875e-06,0.2649201121443074,0.2649192796239085,8.325203988968077e-07
1.050240597556688e-06,0.2680083880644911,0.26800754046553654,8.475989545786433e-07
1.050916557204813e-06,0.2710992936747523,0.2710984308709097,8.628038425939621e-07
1.051595972481348e-06,0.2741926687257321,0.2741917905917042,8.781340279373495e-07
1.052278840578301e-06,0.2772883545151115,0.27728746092662293,8.935884885930001e-07
1.052965158865766e-06,0.2803861938406636,0.28038528467450075,9.091661628546355e-07
1.05365492489137e-06,0.2834860309913145,0.2834851061253292,9.2486598529673e-07
1.054348136375402e-06,0.2865877117187922,0.2865867710319082,9.406868839989535e-07
1.055044791215734e-06,0.2896910832531531,0.28969012662539906,9.566277540673518e-07
1.055744887475281e-06,0.2927959942403605,0.29279502155286374,9.726874967697086e-07
1.056448423389003e-06,0.2959022947671919,0.29590130590221253,9.888649793454718e-07
1.057155397358798e-06,0.2990098363321241,0.2990088311730479,1.005159076195028e-06
1.05786580794659e-06,0.3021184718087164,0.30211745024008274,1.0215686336856322e-06
1.058579653879637e-06,0.3052280554628217,0.30522701737032965,1.038092492078313e-06
1.059296934044398e-06,0.308338442919493,0.30833738819002143,1.0547294715945732e-06
1.060017647489621e-06,0.3114494911702212,0.31144841969182646,1.071478394731873e-06
1.060741793414871e-06,0.3145610585171917,0.31455997017913917,1.0883380525128494e-06
1.061469371181797e-06,0.3176730046158739,0.3176718993086377,1.1053072361821847e-06
1.062200380302884e-06,0.3207851904204599,0.32078406803573556,1.1223847243280183e-06
1.062934820439353e-06,0.3238974781692073,0.32389633859992983,1.1395692774418542e-06
1.0636726914087e-06,0.3270097314104797,0.3270085745508291,1.1568596505751039e-06
1.0644139931741e-06,0.3301218149518053,0.3301206406972228,1.1742545825144113e-06
1.065158725847115e-06,0.3332335948655547,0.3332324031127535,1.191752801221746e-06
1.065906889687039e-06,0.3363449384802353,0.33634372912720456,1.2093530307177858e-06
1.066658485101298e-06,0.3394557143761008,0.3394544873221208,1.2270539799796865e-06
1.067413512634684e-06,0.3425657923347346,0.34256454748039555,1.2448543390553013e-06
1.06817197297837e-06,0.3456750433707244,0.34567378061792997,1.2627527944397698e-06
1.068933866964661e-06,0.3487833397041103,0.34878205895608005,1.2807480302412522e-06
1.069699195568187e-06,0.3518905547594376,0.35188925592072984,1.2988387077528252e-06
1.070467959903287e-06,0.3549965631492597,0.35499524612577626,1.3170234834380956e-06
1.071240161215681e-06,0.358101240634947,0.35809990533393843,1.3353010085981332e-06
1.072015800898608e-06,0.3612044641860216,0.36120311051611254,1.3536699090543891e-06
1.072794880477027e-06,0.3643061119107314,0.3643047397819065,1.3721288249501917e-06
1.073577401612144e-06,0.3674060630686604,0.36740467239229335,1.3906763670634703e-06
1.074363366099306e-06,0.3705041980567213,0.37050278874557374,1.409311147559933e-06
1.075152775869783e-06,0.373600398410497,0.373598970378729,1.4280317680026577e-06
1.07594563298492e-06,0.3766945467756201,0.3766930999388025,1.4468368175757362e-06
1.076741939640156e-06,0.3797865269179949,0.3797850611931133,1.4657248816329904e-06
1.077541698163792e-06,0.38287622371325,0.3828747390187107,1.4846945392554822e-06
1.078344911015531e-06,0.3859635231353817,0.38596201939103436,1.503744347319813e-06
1.079151580783284e-06,0.3890483122389565,0.38904678936608017,1.5228728763028165e-06
1.079961710185308e-06,0.3921304791617951,0.3921289370831237,1.5420786714237522e-06
1.080775302068959e-06,0.395209913114638,0.3952083517543602,1.5613602777908575e-06
1.081592359411869e-06,0.3982865043799776,0.39828492366374635,1.5807162312420076e-06
1.08241288531783e-06,0.401360144290951,0.40135854414588423,1.6001450667824102e-06
1.083236883020243e-06,0.4044307252387594,0.40442910559346223,1.6196452971573017e-06
1.084064355877703e-06,0.4074981406506177,0.4074965014351716,1.639215446103126e-06
1.084895307374733e-06,0.4105622849870568,0.41056062613304123,1.6588540155959564e-06
1.085729741126592e-06,0.413623053754067,0.4136213751945528,1.6785595142176923e-06
1.086567660869749e-06,0.4166803434624314,0.4166786451319997,1.6983304316764425e-06
1.087409070467035e-06,0.4197340516413128,0.41973233347605166,1.7181652611220066e-06
1.088253973909301e-06,0.4227840768385963,0.4227823387761085,1.7380624878216011e-06
1.089102375308488e-06,0.4258303185902682,0.42582856056968355,1.7580205846634556e-06
1.089954278907666e-06,0.4288726774510243,0.4288708994129966,1.7780380276999352e-06
1.090809689065916e-06,0.4319110549345522,0.4319092568212729,1.798113279272151e-06
1.091668610269174e-06,0.4349453535470338,0.4349435353022273,1.8182448064951728e-06
1.092531047129519e-06,0.4379754767788451,0.437973638347786,1.838431059053569e-06
1.093397004382506e-06,0.4410013290895543,0.4409994704190643,1.8586704900180884e-06
1.094266486885499e-06,0.4440228158966354,0.4440209369350916,1.8789615437997398e-06
1.095139499622286e-06,0.4470398435860374,0.4470379442833713,1.8993026660862888e-06
1.096016047695433e-06,0.4500523194801621,0.4500503997878732,1.919692288909758e-06
1.096896136333402e-06,0.4530601518570516,0.45305821172820826,1.9401288433584796e-06
1.097779770889736e-06,0.4560632499418545,0.4560612893310926,1.9606107619085655e-06
1.098666956837444e-06,0.4590615238821857,0.4590595427457205,1.981136465212252e-06
1.099557699772923e-06,0.4620548847561134,0.46205288305173575,2.0017043776410226e-06
1.100452005417875e-06,0.4650432445729711,0.46504122226006317,2.022312907912216e-06
1.101349879617408e-06,0.4680265162613528,0.46802447330088126,2.0429604715155314e-06
1.102251328336051e-06,0.471004613650417,0.47100255000493596,2.0636454810540883e-06
1.103156357665769e-06,0.4739774514909434,0.47397536712460886,2.0843663345315733e-06
1.104064973818901e-06,0.4769449454264275,0.4769428403049869,2.105121440609814e-06
1.104977183131623e-06,0.4799070119990023,0.4799048860898054,2.125909196903919e-06
1.105892992064935e-06,0.4828635686470337,0.48286142191903614,2.1467279975873055e-06
1.106812407203569e-06,0.4858145336959588,0.485812366119719,2.1675762397754816e-06
1.107735435254528e-06,0.4887598263480652,0.48875763789575155,2.1884523136450618e-06
1.108662083049577e-06,0.4916993666849541,0.49169715733034985,2.2093546042656342e-06
1.109592357543567e-06,0.4946330756566414,0.4946308453751399,2.2302815014807464e-06
1.110526265816193e-06,0.4975608750815718,0.49755862385018207,2.251231389749364e-06
1.111463815076037e-06,0.5004826876535639,0.5004804154509135,2.2722026503663173e-06
1.112405012650637e-06,0.5033984369051605,0.5033961437114973,2.2931936631831462e-06
1.113349865996296e-06,0.5063080472327017,0.5063057330298963,2.3142028053868557e-06
1.114298382692166e-06,0.5092114438723452,0.5092091086438892,2.3352284559408076e-06
1.115250570444739e-06,0.5121085529083171,0.5121061966393265,2.356268990588717e-06
1.116206437086291e-06,0.5149993012624671,0.5149969239396841,2.3773227829648746e-06
1.117165990576395e-06,0.5178836166932137,0.517881218305007,2.3983882067035722e-06
1.118129239001298e-06,0.5207614277879797,0.5207590083243463,2.4194636334406994e-06
1.119096190572636e-06,0.5236326639537686,0.5236302234063346,2.4405474340349897e-06
1.120066853632714e-06,0.5264972554272206,0.5264947937892416,2.46163797901211e-06
1.121041236647646e-06,0.5293551332486206,0.5293526505149828,2.4827336377875042e-06
1.122019348216241e-06,0.5322062292824414,0.5322037254496637,2.5038327777782143e-06
1.123001197064682e-06,0.5350504761959347,0.535047951262161,2.5249337737287547e-06
1.123986792051399e-06,0.5378878074675558,0.5378852614325678,2.546034988060164e-06
1.124976142159885e-06,0.5407181573605573,0.540715590225765,2.5671347922973098e-06
1.125969256506755e-06,0.5435414609405497,0.5435388727089923,2.588231557409948e-06
1.126966144343321e-06,0.546357654073986,0.5463550447503353,2.6093236507040984e-06
1.127966815041984e-06,0.5491666733840328,0.549164042974596,2.630409436821246e-06
1.128971278117069e-06,0.5519684563037152,0.5519658048164212,2.6514872939475964e-06
1.129979543213658e-06,0.5547629410384237,0.5547602684828385,2.672555585170322e-06
1.130991620107391e-06,0.5575500665598123,0.5575473729471291,2.6936126832355356e-06
1.132007518710138e-06,0.5603297726157378,0.5603270579587761,2.714656961666506e-06
1.13302724907069e-06,0.5631019997261537,0.5630992640393646,2.7356867891015213e-06
1.134050821366933e-06,0.5658666891560621,0.5658639324555159,2.7567005461692773e-06
1.135078245917896e-06,0.5686237829424607,0.5686210052458585,2.777696602285218e-06
1.136109533177829e-06,0.5713732238723594,0.5713704251990255,2.798673333970214e-06
1.137144693739373e-06,0.5741149554854491,0.5741121358563263,2.819629122852163e-06
1.138183738331668e-06,0.5768489220632037,0.5768460815008603,2.8405623434535343e-06
1.139226677827468e-06,0.5795750686417275,0.5795722071703484,2.8614713790675594e-06
1.140273523232768e-06,0.5822933409786332,0.5822904586240206,2.8823546125433808e-06
1.141324285698879e-06,0.5850036855787637,0.5850007823683361,2.903210427618319e-06
1.142378976514776e-06,0.5877060496683569,0.587703125631144,2.9240372129146763e-06
1.143437607114077e-06,0.5904003812071518,0.5903974363737944,2.9448333573878216e-06
1.144500189073673e-06,0.5930866288788091,0.5930836632815619,2.9655972472175662e-06
1.145566734115617e-06,0.5957647420897041,0.5957617557624222,2.986327281906398e-06
1.146637254105815e-06,0.5984346709596047,0.5984316639377487,3.007021855960801e-06
1.14771176105447e-06,0.6010963663169018,0.6010933386375348,3.0276793669958835e-06
1.14879026711984e-06,0.6037497797019732,0.6037467314037575,3.048298215735379e-06
1.149872784610867e-06,0.606394863367485,0.6063917944906771,3.0688768078990236e-06
1.150959325979524e-06,0.6090315702536269,0.6090284808400763,3.089413550538822e-06
1.152049903834005e-06,0.6116598540142432,0.61165674410739,3.109906853149269e-06
1.153144530922851e-06,0.614279668972399,0.6142765386172668,3.1303551322192646e-06
1.154243220158638e-06,0.6168909701712826,0.6168878194144838,3.150756798797616e-06
1.155345984601578e-06,0.619493713328575,0.6194905422182955,3.1711102794762525e-06
1.156452837464735e-06,0.6220878548429593,0.6220846634289663,3.1914139929645202e-06
1.157563792115469e-06,0.6246733517914784,0.6246701401251094,3.2116663690739955e-06
1.158678862086006e-06,0.6272501619478128,0.6272469300819766,3.2318658361729646e-06
1.159798061054642e-06,0.6298182437324761,0.6298149917216423,3.2520108337319442e-06
1.160921402863284e-06,0.6323775562473984,0.6323742841476019,3.272099796558514e-06
1.162048901515892e-06,0.6349280592658505,0.6349247671346816,3.29213116889715e-06
1.163180571174024e-06,0.6374697132161011,0.6374664011127038,3.3121033973237957e-06
1.164316426163879e-06,0.6400024791911451,0.6399991471762112,3.332014933854488e-06
1.165456480973855e-06,0.6425263189369054,0.6425229670726729,3.351864232503665e-06
1.166600750254617e-06,0.6450411948462584,0.6450378231965066,3.3716497518376798e-06
1.167749248830628e-06,0.6475470699780593,0.6475436786080979,3.3913699614140924e-06
1.168901991684671e-06,0.6500439080168482,0.6500404969935241,3.4110233241291255e-06
1.170058993975593e-06,0.6525316733053251,0.6525282426970069,3.430608318200079e-06
1.17122027103103e-06,0.6550103308219897,0.655006880698569,3.450123420623008e-06
1.172385838347483e-06,0.657479846175109,0.657476376607992,3.469567117053707e-06
1.17355571159675e-06,0.6599401856100645,0.6599366966721711,3.4889378933700144e-06
1.174729906626695e-06,0.6623913160044334,0.6623878077701899,3.5082342434433755e-06
1.17590843945786e-06,0.6648332048544997,0.6648296773998342,3.527454665475105e-06
1.177091326287445e-06,0.6672658202772838,0.6672622736796175,3.5465976662152343e-06
1.178278583497957e-06,0.6696891310217792,0.6696855653600249,3.565661754301175e-06
1.179470227650025e-06,0.6721031064475569,0.6720995218021117,3.584645445142698e-06
1.180666275484028e-06,0.6745077165217693,0.674504112974512,3.6035472573692218e-06
1.181866743927666e-06,0.6769029318279334,0.6768993094622137,3.622365719713194e-06
1.183071650091725e-06,0.6792887235508244,0.6792850824514614,3.6410993630164867e-06
1.184281011277454e-06,0.681665063484604,0.6816614037378785,3.659746725448443e-06
1.185494844971561e-06,0.684031924016333,0.6840282457099829,3.6783063500633872e-06
1.186713168855197e-06,0.6863892781370083,0.6863855813602193,3.6967767890194736e-06
1.187936000795287e-06,0.6887370994181342,0.6887333842615403,3.715156593919744e-06
1.189163358865479e-06,0.6910753620454038,0.691071628601072,3.7334443317993404e-06
1.190395261321918e-06,0.6934040407655442,0.6934002891269748,3.7516385693603382e-06
1.191631726628681e-06,0.6957231109282219,0.6957193411903428,3.7697378790779723e-06
1.192872773444954e-06,0.6980325484549009,0.6980287607140554,3.7877408455289086e-06
1.194118420631555e-06,0.7003323298445123,0.700328524198458,3.8056460542890136e-06
1.19536868726102e-06,0.7026224321851892,0.7026186087330892,3.8234520999269606e-06
1.196623592602996e-06,0.7049028331205396,0.7048989919629542,3.841157585338095e-06
1.197883156133345e-06,0.7071735108598879,0.7071696520987723,3.8587611156382096e-06
1.199147397547553e-06,0.7094344441955227,0.7094305679342159,3.876261306823281e-06
1.200416336743945e-06,0.7116856124655637,0.7116817188087843,3.893656779441201e-06
1.201689993840145e-06,0.7139269955766673,0.7139230846305031,3.910946164142892e-06
1.202968389168225e-06,0.7161585739883964,0.7161546458603029,3.928128093577676e-06
1.204251543280566e-06,0.718380328716625,0.718376383515413,3.945201212052218e-06
1.205539476950305e-06,0.7205922413272994,0.7205882791631308,3.96216416853612e-06
1.206832211171495e-06,0.7227942939298261,0.7227903149142036,3.979015622435078e-06
1.208129767162876e-06,0.7249864691766441,0.7249824734224077,3.995754236374438e-06
1.209432166373178e-06,0.7271687502651872,0.7271647378865036,4.012378683637685e-06
1.210739430479924e-06,0.7293411209287785,0.7293370920411366,4.028887641838175e-06
1.212051581396649e-06,0.7315035654415885,0.7314995201617882,4.045279800246604e-06
1.21336864126673e-06,0.733656068601339,0.7336520070474872,4.061553851797406e-06
1.214690632473504e-06,0.73579861573896,0.7357945380304598,4.077708500194177e-06
1.216017577638599e-06,0.7379311927086886,0.7379270989662322,4.0937424563569635e-06
1.217349499629857e-06,0.7400537858936794,0.740049676239243,4.10965443642386e-06
1.218686421555494e-06,0.7421663821894735,0.742162256746306,4.125443167524168e-06
1.220028366777814e-06,0.7442689690185906,0.7442648279112063,4.141107384336706e-06
1.221375358907592e-06,0.7463615343142742,0.7463573776684462,4.156645827979588e-06
1.222727421803164e-06,0.7484440665120671,0.7484398944548177,4.172057249340888e-06
1.224084579585644e-06,0.7505165545661284,0.7505123672257216,4.187340406858198e-06
1.225446856634449e-06,0.752578987934828,0.752574785440761,4.2024940670737365e-06
1.226814277583433e-06,0.7546313565677653,0.7546271390507612,4.217517004079241e-06
1.228186867344603e-06,0.7566736509341151,0.7566694185261125,4.232408002624588e-06
1.229564651088421e-06,0.7587058619855337,0.75870161481968,4.247165853676904e-06
1.230947654257155e-06,0.7607279811688767,0.7607237193795181,4.261789358639412e-06
1.232335902569231e-06,0.7627400004250614,0.7627357241477373,4.276277324133382e-06
1.233729422022258e-06,0.7647419121858811,0.7647376215573113,4.290628569769694e-06
1.235128238889157e-06,0.7667337093609741,0.7667294045190532,4.304841920821367e-06
1.236532379729783e-06,0.7687153853470425,0.7687110664308301,4.318916212442403e-06
1.23794187138839e-06,0.7706869340166452,0.7706826011663582,4.332850287003254e-06
1.239356741006717e-06,0.7726483497289327,0.7726440030859326,4.346643000086026e-06
1.24077701600879e-06,0.7745996273008838,0.7745952670076743,4.360293209493271e-06
1.242202724125285e-06,0.7765407620335016,0.7765363882337133,4.37379978834862e-06
1.243633893381545e-06,0.7784717496875488,0.7784673625259346,4.387161614216595e-06
1.245070552109783e-06,0.7803925864925656,0.7803881861149881,4.400377577540304e-06
1.246512728957057e-06,0.7823032691495905,0.7822988557030178,4.413446572648638e-06
1.247960452869184e-06,0.7842037948020752,0.7841993684345658,4.426367509413609e-06
1.249413753111405e-06,0.7860941610557202,0.7860897219164182,4.439139301926076e-06
1.250872659275987e-06,0.7879743659802729,0.7879699142193964,4.451760876489352e-06
1.252337201270952e-06,0.7898444080869905,0.789839943855824,4.464231166512178e-06
1.253807409336832e-06,0.7917042863424045,0.7916998097932869,4.476549117615747e-06
1.255283314040585e-06,0.7935540001526029,0.7935495114389218,4.488713681083389e-06
1.256764946281145e-06,0.7953935493625357,0.7953890486387147,4.500723820966002e-06
1.258252337309454e-06,0.7972229342728566,0.7972184216943465,4.512578510085241e-06
1.259745518708677e-06,0.7990421556073023,0.7990376313305739,4.524276728368193e-06
1.261244522416981e-06,0.8008512145327925,0.8008466787153237,4.535817468842573e-06
1.262749380716309e-06,0.8026501126377047,0.8026455654379733,4.547199731419482e-06
1.264260126261854e-06,0.8044388519591072,0.8044342935365796,4.558422527667361e-06
1.265776792050759e-06,0.8062174349372752,0.8062128654523971,4.569484878036434e-06
1.267299411463177e-06,0.807985864456189,0.8079812840703773,4.580385811747689e-06
1.268828018238376e-06,0.8097441438071437,0.8097395526827721,4.591124371566835e-06
1.270362646499721e-06,0.8114922767095861,0.8114876750099812,4.601699604922516e-06
1.271903330741963e-06,0.8132302672882226,0.8132256551776501,4.61211057245503e-06
1.273450105850127e-06,0.8149581200863163,0.8149534977299717,4.622356344574641e-06
1.275003007102308e-06,0.816675840060268,0.8166712076242677,4.632436000351348e-06
1.276562070171834e-06,0.81838343257357,0.8183787902249412,4.642348628847159e-06
1.278127331129622e-06,0.8200809033910759,0.820076251297743,4.65209333289085e-06
1.279698826452415e-06,0.8217682586796311,0.8217635970104125,4.661669218641862e-06
1.281276593037677e-06,0.8234455050154856,0.823440833940077,4.671075408579917e-06
1.282860668184196e-06,0.8251126493550857,0.8251079690440528,4.680311032845275e-06
1.284451089628373e-06,0.8267696990650796,0.8267650096898492,4.689375230348958e-06
1.286047895525541e-06,0.8284166618938907,0.8284119636267366,4.698267154101821e-06
1.287651124471322e-06,0.8300535459853811,0.8300488389994173,4.706985963776056e-06
1.289260815502517e-06,0.8316803598708802,0.8316756443400495,4.715530830701198e-06
1.290877008093133e-06,0.8332971124565852,0.8332923885556482,4.723900936975944e-06
1.292499742177228e-06,0.8349038130378884,0.834899080942414,4.7320954743579335e-06
1.29412905813938e-06,0.8365004712810185,0.8364957311673734,4.7401136450409e-06
1.295764996844181e-06,0.8380870972431909,0.838082349288528,4.7479546628759195e-06
1.297407599615289e-06,0.8396637013430944,0.8396589457253438,4.755617750595853e-06
1.299056908251207e-06,0.8412302943676262,0.8412255312654849,4.763102141258635e-06
1.300712965048553e-06,0.8427868874849712,0.8427821170778909,4.770407080356698e-06
1.302375812786294e-06,0.8443334922204759,0.8443287146886529,4.777531823041414e-06
1.304045494741545e-06,0.8458701204626459,0.845865335987013,4.784475632901852e-06
1.305722054700271e-06,0.8473967844639023,0.8473919932261139,4.791237788404068e-06
1.307405536959575e-06,0.8489134968334645,0.8489086990158901,4.797817574453411e-06
1.309095986334909e-06,0.8504202705347855,0.8504154663204959,4.804214289610975e-06
1.310793448175801e-06,0.8519171188903395,0.8519123084630981,4.810427241430659e-06
1.312497968364437e-06,0.8534040555709577,0.8533992391152085,4.816455749123705e-06
1.314209593313771e-06,0.8548810945851547,0.8548762722860125,4.822299142226427e-06
1.315928370006398e-06,0.8563482503034818,0.8563434223467207,4.8279567611553276e-06
1.317654345970917e-06,0.8578055374285437,0.8578007040005867,4.833427956985048e-06
1.319387569311508e-06,0.8592529710108538,0.8592481322987622,4.838712091670416e-06
1.321128088697401e-06,0.8606905664304456,0.8606857226219068,4.843808538823602e-06
1.322875953394027e-06,0.8621183394132498,0.8621134906965695,4.848716680272425e-06
1.324631213250678e-06,0.8635363060111902,0.863531452575278,4.853435912277604e-06
1.326393918719545e-06,0.8649444826082083,0.8649396246425691,4.857965639204487e-06
1.328164120865368e-06,0.8663428859182432,0.8663380236129661,4.8623052770757624e-06
1.329941871374091e-06,0.8677315329822805,0.8677266665280252,4.866454255236796e-06
1.331727222560989e-06,0.8691104411648857,0.8691055707528761,4.870412009583269e-06
1.333520227376789e-06,0.8704796281491669,0.8704747539711755,4.874177991442963e-06
1.335320939420285e-06,0.8718391119366402,0.8718342341849808,4.877751659360108e-06
1.337129412947915e-06,0.8731889108445697,0.8731840297120849,4.8811324848685445e-06
1.338945702888987e-06,0.874529043507328,0.8745241591873769,4.8843199510484325e-06
1.340769864853713e-06,0.8758595288721424,0.8758546415585917,4.887313550638872e-06
1.342601955129378e-06,0.8771803861863232,0.8771754960735356,4.890112787592216e-06
1.344442030715073e-06,0.8784916350123885,0.87848674229521,4.8927171785173584e-06
1.346290149321775e-06,0.8797932952175802,0.879788400091331,4.8951262492380465e-06
1.34814636937808e-06,0.8810853869676979,0.8810804896281602,4.897339537679457e-06
1.350010750039671e-06,0.8823679307236043,0.8823630313670121,4.899356592202864e-06
1.35188335122305e-06,0.8836409472540716,0.8836360460770989,4.901176972715859e-06
1.353764233592276e-06,0.8849044576160284,0.8848995548157774,4.902800251005424e-06
1.355653458580244e-06,0.8861584831586565,0.8861535789326481,4.904226008406454e-06
1.357551088402656e-06,0.8874030455221317,0.8873981400682927,4.905453839021412e-06
1.359457186072202e-06,0.8886381666362639,0.8886332601529171,4.9064833468337454e-06
1.361371815407017e-06,0.8898638687152702,0.8898589614011222,4.9073141480393545e-06
1.363295041043551e-06,0.8910801742553641,0.8910752663094949,4.907945869270236e-06
1.365226928458984e-06,0.8922871060381262,0.8922821976599773,4.908378148926751e-06
1.367167543969619e-06,0.8934846871185634,0.8934797785079269,4.90861063651149e-06
1.369116954758722e-06,0.8946729408315384,0.8946680321885461,4.908642992296208e-06
1.371075228882165e-06,0.8958518907841252,0.8958469823092362,4.908474888987158e-06
1.373042435287258e-06,0.8970215608559722,0.8970166527499635,4.908106008727486e-06
1.375018643824925e-06,0.8981819751954235,0.8981770676593775,4.907536045983818e-06
1.377003925266379e-06,0.8993331582181767,0.8993282514534695,4.906764707213185e-06
1.378998351321714e-06,0.900475134606784,0.9004702288150759,4.90579170808747e-06
1.381001994653323e-06,0.9016079293069461,0.9016030246901686,4.904616777490212e-06
1.383014928892413e-06,0.9027315675254395,0.9027266642857846,4.903239654852065e-06
1.385037228651498e-06,0.9038460747256513,0.9038411730655594,4.90166009181614e-06
1.387068969540795e-06,0.9049514766252038,0.9049465767473547,4.899877849129375e-06
1.389110228199047e-06,0.9060477992011153,0.9060429013084145,4.897892700861384e-06
1.391161082291193e-06,0.9071350686767358,0.9071301729723046,4.895704431184811e-06
1.393221610542128e-06,0.9082133115280868,0.9082084182152502,4.893312836595776e-06
1.395291892748396e-06,0.9092825544780284,0.9092776637603045,4.890717723915472e-06
1.397372009802472e-06,0.9103428244968849,0.9103379365779729,4.887918911955502e-06
1.399462043702054e-06,0.9113941487951555,0.911389263878925,4.884916230407654e-06
1.401562077571761e-06,0.9124365548225408,0.9124316731130202,4.881709520621058e-06
1.403672195695305e-06,0.9134700702717733,0.9134651919731379,4.8782986353801405e-06
1.405792483530106e-06,0.9144947230733365,0.9144898483898986,4.874683437905425e-06
1.407923027716388e-06,0.9155105413876012,0.9155056705237969,4.870863804296022e-06
1.410063916109852e-06,0.9165175536082135,0.9165126867685935,4.866839619976915e-06
1.412215237811411e-06,0.9175157883634886,0.9175109257527053,4.862610783251675e-06
1.414377083170213e-06,0.9185052745051443,0.9185004163279404,4.858177203859171e-06
1.416549543817351e-06,0.9194860411113073,0.9194811875725061,4.85353880119721e-06
1.418732712700917e-06,0.9204581174894851,0.9204532687939774,4.8486955077642335e-06
1.420926684080711e-06,0.9214215331612913,0.9214166895140243,4.843647266938866e-06
1.423131553584558e-06,0.9223763178745067,0.9223714794804742,4.838394032535831e-06
1.425347418216203e-06,0.9233225015932244,0.9233176686574541,4.832935770249236e-06
1.427574376376829e-06,0.9242601144940755,0.9242552872216181,4.8272724574305315e-06
1.429812527908999e-06,0.9251891869716068,0.9251843655675249,4.821404081867264e-06
1.432061974110524e-06,0.9261097496305741,0.9261049342999302,4.8153306438925014e-06
1.43432281775982e-06,0.9270218332830514,0.927017024230897,4.809052154386428e-06
1.43659516315888e-06,0.9279254689523228,0.9279206663836869,4.802568635886573e-06
1.438879116150767e-06,0.9288206878660975,0.9288158919859761,4.795880121366558e-06
1.44117478415051e-06,0.9297075214550071,0.9297027324683512,4.788986655901439e-06
1.443482276171843e-06,0.9305860013492232,0.9305812194609272,4.7818882960015685e-06
1.445801702879574e-06,0.9314561593844755,0.9314513847993668,4.774585108613394e-06
1.448133176596771e-06,0.9323180275905233,0.9323132605133498,4.767077173450929e-06
1.450476811347097e-06,0.9331716381928723,0.9331668788282929,4.759364579443037e-06
1.452832525248109e-06,0.934016953213779,0.9340122017709048,4.7514428741513015e-06
1.455200415227271e-06,0.9348540011820875,0.9348492578737003,4.743308387178402e-06
1.457580598815879e-06,0.935682817687736,0.9356780827277645,4.73495997144191e-06
1.459973190722338e-06,0.9365034368920266,0.9364987104946033,4.726397423326922e-06
1.46237831543864e-06,0.9373158958586315,0.9373111782376289,4.717621002625627e-06
1.464796096199683e-06,0.938120230689341,0.9381155220582045,4.708631136551844e-06
1.467226655791801e-06,0.938916476853477,0.9389117774252447,4.699428232335379e-06
1.469670118413992e-06,0.9397046698285964,0.9396999798159322,4.69001266412139e-06
1.47212660970776e-06,0.940484845107874,0.9404801647230866,4.680384787403291e-06
1.474596257205799e-06,0.9412570383370134,0.9412523677920586,4.670544954787914e-06
1.4770791905001e-06,0.9420212853528923,0.9420166248593663,4.660493525987519e-06
1.479575541254572e-06,0.9427776221714286,0.9427729719405558,4.650230872815797e-06
1.482085443236055e-06,0.9435260849814329,0.9435214452240519,4.639757380964227e-06
1.484609032360815e-06,0.944266710142996,0.9442620810695466,4.629073449446963e-06
1.487146446700304e-06,0.944999534173814,0.9449949159943238,4.6181794901567486e-06
1.489697826564245e-06,0.9457245937580754,0.9457199866821476,4.60707592775389e-06
1.492263314497486e-06,0.9464419257300721,0.9464373299668728,4.5957631993331916e-06
1.494843055361393e-06,0.9471515670819098,0.9471469828401547,4.5842417550900905e-06
1.497437196369002e-06,0.9478535549575609,0.947848982445504,4.572512056877365e-06
1.5000458871538e-06,0.948547926655832,0.9485433660812526,4.56057457942638e-06
1.502669279787767e-06,0.9492347196193321,0.9492301711895228,4.548429809347887e-06
1.505307528880427e-06,0.9499139714446568,0.9499094353664105,4.53607824635327e-06
1.507960791586751e-06,0.9505857198681483,0.9505811963477456,4.5235204026994325e-06
1.510629227696862e-06,0.9512500027726851,0.9512454920158826,4.510756802522664e-06
1.513312999678796e-06,0.9519068581818622,0.9519023603938799,4.4977879822827305e-06
1.516012272739833e-06,0.9525563242586066,0.9525518396441154,4.484614491206962e-06
1.518727214886813e-06,0.9531984393031238,0.953193968066233,4.471236890735142e-06
1.521457996991634e-06,0.9538332417516706,0.9538287840959159,4.457655754741552e-06
1.524204792862964e-06,0.9544607701762753,0.9544563263046058,4.443871669534971e-06
1.526967779287685e-06,0.9550810632771543,0.9550766333919204,4.429885233858677e-06
1.52974713611952e-06,0.9556941598856258,0.9556897441885674,4.415697058335333e-06
1.532543046364742e-06,0.9563000989655057,0.9562956976577389,4.401307766799256e-06
1.535355696207017e-06,0.9568989196008864,0.956894532882892,4.3867179944090395e-06
1.538185275126793e-06,0.9574906610041679,0.9574862890757784,4.371928389534929e-06
1.541031975947551e-06,0.9580753625077455,0.9580710055681332,4.356939612315536e-06
1.543895994935112e-06,0.9586530635665389,0.9586487218142029,4.341752335990101e-06
1.546777531862499e-06,0.9592238037528549,0.9592194773856101,4.3263672447890755e-06
1.549676790111296e-06,0.9597876227581833,0.959783311973147,4.310785036265585e-06
1.552593976738203e-06,0.960344560387558,0.9603402653811371,4.295006420851344e-06
1.555529302561339e-06,0.9608946565575232,0.9608903775254045,4.279032118637005e-06
1.558482982286884e-06,0.9614379513010174,0.9614336884381524,4.2628628650343e-06
1.561455234554292e-06,0.9619744847564689,0.9619702382570628,4.24649940600208e-06
1.564446282070695e-06,0.9625042971730462,0.9625000672305458,4.229942500377781e-06
1.567456351687133e-06,0.9630274289046248,0.9630232157117058,4.21319291898925e-06
1.57048567451329e-06,0.9635439204102138,0.9635397241587687,4.196251445098831e-06
1.573534486009023e-06,0.964053812249777,0.9640496331309028,4.179118874292342e-06
1.576603026118237e-06,0.9645571450866823,0.9645529832906684,4.1617960139239685e-06
1.579691539361311e-06,0.9650539596825348,0.9650498153988505,4.144283684337502e-06
1.582800274960307e-06,0.9655442968969663,0.9655401703142485,4.126582717756122e-06
1.585929486941932e-06,0.9660281976832893,0.9660240889893305,4.108693958837506e-06
1.58907943429288e-06,0.966505703091753,0.9665016124734893,4.090618263674628e-06
1.592250381060008e-06,0.9669768542635313,0.9669727819070292,4.072356502127228e-06
1.595442596477376e-06,0.9674416924284874,0.9674376385189327,4.0539095547131865e-06
1.598656355139678e-06,0.967900258908972,0.9678962236306563,4.03527831571715e-06
1.601891937104646e-06,0.9683525951125278,0.9683485786488373,4.016463690525995e-06
1.605149628054882e-06,0.9687987425326902,0.9687947450660933,3.9974665968500744e-06
1.608429719443635e-06,0.9692387427467365,0.9692347644587705,3.97828796594446e-06
1.611732508659962e-06,0.9696726374153769,0.9696686784866371,3.9589287398333894e-06
1.615058299158578e-06,0.9701004682771306,0.9700965288872573,3.939389873308663e-06
1.618407400666129e-06,0.9705222771520469,0.970518357479713,3.9196723338186246e-06
1.621780129326731e-06,0.9709381059366782,0.9709342061595778,3.899777100357937e-06
1.625176807895315e-06,0.971347996604481,0.9713441168993157,3.879705165354963e-06
1.628597765877263e-06,0.9717519911989771,0.9717481317414445,3.8594575326733604e-06
1.632043339791077e-06,0.9721501318409235,0.9721462928057047,3.839035218722309e-06
1.635513873315061e-06,0.9725424607206694,0.9725386422814166,3.818439252789574e-06
1.639009717485891e-06,0.9729290200961861,0.9729252224255105,3.7976706755982192e-06
1.642531230934145e-06,0.9733098522943481,0.9733060755638074,3.776730540638873e-06
1.646078780090325e-06,0.9736849997079813,0.9736812440880677,3.7556199136146162e-06
1.649652739417429e-06,0.9740545047950024,0.9740507704551291,3.734339873329162e-06
1.653253491644691e-06,0.9744184100767692,0.9744146971852586,3.7128915105766325e-06
1.656881427988544e-06,0.9747767581343605,0.9747730668584318,3.691275928696669e-06
1.660536948427058e-06,0.9751295916094072,0.975125922115164,3.6694942431303446e-06
1.664220461971216e-06,0.975476953203454,0.9754733056558712,3.6475475827524306e-06
1.667932386908329e-06,0.975818885673771,0.975815260236683,3.625437087984018e-06
1.671673151093231e-06,0.9761554318328733,0.9761518286689608,3.603163912568874e-06
1.675443192238762e-06,0.9764866345469234,0.976483053817701,3.5807292224632192e-06
1.679242958232635e-06,0.9768125367354457,0.9768089786012493,3.5581341963908386e-06
1.683072907431228e-06,0.9771331813680015,0.9771296459879757,3.5353800258430823e-06
1.686933508993674e-06,0.9774486114633911,0.9774450989954764,3.5124679147457982e-06
1.690825243248607e-06,0.9777588700903366,0.9777553806912562,3.4893990803475106e-06
1.694748601982013e-06,0.9780640003607654,0.9780605341860128,3.466174752553286e-06
1.698704088862716e-06,0.9783640454331136,0.9783606026369404,3.4427961732586e-06
1.702692219825439e-06,0.9786590485107921,0.9786556292461933,3.419264598791827e-06
1.706713523426172e-06,0.9789490528375777,0.9789456572562804,3.395581297360728e-06
1.710768541284991e-06,0.9792341016984242,0.9792307299508733,3.3717475508288075e-06
1.714857828502105e-06,0.9795142384169961,0.9795108906523425,3.34776465360509e-06
1.718981954129758e-06,0.9797895063558696,0.979786182721956,3.32363391364332e-06
1.723141501604321e-06,0.9800599489127371,0.9800566495560847,3.2993566523309426e-06
1.727337069252613e-06,0.9803256095203879,0.9803223345861842,3.2749342037119433e-06
1.731569270818263e-06,0.9805865316464561,0.9805832812785404,3.2503679157080967e-06
1.735838735958446e-06,0.980842758789949,0.9808395331307989,3.2256591501189646e-06
1.740146110794546e-06,0.9810943344798891,0.9810911336706074,3.2008092817337186e-06
1.744492058525276e-06,0.9813413022761268,0.9813381264564275,3.17581969933034e-06
1.748877259980444e-06,0.9815837057651917,0.9815805550733866,3.150691805120509e-06
1.753302414307335e-06,0.9818215885622115,0.9818184631351962,3.125427015304716e-06
1.757768239548738e-06,0.9820549943052761,0.9820518942785158,3.1000267602943055e-06
1.762275473399292e-06,0.982283966657951,0.982280892165467,3.0744924840453436e-06
1.766824873885579e-06,0.982508549305947,0.9825055004803015,3.048825645501907e-06
1.771417220127935e-06,0.9827287859564203,0.9827257629287027,3.0230277175968823e-06
1.776053313121763e-06,0.9829447203364782,0.9829417232362906,2.9971001875850334e-06
1.780733976561659e-06,0.9831563961919896,0.9831534251474318,2.971044557820157e-06
1.785460057684965e-06,0.983363857285544,0.9833609124231987,2.9448623453109946e-06
1.790232428200376e-06,0.9835671473963918,0.9835642288413102,2.918555081610208e-06
1.795051985209107e-06,0.9837663103181126,0.983763418193799,2.8921243135915375e-06
1.799919652213078e-06,0.9839613898580892,0.9839585242864857,2.8655716035608236e-06
1.804836380122715e-06,0.9841524298349834,0.9841495909364543,2.838898529144984e-06
1.809803148385692e-06,0.9843394740790169,0.9843366619723329,2.8121066839581488e-06
1.81482096610609e-06,0.9845225664296816,0.9845197812320048,2.7851976768245024e-06
1.819890873272885e-06,0.9847017507354288,0.984698992562295,2.758173133776687e-06
1.825013941969469e-06,0.9848770708504828,0.9848743398157868,2.7310346960573995e-06
1.830191277774188e-06,0.9850485706361277,0.9850458668521055,2.7037840222288168e-06
1.835424021095097e-06,0.9852162939572734,0.9852136175344858,2.676422787617483e-06
1.840713348695038e-06,0.9853802846829985,0.985377635730314,2.6489526845363542e-06
1.846060475172852e-06,0.9855405866831669,0.9855379653077442,2.621375422728889e-06
1.8514666546746e-06,0.9856972438296485,0.9856946501369193,2.5936927292580236e-06
1.856933182563895e-06,0.9858502999935163,0.9858477340871662,2.5659063500604873e-06
1.862461397252006e-06,0.9859997990442871,0.9859972610262384,2.5380180487255544e-06
1.868052682111455e-06,0.9861457848486482,0.9861432748190404,2.5100296078273132e-06
1.873708467492784e-06,0.9862883012691009,0.9862858193262714,2.4819428295907997e-06
1.879430232871573e-06,0.9864273921630186,0.9864249384034838,2.4537595347817742e-06
1.885219509146435e-06,0.9865631013823247,0.9865606759007597,2.42548156503819e-06
1.891077880939852e-06,0.9866954727701468,0.9866930756593647,2.397110782093037e-06
1.897006989226766e-06,0.9868245501619447,0.9868221815128766,2.368649068107409e-06
1.903008533939382e-06,0.9869503773825955,0.9869480372842683,2.3400983272248155e-06
1.909084276875599e-06,0.9870729982466852,0.9870706867861997,2.3114604854601595e-06
1.915236044659856e-06,0.9871924565562158,0.9871901738187248,2.2827374910328047e-06
1.921465731996964e-06,0.98730879610055,0.9873065421692349,2.2539313151437312e-06
1.927775305000322e-06,0.9874220606539381,0.9874198356099847,2.225043953418826e-06
1.934166804904752e-06,0.9875322939762508,0.9875300978988254,2.1960774253537707e-06
1.940642351795215e-06,0.9876395398098314,0.9876373727760555,2.1670337759793767e-06
1.947204148833622e-06,0.9877438418807296,0.9877417039656546,2.1379150749734066e-06
1.953854486505992e-06,0.9878452438957293,0.987843135172309,2.1087234202132876e-06
1.960595747325236e-06,0.9879437895422223,0.9879417100812854,2.0794609368879335e-06
1.967430410748993e-06,0.9880395224865699,0.9880374723567916,2.0501297782749006e-06
1.974361058573612e-06,0.9881324863744634,0.9881304656423363,2.0207321270726553e-06
1.98139038048209e-06,0.9882227248283237,0.9882207335581266,1.991270197176931e-06
1.988521180184325e-06,0.9883102814474848,0.9883083197012511,1.961746233680728e-06
1.995756381880182e-06,0.9883951998069153,0.9883932676444008,1.932162514428626e-06
2.003099037204862e-06,0.9884775234562347,0.9884756209348833,1.9025213514600736e-06
2.010552332686642e-06,0.9885572959188528,0.9885554230937597,1.8728250931188128e-06
2.018119597781623e-06,0.9886345606914076,0.9886327176152845,1.8430761231646997e-06
2.025804313516782e-06,0.9887093612432557,0.9887075479663906,1.8132768651035747e-06
2.033610121654224e-06,0.9887817410147105,0.988779957584928,1.7834297825203294e-06
2.041540834763331e-06,0.9888517434172693,0.9888499898798887,1.7535373806332188e-06
2.049600446990735e-06,0.9889194118329614,0.9889176882307525,1.7236022088473746e-06
2.057793145608556e-06,0.9889847896131392,0.9889830959862767,1.6936268625311612e-06
2.066123323676012e-06,0.9890479200788034,0.989046256464818,1.663613985347645e-06
2.074595593554331e-06,0.9891088465195147,0.9891072129532432,1.6335662714750399e-06
2.083214801723013e-06,0.989167612193683,0.9891660087072139,1.6034864690483985e-06
2.091986044642156e-06,0.9892242603274783,0.9892226869500963,1.573377382046992e-06
2.100914686239897e-06,0.9892788341155644,0.9892772908736913,1.5432418730698672e-06
2.110006376706865e-06,0.9893313767204704,0.989329863637603,1.5130828674436714e-06
2.119267073100566e-06,0.9893819312729351,0.9893804483695777,1.4829033573304784e-06
2.128703061838253e-06,0.9894305408724259,0.9894290881660223,1.4527064036151671e-06
2.13832098314141e-06,0.9894772485871559,0.9894758260920139,1.4224951420116483e-06
2.148127857876522e-06,0.9895220974548035,0.9895207051820166,1.3922727868376228e-06
2.158131116991832e-06,0.9895651304835134,0.9895637684408772,1.3620426361216076e-06
2.168338633777832e-06,0.9896063906528876,0.9896050588448104,1.3318080771540508e-06
2.178758759326089e-06,0.9896459209152126,0.9896446193426205,1.3015725921494692e-06
2.189400361732536e-06,0.989683764197524,0.9896824928577591,1.2713397649077862e-06
2.200272869094601e-06,0.9897199634030546,0.9897187222897668,1.2411132878087372e-06
2.211386317383278e-06,0.9897545614142356,0.9897533505172653,1.2108969702495642e-06
2.222751403229025e-06,0.9897876010952965,0.9897864204005493,1.1806947471937335e-06
2.234379542675189e-06,0.9898191252958677,0.9898179747851799,1.1505106878306748e-06
2.246282936490413e-06,0.9898491768550074,0.989848056506,1.1203490073441458e-06
2.258474643001479e-06,0.9898777986059418,0.9898767083918645,1.0902140773483282e-06
2.270968659532326e-06,0.9899050333816902,0.9899039732712503,1.0601104398766381e-06
2.283780013705068e-06,0.9899309240217196,0.9899298939788985,1.030042821037469e-06
2.296924865863991e-06,0.9899555133794037,0.9899545133632561,1.000016147556515e-06
2.310420624660724e-06,0.9899788443311771,0.9899778742956129,9.700355642072722e-07
2.324286077436833e-06,0.9900009597868376,0.9900000196803828,9.401064547942539e-07
2.338541537990941e-06,0.9900219027017165,0.9900209924672535,9.102344630251835e-07
2.353209014646212e-06,0.9900417160911017,0.9900408356655825,8.80425519156347e-07
2.368312401525785e-06,0.9900604430466183,0.9900595923607498,8.506858685253249e-07
2.383877697789059e-06,0.990078126756034,0.9900773057339306,8.210221034143927e-07
2.399933258897242e-06,0.9900948105259376,0.9900940190847373,7.91441200354015e-07
2.416510086423364e-06,0.9901105378087804,0.9901097758582191,7.619505613121191e-07
2.433642163238165e-06,0.9901253522346439,0.9901246196765815,7.325580624328865e-07
2.45136684293984e-06,0.9901392976488382,0.9901385943767298,7.032721084376803e-07
2.469725304397599e-06,0.9901524181565905,0.9901517440548946,6.741016959077584e-07
2.488763084194404e-06,0.990164758175922,0.9901641131194344,6.450564875581932e-07
2.508530713036022e-06,0.9901763625060742,0.9901757463591714,6.16146902832071e-07
2.52908445343129e-06,0.9901872763984997,0.9901866890142784,5.873842212622549e-07
2.550487184170824e-06,0.9901975456480111,0.9901969868673212,5.587806899409742e-07
2.572809462239327e-06,0.9902072167046583,0.9902066863550046,5.303496536379626e-07
2.596130802997951e-06,0.990216336809806,0.9902158347040926,5.021057134513285e-07
2.620541235949383e-06,0.9902249541634838,0.9902244800985662,4.740649175438705e-07
2.646143207887894e-06,0.9902331181308053,0.9902326718858117,4.462449936237789e-07
2.673053930696631e-06,0.990240879498903,0.990240460833281,4.1866562205949975e-07
2.701408302515006e-06,0.9902482907991785,0.9902478994504057,3.9134877283242275e-07
2.731362576527702e-06,0.9902554067150557,0.9902550423959453,3.6431911043521836e-07
2.763099017449835e-06,0.9902622846032724,0.9902619469987786,3.376044938052658e-07
2.796831877186899e-06,0.9902689851671477,0.9902686739305568,3.112365908330972e-07
2.83281515877075e-06,0.9902755733365833,0.99027528808494,2.8525164330606145e-07
2.871352844821163e-06,0.9902821194339574,0.990281859742533,2.5969142436466086e-07
2.912812575231386e-06,0.9902887007409122,0.9902884661364653,2.3460444698031324e-07
2.957644254330994e-06,0.990295403639673,0.9902951935921772,2.100474958410814e-07
3.006405852877664e-06,0.9903023265945557,0.9903021405069674,1.860875883386015e-07
3.059799977480859e-06,0.9903095843931354,0.9903094215886424,1.6280449299799216e-07
3.118727029218845e-06,0.9903173143311823,0.9903171740372055,1.402939767691791e-07
3.184364793494754e-06,0.9903256854982878,0.9903255668262994,1.1867198845827431e-07
3.258291904258695e-06,0.990334913215416,0.990334815135409,9.808000700495256e-08
3.342687877494046e-06,0.9903452824693418,0.9903452037776048,7.869173701546828e-08
3.44067569223631e-06,0.9903571881029419,0.9903571273818569,6.072108504895368e-08
3.54067569223631e-06,0.9903692494397648,0.9903692046231957,4.481656912247445e-08
3.64067569223631e-06,0.9903812570589482,0.9903812258184439,3.124050429459402e-08
3.740675692236309e-06,0.9903932309367799,0.9903932103153095,2.0621470420145727e-08
3.840675692236309e-06,0.9904051813711962,0.9904051683794725,1.2991723696842428e-08
3.940675692236309e-06,0.9904171133370652,0.990417105461856,7.875209151464446e-09
4.040675692236309e-06,0.9904290290888742,0.9904290244608775,4.627996652573074e-09
4.140675692236309e-06,0.9904409295791236,0.9904409269217578,2.657365771874254e-09
4.240675692236309e-06,0.9904528151776336,0.9904528136723239,1.5053097657258263e-09
4.340675692236309e-06,0.9904646860132541,0.9904646851600725,8.531816364509837e-10
4.440675692236309e-06,0.9904765421255366,0.9904765416308614,4.946751896994783e-10
4.540675692236309e-06,0.9904883835268028,0.9904883832236409,3.0316193999624375e-10
4.640675692236308e-06,0.9905002102247722,0.9905002100206743,2.0409784973196565e-10
4.740675692236308e-06,0.9905120222292231,0.9905120220741631,1.5505996486808726e-10
4.840675692236308e-06,0.9905238195529343,0.9905238194203598,1.325745069280515e-10
4.940675692236308e-06,0.9905356022110069,0.990535602087052,1.2395484638716425e-10
5.040675692236308e-06,0.9905473702200083,0.990547370097529,1.2247924896513496e-10
5.140675692236308e-06,0.9905591235973289,0.9905591234726843,1.2464462795236386e-10
5.240675692236308e-06,0.9905708623607803,0.990570862232131,1.2864931342448926e-10
5.340675692236308e-06,0.9905825865283688,0.9905825863947924,1.335764832077757e-10
5.440675692236308e-06,0.9905942961181782,0.9905942959792162,1.3896195305562742e-10
5.540675692236307e-06,0.9906059911483123,0.9906059910037398,1.4457246511057065e-10
5.640675692236307e-06,0.990617671636869,0.9906176714865788,1.5029022470969267e-10
5.740675692236307e-06,0.9906293376019295,0.9906293374458733,1.5605616798808342e-10
5.840675692236307e-06,0.9906409890615534,0.9906409888997135,1.6183987483486817e-10
5.940675692236307e-06,0.9906526260337778,0.9906526258661522,1.6762558008309725e-10
6.040675692236307e-06,0.9906642485366173,0.9906642483632114,1.7340584523850566e-10
6.140675692236307e-06,0.9906758565880636,0.9906758564088874,1.7917611838669245e-10
6.240675692236307e-06,0.9906874502060857,0.9906874500211514,1.8493429010391083e-10
6.340675692236307e-06,0.9906990294086302,0.9906990292179509,1.9067925016713616e-10
6.440675692236306e-06,0.9907105942136215,0.9907105940172111,1.9641044346485614e-10
6.540675692236306e-06,0.9907221446389614,0.9907221444368339,2.0212742590786092e-10
6.640675692236306e-06,0.9907336807025295,0.9907336804946993,2.078301974961505e-10
6.740675692236306e-06,0.9907452024221834,0.9907452022086649,2.1351853618511996e-10
6.840675692236306e-06,0.9907567098157581,0.9907567095965656,2.1919255299707174e-10
6.940675692236306e-06,0.9907682029010667,0.9907682026762146,2.248521369097034e-10
7.040675692236306e-06,0.9907796816958999,0.9907796814654026,2.3049728792301494e-10
7.140675692236306e-06,0.9907911462180267,0.9907911459818985,2.361281170593088e-10
7.240675692236306e-06,0.9908025964851935,0.9908025962434489,2.41744624318585e-10
7.340675692236305e-06,0.9908140325151249,0.9908140322677783,2.473465876562386e-10
7.440675692236305e-06,0.9908254543255237,0.9908254540725893,2.529344511614795e-10
7.540675692236305e-06,0.9908368619340703,0.9908368616755623,2.585079927897027e-10
7.640675692236305e-06,0.9908482553584231,0.9908482550943559,2.6406721254090826e-10
7.740675692236306e-06,0.9908596346162188,0.9908596343466066,2.696122214373986e-10
7.840675692236307e-06,0.9908709997250722,0.9908709994499291,2.751431305014762e-10
7.940675692236307e-06,0.9908823507025759,0.9908823504219161,2.806598287108386e-10
8.040675692236308e-06,0.9908936875663008,0.9908936872801385,2.861623160654858e-10
8.140675692236309e-06,0.990905010333796,0.9909050100421453,2.9165070358772027e-10
8.24067569223631e-06,0.9909163190225886,0.9909163187254636,2.97124991277542e-10
8.34067569223631e-06,0.9909276136501842,0.9909276133475988,3.025854011795559e-10
8.440675692236311e-06,0.9909388942340664,0.9909388939260347,3.0803171124915707e-10
8.540675692236312e-06,0.9909501607916971,0.9909501604782333,3.1346381046404304e-10
8.640675692236312e-06,0.9909614133405165,0.9909614130216343,3.1888214291342365e-10
8.740675692236313e-06,0.990972651897943,0.9909726515736567,3.242863755303915e-10
8.840675692236314e-06,0.9909838764813735,0.9909838761516969,3.296766193372491e-10
8.940675692236315e-06,0.9909950871081835,0.9909950867731304,3.3505309637860137e-10
9.040675692236315e-06,0.9910062837957265,0.9910062834553108,3.404156956321458e-10
9.140675692236316e-06,0.9910174665613345,0.9910174662155701,3.457644170978824e-10
9.240675692236317e-06,0.9910286354223178,0.9910286350712186,3.5109914975350875e-10
9.340675692236318e-06,0.9910397903959657,0.9910397900395455,3.564202266659322e-10
9.440675692236318e-06,0.9910509314995456,0.9910509311378181,3.617275368128503e-10
9.540675692236319e-06,0.9910620587503033,0.9910620583832823,3.670209691719606e-10
9.64067569223632e-06,0.9910731721654635,0.9910731717931629,3.723006347655655e-10
9.74067569223632e-06,0.9910842717622298,0.9910842713846628,3.7756697768287495e-10
9.840675692236321e-06,0.9910953575577833,0.9910953571749639,3.8281944281237656e-10
9.940675692236322e-06,0.9911064295692847,0.9911064291812265,3.880582521986753e-10
1.004067569223632e-05,0.991117487813873,0.9911174874205896,3.9328340584177113e-10
1.014067569223632e-05,0.9911285323086658,0.9911285319101709,3.984949037416641e-10
1.024067569223632e-05,0.9911395630707598,0.9911395626670668,4.0369296794295906e-10
1.034067569223633e-05,0.9911505801172302,0.9911505797083527,4.088774874233536e-10
1.044067569223633e-05,0.9911615834651308,0.9911615830510824,4.1404846218284774e-10
1.054067569223633e-05,0.9911725731314944,0.9911725727122886,4.19205781199139e-10
1.064067569223633e-05,0.9911835491333327,0.991183548708983,4.243497775391347e-10
1.074067569223633e-05,0.9911945114876363,0.9911945110581558,4.2948045120283496e-10
1.084067569223633e-05,0.9912054602113742,0.9912054597767764,4.345978021902397e-10
1.094067569223633e-05,0.9912163953214946,0.9912163948817931,4.3970149743444154e-10
1.104067569223633e-05,0.9912273168349248,0.991227316390133,4.447918700023479e-10
1.114067569223633e-05,0.9912382247685708,0.9912382243187019,4.498689198939587e-10
1.124067569223633e-05,0.9912491191393177,0.9912491186843851,4.549325360869716e-10
1.134067569223633e-05,0.9912599999640297,0.9912599995040466,4.599830516482939e-10
1.144067569223633e-05,0.9912708672595496,0.9912708667945296,4.6502002248871577e-10
1.154067569223633e-05,0.9912817210427,0.991281720572656,4.700440037197495e-10
1.164067569223633e-05,0.9912925613302819,0.991292560855227,4.750548843190927e-10
1.174067569223634e-05,0.9913033881390757,0.9913033876590233,4.800524422421404e-10
1.184067569223634e-05,0.9913142014858408,0.9913142010008039,4.850368995334975e-10
1.194067569223634e-05,0.9913250013873159,0.9913250008973078,4.900081451708616e-10
1.204067569223634e-05,0.9913357878602189,0.9913357873652526,4.94966290176535e-10
1.214067569223634e-05,0.991346560921247,0.9913465604213355,4.999114455728204e-10
1.224067569223634e-05,0.9913573205870759,0.9913573200822327,5.048432782928103e-10
1.234067569223634e-05,0.9913680668743619,0.9913680663645996,5.097622324257145e-10
1.244067569223634e-05,0.9913787997997394,0.9913787992850712,5.146681969492306e-10
1.254067569223634e-05,0.9913895193798228,0.9913895188602616,5.195611718633586e-10
1.264067569223634e-05,0.9914002256312056,0.9914002251067643,5.244412681904009e-10
1.274067569223634e-05,0.9914109185704604,0.991410918041152,5.293083749080552e-10
1.284067569223634e-05,0.9914215982141396,0.9914215976799772,5.341623809940188e-10
1.294067569223634e-05,0.991432264578775,0.9914322640397712,5.390037305375017e-10
1.304067569223634e-05,0.9914429176808777,0.9914429171370455,5.43832201493899e-10
1.314067569223635e-05,0.9914535575369382,0.9914535569882904,5.486477938632106e-10
1.324067569223635e-05,0.9914641841634265,0.9914641836099761,5.534503966231341e-10
1.334067569223635e-05,0.9914747975767925,0.9914747970185522,5.582402318182744e-10
1.344067569223635e-05,0.9914853977934652,0.9914853972304479,5.630172994486315e-10
1.354067569223635e-05,0.9914959848298535,0.9914959842620718,5.677817105365079e-10
1.364067569223635e-05,0.9915065587023455,0.9915065581298121,5.725333540596012e-10
1.374067569223635e-05,0.9915171194273094,0.9915171188500369,5.772724520625161e-10
1.384067569223635e-05,0.9915276670210925,0.9915276664390938,5.819986714783454e-10
1.394067569223635e-05,0.9915382015000224,0.99153820091331,5.867123453739964e-10
1.404067569223635e-05,0.9915487228804059,0.9915487222889925,5.914133627271667e-10
1.414067569223635e-05,0.9915592311785298,0.9915592305824279,5.961019455824612e-10
1.424067569223635e-05,0.9915697264106605,0.9915697258098827,6.00777871895275e-10
1.434067569223635e-05,0.9915802085930441,0.9915802079876029,6.05441141665608e-10
1.444067569223636e-05,0.9915906777419067,0.9915906771318148,6.100918659157628e-10
1.454067569223636e-05,0.9916011338734544,0.9916011332587241,6.147302666903443e-10
1.464067569223636e-05,0.9916115770038727,0.9916115763845165,6.193562329670499e-10
1.474067569223636e-05,0.9916220071493271,0.9916220065253575,6.239696537235773e-10
1.484067569223636e-05,0.9916324243259631,0.9916324236973925,6.285706399822288e-10
1.494067569223636e-05,0.991642828549906,0.991642827916747,6.331590807207021e-10
1.504067569223636e-05,0.9916532198372614,0.9916532191995262,6.377351979836021e-10
1.514067569223636e-05,0.9916635982041146,0.9916635975618154,6.422992138155337e-10
1.524067569223636e-05,0.9916739636665308,0.9916739630196801,6.46850684127287e-10
1.534067569223636e-05,0.9916843162405553,0.9916843155891655,6.513898309634669e-10
1.544067569223636e-05,0.9916946559422134,0.9916946552862969,6.559165433017711e-10
1.554067569223636e-05,0.9917049827875108,0.9917049821270798,6.604310431868043e-10
1.564067569223636e-05,0.9917152967924331,0.9917152961274998,6.649333306185667e-10
1.574067569223636e-05,0.9917255979729459,0.9917255973035224,6.694235166193607e-10
1.584067569223636e-05,0.9917358863449952,0.9917358856710936,6.739016011891863e-10
1.594067569223635e-05,0.9917461619245067,0.9917461612461393,6.783673622834385e-10
1.604067569223635e-05,0.9917564247273867,0.9917564240445658,6.828209109244199e-10
1.614067569223635e-05,0.9917666747695217,0.9917666740822594,6.872623581344328e-10
1.624067569223635e-05,0.9917769120667785,0.9917769113750867,6.916918149357798e-10
1.634067569223635e-05,0.9917871366350041,0.9917871359388948,6.961092813284608e-10
1.644067569223635e-05,0.9917973484900253,0.9917973477895108,7.00514535267871e-10
1.654067569223635e-05,0.99180754764765,0.9918075469427422,7.049077987986152e-10
1.664067569223635e-05,0.9918177341236661,0.9918177334143771,7.092890719206935e-10
1.674067569223635e-05,0.9918279079338418,0.9918279072201835,7.136582436118033e-10
1.684067569223635e-05,0.9918380690939258,0.9918380683759103,7.180155359165497e-10
1.694067569223634e-05,0.9918482176196473,0.9918482168972864,7.223608378126301e-10
1.704067569223634e-05,0.9918583535267156,0.9918583528000214,7.266941493000445e-10
1.714067569223634e-05,0.991868476830821,0.9918684760998052,7.310158034457004e-10
1.724067569223634e-05,0.9918785875476339,0.9918785868123083,7.353255782049928e-10
1.734067569223634e-05,0.9918886856928052,0.9918886849531818,7.396233625556192e-10
1.744067569223634e-05,0.9918987712819664,0.9918987705380571,7.439092675198822e-10
1.754067569223634e-05,0.9919088443307297,0.9919088435825463,7.481834041200841e-10
1.764067569223634e-05,0.9919189048546879,0.991918904102242,7.524458833785275e-10
1.774067569223634e-05,0.9919289528694143,0.9919289521127178,7.566964832506073e-10
1.784067569223634e-05,0.9919389883904627,0.9919389876295273,7.609354257809287e-10
1.794067569223634e-05,0.991949011433368,0.9919490106682052,7.651628219917939e-10
1.804067569223633e-05,0.9919590220136453,0.9919590212442668,7.69378449838598e-10
1.814067569223633e-05,0.9919690201467904,0.991969019373208,7.735824203436437e-10
1.824067569223633e-05,0.9919790058482804,0.9919790050705056,7.777747335069307e-10
1.834067569223633e-05,0.9919889791335725,0.9919889783516171,7.819553893284592e-10
1.844067569223633e-05,0.991998940018105,0.9919989392319807,7.861242767859267e-10
1.854067569223633e-05,0.9920088885172971,0.9920088877270153,7.902817289462405e-10
1.864067569223633e-05,0.9920188246465487,0.9920188238521211,7.944275237647958e-10
1.874067569223633e-05,0.9920287484212403,0.9920287476226786,7.985617722638949e-10
1.884067569223633e-05,0.992038659856734,0.9920386590540494,8.026845854658404e-10
1.894067569223633e-05,0.9920485589683721,0.9920485581615761,8.067959633706323e-10
1.904067569223632e-05,0.9920584457714781,0.9920584449605822,8.108959059782705e-10
1.914067569223632e-05,0.992068320281356,0.9920683194663718,8.149843022664527e-10
1.924067569223632e-05,0.9920781825132918,0.9920781816942305,8.190613742797836e-10
1.934067569223632e-05,0.9920880324825515,0.9920880316594246,8.231268999736585e-10
1.944067569223632e-05,0.9920978702043827,0.9920978693772013,8.271813234372871e-10
1.954067569223632e-05,0.9921076956940135,0.9921076948627893,8.312242005814596e-10
1.964067569223632e-05,0.9921175089666534,0.9921175081313979,8.35255531406176e-10
1.974067569223632e-05,0.9921273100374934,0.9921273091982176,8.392758710229486e-10
1.984067569223632e-05,0.992137098921705,0.9921370980784201,8.432848863648701e-10
1.994067569223632e-05,0.9921468756344408,0.9921468747871582,8.472825774319404e-10
2.004067569223632e-05,0.992156640190835,0.992156639339566,8.512690552464619e-10
2.014067569223631e-05,0.9921663926060027,0.9921663917507584,8.552443198084347e-10
2.024067569223631e-05,0.9921761328950403,0.992176132035832,8.592082600955564e-10
2.034067569223631e-05,0.9921858610730253,0.9921858602098642,8.631610981524318e-10
2.044067569223631e-05,0.9921955771550168,0.9921955762879139,8.671029450013634e-10
2.054067569223631e-05,0.9922052811560546,0.9922052802850212,8.710333565531414e-10
2.064067569223631e-05,0.9922149730911604,0.9922149722162076,8.749527768969756e-10
2.074067569223631e-05,0.9922246529753368,0.9922246520964756,8.78861206032866e-10
2.084067569223631e-05,0.9922343208235679,0.9922343199408095,8.827584219162077e-10
2.094067569223631e-05,0.9922439766508191,0.9922439757641747,8.866444245470007e-10
2.104067569223631e-05,0.9922536204720376,0.9922536195815179,8.905196580144548e-10
2.11406756922363e-05,0.9922632523021513,0.9922632514077675,8.943837892516626e-10
2.12406756922363e-05,0.9922728721560702,0.9922728712578331,8.982370403032292e-10
2.13406756922363e-05,0.9922824800486854,0.9922824791466061,9.020793001468519e-10
2.14406756922363e-05,0.9922920759948693,0.9922920750889587,9.059106798048333e-10
2.15406756922363e-05,0.9923016600094764,0.9923016590997453,9.097310682548709e-10
2.16406756922363e-05,0.9923112321073421,0.9923112311938016,9.135404654969648e-10
2.17406756922363e-05,0.9923207923032837,0.9923207913859448,9.173389825534173e-10
2.18406756922363e-05,0.9923303406121003,0.9923303396909736,9.211267304465309e-10
2.19406756922363e-05,0.9923398770485722,0.9923398761236685,9.249037091763057e-10
2.20406756922363e-05,0.9923494016274613,0.9923494006987915,9.286698077204392e-10
2.21406756922363e-05,0.9923589143635113,0.9923589134310863,9.324250260789313e-10
2.224067569223629e-05,0.9923684152714477,0.9923684143352782,9.361694752740846e-10
2.234067569223629e-05,0.9923779043659775,0.9923779034260742,9.399032663282014e-10
2.244067569223629e-05,0.9923873816617894,0.9923873807181631,9.436262882189794e-10
2.254067569223629e-05,0.9923968471735539,0.9923968462262154,9.473385409464186e-10
2.264067569223629e-05,0.9924063009159234,0.9924062999648833,9.510401355328213e-10
2.274067569223629e-05,0.9924157429035319,0.9924157419488008,9.547310719781876e-10
2.284067569223629e-05,0.9924251731509951,0.9924251721925836,9.5841146130482e-10
2.294067569223629e-05,0.9924345916729107,0.9924345907108296,9.620810814681136e-10
2.304067569223629e-05,0.9924439984838583,0.9924439975181182,9.657401545126731e-10
2.314067569223629e-05,0.9924533935983993,0.9924533926290107,9.693886804384988e-10
2.324067569223628e-05,0.992462777031077,0.9924627760580503,9.730266592455905e-10
2.334067569223628e-05,0.9924721487964164,0.9924721478197625,9.766539799116458e-10
2.344067569223628e-05,0.992481508908925,0.9924815079286541,9.802708644812697e-10
2.354067569223628e-05,0.9924908573830915,0.9924908563992143,9.838772019321596e-10
2.364067569223628e-05,0.9925001942333872,0.9925001932459141,9.87473103286618e-10
2.374067569223628e-05,0.9925095194742652,0.9925095184832067,9.91058568544645e-10
2.384067569223628e-05,0.9925188331201605,0.9925188321255272,9.946333756616355e-10
2.394067569223628e-05,0.9925281351854904,0.9925281341872926,9.98197857704497e-10
2.404067569223628e-05,0.992537425684654,0.9925374246829022,1.0017517926286246e-09
2.414067569223628e-05,0.9925467046320329,0.9925467036267374,1.0052955135009256e-09
2.424067569223627e-05,0.9925559720419904,0.9925559710331614,1.0088290203214e-09
2.434067569223627e-05,0.9925652279288723,0.9925652269165202,1.012352091045443e-09
2.444067569223627e-05,0.992574472307006,0.9925744712911412,1.015864836695357e-09
2.454067569223627e-05,0.9925837051907016,0.9925837041713345,1.0193671462488396e-09
2.464067569223627e-05,0.9925929265942515,0.992592925571392,1.0228594637951005e-09
2.474067569223627e-05,0.9926021365319296,0.9926021355055884,1.0263412342226275e-09
2.484067569223627e-05,0.9926113350179928,0.9926113339881801,1.0298126795760254e-09
2.494067569223627e-05,0.9926205220666803,0.9926205210334061,1.0332741329222017e-09
2.504067569223627e-05,0.9926296976922129,0.9926296966554875,1.0367253722165515e-09
2.514067569223627e-05,0.9926388619087942,0.9926388608686278,1.0401663974590747e-09
2.524067569223627e-05,0.9926480147306104,0.992648013687013,1.0435973196720738e-09
2.534067569223626e-05,0.9926571561718291,0.9926571551248111,1.0470180278332464e-09
2.544067569223626e-05,0.9926662862466015,0.9926662851961728,1.0504286329648949e-09
2.554067569223626e-05,0.9926754049690604,0.9926754039152311,1.0538292460893217e-09
2.564067569223626e-05,0.992684512353321,0.9926845112961014,1.057219645161922e-09
2.574067569223626e-05,0.9926936084134815,0.9926936073528815,1.0606000522273007e-09
2.584067569223626e-05,0.9927026931636221,0.9927026920996518,1.0639703562631553e-09
2.594067569223626e-05,0.9927117666178057,0.9927117655504751,1.0673305572694858e-09
2.604067569223626e-05,0.9927208287900777,0.992720827719397,1.0706807662685947e-09
2.614067569223626e-05,0.9927298796944659,0.9927298786204449,1.074020983260482e-09
2.624067569223626e-05,0.992738919344981,0.9927389182676296,1.0773514302897524e-09
2.634067569223625e-05,0.9927479477556159,0.9927479466749439,1.0806719963341038e-09
2.644067569223625e-05,0.992756964940346,0.9927569638563637,1.0839823483266287e-09
2.654067569223625e-05,0.9927659709131301,0.9927659698258471,1.0872830413788392e-09
2.664067569223625e-05,0.9927749656879086,0.9927749645973348,1.0905737424238282e-09
2.674067569223625e-05,0.9927839492786051,0.9927839481847507,1.0938544514615955e-09
2.684067569223625e-05,0.9927929216991261,0.9927929206020008,1.0971253905367462e-09
2.694067569223625e-05,0.9928018829633606,0.9928018818629741,1.1003864486269777e-09
2.704067569223625e-05,0.9928108330851801,0.9928108319815423,1.1036378477768949e-09
2.714067569223625e-05,0.9928197720784394,0.9928197709715599,1.1068794769641954e-09
2.724067569223625e-05,0.9928286999569754,0.992828698846864,1.1101114472111817e-09
2.734067569223625e-05,0.9928376167346081,0.9928376156212746,1.1133335364732488e-09
2.744067569223624e-05,0.9928465224251405,0.9928465213085946,1.1165458557726993e-09
2.754067569223624e-05,0.9928554170423581,0.9928554159226096,1.1197485161318355e-09
2.764067569223624e-05,0.9928643006000295,0.9928642994770882,1.1229412955060525e-09
2.774067569223624e-05,0.9928731731119064,0.9928731719857817,1.1261246379845602e-09
2.784067569223624e-05,0.9928820345917226,0.9928820334624243,1.1292983215227537e-09
2.794067569223624e-05,0.9928908850531958,0.9928908839207335,1.1324622350983304e-09
2.804067569223624e-05,0.992899724510026,0.9928997233744092,1.1356167117781979e-09
2.814067569223624e-05,0.9929085529758961,0.9929085518371347,1.1387614184954487e-09
2.824067569223624e-05,0.9929173704644726,0.992917369322576,1.1418965772946876e-09
2.834067569223624e-05,0.9929261769894044,0.9929261758443823,1.1450221881759148e-09
2.844067569223623e-05,0.9929349725643238,0.9929349714161857,1.1481381401168278e-09
2.854067569223623e-05,0.9929437572028462,0.9929437560516013,1.1512448772066364e-09
2.864067569223623e-05,0.9929525309185697,0.9929525297642277,1.1543420663784332e-09
2.874067569223623e-05,0.9929612937250757,0.992961292567646,1.1574297076322182e-09
2.884067569223623e-05,0.9929700456359285,0.9929700444754207,1.1605078009679914e-09
2.894067569223623e-05,0.9929787866646759,0.9929787855010994,1.1635764574080554e-09
2.904067569223623e-05,0.9929875168248486,0.992987515658213,1.16663567695241e-09
2.914067569223623e-05,0.9929962361299608,0.9929962349602752,1.1696855706233578e-09
2.924067569223623e-05,0.9930049445935095,0.9930049434207834,1.1727261384208987e-09
2.934067569223623e-05,0.9930136422289751,0.9930136410532179,1.1757572693227303e-09
2.944067569223623e-05,0.9930223290498212,0.993022327871042,1.1787791853734575e-09
2.954067569223622e-05,0.9930310050694946,0.993031003887703,1.181791553506173e-09
2.964067569223622e-05,0.9930396703014255,0.9930396691166309,1.1847945957654815e-09
2.974067569223622e-05,0.9930483247590273,0.9930483235712388,1.1877884231736857e-09
2.984067569223622e-05,0.9930569684556967,0.993056967264924,1.1907727026638781e-09
2.994067569223622e-05,0.9930656014048141,0.9930656002110662,1.193747989347571e-09
3.004067569223622e-05,0.993074223619743,0.9930742224230289,1.1967140611801597e-09
3.014067569223622e-05,0.99308283511383,0.9930828339141591,1.1996709181616438e-09
3.024067569223622e-05,0.9930914359004055,0.9930914346977869,1.2026185602920236e-09
3.034067569223622e-05,0.9931000259927831,0.9931000247872261,1.205556987571299e-09
3.044067569223622e-05,0.99310860540426,0.9931086041957738,1.20848619999947e-09
3.054067569223621e-05,0.993117174148117,0.9931171729367106,1.2114063085988391e-09
3.064067569223622e-05,0.9931257322376181,0.9931257310233005,1.2143176464363137e-09
3.074067569223622e-05,0.9931342796860106,0.9931342784687911,1.217219547378079e-09
3.084067569223622e-05,0.993142816506526,0.9931428152864136,1.2201124555133447e-09
3.094067569223622e-05,0.9931513427123787,0.9931513414893826,1.222996148797506e-09
3.104067569223623e-05,0.993159858316767,0.9931598570908963,1.2258707382528655e-09
3.114067569223623e-05,0.9931683633328728,0.9931683621041365,1.2287363349017255e-09
3.124067569223623e-05,0.9931768577738617,0.9931768565422686,1.2315930497663885e-09
3.134067569223623e-05,0.9931853416528824,0.9931853404184419,1.2344405497799471e-09
3.144067569223624e-05,0.993193814983068,0.9931938137457889,1.2372791680093087e-09
3.154067569223624e-05,0.9932022777775348,0.9932022765374259,1.2401089044544733e-09
3.164067569223624e-05,0.9932107300493827,0.9932107288064531,1.242929537070836e-09
3.174067569223624e-05,0.9932191718116956,0.9932191705659543,1.2457412879030016e-09
3.184067569223625e-05,0.993227603077541,0.993227601828997,1.2485439349063654e-09
3.194067569223625e-05,0.9932360238599702,0.9932360226086324,1.2513378111478346e-09
3.204067569223625e-05,0.9932444341720186,0.9932444329178957,1.2541229166274093e-09
3.214067569223625e-05,0.9932528340267046,0.9932528327698055,1.256899140322787e-09
3.224067569223626e-05,0.9932612234370309,0.9932612221773646,1.2596663712116651e-09
3.234067569223626e-05,0.9932696024159844,0.9932696011535593,1.2624250533832537e-09
3.244067569223626e-05,0.9932779709765349,0.9932779697113602,1.2651747427483429e-09
3.254067569223626e-05,0.993286329131637,0.9932863278637213,1.2679156613515374e-09
3.264067569223627e-05,0.9932946768942286,0.9932946756235808,1.2706478091928375e-09
3.274067569223627e-05,0.9933030142772318,0.9933030130038606,1.273371186272243e-09
3.284067569223627e-05,0.9933113412935526,0.9933113400174667,1.2760859036120564e-09
3.294067569223627e-05,0.9933196579560808,0.9933196566772889,1.2787918501899753e-09
3.304067569223628e-05,0.9933279642776902,0.9933279629962013,1.2814889149836972e-09
3.314067569223628e-05,0.9933362602712391,0.9933362589870615,1.2841776531047344e-09
3.324067569223628e-05,0.993344545949569,0.9933445446627115,1.2868575094415746e-09
3.334067569223628e-05,0.993352821325506,0.9933528200359771,1.2895288170611252e-09
3.344067569223629e-05,0.9933610864118598,0.9933610851196685,1.2921913539187813e-09
3.354067569223629e-05,0.9933693412214248,0.9933693399265794,1.2948454530814502e-09
3.364067569223629e-05,0.9933775857669789,0.9933775844694881,1.2974907814822245e-09
3.374067569223629e-05,0.9933858200612845,0.9933858187611568,1.3001276721880117e-09
3.384067569223629e-05,0.9933940441170879,0.9933940428143319,1.3027560141765093e-09
3.39406756922363e-05,0.9934022579471196,0.9934022566417439,1.3053756964254148e-09
3.40406756922363e-05,0.9934104615640942,0.9934104602561074,1.3079868299570307e-09
3.41406756922363e-05,0.9934186549807108,0.9934186536701213,1.3105895257936595e-09
3.42406756922363e-05,0.9934268382096524,0.9934268368964687,1.3131836729129986e-09
3.434067569223631e-05,0.9934350112635864,0.993435009947817,1.3157693823373506e-09
3.444067569223631e-05,0.9934431741551643,0.9934431728368177,1.318346543044413e-09
3.454067569223631e-05,0.9934513268970219,0.9934513255761066,1.3209152660564882e-09
3.464067569223631e-05,0.9934594695017795,0.9934594681783038,1.3234757734181812e-09
3.474067569223632e-05,0.9934676019820416,0.9934676006560138,1.326027843084887e-09
3.484067569223632e-05,0.9934757243503968,0.9934757230218254,1.3285713640343033e-09
3.494067569223632e-05,0.9934838366194181,0.9934838352883115,1.3311065583110349e-09
3.504067569223632e-05,0.9934919388016632,0.9934919374680299,1.3336333148927793e-09
3.514067569223633e-05,0.9935000309096739,0.9935000295735221,1.336151744801839e-09
3.524067569223633e-05,0.9935081129559765,0.9935081116173146,1.3386619590605164e-09
3.534067569223633e-05,0.9935161849530817,0.993516183611918,1.3411637356242068e-09
3.544067569223633e-05,0.9935242469134846,0.9935242455698274,1.3436571855152124e-09
3.554067569223634e-05,0.9935322988496651,0.9935322975035226,1.3461425307781383e-09
3.564067569223634e-05,0.9935403407740869,0.9935403394254674,1.3486195493683795e-09
3.574067569223634e-05,0.9935483726991988,0.9935483713481105,1.3510883523082384e-09
3.584067569223634e-05,0.993556394637434,0.993556393283885,1.3535489395977152e-09
3.594067569223635e-05,0.9935644066012099,0.9935644052452085,1.3560014222591121e-09
3.604067569223635e-05,0.993572408602929,0.9935724072444834,1.3584455782478244e-09
3.614067569223635e-05,0.9935804006549777,0.9935803992940961,1.3608815185861545e-09
3.624067569223635e-05,0.9935883827697276,0.9935883814064184,1.3633092432741023e-09
3.634067569223636e-05,0.9935963549595349,0.993596353593806,1.3657288633339704e-09
3.644067569223636e-05,0.9936043172367403,0.9936043158685998,1.3681404897880611e-09
3.654067569223636e-05,0.9936122696136687,0.9936122682431248,1.3705439005917697e-09
3.664067569223636e-05,0.9936202121026305,0.9936202107296911,1.3729394288120034e-09
3.674067569223637e-05,0.9936281447159202,0.9936281433405934,1.3753268524041573e-09
3.684067569223637e-05,0.9936360674658169,0.993636066088111,1.3777059493236266e-09
3.694067569223637e-05,0.993643980364585,0.993643978984508,1.3800770526373185e-09
3.704067569223637e-05,0.9936518834244735,0.9936518820420333,1.3824402733675356e-09
3.714067569223638e-05,0.9936597766577159,0.9936597752729204,1.3847955004919754e-09
3.724067569223638e-05,0.9936676600765305,0.9936676586893879,1.3871426229883355e-09
3.734067569223638e-05,0.9936755336931208,0.9936755323036389,1.3894818629012207e-09
3.744067569223638e-05,0.9936833975196747,0.9936833961278616,1.3918131092083286e-09
3.754067569223638e-05,0.9936912515683651,0.9936912501742288,1.3941363619096592e-09
3.764067569223639e-05,0.9936990958513497,0.993699094454898,1.396451732027515e-09
3.774067569223639e-05,0.9937069303807713,0.9937069289820123,1.398758997517291e-09
3.784067569223639e-05,0.9937147551687575,0.9937147537676989,1.401058602468197e-09
3.794067569223639e-05,0.9937225702274206,0.9937225688240704,1.4033502138133258e-09
3.80406756922364e-05,0.9937303755688581,0.9937303741632242,1.4056339425749798e-09
3.81406756922364e-05,0.9937381712051526,0.9937381697972426,1.4079100107977638e-09
3.82406756922364e-05,0.9937459571483711,0.993745955738193,1.4101780854147705e-09
3.83406756922364e-05,0.993753733410566,0.9937537319981277,1.4124383884706049e-09
3.844067569223641e-05,0.9937615000037748,0.993761498589084,1.4146908089429644e-09
3.854067569223641e-05,0.99376925694002,0.9937692555230844,1.4169356798987565e-09
3.864067569223641e-05,0.993777004231309,0.9937770028121362,1.4191727792933762e-09
3.874067569223641e-05,0.9937847418896338,0.993784740468232,1.4214018850822185e-09
3.884067569223642e-05,0.9937924699269726,0.9937924685033492,1.423623330332191e-09
3.894067569223642e-05,0.9938001883552878,0.9938001869294508,1.4258370040209911e-09
3.904067569223642e-05,0.9938078971865274,0.9938078957584845,1.4280429061486188e-09
3.914067569223642e-05,0.9938155964326244,0.9938155950023831,1.4302412587596791e-09
3.924067569223643e-05,0.9938232861054969,0.993823284673065,1.432431839809567e-09
3.934067569223643e-05,0.9938309662170483,0.9938309647824333,1.43461498236519e-09
3.944067569223643e-05,0.993838636779167,0.9938386353423765,1.436790464381943e-09
3.954067569223643e-05,0.9938462978037267,0.9938462963647685,1.4389581748375235e-09
3.964067569223644e-05,0.9938539493025864,0.9938539478614682,1.4411182247542342e-09
3.974067569223644e-05,0.9938615912875904,0.9938615898443196,1.44327083617668e-09
3.984067569223644e-05,0.9938692237705682,0.9938692223251525,1.4454156760379533e-09
3.994067569223644e-05,0.9938768467633347,0.9938768453157816,1.4475530774049616e-09
4.004067569223645e-05,0.9938844602776897,0.9938844588280069,1.4496828182331e-09
4.014067569223645e-05,0.9938920643254189,0.9938920628736139,1.451805009544671e-09
4.024067569223645e-05,0.9938996589182931,0.9938996574643733,1.4539198733842795e-09
4.034067569223645e-05,0.9939072440680682,0.9939072426120411,1.456027076685018e-09
4.044067569223646e-05,0.9939148197864859,0.9939148183283592,1.4581267304691892e-09
4.054067569223646e-05,0.9939223860852733,0.9939223846250542,1.4602190567813977e-09
4.064067569223646e-05,0.9939299429761426,0.9939299415138385,1.4623040556216438e-09
4.074067569223646e-05,0.9939374904707913,0.9939374890064099,1.46438139392302e-09
4.084067569223646e-05,0.993945028580903,0.9939450271144515,1.4664514047524335e-09
4.094067569223647e-05,0.9939525573181462,0.9939525558496323,1.4685139770875821e-09
4.104067569223647e-05,0.9939600766941753,0.9939600752236062,1.4705691109284658e-09
4.114067569223647e-05,0.9939675867206299,0.9939675852480129,1.4726170283196893e-09
4.124067569223647e-05,0.9939750874091352,0.9939750859344778,1.4746573961943454e-09
4.134067569223648e-05,0.9939825787713019,0.9939825772946116,1.4766903255747366e-09
4.144067569223648e-05,0.9939900608187267,0.9939900593400105,1.47871614952777e-09
4.154067569223648e-05,0.993997533562991,0.9939975320822566,1.4807344239642362e-09
4.164067569223648e-05,0.9940049970156628,0.9940049955329173,1.4827454819510422e-09
4.174067569223649e-05,0.9940124511882951,0.9940124497035459,1.4847492124658856e-09
4.184067569223649e-05,0.9940198960924267,0.9940198946056809,1.4867458375533715e-09
4.194067569223649e-05,0.994027331739582,0.9940273302508468,1.4887352461911973e-09
4.204067569223649e-05,0.9940347581412711,0.9940347566505539,1.4907172163347582e-09
4.21406756922365e-05,0.9940421753089898,0.9940421738162977,1.4926920810509614e-09
4.22406756922365e-05,0.9940495832542194,0.9940495817595597,1.4946597293175046e-09
4.23406756922365e-05,0.9940569819884274,0.9940569804918074,1.4966200501120852e-09
4.24406756922365e-05,0.9940643715230667,0.9940643700244933,1.4985733765016107e-09
4.254067569223651e-05,0.994071751869576,0.9940717503690566,1.5005193754191737e-09
4.264067569223651e-05,0.9940791230393795,0.9940791215369215,1.5024580468647741e-09
4.274067569223651e-05,0.9940864850438881,0.9940864835394981,1.5043899459499244e-09
4.284067569223651e-05,0.9940938378944975,0.9940938363881829,1.506314517563112e-09
4.294067569223652e-05,0.9941011816025896,0.9941011800943577,1.5082319837489422e-09
4.304067569223652e-05,0.9941085161795324,0.9941085146693901,1.5101423445074147e-09
4.314067569223652e-05,0.9941158416366794,0.9941158401246338,1.5120455998385296e-09
4.324067569223652e-05,0.9941231579853702,0.9941231564714283,1.5139418607645894e-09
4.334067569223653e-05,0.9941304652369304,0.9941304637210993,1.515831127285594e-09
4.344067569223653e-05,0.9941377634026711,0.9941377618849577,1.5177133994015435e-09
4.354067569223653e-05,0.9941450524938895,0.9941450509743011,1.519588455067833e-09
4.364067569223653e-05,0.9941523325218691,0.9941523310004126,1.5214565163290672e-09
4.374067569223654e-05,0.994159603497879,0.9941596019745613,1.5233176942075488e-09
4.384067569223654e-05,0.9941668654331745,0.9941668639080026,1.5251718776809753e-09
4.394067569223654e-05,0.9941741183389965,0.9941741168119774,1.5270190667493466e-09
4.404067569223654e-05,0.9941813622265724,0.9941813606977132,1.5288591503903604e-09
4.414067569223655e-05,0.9941885971071156,0.9941885955764231,1.5306924616709239e-09
4.424067569223655e-05,0.9941958229918254,0.9941958214593065,1.5325188895687347e-09
4.434067569223655e-05,0.9942030398918871,0.9942030383575488,1.5343383230614904e-09
4.444067569223655e-05,0.9942102478184723,0.9942102462823212,1.5361510952160984e-09
4.454067569223655e-05,0.9942174467827384,0.9942174452447817,1.5379566509210463e-09
4.464067569223656e-05,0.9942246367958291,0.9942246352560737,1.5397553232432415e-09
4.474067569223656e-05,0.9942318178688746,0.9942318163273272,1.5415474452495914e-09
4.484067569223656e-05,0.9942389900129908,0.9942389884696581,1.5433326838731887e-09
4.494067569223656e-05,0.9942461532392797,0.9942461516941687,1.5451109280917308e-09
4.504067569223657e-05,0.9942533075588298,0.9942533060119474,1.5468823999498227e-09
4.514067569223657e-05,0.9942604529827158,0.9942604514340688,1.548646988425162e-09
4.524067569223657e-05,0.9942675895219986,0.9942675879715936,1.5504049155623534e-09
4.534067569223657e-05,0.9942747171877252,0.994274715635569,1.552156181361397e-09
4.544067569223658e-05,0.9942818359909291,0.9942818344370284,1.5539006747999906e-09
4.554067569223658e-05,0.9942889459426296,0.9942889443869913,1.5556382848558314e-09
4.564067569223658e-05,0.9942960470538328,0.9942960454964637,1.557369122551222e-09
4.574067569223658e-05,0.9943031393355312,0.9943031377764378,1.5590934099307674e-09
4.584067569223659e-05,0.9943102227987032,0.9943102212378921,1.560811035972165e-09
4.594067569223659e-05,0.9943172974543135,0.9943172958917917,1.5625217786308099e-09
4.604067569223659e-05,0.9943243633133139,0.9943243617490879,1.5642259709736095e-09
4.614067569223659e-05,0.9943314203866417,0.9943314188207181,1.5659236130005638e-09
4.62406756922366e-05,0.9943384686852211,0.9943384671176065,1.5676145936893704e-09
4.63406756922366e-05,0.9943455082199627,0.9943455066506638,1.5692989130400292e-09
4.64406756922366e-05,0.9943525390017631,0.9943525374307867,1.5709764600302378e-09
4.65406756922366e-05,0.994359561041506,0.9943595594688586,1.5726474567046012e-09
4.664067569223661e-05,0.9943665743500613,0.9943665727757492,1.5743120140854217e-09
4.674067569223661e-05,0.9943735789382852,0.9943735773623152,1.5759699101280944e-09
4.684067569223661e-05,0.9943805748170204,0.9943805732393991,1.5776212558549219e-09
4.694067569223661e-05,0.9943875619970964,0.9943875604178304,1.579266051265904e-09
4.704067569223662e-05,0.9943945404893293,0.9943945389084249,1.5809044073833434e-09
4.714067569223662e-05,0.9944015103045212,0.9944015087219851,1.582536102162635e-09
4.724067569223662e-05,0.9944084714534613,0.9944084698692999,1.5841614686706862e-09
4.734067569223662e-05,0.9944154239469252,0.994415422361145,1.5857801738405897e-09
4.744067569223663e-05,0.9944223677956748,0.9944223662082825,1.5873923286946479e-09
4.754067569223663e-05,0.9944293030104593,0.9944293014214612,1.5889980442551632e-09
4.764067569223663e-05,0.9944362296020142,0.9944362280114166,1.5905975425667407e-09
4.774067569223663e-05,0.9944431475810612,0.9944431459888708,1.5921903795401704e-09
4.784067569223664e-05,0.9944500569583095,0.9944500553645325,1.5937769992646622e-09
4.794067569223664e-05,0.9944569577444543,0.9944569561490971,1.5953571796956112e-09
4.804067569223664e-05,0.9944638499501778,0.9944638483532469,1.5969309208330174e-09
4.814067569223664e-05,0.994470733586149,0.9944707319876506,1.5984984447214856e-09
4.824067569223664e-05,0.9944776086630233,0.994477607062964,1.6000593072718061e-09
4.834067569223665e-05,0.9944844751914431,0.9944844735898292,1.6016139525731887e-09
4.844067569223665e-05,0.9944913331820375,0.9944913315788754,1.6031621585810285e-09
4.854067569223665e-05,0.9944981826454227,0.9944981810407185,1.6047041473399304e-09
4.864067569223665e-05,0.994505023592201,0.9945050219859612,1.606239807827592e-09
4.874067569223666e-05,0.9945118560329624,0.9945118544251932,1.6077692510663155e-09
4.884067569223666e-05,0.9945186799782829,0.9945186783689907,1.6092922550114963e-09
4.894067569223666e-05,0.9945254954387259,0.9945254938279167,1.6108092637523441e-09
4.904067569223666e-05,0.9945323024248414,0.9945323008125215,1.6123198331996491e-09
4.914067569223667e-05,0.9945391009471662,0.9945390993333421,1.6138241853980162e-09
4.924067569223667e-05,0.9945458910162244,0.9945458894009022,1.615322209325143e-09
4.934067569223667e-05,0.9945526726425266,0.9945526710257125,1.6168140160033317e-09
4.944067569223667e-05,0.9945594458365706,0.9945594442182709,1.6182997164548851e-09
4.954067569223668e-05,0.994566210608841,0.9945662089890619,1.6197790886351981e-09
4.964067569223668e-05,0.9945729669698095,0.9945729653485572,1.6212522435665733e-09
4.974067569223668e-05,0.9945797149299346,0.9945797133072152,1.6227194032936154e-09
4.984067569223668e-05,0.994586454499662,0.9945864528754816,1.6241803457717197e-09
4.994067569223669e-05,0.994593185689424,0.994593184063789,1.6256349599785835e-09
5.004067569223669e-05,0.9945999085096405,0.994599906882557,1.6270835789811144e-09
5.014067569223669e-05,0.9946066229707182,0.9946066213421921,1.62852609175701e-09
5.024067569223669e-05,0.9946133290830509,0.9946133274530884,1.62996249830627e-09
5.03406756922367e-05,0.9946200268570191,0.9946200252256263,1.6313927986288945e-09
5.04406756922367e-05,0.9946267163029909,0.9946267146701739,1.6328169927248837e-09
5.05406756922367e-05,0.9946333974313215,0.9946333957970862,1.6342353026388423e-09
5.06406756922367e-05,0.9946400702523527,0.9946400686167052,1.6356475063261655e-09
5.074067569223671e-05,0.9946467347764139,0.9946467331393603,1.6370536037868533e-09
5.084067569223671e-05,0.9946533910138216,0.9946533893753677,1.6384538170655105e-09
5.094067569223671e-05,0.9946600389748794,0.9946600373350314,1.6398480351398348e-09
5.104067569223671e-05,0.9946666786698779,0.9946666770286418,1.6412361469875236e-09
5.114067569223672e-05,0.9946733101090952,0.994673308466477,1.6426182636308795e-09
5.124067569223672e-05,0.9946799333027965,0.9946799316588022,1.6439942740476e-09
5.134067569223672e-05,0.9946865482612344,0.99468654661587,1.6453644002822898e-09
5.144067569223672e-05,0.9946931549946485,0.9946931533479199,1.6467286423349492e-09
5.154067569223673e-05,0.9946997535132658,0.9946997518651788,1.648087000205578e-09
5.164067569223673e-05,0.9947063438273005,0.9947063421778611,1.649439362871874e-09
5.174067569223673e-05,0.9947129259469543,0.9947129242961684,1.6507858413561394e-09
5.184067569223673e-05,0.9947194998824158,0.9947194982302895,1.6521263246360718e-09
5.194067569223673e-05,0.9947260656438615,0.9947260639904005,1.6534609237339737e-09
5.204067569223674e-05,0.9947326232414547,0.9947326215866651,1.654789638649845e-09
5.214067569223674e-05,0.9947391726853467,0.994739171029234,1.6561126914282909e-09
5.224067569223674e-05,0.9947457139856756,0.9947457123282457,1.6574298600247062e-09
5.234067569223674e-05,0.9947522471525668,0.9947522454938258,1.6587410334167885e-09
5.244067569223675e-05,0.9947587721961336,0.9947587705360872,1.6600464336491427e-09
5.254067569223675e-05,0.9947652891264767,0.9947652874651307,1.6613459496994665e-09
5.264067569223675e-05,0.9947717979536839,0.9947717962910441,1.6626398036123646e-09
5.274067569223675e-05,0.9947782986878305,0.9947782970239027,1.6639277733432323e-09
5.284067569223676e-05,0.9947847913389795,0.9947847896737696,1.6652098588920694e-09
5.294067569223676e-05,0.9947912759171814,0.994791274250695,1.6664863933257834e-09
5.304067569223676e-05,0.994797752432474,0.9947977507647169,1.6677571545997694e-09
5.314067569223676e-05,0.9948042208948827,0.9948042192258606,1.6690221427140273e-09
5.324067569223677e-05,0.9948106813144204,0.9948106796441392,1.6702812466462547e-09
5.334067569223677e-05,0.9948171337010877,0.9948171320295528,1.6715349104856614e-09
5.344067569223677e-05,0.9948235780648728,0.9948235763920897,1.672783023209945e-09
5.354067569223677e-05,0.9948300144157508,0.9948300127417257,1.6740251407298956e-09
5.364067569223678e-05,0.9948364427636853,0.9948364410884236,1.6752617071347231e-09
5.374067569223678e-05,0.994842863118627,0.9948428614421345,1.6764925003798226e-09
5.384067569223678e-05,0.9948492754905145,0.9948492738127969,1.6777176314874964e-09
5.394067569223678e-05,0.9948556798892737,0.9948556782103366,1.6789371004577447e-09
5.404067569223679e-05,0.9948620763248187,0.9948620746446677,1.6801510183128698e-09
5.414067569223679e-05,0.9948684648070507,0.9948684631256914,1.6813592740305694e-09
5.424067569223679e-05,0.994874845345859,0.9948748436632969,1.6825620896554483e-09
5.434067569223679e-05,0.9948812179511203,0.994881216267361,1.6837592431429016e-09
5.44406756922368e-05,0.994887582632699,0.9948875809477483,1.6849507344929293e-09
5.45406756922368e-05,0.9948939394004478,0.9948939377143111,1.686136674727834e-09
5.46406756922368e-05,0.9949002882642064,0.9949002865768893,1.6873170638476154e-09
5.47406756922368e-05,0.9949066292338028,0.9949066275453108,1.6884920128745762e-09
5.484067569223681e-05,0.9949129623190524,0.994912960629391,1.6896612997641114e-09
5.494067569223681e-05,0.9949192875297587,0.9949192858389335,1.690825146560826e-09
5.504067569223681e-05,0.9949256048757128,0.9949256031837294,1.6919834422424174e-09
5.514067569223681e-05,0.9949319143666938,0.9949319126735575,1.6931362978311881e-09
5.524067569223682e-05,0.9949382160124687,0.994938214318185,1.6942837133271382e-09
5.534067569223682e-05,0.9949445098227918,0.9949445081273663,1.6954254666856627e-09
5.544067569223682e-05,0.9949507958074062,0.9949507941108442,1.6965620019959715e-09
5.554067569223682e-05,0.9949570739760418,0.994957072278349,1.6976928751688547e-09
5.564067569223682e-05,0.9949633443384174,0.994963342639599,1.6988184192712197e-09
5.574067569223683e-05,0.9949696069042392,0.9949696052043007,1.699938523280764e-09
5.584067569223683e-05,0.9949758616832014,0.994975859982148,1.7010534092420926e-09
5.594067569223683e-05,0.994982108684986,0.9949821069828233,1.702162744088298e-09
5.604067569223683e-05,0.9949883479192633,0.9949883462159967,1.7032665278193804e-09
5.614067569223684e-05,0.9949945793956911,0.9949945776913263,1.704364871457642e-09
5.624067569223684e-05,0.9950008031239161,0.9950008014184579,1.7054582190922929e-09
5.634067569223684e-05,0.995007019113572,0.9950070174070259,1.706546126634123e-09
5.644067569223684e-05,0.9950132273742809,0.9950132256666524,1.7076284830608301e-09
5.654067569223685e-05,0.9950194279156529,0.9950194262069473,1.7087056214393215e-09
5.664067569223685e-05,0.9950256207472864,0.995025619037509,1.7097774307472946e-09
5.674067569223685e-05,0.9950318058787675,0.9950318041679237,1.710843799962447e-09
5.684067569223685e-05,0.9950379833196706,0.9950379816077657,1.7119049511293838e-09
5.694067569223686e-05,0.9950441530795583,0.9950441513665975,1.7129607732258023e-09
5.704067569223686e-05,0.995050315167981,0.9950503134539695,1.7140114882963076e-09
5.714067569223686e-05,0.9950564695944776,0.9950564678794207,1.7150568742962946e-09
5.724067569223686e-05,0.9950626163685747,0.9950626146524776,1.7160971532703684e-09
5.734067569223687e-05,0.9950687554997875,0.9950687537826552,1.7171322141962264e-09
5.744067569223687e-05,0.9950748869976187,0.9950748852794568,1.7181619460515662e-09
5.754067569223687e-05,0.99508101087156,0.9950810091523735,1.7191864598586903e-09
5.764067569223687e-05,0.9950871271310907,0.9950871254108851,1.7202056445952962e-09
5.774067569223688e-05,0.9950932357856787,0.9950932340644589,1.7212197223059889e-09
5.784067569223688e-05,0.9950993368447799,0.9950993351225513,1.7222285819684657e-09
5.794067569223688e-05,0.9951054303178386,0.9951054285946063,1.7232323346050293e-09
5.804067569223688e-05,0.9951115162142872,0.9951115144900563,1.7242308691933772e-09
5.814067569223689e-05,0.9951175945435464,0.9951175928183221,1.7252242967558118e-09
5.824067569223689e-05,0.9951236653150254,0.9951236635888128,1.7262126172923331e-09
5.834067569223689e-05,0.9951297285381212,0.9951297268109255,1.7271957197806387e-09
5.844067569223689e-05,0.9951357842222197,0.9951357824940461,1.7281736042207285e-09
5.85406756922369e-05,0.995141832376695,0.9951418306475482,1.7291467147018125e-09
5.86406756922369e-05,0.995147873010909,0.9951478712807945,1.7301144961123782e-09
5.87406756922369e-05,0.9951539061342127,0.9951539044031354,1.7310772815193332e-09
5.88406756922369e-05,0.9951599317559451,0.9951599300239101,1.7320349599003748e-09
5.89406756922369e-05,0.9951659498854336,0.995165948152446,1.7329876422778057e-09
5.904067569223691e-05,0.995171960531994,0.9951719587980588,1.7339352176293232e-09
5.914067569223691e-05,0.9951779637049306,0.9951779619700527,1.7348779079995325e-09
5.924067569223691e-05,0.995183959413536,0.9951839576777206,1.735815380321526e-09
5.934067569223691e-05,0.9951899476670913,0.9951899459303435,1.7367478566399086e-09
5.944067569223692e-05,0.9951959284748663,0.9951959267371909,1.7376753369546805e-09
5.954067569223692e-05,0.9952019018461189,0.9952019001075211,1.7385978212658415e-09
5.964067569223692e-05,0.9952078677900958,0.9952078660505804,1.7395154205956942e-09
5.974067569223692e-05,0.9952138263160318,0.995213824575604,1.7404278018773311e-09
5.984067569223693e-05,0.9952197774331509,0.9952197756918154,1.7413355202222647e-09
5.994067569223693e-05,0.9952257211506649,0.9952257194084266,1.7422382425635874e-09
6.004067569223693e-05,0.9952316574777744,0.9952316557346385,1.7431359689012993e-09
6.014067569223693e-05,0.9952375864236687,0.9952375846796401,1.744028588213098e-09
6.024067569223694e-05,0.9952435079975257,0.9952435062526092,1.7449165445881931e-09
6.034067569223694e-05,0.9952494222085118,0.995249420462712,1.7457997270042824e-09
6.044067569223694e-05,0.9952553290657816,0.9952553273191038,1.7466778023944585e-09
6.054067569223694e-05,0.9952612285784791,0.995261226830928,1.7475511038256286e-09
6.064067569223695e-05,0.9952671207557363,0.9952671190073169,1.748419409253188e-09
6.074067569223695e-05,0.995273005606674,0.9952730038573913,1.7492827186771365e-09
6.084067569223695e-05,0.9952788831404019,0.9952788813902606,1.7501413651643816e-09
6.094067569223695e-05,0.9952847533660183,0.9952847516150232,1.7509951266703183e-09
6.104067569223696e-05,0.9952906162926101,0.9952906145407658,1.7518442252395516e-09
6.114067569223696e-05,0.9952964719292525,0.9952964701765641,1.7526884388274766e-09
6.124067569223696e-05,0.9953023202850101,0.9953023185314823,1.7535277674340932e-09
6.134067569223696e-05,0.9953081613689359,0.9953081596145736,1.7543622110594015e-09
6.144067569223697e-05,0.9953139951900716,0.9953139934348796,1.7551919917480063e-09
6.154067569223697e-05,0.9953198217574478,0.9953198200014309,1.7560168874553028e-09
6.164067569223697e-05,0.9953256410800838,0.9953256393232467,1.7568371202258959e-09
6.174067569223697e-05,0.9953314531669877,0.9953314514093352,1.7576524680151806e-09
6.184067569223698e-05,0.9953372580271563,0.9953372562686933,1.7584630418454594e-09
6.194067569223698e-05,0.9953430556695756,0.9953430539103065,1.7592690637613373e-09
6.204067569223698e-05,0.9953488461032199,0.9953488443431495,1.7600704227405117e-09
6.214067569223698e-05,0.9953546293370528,0.9953546275761856,1.7608671187829827e-09
6.224067569223699e-05,0.995360405380026,0.9953604036183672,1.761658818821843e-09
6.234067569223699e-05,0.9953661742410811,0.995366172478635,1.7624460779686046e-09
6.244067569223699e-05,0.995371935929148,0.9953719341659193,1.763228674178663e-09
6.254067569223699e-05,0.9953776904531453,0.9953776886891389,1.7640063854074128e-09
6.2640675692237e-05,0.995383437821981,0.9953834360572015,1.7647795447217618e-09
6.2740675692237e-05,0.9953891780445518,0.9953891762790038,1.7655480410994073e-09
6.2840675692237e-05,0.9953949111297434,0.9953949093634314,1.766311985562652e-09
6.2940675692237e-05,0.9954006370864302,0.9954006353193592,1.7670710450445881e-09
6.3040675692237e-05,0.9954063559234759,0.9954063541556504,1.7678255526121234e-09
6.314067569223701e-05,0.9954120676497331,0.9954120658811576,1.7685755082652577e-09
6.324067569223701e-05,0.9954177722740434,0.9954177705047224,1.7693210230262935e-09
6.334067569223701e-05,0.995423469805237,0.9954234680351753,1.770061652806021e-09
6.344067569223701e-05,0.9954291602521339,0.995429158481336,1.7707979527159523e-09
6.354067569223702e-05,0.9954348436235423,0.9954348418520128,1.7715294786668778e-09
6.364067569223702e-05,0.9954405199282601,0.9954405181560035,1.7722565637257048e-09
6.374067569223702e-05,0.995446189175074,0.9954461874020949,1.7729790968701309e-09
6.384067569223702e-05,0.9954518513727598,0.9954518495990626,1.7736971891224584e-09
6.394067569223703e-05,0.9954575065300822,0.9954575047556716,1.7744106184380826e-09
6.404067569223703e-05,0.9954631546557954,0.9954631528806757,1.7751197178839107e-09
6.414067569223703e-05,0.9954687957586422,0.9954687939828181,1.7758241543930353e-09
6.424067569223703e-05,0.995474429847355,0.9954744280708309,1.7765241500100615e-09
6.434067569223704e-05,0.9954800569306552,0.9954800551534355,1.7772197047349891e-09
6.444067569223704e-05,0.9954856770172531,0.9954856752393425,1.7779105965232134e-09
6.454067569223704e-05,0.9954912901158487,0.9954912883372515,1.7785971584416416e-09
6.464067569223704e-05,0.9954968962351305,0.9954968944558513,1.7792791684456688e-09
6.474067569223705e-05,0.9955024953837768,0.9955024936038199,1.7799568485799e-09
6.484067569223705e-05,0.995508087570455,0.9955080857898249,1.7806300878220327e-09
6.494067569223705e-05,0.9955136728038213,0.9955136710225223,1.7812989971943693e-09
6.504067569223705e-05,0.9955192510925215,0.9955192493105582,1.7819632436300026e-09
6.514067569223706e-05,0.9955248224451907,0.9955248206625674,1.7826232712181422e-09
6.524067569223706e-05,0.9955303868704531,0.9955303850871742,1.7832789689364859e-09
6.534067569223706e-05,0.9955359443769222,0.995535942592992,1.7839301147404285e-09
6.544067569223706e-05,0.9955414949732007,0.9955414931886237,1.7845769306745751e-09
6.554067569223707e-05,0.9955470386678807,0.9955470368826614,1.7852193057166232e-09
6.564067569223707e-05,0.9955525754695439,0.9955525736836865,1.7858573508888753e-09
6.574067569223707e-05,0.9955581053867607,0.9955581036002699,1.7864908441467264e-09
6.584067569223707e-05,0.9955636284280917,0.9955636266409714,1.7871202295793864e-09
6.594067569223708e-05,0.9955691446020859,0.9955691428143407,1.787745174119948e-09
6.604067569223708e-05,0.9955746539172825,0.9955746521289165,1.7883660108353183e-09
6.614067569223708e-05,0.9955801563822095,0.995580154593227,1.7889825176808927e-09
6.624067569223708e-05,0.9955856520053846,0.9955856502157898,1.7895948056789734e-09
6.634067569223708e-05,0.9955911407953146,0.995591139005112,1.7902026527849557e-09
6.644067569223709e-05,0.9955966227604962,0.9955966209696899,1.7908062810434444e-09
6.654067569223709e-05,0.995602097909415,0.9956020961180095,1.7914054684098346e-09
6.664067569223709e-05,0.9956075662505466,0.995607564458546,1.7920005479510337e-09
6.67406756922371e-05,0.9956130277923556,0.9956130259997643,1.7925912976224367e-09
6.68406756922371e-05,0.9956184825432964,0.9956184807501186,1.7931778284463462e-09
6.69406756922371e-05,0.9956239305118127,0.9956239287180525,1.7937602514450646e-09
6.70406756922371e-05,0.9956293717063377,0.9956293699119995,1.7943382335516844e-09
6.71406756922371e-05,0.9956348061352942,0.9956348043403821,1.7949121078331132e-09
6.72406756922371e-05,0.9956402338070947,0.9956402320116128,1.7954818742893508e-09
6.734067569223711e-05,0.9956456547301407,0.9956456529340932,1.7960474218980949e-09
6.744067569223711e-05,0.9956510689128236,0.9956510671162149,1.7966087506593453e-09
6.754067569223711e-05,0.9956564763635245,0.9956564745663586,1.7971658605731022e-09
6.764067569223712e-05,0.9956618770906139,0.9956618752928951,1.797718862661668e-09
6.774067569223712e-05,0.9956672711024521,0.9956672693041844,1.7982677569250427e-09
6.784067569223712e-05,0.9956726584073886,0.9956726566085761,1.7988125433632263e-09
6.794067569223712e-05,0.9956780390137626,0.9956780372144096,1.7993529999316138e-09
6.804067569223713e-05,0.9956834129299035,0.9956834111300139,1.7998895707194151e-09
6.814067569223713e-05,0.9956887801641295,0.9956887783637077,1.8004218116374204e-09
6.824067569223713e-05,0.9956941407247492,0.9956941389237991,1.800950055752537e-09
6.834067569223713e-05,0.9956994946200602,0.9956994928185862,1.8014740810201602e-09
6.844067569223714e-05,0.9957048418583504,0.9957048400563564,1.8019939984625921e-09
6.854067569223714e-05,0.995710182447897,0.9957101806453873,1.8025096970575305e-09
6.864067569223714e-05,0.9957155163969672,0.9957155145939456,1.8030216208941852e-09
6.874067569223714e-05,0.9957208437138177,0.9957208419102883,1.8035294369056487e-09
6.884067569223715e-05,0.9957261644066951,0.9957261626026618,1.804033367136526e-09
6.894067569223715e-05,0.9957314784838354,0.9957314766793023,1.8045330785199099e-09
6.904067569223715e-05,0.9957367859534646,0.9957367841484358,1.805028793100405e-09
6.914067569223715e-05,0.9957420868237986,0.995742085018278,1.805520621900314e-09
6.924067569223716e-05,0.9957473811030427,0.9957473792970346,1.8060081208304268e-09
6.934067569223716e-05,0.9957526687993926,0.9957526669929007,1.8064919560245585e-09
6.944067569223716e-05,0.9957579499210331,0.9957579481140616,1.806971461348894e-09
6.954067569223716e-05,0.9957632244761394,0.9957632226686923,1.8074470808926435e-09
6.964067569223717e-05,0.9957684924728762,0.9957684906649575,1.8079187036335043e-09
6.974067569223717e-05,0.9957737539193985,0.9957737521110119,1.8083865516160813e-09
6.984067569223717e-05,0.9957790088238504,0.995779007015,1.8088504027957697e-09
6.994067569223717e-05,0.9957842571943665,0.9957842553850562,1.8093102571725694e-09
7.004067569223717e-05,0.9957894990390709,0.9957894972293048,1.8097661147464805e-09
7.014067569223718e-05,0.9957947343660779,0.9957947325558599,1.810217975517503e-09
7.024067569223718e-05,0.9957999631834915,0.9957999613728257,1.8106658394856368e-09
7.034067569223718e-05,0.995805185499406,0.995805183688296,1.8111100397177893e-09
7.044067569223718e-05,0.995810401321905,0.9958103995103549,1.8115501321247507e-09
7.054067569223719e-05,0.9958156106590627,0.9958156088470762,1.8119864497734284e-09
7.064067569223719e-05,0.9958208135189427,0.9958208117065238,1.8124188816415199e-09
7.074067569223719e-05,0.995826009909599,0.9958260080967516,1.8128474277290252e-09
7.08406756922372e-05,0.9958311998390754,0.9958311980258033,1.8132720880359443e-09
7.09406756922372e-05,0.9958363833154057,0.9958363815017127,1.8136929735845797e-09
7.10406756922372e-05,0.9958415603466138,0.9958415585325038,1.814109973352629e-09
7.11406756922372e-05,0.9958467309407133,0.9958467291261901,1.8145231983623944e-09
7.12406756922372e-05,0.9958518951057082,0.9958518932907757,1.8149324265692712e-09
7.13406756922372e-05,0.9958570528495925,0.9958570510342546,1.8153378800178643e-09
7.144067569223721e-05,0.9958622041803503,0.9958622023646106,1.8157396697304762e-09
7.154067569223721e-05,0.9958673491059553,0.9958673472898179,1.8161374626401994e-09
7.164067569223721e-05,0.9958724876343721,0.9958724858178405,1.8165315918139413e-09
7.174067569223722e-05,0.9958776197735546,0.9958776179566328,1.816921835207097e-09
7.184067569223722e-05,0.9958827455314472,0.995882743714139,1.8173081928196666e-09
7.194067569223722e-05,0.9958878649159846,0.9958878630982937,1.8176908866962549e-09
7.204067569223722e-05,0.9958929779350914,0.9958929761170214,1.818069916836862e-09
7.214067569223723e-05,0.9958980845966822,0.995898082778237,1.8184451722191852e-09
7.224067569223723e-05,0.995903184908662,0.9959031830898453,1.8188167638655273e-09
7.234067569223723e-05,0.9959082788789257,0.9959082770597413,1.8191844697312831e-09
7.244067569223723e-05,0.9959133665153588,0.9959133646958104,1.8195484008387552e-09
7.254067569223724e-05,0.9959184478258366,0.995918446005928,1.8199085571879436e-09
7.264067569223724e-05,0.995923522818225,0.9959235209979599,1.8202651608234532e-09
7.274067569223724e-05,0.9959285915003797,0.9959285896797617,1.8206179897006791e-09
7.284067569223724e-05,0.9959336538801471,0.9959336520591798,1.8209672658642262e-09
7.294067569223725e-05,0.9959387099653634,0.9959387081440505,1.821312878291792e-09
7.304067569223725e-05,0.9959437597638552,0.9959437579422005,1.821654715961074e-09
7.314067569223725e-05,0.9959488032834393,0.9959488014614464,1.821992889894375e-09
7.324067569223725e-05,0.9959538405319229,0.9959538387095955,1.8223274000916945e-09
7.334067569223725e-05,0.9959588715171038,0.9959588696944455,1.8226583575753352e-09
7.344067569223726e-05,0.9959638962467694,0.9959638944237839,1.8229855403006923e-09
7.354067569223726e-05,0.9959689147286979,0.9959689129053888,1.823309059290068e-09
7.364067569223726e-05,0.9959739269706577,0.9959739251470288,1.8236289145434625e-09
7.374067569223726e-05,0.9959789329804076,0.9959789311564624,1.8239452170831782e-09
7.384067569223727e-05,0.995983932765697,0.995983930941439,1.8242579669092152e-09
7.394067569223727e-05,0.995988926334265,0.9959889245096978,1.8245671640215733e-09
7.404067569223727e-05,0.9959939136938414,0.9959939118689688,1.8248725863756476e-09
7.414067569223727e-05,0.9959988948521468,0.9959988930269722,1.8251745670383457e-09
7.424067569223728e-05,0.9960038698168916,0.9960038679914186,1.825472994987365e-09
7.434067569223728e-05,0.9960088385957769,0.9960088367700091,1.8257678702227054e-09
7.444067569223728e-05,0.9960138011964943,0.9960137993704351,1.826059192744367e-09
7.454067569223728e-05,0.9960187576267255,0.9960187558003786,1.8263469625523499e-09
7.464067569223729e-05,0.9960237078941431,0.996023706067512,1.8266310686243514e-09
7.474067569223729e-05,0.9960286520064097,0.9960286501794979,1.8269117330049767e-09
7.484067569223729e-05,0.9960335899711787,0.9960335881439899,1.8271888446719231e-09
7.49406756922373e-05,0.996038521796094,0.9960385199686316,1.8274624036251907e-09
7.50406756922373e-05,0.9960434474887898,0.9960434456610572,1.8277326319093845e-09
7.51406756922373e-05,0.9960483670568907,0.9960483652288916,1.8279990854352945e-09
7.52406756922373e-05,0.9960532805080125,0.99605327867975,1.8282624303367356e-09
7.53406756922373e-05,0.9960581878497605,0.9960581860212384,1.8285221115021955e-09
7.54406756922373e-05,0.9960630890897313,0.996063087260953,1.8287782399539765e-09
7.554067569223731e-05,0.9960679842355118,0.9960679824064809,1.8290309267143812e-09
7.564067569223731e-05,0.9960728732946796,0.9960728714653994,1.829280282805712e-09
7.574067569223731e-05,0.9960777562748028,0.9960777544452767,1.829526086183364e-09
7.584067569223732e-05,0.9960826331834398,0.9960826313536714,1.8297684478696397e-09
7.594067569223732e-05,0.9960875040281402,0.9960875021981327,1.8300074788868415e-09
7.604067569223732e-05,0.9960923688164436,0.9960923669862006,1.8302429571903645e-09
7.614067569223732e-05,0.9960972275558807,0.9960972257254057,1.8304749938025111e-09
7.624067569223733e-05,0.9961020802539726,0.9961020784232689,1.8307036997455839e-09
7.634067569223733e-05,0.996106926918231,0.996106925087302,1.8309289639972803e-09
7.644067569223733e-05,0.9961117675561586,0.9961117657250077,1.831150897579903e-09
7.654067569223733e-05,0.9961166021752482,0.9961166003438788,1.8313693894711491e-09
7.664067569223734e-05,0.9961214307829839,0.9961214289513994,1.831584439671019e-09
7.674067569223734e-05,0.9961262533868402,0.9961262515550438,1.8317964922687224e-09
7.684067569223734e-05,0.9961310699942824,0.9961310681622771,1.832005214197352e-09
7.694067569223734e-05,0.9961358806127658,0.9961358787805555,1.8322102723900002e-09
7.704067569223734e-05,0.9961406852497376,0.9961406834173256,1.8324119999135746e-09
7.714067569223735e-05,0.9961454839126349,0.9961454820800246,1.8326102857457727e-09
7.724067569223735e-05,0.9961502766088861,0.9961502747760808,1.8328053519311993e-09
7.734067569223735e-05,0.9961550633459101,0.996155061512913,1.832997087447552e-09
7.744067569223735e-05,0.9961598441311165,0.996159842297931,1.833185492294831e-09
7.754067569223736e-05,0.9961646189719058,0.9961646171385351,1.8333706774953384e-09
7.764067569223736e-05,0.9961693878756692,0.9961693860421167,1.833552532026772e-09
7.774067569223736e-05,0.9961741508497889,0.9961741490160579,1.8337309448668293e-09
7.784067569223736e-05,0.9961789079016379,0.9961789060677315,1.83390636010472e-09
7.794067569223737e-05,0.9961836590385797,0.9961836572045013,1.834078444673537e-09
7.804067569223737e-05,0.9961884042679691,0.9961884024337219,1.83424719857328e-09
7.814067569223737e-05,0.9961931435971513,0.9961931417627385,1.8344127328262516e-09
7.824067569223737e-05,0.9961978770334626,0.9961978751988877,1.8345749364101493e-09
7.834067569223738e-05,0.9962026045842305,0.9962026027494966,1.8347339203472757e-09
7.844067569223738e-05,0.9962073262567729,0.9962073244218831,1.834889795659933e-09
7.854067569223738e-05,0.9962120420583986,0.9962120402233563,1.8350423403035165e-09
7.864067569223738e-05,0.9962167519964077,0.9962167501612161,1.8351915542780262e-09
7.874067569223739e-05,0.996221456078091,0.9962214542427532,1.8353377706503693e-09
7.884067569223739e-05,0.99622615431073,0.9962261524752494,1.8354806563536386e-09
7.894067569223739e-05,0.9962308467015977,0.9962308448659773,1.8356203224101364e-09
7.90406756922374e-05,0.9962355332579577,0.9962355314222007,1.8357569908644678e-09
7.91406756922374e-05,0.9962402139870644,0.9962402121511741,1.8358903286497252e-09
7.92406756922374e-05,0.9962448888961636,0.996244887060143,1.8360205578105138e-09
7.93406756922374e-05,0.9962495579924917,0.9962495561563441,1.8361475673245309e-09
7.94406756922374e-05,0.9962542212832765,0.996254219447005,1.836271468214079e-09
7.95406756922374e-05,0.9962588787757365,0.9962588769393442,1.8363922604791583e-09
7.964067569223741e-05,0.9962635304770812,0.9962635286405713,1.836509833097466e-09
7.974067569223741e-05,0.9962681763945114,0.9962681745578871,1.836624297091305e-09
7.984067569223741e-05,0.9962728165352187,0.9962728146984832,1.8367355414383724e-09
7.994067569223742e-05,0.9962774509063861,0.9962774490695423,1.8368437881832733e-09
8.004067569223742e-05,0.9962820795151873,0.9962820776782383,1.8369490373260078e-09
8.014067569223742e-05,0.9962867023687871,0.9962867005317361,1.8370510668219708e-09
8.024067569223742e-05,0.9962913194743416,0.9962913176371916,1.837149987693465e-09
8.034067569223743e-05,0.9962959308389979,0.9962959290017521,1.83724579994049e-09
8.044067569223743e-05,0.9963005364698942,0.9963005346325556,1.8373386145853488e-09
8.054067569223743e-05,0.9963051363741597,0.9963051345367316,1.8374280985611335e-09
8.064067569223743e-05,0.9963097305589153,0.9963097287214004,1.8375148069793568e-09
8.074067569223743e-05,0.9963143190312722,0.9963143171936739,1.8375982957508086e-09
8.084067569223744e-05,0.9963189017983335,0.9963188999606546,1.8376788979423964e-09
8.094067569223744e-05,0.996323478867193,0.9963234770294365,1.8377565025318177e-09
8.104067569223744e-05,0.9963280502449358,0.9963280484071048,1.83783099849677e-09
8.114067569223744e-05,0.9963326159386381,0.9963326141007358,1.837902274814951e-09
8.124067569223745e-05,0.9963371759553675,0.996337174117397,1.8379705535309654e-09
8.134067569223745e-05,0.996341730302183,0.996341728464147,1.8380359456671158e-09
8.144067569223745e-05,0.9963462789861345,0.9963462771480359,1.8380985622457047e-09
8.154067569223745e-05,0.996350822014263,0.996350820176105,1.8381579591775221e-09
8.164067569223746e-05,0.9963553593936008,0.9963553575553864,1.838214358507173e-09
8.174067569223746e-05,0.996359891131172,0.9963598892929041,1.83826787125696e-09
8.184067569223746e-05,0.996364417233991,0.9963644153956729,1.8383181643599755e-09
8.194067569223746e-05,0.9963689377090645,0.996368935870699,1.838365570883127e-09
8.204067569223747e-05,0.9963734525633899,0.99637345072498,1.838409979804112e-09
8.214067569223747e-05,0.9963779618039562,0.9963779599655047,1.838451502145233e-09
8.224067569223747e-05,0.9963824654377434,0.9963824635992532,1.8384902489287924e-09
8.234067569223747e-05,0.996386963471723,0.996386961633197,1.8385259981101854e-09
8.244067569223748e-05,0.9963914559128575,0.9963914540742987,1.8385587496894118e-09
8.254067569223748e-05,0.9963959427681012,0.9963959409295127,1.8385885036664718e-09
8.264067569223748e-05,0.9964004240443997,0.9964004222057843,1.8386153710636677e-09
8.274067569223748e-05,0.9964048997486897,0.9964048979100505,1.8386392408586971e-09
8.284067569223749e-05,0.9964093698878997,0.9964093680492392,1.83866055714077e-09
8.294067569223749e-05,0.996413834468949,0.9964138326302703,1.8386787647983738e-09
8.304067569223749e-05,0.9964182934987488,0.9964182916600547,1.8386940858761136e-09
8.314067569223749e-05,0.9964227469842014,0.9964227451454948,1.8387066313962919e-09
8.32406756922375e-05,0.9964271949322006,0.9964271930934844,1.8387161793143036e-09
8.33406756922375e-05,0.9964316373496316,0.9964316355109089,1.838722729630149e-09
8.34406756922375e-05,0.9964360742433712,0.9964360724046446,1.8387266154107351e-09
8.35406756922375e-05,0.9964405056202877,0.9964405037815601,1.8387276146114573e-09
8.36406756922375e-05,0.9964449314872406,0.9964449296485147,1.8387258382546179e-09
8.374067569223751e-05,0.9964493518510807,0.9964493500123596,1.8387211753179145e-09
8.384067569223751e-05,0.9964537667186509,0.9964537648799373,1.838713625801347e-09
8.394067569223751e-05,0.996458176096785,0.9964581742580819,1.838703078682613e-09
8.404067569223752e-05,0.9964625799923087,0.9964625781536188,1.83868986702862e-09
8.414067569223752e-05,0.9964669784120391,0.9964669765733652,1.8386738798170654e-09
8.424067569223752e-05,0.9964713713627847,0.9964713695241297,1.8386550060256468e-09
8.434067569223752e-05,0.9964757588513459,0.9964757570127123,1.8386335787212715e-09
8.444067569223752e-05,0.996480140884514,0.9964801390459047,1.8386092648370322e-09
8.454067569223753e-05,0.9964845174690724,0.9964845156304902,1.8385821753952314e-09
8.464067569223753e-05,0.9964888886117957,0.9964888867732434,1.838552310395869e-09
8.474067569223753e-05,0.9964932543194502,0.9964932524809309,1.8385193367720376e-09
8.484067569223753e-05,0.9964976145987943,0.9964976127603105,1.8384838096352496e-09
8.494067569223754e-05,0.9965019694565772,0.9965019676181317,1.8384455069409e-09
8.504067569223754e-05,0.9965063188995403,0.9965063170611357,1.8384046507335938e-09
8.514067569223754e-05,0.9965106629344163,0.9965106610960554,1.8383609079464236e-09
8.524067569223754e-05,0.9965150015679295,0.9965149997296149,1.8383146116462967e-09
8.534067569223755e-05,0.996519334806796,0.9965193329685305,1.8382655397886083e-09
8.544067569223755e-05,0.9965236626577234,0.9965236608195097,1.8382136923733583e-09
8.554067569223755e-05,0.9965279851274111,0.996527983289252,1.8381591804228492e-09
8.564067569223755e-05,0.9965323022225502,0.9965323003844483,1.8381018929147785e-09
8.574067569223756e-05,0.9965366139498232,0.9965366121117815,1.8380417188268439e-09
8.584067569223756e-05,0.9965409203159046,0.9965409184779256,1.8379789912259525e-09
8.594067569223756e-05,0.9965452213274608,0.996545219489547,1.837913821134407e-09
8.604067569223756e-05,0.9965495169911492,0.9965495151533035,1.8378457644629975e-09
8.614067569223757e-05,0.9965538073136193,0.9965538054758445,1.837774821211724e-09
8.624067569223757e-05,0.9965580923015126,0.9965580904638112,1.8377014354697963e-09
8.634067569223757e-05,0.9965623719614621,0.9965623701238367,1.8376253851926094e-09
8.644067569223757e-05,0.9965666463000923,0.9965666444625457,1.837546559357861e-09
8.654067569223758e-05,0.99657091532402,0.9965709134865548,1.837465180010156e-09
8.664067569223758e-05,0.9965751790398534,0.9965751772024722,1.8373811361271919e-09
8.674067569223758e-05,0.9965794374541925,0.996579435616898,1.8372945387312711e-09
8.684067569223758e-05,0.9965836905736293,0.996583688736424,1.8372052768000913e-09
8.694067569223759e-05,0.9965879384047474,0.9965879365676339,1.8371134613559548e-09
8.704067569223759e-05,0.9965921809541222,0.9965921791171031,1.8370190923988616e-09
8.714067569223759e-05,0.996596418228321,0.9965964163913991,1.836921947884207e-09
8.724067569223759e-05,0.9966006502339032,0.9966006483970808,1.836822360878898e-09
8.73406756922376e-05,0.9966048769774195,0.9966048751406994,1.83672010933833e-09
8.74406756922376e-05,0.9966090984654129,0.9966090966287975,1.836615415307108e-09
8.75406756922376e-05,0.9966133147044179,0.99661331286791,1.8365079457183242e-09
8.76406756922376e-05,0.9966175257009612,0.9966175238645634,1.8363978115942814e-09
8.77406756922376e-05,0.9966217314615613,0.9966217296252762,1.836285123957282e-09
8.784067569223761e-05,0.9966259319927288,0.9966259301565585,1.8361702158742332e-09
8.794067569223761e-05,0.9966301273009655,0.996630125464913,1.8360524212113205e-09
8.804067569223761e-05,0.9966343173927659,0.9966343155568336,1.835932295080056e-09
8.814067569223761e-05,0.9966385022746158,0.9966385004388063,1.8358095044135325e-09
8.824067569223762e-05,0.9966426819529934,0.9966426801173094,1.8356840492117499e-09
8.834067569223762e-05,0.9966468564343689,0.9966468545988126,1.8355562625416155e-09
8.844067569223762e-05,0.9966510257252039,0.9966510238897781,1.835425811336222e-09
8.854067569223762e-05,0.9966551898319527,0.9966551879966596,1.835293028662477e-09
8.864067569223763e-05,0.9966593487610608,0.9966593469259032,1.8351575814534726e-09
8.874067569223763e-05,0.9966635025189662,0.9966635006839465,1.8350196917538142e-09
8.884067569223763e-05,0.9966676511120988,0.9966676492772195,1.8348792485411991e-09
8.894067569223763e-05,0.9966717945468805,0.996671792712144,1.8347364738602323e-09
8.904067569223764e-05,0.9966759328297252,0.996675930995134,1.8345912566886113e-09
8.914067569223764e-05,0.9966800659670387,0.9966800641325952,1.8344434860040337e-09
8.924067569223764e-05,0.9966841939652189,0.9966841921309256,1.834293272828802e-09
8.934067569223764e-05,0.9966883168306558,0.9966883149965153,1.8341405061406135e-09
8.944067569223765e-05,0.9966924345697316,0.9966924327357463,1.833985296961771e-09
8.954067569223765e-05,0.9966965471888203,0.9966965453549926,1.8338276452922742e-09
8.964067569223765e-05,0.9967006546942879,0.9967006528606204,1.8336675511321232e-09
8.974067569223765e-05,0.9967047570924931,0.996704755258988,1.833505014481318e-09
8.984067569223766e-05,0.9967088543897858,0.9967088525564458,1.8333400353398588e-09
8.994067569223766e-05,0.9967129465925088,0.9967129447593361,1.8331726137077453e-09
9.004067569223766e-05,0.9967170337069964,0.9967170318739936,1.8330027495849777e-09
9.014067569223766e-05,0.9967211157395754,0.996721113906745,1.8328304429715558e-09
9.024067569223767e-05,0.996725192696565,0.996725190863909,1.8326560269343872e-09
9.034067569223767e-05,0.9967292645842757,0.9967292627517966,1.832479057384262e-09
9.044067569223767e-05,0.9967333314090107,0.9967333295767111,1.83229953432118e-09
9.054067569223767e-05,0.9967373931770653,0.9967373913449477,1.8321176797897465e-09
9.064067569223768e-05,0.9967414498947272,0.9967414480627937,1.8319334937899612e-09
9.074067569223768e-05,0.9967455015682759,0.9967454997365289,1.8317469763218241e-09
9.084067569223768e-05,0.9967495482039832,0.9967495463724251,1.8315581273853354e-09
9.094067569223768e-05,0.9967535898081131,0.9967535879767464,1.83136672493589e-09
9.104067569223769e-05,0.9967576263869219,0.9967576245557489,1.831172991018093e-09
9.114067569223769e-05,0.9967616579466583,0.9967616561156811,1.830977147676549e-09
9.124067569223769e-05,0.9967656844935625,0.9967656826627838,1.8307787508220486e-09
9.134067569223769e-05,0.9967697060338678,0.9967697042032898,1.8305780224991963e-09
9.14406756922377e-05,0.9967737225737995,0.9967737207434244,1.8303750737302948e-09
9.15406756922377e-05,0.9967777341195748,0.996777732289405,1.8301697934930417e-09
9.16406756922377e-05,0.9967817406774035,0.9967817388474414,1.8299621817874367e-09
9.17406756922377e-05,0.9967857422534876,0.9967857404237354,1.8297522386134801e-09
9.18406756922377e-05,0.9967897388540214,0.9967897370244815,1.8295399639711718e-09
9.194067569223771e-05,0.9967937304851915,0.9967937286558661,1.8293253578605118e-09
9.204067569223771e-05,0.9967977171531767,0.9967977153240682,1.8291084202815e-09
9.214067569223771e-05,0.9968016988641483,0.996801697035259,1.828889262256439e-09
9.224067569223771e-05,0.9968056756242699,0.996805673795602,1.8286678837853287e-09
9.234067569223772e-05,0.9968096474396972,0.9968096456112531,1.8284441738458668e-09
9.244067569223772e-05,0.9968136143165787,0.9968136124883604,1.8282182434603556e-09
9.254067569223772e-05,0.9968175762610547,0.9968175744330647,1.8279899816064926e-09
9.264067569223772e-05,0.9968215332792582,0.9968215314514988,1.827759388284278e-09
9.274067569223773e-05,0.9968254853773145,0.9968254835497878,1.8275266855383165e-09
9.284067569223773e-05,0.9968294325613415,0.9968294307340498,1.8272916513240034e-09
9.294067569223773e-05,0.9968333748374489,0.9968333730103947,1.8270542856413385e-09
9.304067569223773e-05,0.9968373122117398,0.996837310384925,1.8268148105349269e-09
9.314067569223774e-05,0.9968412446903085,0.9968412428637354,1.826573114982466e-09
9.324067569223774e-05,0.9968451722792426,0.9968451704529135,1.8263290879616534e-09
9.334067569223774e-05,0.9968490949846222,0.996849093158539,1.826083173561699e-09
9.344067569223774e-05,0.9968530128125189,0.996853010986684,1.8258349276933927e-09
9.354067569223775e-05,0.9968569257689976,0.9968569239434133,1.8255843503567348e-09
9.364067569223775e-05,0.9968608338601154,0.9968608320347838,1.8253315525740277e-09
9.374067569223775e-05,0.9968647370919218,0.9968647352668453,1.8250765343452713e-09
9.384067569223775e-05,0.996868635470459,0.9968686336456396,1.824819406692768e-09
9.394067569223776e-05,0.9968725290017615,0.9968725271772013,1.8245601696165181e-09
9.404067569223776e-05,0.9968764176918562,0.9968764158675577,1.824298490049614e-09
9.414067569223776e-05,0.9968803015467628,0.996880299722728,1.8240348120812655e-09
9.424067569223776e-05,0.9968841805724934,0.9968841787487244,1.8237690246891702e-09
9.434067569223777e-05,0.9968880547750525,0.9968880529515515,1.8235010168510257e-09
9.444067569223777e-05,0.9968919241604371,0.9968919223372065,1.8232306775445295e-09
9.454067569223777e-05,0.9968957887346372,0.9968957869116788,1.8229584508588914e-09
9.464067569223777e-05,0.9968996485036349,0.9968996466809508,1.8226841147495065e-09
9.474067569223778e-05,0.9969035034734045,0.9969035016509972,1.8224073361494675e-09
9.484067569223778e-05,0.996907353649914,0.9969073518277853,1.8221286701702866e-09
9.494067569223778e-05,0.9969111990391231,0.9969111972172753,1.8218477837450564e-09
9.504067569223778e-05,0.9969150396469844,0.9969150378254193,1.8215650099406844e-09
9.514067569223778e-05,0.9969188754794428,0.9969188736581628,1.821280015690263e-09
9.524067569223779e-05,0.9969227065424361,0.9969227047214433,1.8209928009937926e-09
9.534067569223779e-05,0.9969265328418946,0.9969265310211911,1.8207034768735753e-09
9.544067569223779e-05,0.9969303543837412,0.9969303525633292,1.8204120433296112e-09
9.55406756922378e-05,0.9969341711738918,0.9969341693537733,1.8201185003619003e-09
9.56406756922378e-05,0.9969379832182547,0.9969379813984316,1.8198230700150475e-09
9.57406756922378e-05,0.9969417905227304,0.9969417887032049,1.8195254192221455e-09
9.58406756922378e-05,0.9969455930932126,0.9969455912739869,1.8192257700277992e-09
9.59406756922378e-05,0.9969493909355877,0.9969493891166638,1.8189239003874036e-09
9.60406756922378e-05,0.9969531840557344,0.9969531822371143,1.8186201433678661e-09
9.614067569223781e-05,0.9969569724595245,0.9969569706412102,1.818314276924582e-09
9.624067569223781e-05,0.9969607561528223,0.9969607543348159,1.8180064120798534e-09
9.634067569223781e-05,0.9969645351414848,0.9969645333237883,1.817696437811378e-09
9.644067569223782e-05,0.9969683094313614,0.996968307613977,1.8173843541191559e-09
9.654067569223782e-05,0.9969720790282948,0.9969720772112246,1.817070161003187e-09
9.664067569223782e-05,0.9969758439381203,0.9969758421213663,1.8167540805080762e-09
9.674067569223782e-05,0.996979604166666,0.99697960235023,1.816436001611521e-09
9.684067569223783e-05,0.9969833597197522,0.9969833579036362,1.8161159243135216e-09
9.694067569223783e-05,0.9969871106031923,0.9969871087873987,1.815793626569473e-09
9.704067569223783e-05,0.996990856822793,0.9969908550073235,1.8154694414462824e-09
9.714067569223783e-05,0.9969945983843529,0.9969945965692096,1.8151432579216475e-09
9.724067569223784e-05,0.9969983352936641,0.9969983334788489,1.8148151870178708e-09
9.734067569223784e-05,0.997002067556511,0.9970020657420259,1.8144851177126498e-09
9.744067569223784e-05,0.9970057951786709,0.997005793364518,1.814152938983682e-09
9.754067569223784e-05,0.9970095181659142,0.9970095163520956,1.8138186508309673e-09
9.764067569223785e-05,0.9970132365240041,0.9970132347105214,1.8134826973437157e-09
9.774067569223785e-05,0.9970169502586962,0.9970169484455514,1.8131447454550198e-09
9.784067569223785e-05,0.9970206593757392,0.9970206575629346,1.8128046841425771e-09
9.794067569223785e-05,0.9970243638808748,0.9970243620684122,1.8124626244286901e-09
9.804067569223786e-05,0.9970280637798373,0.9970280619677188,1.8121185663133588e-09
9.814067569223786e-05,0.9970317590783545,0.9970317572665816,1.811772953885793e-09
9.824067569223786e-05,0.9970354497821461,0.9970354479707209,1.8114252320344804e-09
9.834067569223786e-05,0.997039135896925,0.9970391340858497,1.811075400759421e-09
9.844067569223787e-05,0.9970428174283976,0.9970428156176739,1.8107236821052197e-09
9.854067569223787e-05,0.9970464943822627,0.9970464925718925,1.810370187094179e-09
9.864067569223787e-05,0.997050166764212,0.9970501649541972,1.8100148047039966e-09
9.874067569223787e-05,0.9970538345799301,0.9970538327702728,1.8096573128900673e-09
9.884067569223787e-05,0.9970574978350949,0.9970574960257967,1.809298155741601e-09
9.894067569223788e-05,0.9970611565353767,0.9970611547264399,1.808936889169388e-09
9.904067569223788e-05,0.9970648106864392,0.9970648088778654,1.8085737352180331e-09
9.914067569223788e-05,0.9970684602939387,0.99706845848573,1.8082086938875364e-09
9.924067569223788e-05,0.9970721053635249,0.9970721035556832,1.8078416541555953e-09
9.934067569223789e-05,0.99707574590084,0.9970757440933672,1.8074728380668148e-09
9.944067569223789e-05,0.9970793819115197,0.9970793801044177,1.80710202357659e-09
9.954067569223789e-05,0.9970830134011923,0.9970830115944628,1.8067295437518283e-09
9.96406756922379e-05,0.9970866403754792,0.9970866385691239,1.8063552875702271e-09
9.97406756922379e-05,0.9970902628399947,0.9970902610340158,1.8059789219648792e-09
9.98406756922379e-05,0.9970938808003463,0.9970938789947456,1.8056007800026919e-09
9.99406756922379e-05,0.9970974942621346,0.9970974924569138,1.8052207506613627e-09
0.0001000406756922379,0.9971011032309528,0.997101101426114,1.8048388339408916e-09
0.0001001406756922379,0.9971047077123878,0.9971047059079327,1.8044551408635812e-09
0.0001002406756922379,0.997108307712019,0.9971083059079494,1.8040695604071288e-09
0.0001003406756922379,0.9971119032354192,0.9971119014317369,1.8036823146161396e-09
0.0001004406756922379,0.997115494288154,0.9971154924848609,1.8032931814460085e-09
0.0001005406756922379,0.9971190808757823,0.9971190790728801,1.8029021608967355e-09
0.0001006406756922379,0.9971226630038559,0.9971226612013465,1.8025093639906231e-09
0.0001007406756922379,0.9971262406779199,0.9971262388758052,1.8021146797053689e-09
0.0001008406756922379,0.9971298139035123,0.9971298121017941,1.8017182190632752e-09
0.0001009406756922379,0.9971333826861645,0.9971333808848445,1.8013199820643422e-09
0.0001010406756922379,0.9971369470314007,0.9971369452304807,1.8009199687085697e-09
0.0001011406756922379,0.9971405069447383,0.9971405051442201,1.8005181789959579e-09
0.0001012406756922379,0.9971440624316881,0.9971440606315736,1.8001145019042042e-09
0.0001013406756922379,0.9971476134977536,0.9971476116980446,1.799709048455611e-09
0.0001014406756922379,0.9971511601484321,0.9971511583491303,1.7993018186501786e-09
0.0001015406756922379,0.9971547023892133,0.9971547005903205,1.7988928124879067e-09
0.0001016406756922379,0.997158240225581,0.9971582384270986,1.7984823630357027e-09
0.0001017406756922379,0.9971617736630112,0.9971617718649411,1.798070026204357e-09
0.0001018406756922379,0.9971653027069733,0.9971653009093175,1.7976558019938693e-09
0.000101940675692238,0.9971688273629307,0.9971688255656908,1.7972399124488447e-09
0.000102040675692238,0.997172347636339,0.9971723458395169,1.7968221355246783e-09
0.000102140675692238,0.9971758635326475,0.9971758617362448,1.796402693265975e-09
0.000102240675692238,0.997179375057299,0.9971793732613174,1.7959815856727346e-09
0.000102340675692238,0.9971828822157289,0.9971828804201703,1.7955585907003524e-09
0.000102440675692238,0.9971863850133663,0.9971863832182323,1.7951340414157357e-09
0.000102540675692238,0.9971898834556333,0.9971898816609256,1.7947077157742797e-09
0.000102640675692238,0.9971933775479455,0.9971933757536658,1.7942796137759842e-09
0.000102740675692238,0.9971968672957113,0.9971968655018615,1.7938498464431518e-09
0.000102840675692238,0.9972003527043332,0.9972003509109147,1.7934184137757825e-09
0.000102940675692238,0.9972038337792059,0.9972038319862208,1.7929850937292713e-09
0.000103040675692238,0.9972073105257184,0.9972073087331682,1.7925502193705256e-09
0.000103140675692238,0.9972107829492526,0.9972107811571388,1.7921137906995455e-09
0.000103240675692238,0.9972142510551832,0.9972142492635079,1.791675363627121e-09
0.000103340675692238,0.9972177148488792,0.9972177130576438,1.791235382242462e-09
0.000103440675692238,0.9972211743357025,0.9972211725449086,1.7907938465455686e-09
0.000103540675692238,0.9972246295210078,0.9972246277306572,1.7903505344918358e-09
0.000103640675692238,0.9972280804101438,0.9972280786202381,1.7899056681258685e-09
0.000103740675692238,0.9972315270084524,0.9972315252189933,1.7894591364253642e-09
0.000103840675692238,0.9972349693212686,0.9972349675322579,1.7890107173457181e-09
0.000103940675692238,0.9972384073539213,0.9972384055653605,1.78856085497614e-09
0.000104040675692238,0.9972418411117322,0.997241839323623,1.7881092162497225e-09
0.000104140675692238,0.9972452706000167,0.9972452688123606,1.7876560232110705e-09
0.000104240675692238,0.9972486958240836,0.9972486940368824,1.7872011648378816e-09
0.000104340675692238,0.997252116789235,0.9972521150024901,1.7867448631747607e-09
0.000104440675692238,0.9972555335007661,0.9972555317144794,1.7862866741324979e-09
0.000104540675692238,0.9972589459639664,0.9972589441781394,1.7858269307780006e-09
0.000104640675692238,0.9972623541841178,0.9972623523987522,1.7853656331112688e-09
0.000104740675692238,0.9972657581664963,0.9972657563815936,1.7849026701100001e-09
0.000104840675692238,0.9972691579163712,0.997269156131933,1.784438152796497e-09
0.000104940675692238,0.9972725534390049,0.9972725516550329,1.7839719701484569e-09
0.000105040675692238,0.9972759447396538,0.9972759429561496,1.7835041221658798e-09
0.000105140675692238,0.9972793318235673,0.9972793300405326,1.7830347198710683e-09
0.000105240675692238,0.9972827146959888,0.9972827129134251,1.7825637632640223e-09
0.000105340675692238,0.9972860933621548,0.9972860915800634,1.7820913633670443e-09
0.000105440675692238,0.997289467827295,0.9972894660456778,1.781617187113227e-09
0.000105540675692238,0.9972928380966334,0.9972928363154918,1.7811415675694775e-09
0.000105640675692238,0.9972962041753866,0.9972962023947223,1.7806642826911911e-09
0.000105740675692238,0.9972995660687654,0.99729956428858,1.7801853324783679e-09
0.000105840675692238,0.9973029237819737,0.9973029220022689,1.77970482795331e-09
0.000105940675692238,0.9973062773202097,0.9973062755409866,1.7792231021829252e-09
0.000106040675692238,0.9973096266886639,0.9973096249099244,1.7787394890333985e-09
0.0001061406756922381,0.9973129718925212,0.9973129701142668,1.7782544325939398e-09
0.0001062406756922381,0.99731631293696,0.9973163111591922,1.7777678218422466e-09
0.0001063406756922381,0.9973196498271518,0.9973196480498722,1.7772796567783189e-09
0.0001064406756922381,0.9973229825682625,0.9973229807914724,1.7767900484244592e-09
0.0001065406756922381,0.9973263111654505,0.9973263093891516,1.776298885758365e-09
0.0001066406756922381,0.9973296356238686,0.9973296338480624,1.7758061687800364e-09
0.0001067406756922381,0.9973329559486628,0.997332954173351,1.7753117864671708e-09
0.0001068406756922381,0.997336272144973,0.997336270370157,1.7748159608643732e-09
0.0001069406756922381,0.9973395842179326,0.9973395824436139,1.7743186919716436e-09
0.0001070406756922381,0.9973428921726685,0.9973428903988485,1.773819979788982e-09
0.0001071406756922381,0.9973461960143012,0.9973461942409814,1.7733198243163883e-09
0.0001072406756922381,0.997349495747945,0.997349493975127,1.7728180035092578e-09
0.0001073406756922381,0.9973527913787077,0.9973527896063928,1.7723148504344977e-09
0.0001074406756922381,0.9973560829116908,0.9973560811398807,1.7718100320252006e-09
0.0001075406756922381,0.9973593703519895,0.9973593685806857,1.7713037703259715e-09
0.0001076406756922381,0.9973626537046927,0.9973626519338967,1.770795954314508e-09
0.0001077406756922381,0.9973659329748829,0.997365931204596,1.7702868060354149e-09
0.0001078406756922381,0.9973692081676362,0.99736920639786,1.7697762144663898e-09
0.0001079406756922381,0.9973724792880224,0.9973724775187585,1.7692639575628277e-09
0.0001080406756922381,0.9973757463411053,0.997375744572355,1.7687502573693337e-09
0.0001081406756922381,0.997379009331942,0.9973790075637069,1.7682351138859076e-09
0.0001082406756922381,0.9973822682655837,0.997382266497865,1.7677187491571544e-09
0.0001083406756922381,0.9973855231470748,0.9973855213798742,1.7672006080715619e-09
0.0001084406756922381,0.997388773981454,0.9973887722147728,1.7666811347183398e-09
0.0001085406756922381,0.9973920207737533,0.997392019007593,1.766160329097488e-09
0.0001086406756922381,0.9973952635289989,0.9973952617633608,1.7656380801867044e-09
0.0001087406756922381,0.9973985022522102,0.9973985004870957,1.7651144990082912e-09
0.0001088406756922381,0.9974017369484006,0.9974017351838113,1.7645893635176435e-09
0.0001089406756922381,0.9974049676225772,0.9974049658585145,1.7640627847370638e-09
0.0001090406756922381,0.9974081942797413,0.9974081925162065,1.763534762666552e-09
0.0001091406756922381,0.9974114169248872,0.997411415161882,1.7630051862838059e-09
0.0001092406756922381,0.9974146355630039,0.9974146338005295,1.7624743886557326e-09
0.0001093406756922381,0.9974178501990735,0.9974178484371313,1.7619421477377273e-09
0.0001094406756922381,0.9974210608380721,0.9974210590766636,1.7614085745520924e-09
0.0001095406756922381,0.9974242674849698,0.9974242657240963,1.7608735580765256e-09
0.0001096406756922381,0.9974274701447302,0.9974274683843931,1.7603370983110267e-09
0.0001097406756922381,0.997430668822311,0.9974306670625118,1.7597991952555958e-09
0.0001098406756922381,0.9974338635226636,0.9974338617634037,1.7592599599325354e-09
0.0001099406756922381,0.9974370542507333,0.9974370524920139,1.7587193923418454e-09
0.0001100406756922381,0.9974402410114592,0.9974402392532817,1.7581774924835258e-09
0.0001101406756922381,0.9974434238097746,0.9974434220521402,1.7576343713798792e-09
0.0001102406756922382,0.9974466026506057,0.997446600893516,1.7570896959639981e-09
0.0001103406756922382,0.9974497775388736,0.9974497757823301,1.756543577258185e-09
0.0001104406756922382,0.997452948479493,0.9974529467234968,1.7559961262847423e-09
0.0001105406756922382,0.9974561154773721,0.9974561137219248,1.7554473430436701e-09
0.0001106406756922382,0.9974592785374136,0.9974592767825163,1.7548972275349684e-09
0.0001107406756922382,0.9974624376645136,0.9974624359101678,1.754345779758637e-09
0.0001108406756922382,0.9974655928635624,0.9974655911097695,1.7537928886923737e-09
0.0001109406756922382,0.9974687441394443,0.9974687423862053,1.7532389984253882e-09
0.0001110406756922382,0.9974718914970372,0.9974718897443535,1.7526836648684707e-09
0.0001111406756922382,0.9974750349412127,0.997475033189086,1.7521266659770163e-09
0.0001112406756922382,0.9974781744768373,0.9974781727252687,1.7515685568625372e-09
0.0001113406756922382,0.9974813101087706,0.9974813083577615,1.7510091154804286e-09
0.0001114406756922382,0.9974844418418665,0.9974844400914182,1.750448230808388e-09
0.0001115406756922382,0.9974875696809727,0.9974875679310867,1.7498860138687178e-09
0.0001116406756922382,0.9974906936309313,0.9974906918816087,1.749322686706023e-09
0.0001117406756922382,0.9974938136965779,0.9974938119478199,1.7487579162533962e-09
0.0001118406756922382,0.9974969298827423,0.9974969281345502,1.7481921466000472e-09
0.0001119406756922382,0.997500042194248,0.9975000404466231,1.7476249336567662e-09
0.0001120406756922382,0.9975031506359131,0.9975031488888566,1.7470564994681581e-09
0.0001121406756922382,0.9975062552125489,0.9975062534660623,1.746486621989618e-09
0.0001122406756922382,0.9975093559289613,0.9975093541830459,1.7459154122434484e-09
0.0001123406756922382,0.9975124527899503,0.9975124510446073,1.7453429812519516e-09
0.0001124406756922382,0.9975155458003095,0.9975155440555403,1.7447692179928254e-09
0.0001125406756922382,0.9975186349648271,0.9975186332206328,1.744194233488372e-09
0.0001126406756922382,0.9975217202882846,0.9975217185446666,1.743617916716289e-09
0.0001127406756922382,0.9975248017754582,0.9975248000324178,1.743040378698879e-09
0.0001128406756922382,0.997527879431118,0.9975278776886564,1.742461619436142e-09
0.0001129406756922382,0.9975309532600279,0.9975309515181463,1.7418816389280778e-09
0.0001130406756922382,0.9975340232669462,0.9975340215256459,1.741300326152384e-09
0.0001131406756922382,0.997537089456625,0.9975370877159072,1.7407177921313632e-09
0.0001132406756922382,0.9975401518338108,0.9975401500936768,1.7401340368650153e-09
0.0001133406756922382,0.9975432104032441,0.9975432086636951,1.7395490603533403e-09
0.0001134406756922382,0.9975462651696593,0.9975462634306965,1.7389627515740358e-09
0.0001135406756922382,0.997549316137785,0.9975493143994097,1.7383752215494042e-09
0.0001136406756922382,0.9975523633123442,0.9975523615745576,1.737786581301748e-09
0.0001137406756922382,0.9975554066980538,0.997555404960857,1.7371967198087646e-09
0.0001138406756922382,0.9975584462996246,0.997558444563019,1.7366056370704541e-09
0.0001139406756922382,0.997561482121762,0.9975614803857488,1.7360132220645141e-09
0.0001140406756922382,0.9975645141691653,0.9975645124337457,1.735419585813247e-09
0.0001141406756922382,0.9975675424465279,0.9975675407117031,1.7348248393389554e-09
0.0001142406756922382,0.9975705669585377,0.9975705652243088,1.734228982641639e-09
0.0001143406756922383,0.9975735877098765,0.9975735859762446,1.7336319046989956e-09
0.0001144406756922383,0.9975766047052198,0.9975766029721864,1.7330333834664202e-09
0.0001145406756922383,0.9975796179492383,0.9975796162168045,1.7324338630331226e-09
0.0001146406756922383,0.9975826274465963,0.9975826257147632,1.731833121354498e-09
0.0001147406756922383,0.9975856332019524,0.9975856314707212,1.7312311584305462e-09
0.0001148406756922383,0.9975886352199593,0.9975886334893312,1.7306280852835698e-09
0.0001149406756922383,0.997591633505264,0.9975916317752402,1.7300237908912663e-09
0.0001150406756922383,0.9975946280625079,0.9975946263330896,1.7294182752536358e-09
0.0001151406756922383,0.9975976188963261,0.9975976171675146,1.7288115383706781e-09
0.0001152406756922383,0.9976006060113489,0.9976006042831451,1.7282038022869983e-09
0.0001153406756922383,0.9976035894121998,0.9976035876846049,1.7275949559802939e-09
0.0001154406756922383,0.9976065691034971,0.9976065673765123,1.72698477740596e-09
0.0001155406756922383,0.997609545089853,0.9976095433634796,1.7263733775862988e-09
0.0001156406756922383,0.9976125173758746,0.9976125156501137,1.7257609785659156e-09
0.0001157406756922383,0.9976154859661628,0.9976154842410154,1.7251473583002053e-09
0.0001158406756922383,0.9976184508653126,0.9976184491407801,1.7245325167891679e-09
0.0001159406756922383,0.997621412077914,0.9976214103539973,1.7239166760774083e-09
0.0001160406756922383,0.9976243696085505,0.9976243678852509,1.7232996141203216e-09
0.0001161406756922383,0.9976273234618005,0.9976273217391188,1.7226816639848153e-09
0.0001162406756922383,0.9976302736422363,0.9976302719201738,1.7220624926039818e-09
0.0001163406756922383,0.9976332201544247,0.9976332184329825,1.7214422110001237e-09
0.0001164406756922383,0.9976361630029267,0.9976361612821059,1.720820819173241e-09
0.0001165406756922383,0.9976391021922977,0.9976391004720995,1.7201982061010312e-09
0.0001166406756922383,0.9976420377270876,0.9976420360075131,1.7195744828057968e-09
0.0001167406756922383,0.9976449696118405,0.9976449678928907,1.7189497603098403e-09
0.0001168406756922383,0.9976478978510945,0.9976478961327708,1.7183237055462541e-09
0.0001169406756922383,0.997650822449383,0.9976508207316862,1.7176967626042483e-09
0.0001170406756922383,0.9976537434112326,0.9976537416941641,1.717068487394613e-09
0.0001171406756922383,0.9976566607411653,0.9976566590247259,1.7164394350288603e-09
0.0001172406756922383,0.9976595744436968,0.9976595727278876,1.7158091614177806e-09
0.0001173406756922383,0.9976624845233372,0.9976624828081596,1.7151775555390714e-09
0.0001174406756922383,0.9976653909845914,0.9976653892700464,1.71454495045964e-09
0.0001175406756922383,0.9976682938319588,0.9976682921180473,1.7139114572017888e-09
0.0001176406756922383,0.9976711930699325,0.9976711913566556,1.713276853720913e-09
0.0001177406756922383,0.9976740887030005,0.9976740869903593,1.7126411400170127e-09
0.0001178406756922383,0.997676980735645,0.9976769790236406,1.7120044271123902e-09
0.0001179406756922383,0.997679869172343,0.9976798674609765,1.7113664929624406e-09
0.0001180406756922383,0.9976827540175656,0.997682752306838,1.7107275596117688e-09
0.0001181406756922383,0.9976856352757784,0.9976856335656908,1.7100875160380724e-09
0.0001182406756922383,0.9976885129514415,0.997688511241995,1.7094464732636538e-09
0.0001183406756922383,0.9976913870490094,0.997691385340205,1.7088044312885131e-09
0.0001184406756922384,0.9976942575729313,0.9976942558647699,1.7081613901126502e-09
0.0001185406756922384,0.9976971245276506,0.9976971228201331,1.7075174607583676e-09
0.0001186406756922384,0.997699987917605,0.9976999862107327,1.7068721991364555e-09
0.0001187406756922384,0.997702847747227,0.9977028460410009,1.7062260493361237e-09
0.0001188406756922384,0.9977057040209435,0.9977057023153647,1.7055787893127672e-09
0.0001189406756922384,0.9977085567431759,0.9977085550382455,1.704930419066386e-09
0.0001190406756922384,0.9977114059183403,0.9977114042140592,1.7042810496192828e-09
0.0001191406756922384,0.997714251550847,0.9977142498472162,1.7036307919937599e-09
0.0001192406756922384,0.997717093645101,0.9977170919421215,1.7029794241452123e-09
0.0001193406756922384,0.9977199322055016,0.9977199305031745,1.7023270570959426e-09
0.0001194406756922384,0.9977227672364428,0.9977227655347691,1.7016736908459507e-09
0.0001195406756922384,0.9977255987423133,0.9977255970412939,1.7010193253952366e-09
0.0001196406756922384,0.997728426727496,0.9977284250271321,1.700363849721498e-09
0.0001197406756922384,0.9977312511963686,0.997731249496661,1.699707596891642e-09
0.0001198406756922384,0.9977340721533031,0.997734070454253,1.699050122816459e-09
0.0001199406756922384,0.9977368896026665,0.9977368879042747,1.6983917605628562e-09
0.0001200406756922384,0.9977397035488199,0.9977397018510875,1.6977323991085314e-09
0.0001201406756922384,0.9977425139961192,0.9977425122990473,1.6970719274311818e-09
0.0001202406756922384,0.9977453209489151,0.9977453192525044,1.6964106785977151e-09
0.0001203406756922384,0.9977481244115525,0.997748122715804,1.6957484305635262e-09
0.0001204406756922384,0.997750924388371,0.9977509226932858,1.6950851833286151e-09
0.0001205406756922384,0.9977537208837047,0.997753719189284,1.694420714848377e-09
0.0001206406756922384,0.9977565139018828,0.9977565122081273,1.6937554692120216e-09
0.0001207406756922384,0.9977593034472287,0.9977593017541394,1.6930893353972465e-09
0.0001208406756922384,0.9977620895240605,0.9977620878316383,1.6924222023817492e-09
0.0001209406756922384,0.997764872136691,0.9977648704449368,1.6917541811878323e-09
0.0001210406756922384,0.9977676512894272,0.9977676495983422,1.6910850497708907e-09
0.0001211406756922384,0.9977704269865717,0.9977704252961566,1.6904151411978319e-09
0.0001212406756922384,0.9977731992324208,0.9977731975426767,1.6897441224017484e-09
0.0001213406756922384,0.9977759680312659,0.9977759663421937,1.6890722154272453e-09
0.0001214406756922384,0.9977787333873931,0.9977787316989936,1.688399531296625e-09
0.0001215406756922384,0.9977814953050829,0.9977814936173571,1.6877257369429799e-09
0.0001216406756922384,0.9977842537886107,0.9977842521015597,1.6870509433886127e-09
0.0001217406756922384,0.9977870088422466,0.9977870071558712,1.6863753726781283e-09
0.0001218406756922384,0.9977897604702551,0.9977897587845564,1.6856986917446193e-09
0.0001219406756922384,0.9977925086768961,0.9977925069918748,1.685021233654993e-09
0.0001220406756922384,0.9977952534664232,0.9977952517820804,1.6843427763646446e-09
0.0001221406756922384,0.9977979948430854,0.9977979931594221,1.683663319873574e-09
0.0001222406756922384,0.9978007328111264,0.9978007311281434,1.6829829752040837e-09
0.0001223406756922384,0.9978034673747844,0.9978034656924825,1.6823019644007786e-09
0.0001224406756922384,0.9978061985382924,0.9978061968566725,1.6816199543967514e-09
0.0001225406756922384,0.9978089263058781,0.9978089246249412,1.680936945192002e-09
0.0001226406756922384,0.9978116506817639,0.9978116490015109,1.6802530478088329e-09
0.0001227406756922384,0.9978143716701671,0.997814369990599,1.6795680402026392e-09
0.0001228406756922384,0.9978170892752998,0.9978170875964173,1.6788824774849331e-09
0.0001229406756922384,0.9978198035013686,0.9978198018231728,1.6781958045442025e-09
0.0001230406756922384,0.9978225143525752,0.9978225126750667,1.677508465469657e-09
0.0001231406756922385,0.9978252218331158,0.9978252201562956,1.676820238216692e-09
0.0001232406756922385,0.9978279259471813,0.9978279242710504,1.6761309007407021e-09
0.0001233406756922385,0.9978306266989577,0.9978306250235169,1.6754407861085951e-09
0.0001234406756922385,0.9978333240926257,0.9978333224178759,1.6747497832980685e-09
0.0001235406756922385,0.9978360181323608,0.9978360164583029,1.674057892309122e-09
0.0001236406756922385,0.9978387088223333,0.997838707148968,1.6733652241640584e-09
0.0001237406756922385,0.9978413961667081,0.9978413944940364,1.672671667840575e-09
0.0001238406756922385,0.9978440801696452,0.997844078497668,1.671977223338672e-09
0.0001239406756922385,0.9978467608352996,0.9978467591640175,1.6712820016806518e-09
0.0001240406756922385,0.9978494381678203,0.9978494364972346,1.6705857808219093e-09
0.0001241406756922385,0.9978521121713521,0.9978521105014634,1.6698886717847472e-09
0.0001242406756922385,0.9978547828500341,0.9978547811808434,1.6691907855914678e-09
0.0001243406756922385,0.9978574502080007,0.9978574485395086,1.6684920112197688e-09
0.0001244406756922385,0.9978601142493806,0.997860112581588,1.667792570714255e-09
0.0001245406756922385,0.9978627749782978,0.9978627733112055,1.6670922420303214e-09
0.0001246406756922385,0.9978654323988707,0.9978654307324798,1.6663909141456656e-09
0.0001247406756922385,0.9978680865152133,0.9978680848495244,1.6656889201271952e-09
0.0001248406756922385,0.9978707373314337,0.9978707356664478,1.6649859269080025e-09
0.0001249406756922385,0.9978733848516356,0.9978733831873533,1.664282267554995e-09
0.0001250406756922385,0.9978760290799169,0.9978760274163393,1.6635776090012655e-09
0.0001251406756922385,0.9978786700203711,0.9978786683574988,1.6628722843137211e-09
0.0001252406756922385,0.9978813076770862,0.9978813060149201,1.662166071447757e-09
0.0001253406756922385,0.997883942054145,0.9978839403926859,1.6614590814256758e-09
0.0001254406756922385,0.9978865731556257,0.9978865714948744,1.6607513142474772e-09
0.0001255406756922385,0.9978892009856009,0.9978891993255582,1.660042658890859e-09
0.0001256406756922385,0.9978918255481386,0.9978918238888053,1.659333337400426e-09
0.0001257406756922385,0.9978944468473012,0.9978944451886781,1.6586231277315733e-09
0.0001258406756922385,0.9978970648871467,0.9978970632292347,1.6579120298843009e-09
0.0001259406756922385,0.9978996796717274,0.9978996780145274,1.6572000438586088e-09
0.0001260406756922385,0.9979022912050913,0.9979022895486038,1.6564875027214043e-09
0.0001261406756922385,0.9979048994912807,0.9979048978355066,1.6557740734057802e-09
0.0001262406756922385,0.9979075045343331,0.9979075028792733,1.6550597559117364e-09
0.0001263406756922385,0.9979101063382813,0.9979101046839364,1.6543448833061802e-09
0.0001264406756922385,0.9979127049071526,0.9979127032535233,1.6536292335445069e-09
0.0001265406756922385,0.9979153002449692,0.9979152985920566,1.6529125845821113e-09
0.0001266406756922385,0.9979178923557491,0.9979178907035537,1.6521953805082035e-09
0.0001267406756922385,0.9979204812435044,0.9979204795920271,1.651477288255876e-09
0.0001268406756922385,0.9979230669122426,0.9979230652614843,1.6507583078251287e-09
0.0001269406756922385,0.9979256493659666,0.9979256477159278,1.6500387722828691e-09
0.0001270406756922385,0.9979282286086736,0.9979282269593553,1.6493182375398874e-09
0.0001271406756922385,0.9979308046443564,0.9979308029957592,1.6485971476853933e-09
0.0001272406756922386,0.9979333774770025,0.997933375829127,1.647875502719387e-09
0.0001273406756922386,0.9979359471105944,0.9979359454634417,1.647152747530356e-09
0.0001274406756922386,0.9979385135491099,0.9979385119026806,1.6464293262075103e-09
0.0001275406756922386,0.9979410767965218,0.9979410751508166,1.6457051277285473e-09
0.0001276406756922386,0.9979436368567979,0.9979436352118176,1.6449802631157695e-09
0.0001277406756922386,0.9979461937339011,0.9979461920896465,1.6442546213468745e-09
0.0001278406756922386,0.9979487474317894,0.9979487457882611,1.6435283134441647e-09
0.0001279406756922386,0.9979512979544157,0.9979512963116144,1.6428013394076402e-09
0.0001280406756922386,0.997953845305728,0.9979538436636546,1.6420733661703935e-09
0.0001281406756922386,0.9979563894896696,0.997956387848325,1.6413446157770295e-09
0.0001282406756922386,0.9979589305101789,0.9979589288695636,1.6406153102721532e-09
0.0001283406756922386,0.9979614683711894,0.9979614667313041,1.6398852276111597e-09
0.0001284406756922386,0.9979640030766295,0.997964001437475,1.6391544788163515e-09
0.0001285406756922386,0.9979665346304228,0.9979665329919997,1.6384231749100309e-09
0.0001286406756922386,0.997969063036488,0.9979690613987972,1.6376908718029881e-09
0.0001287406756922386,0.9979715882987391,0.9979715866617811,1.636958013584433e-09
0.0001288406756922386,0.9979741104210851,0.9979741087848606,1.6362244892320632e-09
0.0001289406756922386,0.99797662940743,0.9979766277719397,1.6354902987458786e-09
0.0001290406756922386,0.9979791452616733,0.997979143626918,1.6347553311035767e-09
0.0001291406756922386,0.9979816579877093,0.9979816563536896,1.6340196973274601e-09
0.0001292406756922386,0.9979841675894275,0.9979841659561444,1.6332831753729238e-09
0.0001293406756922386,0.9979866740707128,0.9979866724381669,1.6325459872845727e-09
0.0001294406756922386,0.9979891774354454,0.9979891758036371,1.6318082440847093e-09
0.0001295406756922386,0.9979916776875,0.9979916760564302,1.6310697237287286e-09
0.0001296406756922386,0.9979941748307471,0.9979941732004165,1.6303306482612356e-09
0.0001297406756922386,0.9979966688690521,0.9979966672394615,1.629590684615323e-09
0.0001298406756922386,0.997999159806276,0.9979991581774257,1.6288502768802005e-09
0.0001299406756922386,0.998001647646274,0.998001646018165,1.6281089809666582e-09
0.0001300406756922386,0.9980041323928978,0.9980041307655307,1.6273670189193012e-09
0.0001301406756922386,0.9980066140499934,0.998006612423369,1.6266243907381295e-09
0.0001302406756922386,0.9980090926214025,0.9980090909955212,1.6258813184677479e-09
0.0001303406756922386,0.9980115681109616,0.9980115664858242,1.6251373580189465e-09
0.0001304406756922386,0.9980140405225029,0.9980140388981101,1.6243927314363305e-09
0.0001305406756922386,0.9980165098598535,0.9980165082362059,1.623647549742202e-09
0.0001306406756922386,0.9980189761268358,0.9980189745039341,1.6229017019142589e-09
0.0001307406756922386,0.9980214393272676,0.9980214377051124,1.622155187952501e-09
0.0001308406756922386,0.9980238994649617,0.9980238978435536,1.6214081188792306e-09
0.0001309406756922386,0.9980263565437262,0.9980263549230661,1.6206600506052382e-09
0.0001310406756922386,0.9980288105673649,0.9980288089474534,1.619911538242036e-09
0.0001311406756922386,0.9980312615396766,0.998031259920514,1.6191625817896238e-09
0.0001312406756922386,0.9980337094644548,0.998033707846042,1.6184128481810944e-09
0.0001313406756922387,0.9980361543454892,0.9980361527278268,1.6176624484387503e-09
0.0001314406756922387,0.9980385961865642,0.9980385945696528,1.6169113825625914e-09
0.0001315406756922387,0.9980410349914598,0.9980410333753,1.6161597615749201e-09
0.0001316406756922387,0.9980434707639511,0.9980434691485436,1.6154074744534341e-09
0.0001317406756922387,0.9980459035078085,0.998045901893154,1.6146545211981334e-09
0.0001318406756922387,0.998048333226798,0.9980483316128971,1.6139009018090178e-09
0.0001319406756922387,0.9980507599246806,0.9980507583115338,1.6131468383306924e-09
0.0001320406756922387,0.9980531836052128,0.9980531819928208,1.6123919976962497e-09
0.0001321406756922387,0.9980556042721462,0.9980556026605096,1.6116366019502948e-09
0.0001322406756922387,0.998058021929228,0.9980580203183476,1.6108804290482226e-09
0.0001323406756922387,0.9980604365802008,0.9980604349700769,1.610123923079243e-09
0.0001324406756922387,0.9980628482288022,0.9980628466194356,1.6093666399541462e-09
0.0001325406756922387,0.9980652568787652,0.9980652552701567,1.6086085796729321e-09
0.0001326406756922387,0.9980676625338187,0.9980676609259685,1.6078501863248107e-09
0.0001327406756922387,0.9980700651976864,0.9980700635905952,1.6070911268428745e-09
0.0001328406756922387,0.9980724648740875,0.9980724632677559,1.6063316232717284e-09
0.0001329406756922387,0.9980748615667365,0.9980748599611652,1.605571342544465e-09
0.0001330406756922387,0.9980772552793434,0.998077253674533,1.604810395683387e-09
0.0001331406756922387,0.9980796460156137,0.9980796444115648,1.6040488937107966e-09
0.0001332406756922387,0.9980820337792483,0.9980820321759614,1.6032869476489964e-09
0.0001333406756922387,0.9980844185739431,0.9980844169714188,1.6025243354533814e-09
0.0001334406756922387,0.9980868004033898,0.9980867988016286,1.601761168146254e-09
0.0001335406756922387,0.9980891792712754,0.998089177670278,1.600997334705312e-09
0.0001336406756922387,0.9980915551812821,0.9980915535810492,1.6002329461528575e-09
0.0001337406756922387,0.9980939281370881,0.99809392653762,1.5994681135111932e-09
0.0001338406756922387,0.9980962981423663,0.9980962965436637,1.5987026147357142e-09
0.0001339406756922387,0.9980986652007855,0.9980986636028489,1.5979365608487228e-09
0.0001340406756922387,0.9981010293160099,0.9981010277188399,1.5971699518502191e-09
0.0001341406756922387,0.9981033904916989,0.9981033888952962,1.5964027877402032e-09
0.0001342406756922387,0.9981057487315076,0.9981057471358726,1.5956349574963724e-09
0.0001343406756922387,0.9981081040390863,0.9981081024442198,1.5948665721410293e-09
0.0001344406756922387,0.9981104564180813,0.9981104548239836,1.594097631674174e-09
0.0001345406756922387,0.9981128058721338,0.9981128042788054,1.5933283581404112e-09
0.0001346406756922387,0.9981151524048806,0.9981151508123223,1.5925583074505312e-09
0.0001347406756922387,0.9981174960199541,0.9981174944281662,1.5917879236937438e-09
0.0001348406756922387,0.9981198367209821,0.9981198351299653,1.5910168738031416e-09
0.0001349406756922387,0.9981221745115879,0.9981221729213428,1.5902451577787247e-09
0.0001350406756922387,0.9981245093953903,0.9981245078059174,1.5894728866427954e-09
0.0001351406756922387,0.9981268413760037,0.9981268397873035,1.5887001714176563e-09
0.0001352406756922387,0.998129170457038,0.998129168869111,1.5879270121033073e-09
0.0001353406756922387,0.9981314966420983,0.9981314950549451,1.5871531866551436e-09
0.0001354406756922388,0.9981338199347857,0.9981338183484068,1.58637891711777e-09
0.0001355406756922388,0.9981361403386964,0.9981361387530922,1.5856042034911866e-09
0.0001356406756922388,0.9981384578574221,0.9981384562725933,1.584828712708486e-09
0.0001357406756922388,0.9981407724945507,0.9981407709104978,1.5840528888588778e-09
0.0001358406756922388,0.9981430842536648,0.9981430826703883,1.5832765098977575e-09
0.0001359406756922388,0.998145393138343,0.9981453915558435,1.5824995758251248e-09
0.0001360406756922388,0.9981476991521596,0.9981476975704374,1.5817221976632823e-09
0.0001361406756922388,0.998150002298684,0.9981500007177397,1.5809442643899274e-09
0.0001362406756922388,0.9981523025814812,0.9981523010013156,1.5801656649827578e-09
0.0001363406756922388,0.9981546000041123,0.9981545984247256,1.5793866214863783e-09
0.0001364406756922388,0.9981568945701336,0.9981568929915263,1.5786072449230915e-09
0.0001365406756922388,0.9981591862830969,0.9981591847052695,1.5778273132482923e-09
0.0001366406756922388,0.9981614751465495,0.9981614735695027,1.5770468264619808e-09
0.0001367406756922388,0.9981637611640348,0.9981637595877689,1.5762658955864595e-09
0.0001368406756922388,0.9981660443390913,0.9981660427636069,1.5754844095994258e-09
0.0001369406756922388,0.9981683246752533,0.9981683231005508,1.5747024795231823e-09
0.0001370406756922388,0.9981706021760507,0.9981706006021307,1.5739199943354265e-09
0.0001371406756922388,0.9981728768450088,0.9981728752718718,1.5731369540361584e-09
0.0001372406756922388,0.9981751486856492,0.9981751471132954,1.5723538027145878e-09
0.0001373406756922388,0.998177417701488,0.9981774161299182,1.5715698742369e-09
0.0001374406756922388,0.998179683896038,0.9981796823252524,1.5707855016700023e-09
0.0001375406756922388,0.9981819472728067,0.9981819457028063,1.5700004629692899e-09
0.0001376406756922388,0.9981842078352983,0.9981842062660832,1.56921509120167e-09
0.0001377406756922388,0.9981864655870115,0.9981864640185825,1.5684290533002354e-09
0.0001378406756922388,0.9981887205314417,0.998188718963799,1.5676426823318934e-09
0.0001379406756922388,0.9981909726720796,0.9981909711052235,1.5668560893189465e-09
0.0001380406756922388,0.998193222012411,0.998193220446342,1.5660690522167897e-09
0.0001381406756922388,0.9981954685559178,0.9981954669906364,1.5652813489808182e-09
0.0001382406756922388,0.9981977123060776,0.9981977107415845,1.5644930906333343e-09
0.0001383406756922388,0.9981999532663638,0.9981999517026593,1.563704499218943e-09
0.0001384406756922388,0.9982021914402452,0.9982021898773299,1.5629153526930395e-09
0.0001385406756922388,0.9982044268311866,0.9982044252690607,1.5621258731002285e-09
0.0001386406756922388,0.998206659442648,0.9982066578813121,1.5613358383959053e-09
0.0001387406756922388,0.9982088892780857,0.9982088877175401,1.560545581646977e-09
0.0001388406756922388,0.9982111163409512,0.9982111147811965,1.5597546587642341e-09
0.0001389406756922388,0.9982133406346919,0.9982133390757285,1.5589634028145838e-09
0.0001390406756922388,0.9982155621627509,0.9982155606045794,1.5581714807311187e-09
0.0001391406756922388,0.9982177809285673,0.9982177793711879,1.5573793366030486e-09
0.0001392406756922388,0.9982199969355753,0.9982199953789888,1.5565865263411638e-09
0.0001393406756922388,0.9982222101872054,0.9982222086314121,1.5557932719900691e-09
0.0001394406756922388,0.9982244206868839,0.998224419131884,1.554999906616672e-09
0.0001395406756922389,0.9982266284380321,0.9982266268838261,1.5542059861317625e-09
0.0001396406756922389,0.9982288334440679,0.9982288318906561,1.5534117325799457e-09
0.0001397406756922389,0.9982310357084041,0.9982310341557873,1.552616812894314e-09
0.0001398406756922389,0.9982332352344502,0.9982332336826285,1.5518216711640775e-09
0.0001399406756922389,0.9982354320256107,0.9982354304745846,1.5510260853446312e-09
0.0001400406756922389,0.9982376260852863,0.9982376245350563,1.550230055435975e-09
0.0001401406756922389,0.9982398174168732,0.9982398158674396,1.5494335814381088e-09
0.0001402406756922389,0.9982420060237635,0.9982420044751269,1.5486365523287304e-09
0.0001403406756922389,0.9982441919093451,0.9982441903615058,1.5478393011747471e-09
0.0001404406756922389,0.9982463750770016,0.9982463735299603,1.547041383886949e-09
0.0001405406756922389,0.9982485555301128,0.9982485539838695,1.5462433555768484e-09
0.0001406406756922389,0.9982507332720536,0.9982507317266089,1.5454446611329331e-09
0.0001407406756922389,0.9982529083061954,0.9982529067615494,1.5446459666890178e-09
0.0001408406756922389,0.9982550806359046,0.9982550790920581,1.5438464950889852e-09
0.0001409406756922389,0.9982572502645443,0.9982572487214975,1.5430468014443477e-09
0.0001410406756922389,0.9982594171954725,0.9982594156532262,1.542246330643593e-09
0.0001411406756922389,0.998261581432044,0.9982615798905983,1.5414457488205358e-09
0.0001412406756922389,0.9982637429776091,0.9982637414369643,1.5406448339305712e-09
0.0001413406756922389,0.9982659018355134,0.9982659002956699,1.5398435859736992e-09
0.0001414406756922389,0.998268058009099,0.998268056470057,1.5390420049499198e-09
0.0001415406756922389,0.9982702115017033,0.9982702099634634,1.5382398688146282e-09
0.0001416406756922389,0.9982723623166598,0.9982723607792225,1.5374372885901266e-09
0.0001417406756922389,0.9982745104572982,0.9982745089206638,1.5366343752987177e-09
0.0001418406756922389,0.9982766559269435,0.9982766543911124,1.5358311289404014e-09
0.0001419406756922389,0.998278798728917,0.9982787971938895,1.5350275495151777e-09
0.0001420406756922389,0.9982809388665354,0.9982809373323119,1.5342234149784417e-09
0.0001421406756922389,0.9982830763431118,0.9982830748096927,1.5334190583971008e-09
0.0001422406756922389,0.9982852111619549,0.9982852096293404,1.532614479771155e-09
0.0001423406756922389,0.998287343326369,0.9982873417945599,1.5318091239890919e-09
0.0001424406756922389,0.9982894728396551,0.9982894713086514,1.5310036571847263e-09
0.0001425406756922389,0.9982915997051093,0.9982915981749115,1.530197746291151e-09
0.0001426406756922389,0.9982937239260241,0.9982937223966325,1.5293916133529706e-09
0.0001427406756922389,0.9982958455056875,0.9982958439771026,1.528584925303278e-09
0.0001428406756922389,0.9982979644473838,0.9982979629196057,1.5277781262312828e-09
0.0001429406756922389,0.998300080754393,0.9983000792274223,1.5269707720477754e-09
0.0001430406756922389,0.998302194429991,0.9983021929038278,1.526163195819663e-09
0.0001431406756922389,0.9983043054774496,0.9983043039520946,1.5253550644800384e-09
0.0001432406756922389,0.9983064139000368,0.9983064123754901,1.5245467110958089e-09
0.0001433406756922389,0.9983085197010164,0.9983085181772784,1.5237380246446719e-09
0.0001434406756922389,0.998310622883648,0.998310621360719,1.5229290051266275e-09
0.0001435406756922389,0.9983127234511873,0.9983127219290676,1.5221196525416758e-09
0.000143640675692239,0.9983148214068858,0.9983148198855758,1.5213099668898167e-09
0.000143740675692239,0.998316916753991,0.9983169152334912,1.5204998371487477e-09
0.000143840675692239,0.9983190094957467,0.9983190079760572,1.5196894853630738e-09
0.000143940675692239,0.9983210996353921,0.9983210981165134,1.51887868948819e-09
0.000144040675692239,0.9983231871761626,0.9983231856580952,1.5180674495240964e-09
0.000144140675692239,0.9983252721212901,0.998325270604034,1.5172560985377004e-09
0.000144240675692239,0.9983273544740016,0.9983273529575573,1.5164443034620945e-09
0.000144340675692239,0.9983294342375205,0.9983294327218883,1.5156321753195812e-09
0.000144440675692239,0.9983315114150665,0.9983315099002468,1.5148197141101605e-09
0.000144540675692239,0.9983335860098548,0.9983335844958477,1.5140070308561349e-09
0.000144640675692239,0.9983356580250968,0.9983356565119028,1.5131940145352019e-09
0.000144740675692239,0.9983377274640001,0.9983377259516193,1.512380776169664e-09
0.000144840675692239,0.9983397943297678,0.9983397928182006,1.5115672047372186e-09
0.000144940675692239,0.9983418586255993,0.9983418571148462,1.510753078193261e-09
0.000145040675692239,0.9983439203546903,0.9983439188447516,1.5099387296046984e-09
0.000145140675692239,0.9983459795202323,0.9983459780111081,1.509124158971531e-09
0.000145240675692239,0.9983480361254127,0.9983480346171033,1.5083093662937586e-09
0.000145340675692239,0.9983500901734149,0.9983500886659209,1.5074940185044738e-09
0.000145440675692239,0.9983521416674186,0.9983521401607401,1.5066784486705842e-09
0.000145540675692239,0.9983541906105995,0.9983541891047369,1.5058625457697872e-09
0.000145640675692239,0.9983562370061293,0.998356235501083,1.5050463098020828e-09
0.000145740675692239,0.9983582808571757,0.9983582793529459,1.5042298517897734e-09
0.000145840675692239,0.9983603221669026,0.9983603206634895,1.5034131717328592e-09
0.000145940675692239,0.9983623609384696,0.9983623594358736,1.502596047586735e-09
0.000146040675692239,0.9983643971750331,0.9983643956732542,1.501778923440611e-09
0.000146140675692239,0.9983664308797449,0.9983664293787834,1.5009614662275794e-09
0.000146240675692239,0.9983684620557528,0.9983684605556092,1.500143564925338e-09
0.000146340675692239,0.9983704907062011,0.9983704892068759,1.4993252195338869e-09
0.000146440675692239,0.9983725168342302,0.9983725153357236,1.4985066520978307e-09
0.000146540675692239,0.9983745404429767,0.9983745389452887,1.4976879736394721e-09
0.000146640675692239,0.9983765615355727,0.9983765600387038,1.4968689621142062e-09
0.000146740675692239,0.998378580115147,0.9983785786190974,1.4960496175220328e-09
0.000146840675692239,0.9983805961848243,0.9983805946895942,1.495230161907557e-09
0.000146940675692239,0.9983826097477251,0.9983826082533148,1.4944102622038713e-09
0.000147040675692239,0.9983846208069665,0.9983846193133765,1.4935900294332782e-09
0.000147140675692239,0.9983866293656616,0.998386627872892,1.4927695746180802e-09
0.000147240675692239,0.9983886354269195,0.9983886339349707,1.4919487867359749e-09
0.000147340675692239,0.9983906389938457,0.9983906375027177,1.4911279988538695e-09
0.000147440675692239,0.9983926400695414,0.9983926385792347,1.4903067668825543e-09
0.000147540675692239,0.9983946386571043,0.998394637167619,1.4894853128666341e-09
0.000147640675692239,0.9983966347596281,0.9983966332709645,1.488663636806109e-09
0.000147740675692239,0.9983986283802027,0.9983986268923611,1.487841516656374e-09
0.0001478406756922391,0.9984006195219141,0.9984006180348948,1.4870192854843367e-09
0.0001479406756922391,0.9984026081878445,0.9984026067016478,1.486196721245392e-09
0.0001480406756922391,0.9984045943810725,0.9984045928956986,1.4853739349618422e-09
0.0001481406756922391,0.9984065781046726,0.9984065766201216,1.48455103765599e-09
0.0001482406756922391,0.9984085593617152,0.9984085578779875,1.483727696260928e-09
0.0001483406756922391,0.9984105381552676,0.9984105366723635,1.482904132821261e-09
0.0001484406756922391,0.9984125144883927,0.9984125130063123,1.4820804583592917e-09
0.0001485406756922391,0.9984144883641498,0.9984144868828935,1.4812563398081124e-09
0.0001486406756922391,0.9984164597855945,0.9984164583051623,1.4804321102346307e-09
0.0001487406756922391,0.9984184287557782,0.9984184272761707,1.4796075475942416e-09
0.0001488406756922391,0.9984203952777493,0.9984203937989664,1.47878287393155e-09
0.0001489406756922391,0.9984223593545516,0.9984223578765936,1.4779579782242536e-09
0.0001490406756922391,0.9984243209892254,0.9984243195120924,1.4771329714946546e-09
0.0001491406756922391,0.9984262801848072,0.9984262787084996,1.4763075206758458e-09
0.0001492406756922391,0.9984282369443297,0.9984282354688478,1.475481847812432e-09
0.0001493406756922391,0.998430191270822,0.998430189796166,1.4746559529044134e-09
0.0001494406756922391,0.9984321431673094,0.9984321416934796,1.4738298359517898e-09
0.0001495406756922391,0.9984340926368134,0.9984340911638098,1.4730036079768638e-09
0.0001496406756922391,0.9984360396823515,0.9984360382101745,1.4721770469350304e-09
0.0001497406756922391,0.9984379843069378,0.9984379828355874,1.4713503748708945e-09
0.0001498406756922391,0.9984399265135824,0.998439925043059,1.4705233697398512e-09
0.0001499406756922391,0.9984418663052917,0.9984418648355956,1.469696142564203e-09
0.0001500406756922391,0.9984438036850687,0.9984438022162,1.4688686933439499e-09
0.0001501406756922391,0.998445738655912,0.9984457371878711,1.4680409110567894e-09
0.0001502406756922391,0.9984476712208173,0.9984476697536043,1.4672130177473264e-09
0.0001503406756922391,0.9984496013827759,0.998449599916391,1.4663849023932585e-09
0.0001504406756922391,0.9984515291447758,0.9984515276792191,1.4655566760168881e-09
0.0001505406756922391,0.9984534545098008,0.9984534530450726,1.4647282275959128e-09
0.0001506406756922391,0.9984553774808315,0.9984553760169319,1.4638995571303326e-09
0.0001507406756922391,0.9984572980608444,0.9984572965977738,1.463070553597845e-09
0.0001508406756922391,0.9984592162528128,0.9984592147905713,1.462241439043055e-09
0.0001509406756922391,0.9984611320597057,0.9984611305982936,1.46141210244366e-09
0.0001510406756922391,0.9984630454844887,0.9984630440239062,1.46058254379966e-09
0.0001511406756922391,0.9984649565301241,0.9984649550703711,1.45975298515566e-09
0.0001512406756922391,0.9984668651995696,0.9984668637406466,1.4589229824224503e-09
0.0001513406756922391,0.9984687714957801,0.9984687700376872,1.458092868666938e-09
0.0001514406756922391,0.9984706754217064,0.9984706739644438,1.4572626438891234e-09
0.0001515406756922391,0.9984725769802957,0.9984725755238635,1.4564321970667038e-09
0.0001516406756922391,0.9984744761744915,0.99847447471889,1.4556015281996793e-09
0.0001517406756922391,0.9984763730072336,0.9984763715524629,1.4547706372880498e-09
0.0001518406756922391,0.9984782674814584,0.9984782660275188,1.4539396353541179e-09
0.0001519406756922392,0.9984801596000983,0.99848015814699,1.4531083003532785e-09
0.0001520406756922392,0.9984820493660822,0.9984820479138055,1.4522767433078343e-09
0.0001521406756922392,0.9984839367823358,0.9984839353308905,1.4514452972846925e-09
0.0001522406756922392,0.9984858218517805,0.9984858204011668,1.4506136292169458e-09
0.0001523406756922392,0.9984877045773342,0.9984877031275524,1.4497817391045942e-09
0.0001524406756922392,0.9984895849619113,0.9984895835129617,1.4489496269476376e-09
0.0001525406756922392,0.9984914630084226,0.9984914615603053,1.4481172927460761e-09
0.0001526406756922392,0.9984933387197753,0.9984933372724905,1.4472848475222122e-09
0.0001527406756922392,0.9984952120988729,0.9984952106524208,1.4464521802537433e-09
0.0001528406756922392,0.9984970831486155,0.998497081702996,1.4456195129852745e-09
0.0001529406756922392,0.9984989518718993,0.9984989504271126,1.4447867346945031e-09
0.0001530406756922392,0.9985008182716169,0.9985008168276631,1.4439537343591269e-09
0.0001531406756922392,0.9985026823506573,0.9985026809075369,1.4431204009568432e-09
0.0001532406756922392,0.9985045441119061,0.9985045426696193,1.4422868455099547e-09
0.0001533406756922392,0.9985064035582455,0.9985064021167922,1.4414532900630661e-09
0.0001534406756922392,0.9985082606925536,0.9985082592519341,1.4406195125715726e-09
0.0001535406756922392,0.9985101155177053,0.9985101140779198,1.4397855130354742e-09
0.0001536406756922392,0.9985119680365718,0.9985119665976203,1.4389515134993758e-09
0.0001537406756922392,0.9985138182520208,0.9985138168139034,1.438117402940975e-09
0.0001538406756922392,0.9985156661669162,0.9985156647296332,1.437283070337969e-09
0.0001539406756922392,0.9985175117841186,0.9985175103476699,1.4364487377349633e-09
0.0001540406756922392,0.9985193551064848,0.9985193536708709,1.4356139610427476e-09
0.0001541406756922392,0.9985211961368683,0.9985211947020891,1.434779184350532e-09
0.0001542406756922392,0.998523034878119,0.9985230334441747,1.4339442966360139e-09
0.0001543406756922392,0.9985248713330831,0.9985248698999739,1.4331091868768908e-09
0.0001544406756922392,0.9985267055046033,0.9985267040723295,1.4322738550731628e-09
0.0001545406756922392,0.9985285373955191,0.9985285359640805,1.4314385232694349e-09
0.0001546406756922392,0.9985303670086658,0.998530365578063,1.4306028583987995e-09
0.0001547406756922392,0.998532194346876,0.9985321929171087,1.4297673045504666e-09
0.0001548406756922392,0.9985340194129784,0.9985340179840466,1.4289317507021337e-09
0.0001549406756922392,0.9985358422097976,0.9985358407817018,1.4280958637868935e-09
0.0001550406756922392,0.9985376627401557,0.9985376613128958,1.4272598658493507e-09
0.0001551406756922392,0.9985394810068704,0.9985394795804468,1.426423645867203e-09
0.0001552406756922392,0.9985412970127565,0.9985412955871693,1.4255872038404505e-09
0.0001553406756922392,0.9985431107606253,0.9985431093358744,1.4247508728360003e-09
0.0001554406756922392,0.9985449222532843,0.99854492082937,1.4239143197869453e-09
0.0001555406756922392,0.9985467314935376,0.9985467300704598,1.4230777667378902e-09
0.0001556406756922392,0.9985485384841858,0.9985485370619447,1.4222411026665327e-09
0.0001557406756922392,0.9985503432280259,0.9985503418066218,1.4214041055282678e-09
0.0001558406756922392,0.9985521457278519,0.9985521443072848,1.4205671083900029e-09
0.0001559406756922392,0.9985539459864539,0.9985539445667239,1.4197300002294355e-09
0.0001560406756922393,0.9985557440066184,0.9985557425877257,1.4188926700242632e-09
0.0001561406756922393,0.998557539791129,0.9985575383730736,1.4180554508413934e-09
0.0001562406756922393,0.9985593333427654,0.9985593319255474,1.4172180096139186e-09
0.0001563406756922393,0.9985611246643038,0.9985611232479233,1.4163804573641414e-09
0.0001564406756922393,0.9985629137585171,0.9985629123429745,1.4155426830697593e-09
0.0001565406756922393,0.998564700628175,0.99856469921347,1.4147050197976796e-09
0.0001566406756922393,0.9985664852760433,0.9985664838621763,1.4138670234586925e-09
0.0001567406756922393,0.9985682677048847,0.9985682662918557,1.4130290271197055e-09
0.0001568406756922393,0.9985700479174582,0.9985700465052673,1.412190919758416e-09
0.0001569406756922393,0.9985718259165196,0.9985718245051669,1.411352701374824e-09
0.0001570406756922393,0.9985736017048211,0.9985736002943068,1.4105143719689295e-09
0.0001571406756922393,0.9985753752851118,0.9985753738754356,1.4096761535853375e-09
0.0001572406756922393,0.9985771466601366,0.9985771452512991,1.4088374911125356e-09
0.0001573406756922393,0.9985789158326379,0.9985789144246391,1.4079988286397338e-09
0.0001574406756922393,0.9985806828053544,0.9985806813981942,1.407160166166932e-09
0.0001575406756922393,0.9985824475810211,0.9985824461746998,1.4063212816495252e-09
0.0001576406756922393,0.99858421016237,0.9985842087568875,1.4054825081544209e-09
0.0001577406756922393,0.9985859705521294,0.9985859691474858,1.4046436236370141e-09
0.0001578406756922393,0.9985877287530243,0.9985877273492196,1.4038046280973049e-09
0.0001579406756922393,0.9985894847677762,0.9985894833648108,1.4029654105129907e-09
0.0001580406756922393,0.9985912385991035,0.9985912371969773,1.4021261929286766e-09
0.0001581406756922393,0.998592990249721,0.9985929888484342,1.40128686432206e-09
0.0001582406756922393,0.9985947397223405,0.9985947383218929,1.4004475357154433e-09
0.0001583406756922393,0.9985964870196696,0.9985964856200615,1.3996080960865243e-09
0.0001584406756922393,0.9985982321444133,0.9985982307456448,1.3987685454353027e-09
0.0001585406756922393,0.9985999750992731,0.9985999737013442,1.3979288837617787e-09
0.0001586406756922393,0.998601715886947,0.9986017144898577,1.3970893331105572e-09
0.0001587406756922393,0.9986034545101296,0.99860345311388,1.3962495604147307e-09
0.0001588406756922393,0.998605190971512,0.9986051895761023,1.3954096766966018e-09
0.0001589406756922393,0.9986069252737824,0.9986069238792127,1.3945696819561704e-09
0.0001590406756922393,0.9986086574196256,0.9986086560258958,1.3937297982380414e-09
0.0001591406756922393,0.9986103874117228,0.9986103860188329,1.3928899145199125e-09
0.0001592406756922393,0.9986121152527518,0.9986121138607019,1.3920499197794811e-09
0.0001593406756922393,0.9986138409453873,0.9986138395541776,1.3912097029944448e-09
0.0001594406756922393,0.9986155644923005,0.9986155631019311,1.390369375187106e-09
0.0001595406756922393,0.9986172858961596,0.9986172845066305,1.3895291584020697e-09
0.0001596406756922393,0.9986190051596293,0.9986190037709405,1.388688830594731e-09
0.0001597406756922393,0.9986207222853707,0.9986207208975223,1.3878483917650897e-09
0.0001598406756922393,0.9986224372760419,0.9986224358890341,1.387007841913146e-09
0.0001599406756922393,0.998624150134298,0.9986241487481305,1.3861674030835047e-09
0.0001600406756922393,0.99862586086279,0.9986258594774632,1.385326853231561e-09
0.0001601406756922394,0.9986275694641663,0.99862756807968,1.3844863033796173e-09
0.0001602406756922394,0.9986292759410715,0.998629274557426,1.3836455314830687e-09
0.0001603406756922394,0.9986309802961476,0.9986309789133426,1.382804981631125e-09
0.0001604406756922394,0.9986326825320323,0.9986326811500682,1.3819640987122739e-09
0.0001605406756922394,0.9986343826513611,0.9986343812702377,1.3811233268157252e-09
0.0001606406756922394,0.9986360806567653,0.9986360792764829,1.3802824438968742e-09
0.0001607406756922394,0.9986377765508737,0.9986377751714323,1.3794414499557206e-09
0.0001608406756922394,0.9986394703363114,0.9986394689577108,1.3786005670368695e-09
0.0001609406756922394,0.9986411620157003,0.9986411606379406,1.3777596841180184e-09
0.0001610406756922394,0.9986428515916589,0.9986428502147403,1.3769185791545624e-09
0.0001611406756922394,0.9986445390668027,0.9986445376907253,1.3760774741911064e-09
0.0001612406756922394,0.998646224443744,0.9986462230685076,1.3752363692276504e-09
0.0001613406756922394,0.9986479077250914,0.9986479063506962,1.3743951532418919e-09
0.0001614406756922394,0.9986495889134509,0.9986495875398969,1.3735540482784359e-09
0.0001615406756922394,0.9986512680114246,0.9986512666387118,1.372712721270375e-09
0.0001616406756922394,0.9986529450216117,0.9986529436497403,1.371871394262314e-09
0.0001617406756922394,0.9986546199466086,0.9986546185755784,1.371030289298858e-09
0.0001618406756922394,0.9986562927890077,0.9986562914188186,1.3701890733130995e-09
0.0001619406756922394,0.9986579635513984,0.9986579621820506,1.3693477463050385e-09
0.0001620406756922394,0.998659632236367,0.9986596308678606,1.3685064192969776e-09
0.0001621406756922394,0.9986612988464967,0.9986612974788316,1.3676650922889166e-09
0.0001622406756922394,0.9986629633843671,0.9986629620175435,1.3668236542585532e-09
0.0001623406756922394,0.9986646258525551,0.9986646244865729,1.3659822162281898e-09
0.0001624406756922394,0.9986662862536342,0.9986662848884934,1.3651407781978264e-09
0.0001625406756922394,0.9986679445901744,0.998667943225875,1.364299340167463e-09
0.0001626406756922394,0.9986696008647428,0.998669599501285,1.3634577911147971e-09
0.0001627406756922394,0.9986712550799034,0.9986712537172869,1.3626164641067362e-09
0.0001628406756922394,0.9986729072382166,0.9986729058764418,1.3617748040317679e-09
0.0001629406756922394,0.99867455734224,0.9986745559813068,1.3609331439567995e-09
0.0001630406756922394,0.9986762053945281,0.9986762040344364,1.3600917059264361e-09
0.0001631406756922394,0.9986778513976318,0.9986778500383816,1.3592501568737703e-09
0.0001632406756922394,0.9986794953540992,0.9986794939956906,1.3584086078211044e-09
0.0001633406756922394,0.9986811372664749,0.9986811359089077,1.357567169790741e-09
0.0001634406756922394,0.9986827771373006,0.9986827757805751,1.3567255097157727e-09
0.0001635406756922394,0.9986844149691146,0.9986844136132308,1.3558838496408043e-09
0.0001636406756922394,0.9986860507644524,0.9986860494094103,1.3550420785435335e-09
0.0001637406756922394,0.9986876845258463,0.9986876831716458,1.3542005294908677e-09
0.0001638406756922394,0.9986893162558251,0.9986893149024662,1.3533589804382018e-09
0.0001639406756922394,0.9986909459569148,0.9986909446043973,1.352517431385536e-09
0.0001640406756922394,0.9986925736316379,0.9986925722799619,1.3516759933551725e-09
0.0001641406756922394,0.9986941992825139,0.9986941979316797,1.3508342222579017e-09
0.0001642406756922395,0.9986958229120595,0.9986958215620668,1.3499926732052359e-09
0.0001643406756922395,0.998697444522788,0.998697443173637,1.3491510131302675e-09
0.0001644406756922395,0.9986990641172095,0.9986990627689,1.3483095750999041e-09
0.0001645406756922395,0.9987006816978312,0.9987006803503632,1.3474680260472383e-09
0.0001646406756922395,0.998702297267157,0.9987022959205304,1.3466265880168748e-09
0.0001647406756922395,0.9987039108276875,0.9987039094819025,1.345785038964209e-09
0.0001648406756922395,0.9987055223819206,0.9987055210369772,1.3449433788892406e-09
0.0001649406756922395,0.9987071319323509,0.9987071305882491,1.3441018298365748e-09
0.0001650406756922395,0.9987087394814701,0.9987087381382098,1.343260280783909e-09
0.0001651406756922395,0.9987103450317665,0.9987103436893477,1.342418731731243e-09
0.0001652406756922395,0.9987119485857254,0.9987119472441481,1.3415772937008796e-09
0.0001653406756922395,0.9987135501458291,0.9987135488050933,1.3407357446482138e-09
0.0001654406756922395,0.9987151497145568,0.9987151483746625,1.3398943066178504e-09
0.0001655406756922395,0.9987167472943845,0.9987167459553316,1.3390529796097894e-09
0.0001656406756922395,0.9987183428877853,0.9987183415495735,1.338211763624031e-09
0.0001657406756922395,0.9987199364972288,0.9987199351598585,1.3373703255936675e-09
0.0001658406756922395,0.998721528125182,0.9987215267886531,1.3365288875633041e-09
0.0001659406756922395,0.9987231177741087,0.9987231164384213,1.3356874495329407e-09
0.0001660406756922395,0.9987247054464697,0.9987247041116237,1.3348460115025773e-09
0.0001661406756922395,0.9987262911447228,0.998726289810718,1.3340047955168188e-09
0.0001662406756922395,0.9987278748713224,0.9987278735381588,1.3331635795310603e-09
0.0001663406756922395,0.99872945662872,0.9987294552963977,1.3323223635453019e-09
0.0001664406756922395,0.9987310364193641,0.998731035087883,1.3314811475595434e-09
0.0001665406756922395,0.9987326142457001,0.9987326129150603,1.3306398205514824e-09
0.0001666406756922395,0.9987341901101707,0.9987341887803721,1.329798604565724e-09
0.0001667406756922395,0.9987357640152152,0.9987357626862576,1.3289576106245704e-09
0.0001668406756922395,0.9987373359632699,0.9987373346351532,1.3281166166834169e-09
0.0001669406756922395,0.9987389059567681,0.9987389046294924,1.3272756227422633e-09
0.0001670406756922395,0.9987404739981399,0.9987404726717053,1.3264346288011097e-09
0.0001671406756922395,0.9987420400898129,0.9987420387642191,1.3255938569045611e-09
0.0001672406756922395,0.9987436042342109,0.9987436029094582,1.324752751941105e-09
0.0001673406756922395,0.9987451664337557,0.9987451651098438,1.323911869022254e-09
0.0001674406756922395,0.9987467266908652,0.9987467253677941,1.3230710971257054e-09
0.0001675406756922395,0.9987482850079545,0.9987482836857243,1.3222302142068543e-09
0.0001676406756922395,0.9987498413874363,0.9987498400660466,1.3213896643549106e-09
0.0001677406756922395,0.9987513958317193,0.9987513945111703,1.3205490034806644e-09
0.0001678406756922395,0.99875294834321,0.9987529470235017,1.3197083426064182e-09
0.0001679406756922395,0.9987544989243116,0.9987544976054438,1.3188677927544745e-09
0.0001680406756922395,0.9987560475774242,0.998756046259397,1.3180272429025308e-09
0.0001681406756922395,0.998757594304945,0.9987575929877585,1.3171865820282846e-09
0.0001682406756922395,0.9987591391092687,0.9987591377929225,1.3163462542209459e-09
0.0001683406756922396,0.9987606819927863,0.9987606806772804,1.315505926413607e-09
0.0001684406756922396,0.9987622229578861,0.9987622216432206,1.3146654875839658e-09
0.0001685406756922396,0.9987637620069536,0.9987637606931282,1.313825381821232e-09
0.0001686406756922396,0.9987652991423709,0.998765297829386,1.3129849429915907e-09
0.0001687406756922396,0.9987668343665177,0.998766833054373,1.3121447262065544e-09
0.0001688406756922396,0.9987683676817705,0.9987683663704657,1.311304731466123e-09
0.0001689406756922396,0.9987698990905027,0.998769897780038,1.3104647367256916e-09
0.0001690406756922396,0.9987714285950849,0.9987714272854601,1.3096248530075627e-09
0.0001691406756922396,0.9987729561978845,0.9987729548890998,1.3087847472448288e-09
0.0001692406756922396,0.9987744819012664,0.9987744805933216,1.3079447525043975e-09
0.0001693406756922396,0.9987760057075925,0.9987760044004874,1.3071050908308735e-09
0.0001694406756922396,0.9987775276192213,0.9987775263129559,1.3062654291573494e-09
0.0001695406756922396,0.9987790476385089,0.998779046333083,1.305425878506128e-09
0.0001696406756922396,0.9987805657678078,0.9987805644632217,1.3045861058103014e-09
0.0001697406756922396,0.9987820820094685,0.9987820807057218,1.3037466661813824e-09
0.0001698406756922396,0.9987835963658379,0.9987835950629306,1.3029073375747657e-09
0.0001699406756922396,0.9987851088392601,0.9987851075371922,1.3020678979458467e-09
0.0001700406756922396,0.9987866194320763,0.9987866181308477,1.30122856933923e-09
0.0001701406756922396,0.998788128146625,0.9987881268462356,1.3003893517549159e-09
0.0001702406756922396,0.9987896349852415,0.9987896336856913,1.2995502451929042e-09
0.0001703406756922396,0.9987911399502585,0.9987911386515474,1.29871102760859e-09
0.0001704406756922396,0.9987926430440055,0.9987926417461334,1.2978721430911833e-09
0.0001705406756922396,0.9987941442688092,0.998794142971776,1.297033147551474e-09
0.0001706406756922396,0.9987956436269936,0.9987956423307993,1.2961942630340673e-09
0.0001707406756922396,0.9987971411208795,0.998797139825524,1.295355489538963e-09
0.0001708406756922396,0.9987986367527851,0.9987986354582682,1.2945169380884636e-09
0.0001709406756922396,0.9988001305250255,0.9988001292313472,1.2936782756156617e-09
0.0001710406756922396,0.998801622439913,0.9988016211470732,1.2928398351874648e-09
0.0001711406756922396,0.9988031124997571,0.9988031112077556,1.2920015057815704e-09
0.0001712406756922396,0.9988046007068642,0.998804599415701,1.291163176375676e-09
0.0001713406756922396,0.998806087063538,0.9988060857732131,1.290324957992084e-09
0.0001714406756922396,0.9988075715720796,0.9988075702825927,1.2894868506307944e-09
0.0001715406756922396,0.9988090542347866,0.9988090529461378,1.2886488542918073e-09
0.0001716406756922396,0.9988105350539545,0.9988105337661435,1.2878109689751227e-09
0.0001717406756922396,0.998812014031875,0.998812012744902,1.286973083658438e-09
0.0001718406756922396,0.998813491170838,0.9988134898847028,1.2861351983417535e-09
0.0001719406756922396,0.9988149664731297,0.9988149651878323,1.2852974240473714e-09
0.0001720406756922396,0.9988164399410341,0.9988164386565743,1.2844597607752917e-09
0.0001721406756922396,0.998817911576832,0.9988179102932097,1.283622319547817e-09
0.0001722406756922396,0.9988193813828014,0.9988193801000165,1.2827848783203422e-09
0.0001723406756922396,0.9988208493612174,0.99882084807927,1.2819474370928674e-09
0.0001724406756922397,0.9988223155143525,0.9988223142332423,1.2811102179099976e-09
0.0001725406756922397,0.9988237798444765,0.9988237785642033,1.2802731097494302e-09
0.0001726406756922397,0.9988252423538556,0.9988252410744195,1.2794361126111653e-09
0.0001727406756922397,0.9988267030447541,0.9988267017661548,1.2785992264952029e-09
0.0001728406756922397,0.9988281619194329,0.9988281606416706,1.2777623403792404e-09
0.0001729406756922397,0.9988296189801504,0.9988296177032248,1.2769256763078829e-09
0.0001730406756922397,0.9988310742291621,0.9988310729530729,1.2760891232588278e-09
0.0001731406756922397,0.9988325276687204,0.9988325263934679,1.2752525702097728e-09
0.0001732406756922397,0.9988339793010756,0.9988339780266593,1.2744163502276251e-09
0.0001733406756922397,0.9988354291284743,0.9988354278548943,1.273580019223175e-09
0.0001734406756922397,0.9988368771531612,0.9988368758804174,1.2727437992410273e-09
0.0001735406756922397,0.9988383233773774,0.9988383221054697,1.2719076902811821e-09
0.0001736406756922397,0.998839767803362,0.9988397665322902,1.2710718033659418e-09
0.0001737406756922397,0.9988412104333507,0.9988412091631147,1.270236027473004e-09
0.0001738406756922397,0.9988426512695766,0.9988426500001764,1.2694002515800662e-09
0.0001739406756922397,0.9988440903142701,0.9988440890457055,1.2685645867094308e-09
0.0001740406756922397,0.9988455275696589,0.9988455263019298,1.2677291438834004e-09
0.0001741406756922397,0.9988469630379678,0.9988469617710739,1.266893923101975e-09
0.0001742406756922397,0.9988483967214187,0.99884839545536,1.2660587023205494e-09
0.0001743406756922397,0.9988498286222308,0.9988498273570073,1.2652234815391239e-09
0.0001744406756922397,0.9988512587426209,0.9988512574782324,1.2643884828023033e-09
0.0001745406756922397,0.9988526870848027,0.9988526858212492,1.2635534840654827e-09
0.0001746406756922397,0.9988541136509872,0.9988541123882684,1.2627188183955695e-09
0.0001747406756922397,0.9988555384433827,0.9988555371814984,1.2618842637479588e-09
0.0001748406756922397,0.9988569614641944,0.9988569602031449,1.2610495980780456e-09
0.0001749406756922397,0.9988583827156255,0.9988583814554104,1.2602151544527374e-09
0.0001750406756922397,0.9988598021998759,0.9988598009404952,1.259380710827429e-09
0.0001751406756922397,0.9988612199191429,0.9988612186605964,1.2585464892467257e-09
0.0001752406756922397,0.9988626358756212,0.9988626346179087,1.2577124897106273e-09
0.0001753406756922397,0.9988640500715027,0.998864048814624,1.2568787122191338e-09
0.0001754406756922397,0.9988654625089761,0.9988654612529312,1.2560449347276403e-09
0.0001755406756922397,0.998866873190228,0.9988668719350169,1.2552111572361468e-09
0.0001756406756922397,0.9988682821174424,0.9988682808630647,1.2543777128115607e-09
0.0001757406756922397,0.9988696892927998,0.9988696880392556,1.2535442683869746e-09
0.0001758406756922397,0.9988710947184788,0.9988710934657677,1.2527110460069935e-09
0.0001759406756922397,0.9988724983966547,0.9988724971447768,1.2518779346493147e-09
0.0001760406756922397,0.9988739003295006,0.9988738990784556,1.251045045336241e-09
0.0001761406756922397,0.9988753005191864,0.9988752992689742,1.2502121560231672e-09
0.0001762406756922397,0.9988766989678797,0.9988766977185002,1.2493794887546983e-09
0.0001763406756922397,0.998878095677745,0.9988780944291982,1.2485468214862294e-09
0.0001764406756922397,0.9988794906509446,0.9988794894032302,1.2477143762623655e-09
0.0001765406756922397,0.9988808838896379,0.9988808826427559,1.246882042060804e-09
0.0001766406756922398,0.9988822753959815,0.9988822741499315,1.24605004092615e-09
0.0001767406756922398,0.9988836651721295,0.9988836639269113,1.2452181508137983e-09
0.0001768406756922398,0.9988850532202329,0.9988850519758466,1.2443862607014466e-09
0.0001769406756922398,0.9988864395424406,0.998886438298886,1.2435545926337e-09
0.0001770406756922398,0.9988878241408986,0.9988878228981755,1.2427231466105582e-09
0.0001771406756922398,0.9988892070177501,0.9988892057758583,1.2418918116097188e-09
0.0001772406756922398,0.9988905881751357,0.9988905869340752,1.2410604766088795e-09
0.0001773406756922398,0.9988919676151934,0.998891966374964,1.2402293636526451e-09
0.0001774406756922398,0.9988933453400587,0.9988933441006602,1.2393984727410157e-09
0.0001775406756922398,0.998894721351864,0.9988947201132965,1.2385674708070837e-09
0.0001776406756922398,0.9988960956527395,0.9988960944150026,1.2377369129623617e-09
0.0001777406756922398,0.9988974682448125,0.9988974670079062,1.2369063551176396e-09
0.0001778406756922398,0.9988988391302077,0.9988988378941318,1.23607590829522e-09
0.0001779406756922398,0.9989002083110473,0.9989002070758016,1.2352456835174053e-09
0.0001780406756922398,0.9989015757894507,0.998901574555035,1.2344156807841955e-09
0.0001781406756922398,0.9989029415675345,0.9989029403339489,1.2335855670286833e-09
0.0001782406756922398,0.9989043056474131,0.9989043044146573,1.2327557863400784e-09
0.0001783406756922398,0.998905668031198,0.9989056667992718,1.231926116673776e-09
0.0001784406756922398,0.9989070287209981,0.9989070274899015,1.2310966690520786e-09
0.0001785406756922398,0.9989083877189198,0.9989083864886523,1.230267443474986e-09
0.0001786406756922398,0.9989097450270666,0.9989097437976283,1.229438328920196e-09
0.0001787406756922398,0.9989111006475395,0.9989110994189303,1.228609214365406e-09
0.0001788406756922398,0.9989124545824373,0.9989124533546568,1.2277804328775233e-09
0.0001789406756922398,0.9989138068338556,0.9989138056069038,1.226951762411943e-09
0.0001790406756922398,0.9989151574038876,0.9989151561777643,1.2261233139909677e-09
0.0001791406756922398,0.998916506294624,0.9989165050693289,1.2252950876145974e-09
0.0001792406756922398,0.998917853508153,0.998917852283686,1.2244669722605295e-09
0.0001793406756922398,0.9989191990465596,0.9989191978229207,1.2236388569064616e-09
0.0001794406756922398,0.9989205429119269,0.9989205416891159,1.2228109635969986e-09
0.0001795406756922398,0.9989218851063352,0.998921883884352,1.221983181309838e-09
0.0001796406756922398,0.9989232256318621,0.9989232244107065,1.2211556210672825e-09
0.0001797406756922398,0.9989245644905828,0.9989245632702545,1.2203282828693318e-09
0.0001798406756922398,0.9989259016845697,0.9989259004650685,1.2195012777382885e-09
0.0001799406756922398,0.9989272372158928,0.9989272359972186,1.2186742726072453e-09
0.0001800406756922398,0.9989285710866193,0.9989285698687719,1.2178473784985044e-09
0.0001801406756922398,0.998929903298814,0.9989299020817933,1.2170207064343685e-09
0.0001802406756922398,0.9989312338545393,0.998931232638345,1.2161942564148376e-09
0.0001803406756922398,0.9989325627558547,0.9989325615404868,1.215367917417609e-09
0.0001804406756922398,0.9989338900048175,0.9989338887902756,1.214541911487288e-09
0.0001805406756922398,0.998935215603482,0.998935214389766,1.2137160165792693e-09
0.0001806406756922398,0.9989365395539,0.9989365383410098,1.2128902326935531e-09
0.0001807406756922399,0.9989378618581214,0.9989378606460567,1.2120646708524419e-09
0.0001808406756922399,0.9989391825181928,0.9989391813069535,1.2112393310559355e-09
0.0001809406756922399,0.9989405015361583,0.9989405003257444,1.2104138802371267e-09
0.0001810406756922399,0.9989418189140602,0.9989418177044713,1.2095888735075278e-09
0.0001811406756922399,0.9989431346539376,0.9989431334451735,1.2087640888225337e-09
0.0001812406756922399,0.9989444487578271,0.9989444475498876,1.2079394151598422e-09
0.0001813406756922399,0.9989457612277628,0.9989457600206478,1.2071149635417555e-09
0.0001814406756922399,0.9989470720657765,0.9989470708594859,1.2062906229459713e-09
0.0001815406756922399,0.9989483812738972,0.9989483800684308,1.2054663933724896e-09
0.0001816406756922399,0.9989496888541516,0.9989496876495092,1.2046423858436128e-09
0.0001817406756922399,0.9989509948085638,0.9989509936047452,1.203818600359341e-09
0.0001818406756922399,0.9989522991391553,0.9989522979361604,1.2029949258973716e-09
0.0001819406756922399,0.9989536018479452,0.9989536006457738,1.202171473480007e-09
0.0001820406756922399,0.9989549029369503,0.998954901735602,1.20134835412955e-09
0.0001821406756922399,0.9989562024081843,0.9989562012076589,1.2005253458013954e-09
0.0001822406756922399,0.9989575002636587,0.9989574990639563,1.1997024484955432e-09
0.0001823406756922399,0.9989587965053827,0.9989587953065029,1.198879773234296e-09
0.0001824406756922399,0.9989600911353628,0.9989600899373055,1.1980573200176536e-09
0.0001825406756922399,0.998961384155603,0.9989613829583679,1.1972350888456162e-09
0.0001826406756922399,0.9989626755681048,0.9989626743716918,1.1964129686958813e-09
0.0001827406756922399,0.9989639653748675,0.9989639641792764,1.1955911816130538e-09
0.0001828406756922399,0.9989652535778875,0.998965252383118,1.1947695055525287e-09
0.0001829406756922399,0.9989665401791588,0.9989665389852107,1.1939480515366085e-09
0.0001830406756922399,0.998967825180673,0.9989678239875464,1.1931265975206884e-09
0.0001831406756922399,0.9989691085844195,0.9989691073921139,1.192305587593978e-09
0.0001832406756922399,0.9989703903923847,0.9989703892009,1.1914846886895702e-09
0.0001833406756922399,0.9989716706065529,0.998971669415889,1.1906639008074649e-09
0.0001834406756922399,0.9989729492289059,0.9989729480390623,1.1898435570145693e-09
0.0001835406756922399,0.9989742262614227,0.9989742250723996,1.1890231021993714e-09
0.0001836406756922399,0.9989755017060804,0.9989755005178773,1.1882030914733832e-09
0.0001837406756922399,0.9989767755648532,0.99897677437747,1.1873831917696975e-09
0.0001838406756922399,0.998978047839713,0.9989780466531495,1.1865635141106168e-09
0.0001839406756922399,0.9989793185326292,0.9989793173468852,1.185744058496141e-09
0.0001840406756922399,0.9989805876455689,0.9989805864606441,1.1849247139039676e-09
0.0001841406756922399,0.9989818551804963,0.9989818539963907,1.1841055913563991e-09
0.0001842406756922399,0.9989831211393738,0.9989831199560872,1.1832865798311332e-09
0.0001843406756922399,0.9989843855241611,0.9989843843416932,1.1824679013727746e-09
0.0001844406756922399,0.9989856483368154,0.9989856471551659,1.181649444959021e-09
0.0001845406756922399,0.9989869095792914,0.9989869083984602,1.1808312105898722e-09
0.0001846406756922399,0.9989881692535413,0.9989881680735282,1.1800130872430259e-09
0.0001847406756922399,0.9989894273615153,0.9989894261823201,1.1791951859407845e-09
0.00018484067569224,0.9989906839051609,0.9989906827267833,1.1783776177054506e-09
0.00018494067569224,0.998991938886423,0.9989919377088627,1.1775602715147215e-09
0.00018504067569224,0.9989931923072444,0.9989931911305013,1.176743036346295e-09
0.00018514067569224,0.9989944441695653,0.9989944429936392,1.1759261342447758e-09
0.00018524067569224,0.9989956944753233,0.9989956933002141,1.1751092321432566e-09
0.00018534067569224,0.9989969432264542,0.9989969420521616,1.1742925520863423e-09
0.00018544067569224,0.9989981904248908,0.9989981892514147,1.173476094074033e-09
0.00018554067569224,0.9989994360725639,0.998999434899904,1.172659969128631e-09
0.00018564067569224,0.9990006801714016,0.9990006789995576,1.171844066227834e-09
0.00018574067569224,0.9990019227233298,0.9990019215523014,1.1710283853716419e-09
0.00018584067569224,0.9990031637302719,0.9990031625600588,1.1702130375823572e-09
0.00018594067569224,0.9990044031941487,0.999004402024751,1.1693976897930725e-09
0.00018604067569224,0.9990056411168792,0.9990056399482965,1.1685826750706951e-09
0.00018614067569224,0.9990068775003792,0.9990068763326115,1.1677676603483178e-09
0.00018624067569224,0.9990081123465631,0.99900811117961,1.1669530897151503e-09
0.00018634067569224,0.999009345657342,0.9990093444912034,1.1661386301042853e-09
0.00018644067569224,0.9990105774346253,0.9990105762693008,1.1653245035603277e-09
0.00018654067569224,0.9990118076803195,0.999011806515809,1.1645104880386725e-09
0.00018664067569224,0.9990130363963291,0.9990130352326324,1.1636966945616223e-09
0.00018674067569224,0.9990142635845561,0.999014262421673,1.162883123129177e-09
0.00018684067569224,0.9990154892469003,0.9990154880848304,1.162069884763639e-09
0.00018694067569224,0.9990167133852589,0.9990167122240019,1.1612569794650085e-09
0.00018704067569224,0.9990179360015266,0.9990179348410825,1.160444074166378e-09
0.00018714067569224,0.9990191570975959,0.9990191559379645,1.1596313909123523e-09
0.00018724067569224,0.9990203766753573,0.9990203755165384,1.1588188186806292e-09
0.00018734067569224,0.9990215947366986,0.9990215935786919,1.1580066905381159e-09
0.00018744067569224,0.9990228112835053,0.9990228101263106,1.1571947844402075e-09
0.00018754067569224,0.9990240263176606,0.9990240251612776,1.1563829893646016e-09
0.00018764067569224,0.9990252398410453,0.9990252386854738,1.155571527355903e-09
0.00018774067569224,0.9990264518555377,0.9990264507007776,1.154760176369507e-09
0.00018784067569224,0.9990276623630143,0.9990276612090652,1.1539491584500183e-09
0.00018794067569224,0.9990288713653489,0.9990288702122104,1.153138473597437e-09
0.00018804067569224,0.9990300788644128,0.9990300777120847,1.1523280107894607e-09
0.00018814067569224,0.999031284862075,0.9990312837105574,1.1515176590037868e-09
0.00018824067569224,0.9990324893602025,0.9990324882094951,1.1507074182404153e-09
0.00018834067569224,0.99903369236066,0.9990336912107624,1.1498976215662537e-09
0.00018844067569224,0.9990348938653096,0.9990348927162215,1.1490881579589995e-09
0.00018854067569224,0.9990360938760111,0.9990360927277324,1.1482786943517453e-09
0.00018864067569224,0.9990372923946221,0.9990372912471525,1.147469674833701e-09
0.00018874067569224,0.9990384894229979,0.9990384882763371,1.146660766337959e-09
0.00018884067569224,0.9990396849629912,0.9990396838171393,1.1458519688645197e-09
0.0001889406756922401,0.9990408790164531,0.9990408778714096,1.1450435044579876e-09
0.0001890406756922401,0.9990420715852317,0.9990420704409964,1.144235373118363e-09
0.0001891406756922401,0.999043262671173,0.9990432615277457,1.1434273528010408e-09
0.0001892406756922401,0.9990444522761209,0.9990444511335014,1.1426195545283235e-09
0.0001893406756922401,0.9990456404019168,0.9990456392601047,1.1418120893225137e-09
0.0001894406756922401,0.9990468270503999,0.999046825909395,1.1410049571836112e-09
0.0001895406756922401,0.9990480122234072,0.9990480110832092,1.1401980470893136e-09
0.0001896406756922401,0.9990491959227731,0.9990491947833817,1.139391359039621e-09
0.0001897406756922401,0.9990503781503298,0.999050377011745,1.1385847820122308e-09
0.0001898406756922401,0.9990515589079078,0.9990515577701291,1.1377786490740505e-09
0.0001899406756922401,0.9990527381973343,0.9990527370603618,1.1369725161358701e-09
0.0001900406756922401,0.9990539160204351,0.9990539148842684,1.1361667162645972e-09
0.0001901406756922401,0.9990550923790334,0.9990550912436724,1.1353610274156267e-09
0.0001902406756922401,0.9990562672749503,0.9990562661403947,1.1345556716335636e-09
0.0001903406756922401,0.9990574407100046,0.9990574395762538,1.1337507599407104e-09
0.0001904406756922401,0.9990586126860123,0.9990586115530663,1.1329459592701596e-09
0.0001905406756922401,0.9990597832047878,0.9990597820726463,1.1321414916665162e-09
0.0001906406756922401,0.999060952268143,0.9990609511368058,1.1313371350851753e-09
0.0001907406756922401,0.9990621198778876,0.9990621187473544,1.1305332225930442e-09
0.0001908406756922401,0.9990632860358291,0.9990632849060996,1.1297294211232156e-09
0.0001909406756922401,0.9990644507437723,0.9990644496148464,1.128925841697992e-09
0.0001910406756922401,0.9990656140035203,0.999065612875398,1.1281223732950707e-09
0.0001911406756922401,0.999066775816874,0.9990667746895547,1.1273192379590569e-09
0.0001912406756922401,0.9990679361856318,0.9990679350591153,1.1265165467122529e-09
0.0001913406756922401,0.9990690951115899,0.9990690939858757,1.1257141885323563e-09
0.0001914406756922401,0.999070252596542,0.9990702514716302,1.1249118303524597e-09
0.0001915406756922401,0.9990714086422802,0.9990714075181703,1.124109916261773e-09
0.0001916406756922401,0.9990725632505937,0.9990725621272856,1.1233081131933886e-09
0.0001917406756922401,0.9990737164232699,0.9990737153007633,1.1225066431919117e-09
0.0001918406756922401,0.999074868162094,0.9990748670403886,1.1217053952350398e-09
0.0001919406756922401,0.9990760184688487,0.9990760173479444,1.1209043693227727e-09
0.0001920406756922401,0.9990771673453147,0.999077166225211,1.120103676477413e-09
0.0001921406756922401,0.9990783147932703,0.9990783136739673,1.1193029836320534e-09
0.0001922406756922401,0.9990794608144918,0.9990794596959891,1.1185027348759036e-09
0.0001923406756922401,0.9990806054107534,0.9990806042930506,1.1177028191866611e-09
0.0001924406756922401,0.9990817485838266,0.9990817474669235,1.1169031255420236e-09
0.0001925406756922401,0.999082890335481,0.9990828892193774,1.116103653941991e-09
0.0001926406756922401,0.9990840306674842,0.9990840295521797,1.1153045154088659e-09
0.0001927406756922401,0.9990851695816012,0.9990851684670956,1.1145055989203456e-09
0.0001928406756922401,0.9990863070795951,0.9990863059658882,1.1137069044764303e-09
0.0001929406756922401,0.9990874431632266,0.9990874420503182,1.1129084320771199e-09
0.0001930406756922402,0.9990885778342546,0.9990885767221441,1.1121105147893218e-09
0.0001931406756922402,0.9990897110944352,0.9990897099831225,1.1113127085238261e-09
0.0001932406756922402,0.9990908429455228,0.9990908418350076,1.1105151243029354e-09
0.0001933406756922402,0.9990919733892693,0.9990919722795515,1.1097177621266496e-09
0.0001934406756922402,0.9990931024274246,0.9990931013185039,1.1089206219949688e-09
0.0001935406756922402,0.9990942300617366,0.9990942289536128,1.1081238149301953e-09
0.0001936406756922402,0.9990953562939509,0.9990953551866234,1.1073274519546317e-09
0.0001937406756922402,0.9990964811258105,0.9990964800192794,1.106531088979068e-09
0.0001938406756922402,0.999097604559057,0.9990976034533218,1.1057352811150167e-09
0.0001939406756922402,0.9990987265954291,0.9990987254904896,1.1049394732509654e-09
0.0001940406756922402,0.9990998472366639,0.9990998461325198,1.104144109476124e-09
0.0001941406756922402,0.9991009664844959,0.999100965381147,1.103348856723585e-09
0.0001942406756922402,0.9991020843406576,0.9991020832381039,1.1025537149933484e-09
0.0001943406756922402,0.9991032008068799,0.9991031997051207,1.1017591283746242e-09
0.0001944406756922402,0.9991043158848906,0.9991043147839258,1.100964763800505e-09
0.0001945406756922402,0.999105429576416,0.9991054284762453,1.100170732293293e-09
0.0001946406756922402,0.9991065418831799,0.999106540783803,1.099376922830686e-09
0.0001947406756922402,0.9991076528069042,0.9991076517083208,1.098583335412684e-09
0.0001948406756922402,0.9991087623493086,0.9991087612515185,1.0977900810615893e-09
0.0001949406756922402,0.9991098705121105,0.9991098694151135,1.0969970487550995e-09
0.0001950406756922402,0.9991109772970255,0.9991109762008211,1.0962043495155172e-09
0.0001951406756922402,0.9991120827057667,0.9991120816103547,1.0954119833428422e-09
0.0001952406756922402,0.9991131867400451,0.9991131856454254,1.0946197281924697e-09
0.0001953406756922402,0.9991142894015699,0.9991142883077422,1.093827695086702e-09
0.0001954406756922402,0.9991153906920481,0.9991153895990119,1.0930362170924468e-09
0.0001955406756922402,0.9991164906131842,0.9991164895209393,1.092244850120494e-09
0.0001956406756922402,0.9991175891666809,0.9991175880752272,1.0914537051931461e-09
0.0001957406756922402,0.9991186863542388,0.999118685263576,1.0906628933327056e-09
0.0001958406756922402,0.9991197821775564,0.999119781087684,1.0898724145391725e-09
0.0001959406756922402,0.9991208766383296,0.9991208755492476,1.0890820467679418e-09
0.0001960406756922402,0.999121969738253,0.999121968649961,1.0882920120636186e-09
0.0001961406756922402,0.9991230614790186,0.9991230603915161,1.0875025324708076e-09
0.0001962406756922402,0.9991241518623163,0.9991241507756031,1.0867131639002992e-09
0.0001963406756922402,0.9991252408898339,0.9991252398039099,1.0859240173743956e-09
0.0001964406756922402,0.9991263285632571,0.999126327478122,1.085135092893097e-09
0.0001965406756922402,0.9991274148842698,0.9991274137999233,1.0843465014787057e-09
0.0001966406756922402,0.9991284998545535,0.9991284987709954,1.0835581321089194e-09
0.0001967406756922402,0.9991295834757878,0.9991295823930176,1.082770206828343e-09
0.0001968406756922402,0.9991306657496501,0.9991306646676674,1.0819827256369763e-09
0.0001969406756922402,0.9991317466778156,0.9991317455966202,1.0811953554679121e-09
0.0001970406756922402,0.9991328262619573,0.9991328251815492,1.0804080963211504e-09
0.0001971406756922403,0.9991339045037467,0.9991339034241256,1.0796211702412961e-09
0.0001972406756922403,0.9991349814048528,0.9991349803260182,1.0788345772283492e-09
0.0001973406756922403,0.9991360569669427,0.9991360558888943,1.0780484283046121e-09
0.0001974406756922403,0.9991371311916811,0.9991371301144187,1.0772623904031775e-09
0.0001975406756922403,0.9991382040807311,0.9991382030042544,1.0764766855686503e-09
0.0001976406756922403,0.9991392756357533,0.999139274560062,1.0756913138010304e-09
0.0001977406756922403,0.9991403458584066,0.9991403447835003,1.074906275100318e-09
0.0001978406756922403,0.9991414147503476,0.999141413676226,1.074121569466513e-09
0.0001979406756922403,0.9991424823132308,0.9991424812398937,1.0733370858773128e-09
0.0001980406756922403,0.9991435485487087,0.999143547476156,1.0725527133104151e-09
0.0001981406756922403,0.9991446134584319,0.9991446123866632,1.0717686738104248e-09
0.0001982406756922403,0.9991456770440489,0.9991456759730639,1.070984967377342e-09
0.0001983406756922403,0.999146739307206,0.9991467382370044,1.0702015940111664e-09
0.0001984406756922403,0.9991478002495475,0.9991477991801292,1.0694183316672934e-09
0.0001985406756922403,0.9991488598727161,0.9991488588040804,1.0686356244349327e-09
0.0001986406756922403,0.9991499181783515,0.9991499171104984,1.0678531392471768e-09
0.0001987406756922403,0.9991509751680923,0.9991509741010213,1.0670709871263284e-09
0.0001988406756922403,0.9991520308435745,0.9991520297772855,1.066289057050085e-09
0.0001989406756922403,0.9991530852064324,0.9991530841409247,1.0655076820853537e-09
0.0001990406756922403,0.9991541382582979,0.9991541371935716,1.0647263071206226e-09
0.0001991406756922403,0.9991551900008012,0.9991551889368558,1.0639453762451012e-09
0.0001992406756922403,0.9991562404355702,0.9991562393724056,1.0631645563918823e-09
0.0001993406756922403,0.9991572895642311,0.999157288501847,1.0623840696055709e-09
0.0001994406756922403,0.9991583373884079,0.9991583363268041,1.0616038048638643e-09
0.0001995406756922403,0.9991593839097226,0.9991593828488986,1.0608239842113676e-09
0.0001996406756922403,0.9991604291297952,0.9991604280697507,1.0600444966257783e-09
0.0001997406756922403,0.9991614730502435,0.9991614719909784,1.0592651200624914e-09
0.0001998406756922403,0.9991625156726837,0.9991625146141975,1.0584861875884144e-09
0.0001999406756922403,0.9991635569987295,0.9991635559410219,1.0577075881812448e-09
0.0002000406756922403,0.999164597029993,0.9991645959730638,1.05692921081868e-09
0.0002001406756922403,0.9991656357680843,0.999165634711933,1.0561512775453252e-09
0.0002002406756922403,0.9991666732146108,0.9991666721592373,1.0553735663165753e-09
0.0002003406756922403,0.9991677093711788,0.9991677083165826,1.0545961881547328e-09
0.0002004406756922403,0.9991687442393921,0.9991687431855731,1.0538189210151927e-09
0.0002005406756922403,0.9991697778208528,0.9991697767678107,1.0530420979648625e-09
0.0002006406756922403,0.9991708101171607,0.9991708090648951,1.0522656079814396e-09
0.0002007406756922403,0.9991718411299138,0.9991718400784244,1.0514893400426217e-09
0.0002008406756922403,0.9991728708607079,0.9991728698099945,1.0507134051707112e-09
0.0002009406756922403,0.9991738993111374,0.9991738982611996,1.049937803365708e-09
0.0002010406756922403,0.9991749264827939,0.9991749254336315,1.0491624236053099e-09
0.0002011406756922403,0.9991759523772676,0.9991759513288803,1.048387376911819e-09
0.0002012406756922404,0.9991769769961467,0.9991769759485338,1.0476128853298405e-09
0.0002013406756922404,0.999178000341017,0.9991779992941785,1.0468385047701645e-09
0.0002014406756922404,0.9991790224134627,0.9991790213673982,1.0460644572773958e-09
0.0002015406756922404,0.9991800432150658,0.9991800421697752,1.045290631829232e-09
0.0002016406756922404,0.9991810627474066,0.9991810617028895,1.0445171394479758e-09
0.0002017406756922404,0.9991820810120633,0.9991820799683194,1.0437438691113243e-09
0.0002018406756922404,0.9991830980106121,0.9991830969676411,1.0429710428638828e-09
0.0002019406756922404,0.9991841137446273,0.9991841127024289,1.0421984386610461e-09
0.0002020406756922404,0.9991851282156813,0.999185127174255,1.0414262785474193e-09
0.0002021406756922404,0.9991861414253443,0.99918614038469,1.0406543404783974e-09
0.0002022406756922404,0.9991871533751848,0.9991871523353021,1.039882735476283e-09
0.0002023406756922404,0.9991881640667694,0.9991881630276579,1.0391114635410759e-09
0.0002024406756922404,0.9991891735016621,0.9991891724633218,1.0383403026281712e-09
0.0002025406756922404,0.999190181681426,0.9991901806438565,1.0375695858044764e-09
0.0002026406756922404,0.9991911886076216,0.9991911875708224,1.036799202047689e-09
0.0002027406756922404,0.9991921942818074,0.9991921932457783,1.0360290403355066e-09
0.0002028406756922404,0.9991931987055404,0.9991931976702811,1.0352592116902315e-09
0.0002029406756922404,0.9991942018803753,0.9991942008458854,1.0344899381564687e-09
0.0002030406756922404,0.9991952038078651,0.9991952027741442,1.0337208866673109e-09
0.0002031406756922404,0.9991962044895605,0.9991962034566083,1.0329521682450604e-09
0.0002032406756922404,0.9991972039270105,0.9991972028948269,1.0321835608451124e-09
0.0002033406756922404,0.9991982021217624,0.9991982010903471,1.0314152865120718e-09
0.0002034406756922404,0.9991991990753611,0.9991991980447138,1.0306473452459386e-09
0.0002035406756922404,0.9992001947893502,0.9992001937594706,1.0298796260244103e-09
0.0002036406756922404,0.999201189265271,0.9992011882361584,1.0291125729366968e-09
0.0002037406756922404,0.9992021825046628,0.9992021814763171,1.0283456308712857e-09
0.0002038406756922404,0.9992031745090628,0.9992031734814838,1.027579021872782e-09
0.0002039406756922404,0.999204165280007,0.9992041642531944,1.0268126349188833e-09
0.0002040406756922404,0.9992051548190288,0.9992051537929822,1.026046581031892e-09
0.0002041406756922404,0.9992061431276603,0.9992061421023793,1.0252809712341104e-09
0.0002042406756922404,0.9992071302074311,0.9992071291829155,1.0245155834809339e-09
0.0002043406756922404,0.9992081160598694,0.9992081150361187,1.0237506398169671e-09
0.0002044406756922404,0.9992091006865009,0.9992090996635149,1.0229860292199078e-09
0.0002045406756922404,0.9992100840888501,0.9992100830666284,1.0222217516897558e-09
0.0002046406756922404,0.9992110662684391,0.9992110652469814,1.0214576962042088e-09
0.0002047406756922404,0.9992120472267882,0.9992120462060943,1.0206939737855691e-09
0.0002048406756922404,0.999213026965416,0.9992130259454856,1.0199304734115344e-09
0.0002049406756922404,0.999214005485839,0.9992140044666717,1.019167306104407e-09
0.0002050406756922404,0.9992149827895721,0.9992149817711677,1.0184043608418847e-09
0.0002051406756922404,0.9992159588781281,0.9992159578604861,1.0176419706908746e-09
0.0002052406756922404,0.9992169337530178,0.999216932736138,1.0168798025844694e-09
0.0002053406756922404,0.9992179074157505,0.9992179063996324,1.016118078567274e-09
0.0002054406756922405,0.9992188798678331,0.9992188788524765,1.0153565765946837e-09
0.0002055406756922405,0.999219851110771,0.9992198500961756,1.0145954076890007e-09
0.0002056406756922405,0.9992208211460679,0.9992208201322333,1.013834571850225e-09
0.0002057406756922405,0.9992217899752251,0.9992217889621511,1.0130740690783568e-09
0.0002058406756922405,0.9992227575997424,0.9992227565874285,1.012313899373396e-09
0.0002059406756922405,0.9992237240211177,0.9992237230095637,1.01155395171304e-09
0.0002060406756922405,0.9992246892408468,0.9992246882300525,1.0107943371195915e-09
0.0002061406756922405,0.9992256532604239,0.999225652250389,1.010034944570748e-09
0.0002062406756922405,0.9992266160813414,0.9992266150720653,1.0092761071334166e-09
0.0002063406756922405,0.9992275777050897,0.9992275766965723,1.0085174917406903e-09
0.0002064406756922405,0.9992285381331573,0.999228537125398,1.0077592094148713e-09
0.0002065406756922405,0.9992294973670308,0.9992294963600296,1.0070012601559597e-09
0.0002066406756922405,0.9992304554081952,0.9992304544019516,1.0062436439639555e-09
0.0002067406756922405,0.9992314122581335,0.9992314112526471,1.0054863608388587e-09
0.0002068406756922405,0.9992323679183268,0.9992323669135974,1.0047294107806692e-09
0.0002069406756922405,0.9992333223902545,0.9992333213862817,1.0039727937893872e-09
0.0002070406756922405,0.999234275675394,0.9992342746721776,1.00321639884271e-09
0.0002071406756922405,0.999235227775221,0.9992352267727606,1.0024604479852428e-09
0.0002072406756922405,0.9992361786912093,0.9992361776895046,1.0017047191723805e-09
0.0002073406756922405,0.9992371284248309,0.9992371274238815,1.000949434448728e-09
0.0002074406756922405,0.999238076977556,0.9992380759773616,1.0001943717696804e-09
0.0002075406756922405,0.9992390243508529,0.999239023351413,9.994398642021451e-10
0.0002076406756922405,0.9992399705461881,0.9992399695475025,9.986855786792148e-10
0.0002077406756922405,0.9992409155650261,0.9992409145670945,9.979316262231919e-10
0.0002078406756922405,0.9992418594088301,0.999241858411652,9.971781178563788e-10
0.0002079406756922405,0.9992428020790608,0.999242801082636,9.964248315341706e-10
0.0002080406756922405,0.9992437435771775,0.9992437425815057,9.956717672565674e-10
0.0002081406756922405,0.9992446839046375,0.9992446829097186,9.94918925023569e-10
0.0002082406756922405,0.9992456230628968,0.9992456220687301,9.94166637902083e-10
0.0002083406756922405,0.9992465610534087,0.9992465600599941,9.93414572825202e-10
0.0002084406756922405,0.9992474978776256,0.9992474968849627,9.926628408152283e-10
0.0002085406756922405,0.9992484335369974,0.9992484325450859,9.919115528944644e-10
0.0002086406756922405,0.9992493680329725,0.999249367041812,9.911604870183055e-10
0.0002087406756922405,0.9992503013669976,0.9992503003765877,9.904098652313564e-10
0.0002088406756922405,0.9992512335405173,0.9992512325508578,9.896594654890123e-10
0.0002089406756922405,0.9992521645549747,0.999252163566065,9.889096208581805e-10
0.0002090406756922405,0.9992530944118108,0.9992530934236509,9.88159887249651e-10
0.0002091406756922405,0.9992540231124653,0.9992540221250547,9.874105977303316e-10
0.0002092406756922405,0.9992549506583754,0.9992549496717137,9.86661752300222e-10
0.0002093406756922405,0.9992558770509772,0.9992558760650642,9.859130178924147e-10
0.0002094406756922405,0.9992568022917045,0.9992568013065398,9.851647275738173e-10
0.0002095406756922406,0.9992577263819897,0.999257725397573,9.844167703221274e-10
0.0002096406756922406,0.9992586493232632,0.9992586483395941,9.836691461373448e-10
0.0002097406756922406,0.9992595711169536,0.9992595701340319,9.829217439971671e-10
0.0002098406756922406,0.9992604917644881,0.9992604907823133,9.821747859461993e-10
0.0002099406756922406,0.9992614112672915,0.9992614102858633,9.81428160962139e-10
0.0002100406756922406,0.9992623296267873,0.9992623286461054,9.806818690449859e-10
0.0002101406756922406,0.999263246844397,0.9992632458644611,9.799359101947402e-10
0.0002102406756922406,0.9992641629215406,0.9992641619423502,9.791903954337045e-10
0.0002103406756922406,0.9992650778596359,0.9992650768811908,9.784451027172736e-10
0.0002104406756922406,0.9992659916600994,0.9992659906823993,9.777001430677501e-10
0.0002105406756922406,0.9992669043243455,0.99926690334739,9.76955516485134e-10
0.0002106406756922406,0.999267815853787,0.9992678148775758,9.762112229694253e-10
0.0002107406756922406,0.999268726249835,0.9992687252743677,9.75467262520624e-10
0.0002108406756922406,0.9992696355138987,0.999269634539175,9.747237461610325e-10
0.0002109406756922406,0.9992705436473855,0.999270542673405,9.739805628683484e-10
0.0002110406756922406,0.9992714506517014,0.9992714496784637,9.732377126425718e-10
0.0002111406756922406,0.9992723565282501,0.999272355555755,9.724950844614e-10
0.0002112406756922406,0.9992732612784342,0.9992732603066813,9.71752900369438e-10
0.0002113406756922406,0.9992741649036541,0.9992741639326429,9.71011160366686e-10
0.0002114406756922406,0.9992750674053084,0.9992750664350387,9.702696424085389e-10
0.0002115406756922406,0.9992759687847942,0.9992759678152657,9.69528457517299e-10
0.0002116406756922406,0.9992768690435069,0.9992768680747193,9.687876056929667e-10
0.0002117406756922406,0.99927776818284,0.9992777672147929,9.680470869355418e-10
0.0002118406756922406,0.9992786662041854,0.9992786652368785,9.673069012450242e-10
0.0002119406756922406,0.9992795631089332,0.999279562142366,9.665671596437164e-10
0.0002120406756922406,0.9992804588984716,0.999280457932644,9.658276400870136e-10
0.0002121406756922406,0.9992813535741875,0.999281352609099,9.650884535972182e-10
0.0002122406756922406,0.9992822471374656,0.999282246173116,9.643496001743301e-10
0.0002123406756922406,0.9992831395896893,0.9992831386260782,9.636110798183495e-10
0.0002124406756922406,0.99928403093224,0.999284029969367,9.628730035515787e-10
0.0002125406756922406,0.9992849211664975,0.9992849202043622,9.621352603517153e-10
0.0002126406756922406,0.9992858102938399,0.9992858093324419,9.613979612410617e-10
0.0002127406756922406,0.9992866983156434,0.9992866973549824,9.606609951973155e-10
0.0002128406756922406,0.9992875852332828,0.9992875842733584,9.599243622204767e-10
0.0002129406756922406,0.9992884710481308,0.9992884700889427,9.591880623105453e-10
0.0002130406756922406,0.9992893557615586,0.9992893548031065,9.584520954675213e-10
0.0002131406756922406,0.9992902393749359,0.9992902384172194,9.577164616914047e-10
0.0002132406756922406,0.9992911218896301,0.9992911209326492,9.569809389375905e-10
0.0002133406756922406,0.9992920033070077,0.9992920023507619,9.562458602729862e-10
0.0002134406756922406,0.9992928836284332,0.9992928826729219,9.555112256975917e-10
0.0002135406756922406,0.999293762855269,0.999293761900492,9.547770352114071e-10
0.0002136406756922407,0.9992946409888763,0.9992946400348333,9.540430667698274e-10
0.0002137406756922407,0.9992955180306143,0.9992955170773048,9.533095424174576e-10
0.0002138406756922407,0.9992963939818408,0.9992963930292643,9.525764621542976e-10
0.0002139406756922407,0.9992972688439115,0.9992972678920679,9.518436039357425e-10
0.0002140406756922407,0.9992981426181805,0.9992981416670697,9.5111085673949e-10
0.0002141406756922407,0.9992990153060007,0.9992990143556222,9.503785536324472e-10
0.0002142406756922407,0.9992998869087232,0.9992998859590763,9.496469166592192e-10
0.0002143406756922407,0.9993007574276969,0.9993007564787814,9.489155017305961e-10
0.0002144406756922407,0.9993016268642693,0.9993016259160848,9.481844198688805e-10
0.0002145406756922407,0.9993024952197861,0.9993024942723325,9.474535600517697e-10
0.0002146406756922407,0.9993033624955918,0.9993033615488687,9.467231443238688e-10
0.0002147406756922407,0.9993042286930289,0.9993042277470358,9.459931726851778e-10
0.0002148406756922407,0.9993050938134381,0.9993050928681746,9.452635341133941e-10
0.0002149406756922407,0.9993059578581587,0.9993059569136244,9.445342286085179e-10
0.0002150406756922407,0.9993068208285278,0.9993068198847228,9.43805034125944e-10
0.0002151406756922407,0.9993076827258817,0.9993076817828054,9.430762837325801e-10
0.0002152406756922407,0.9993085435515545,0.9993085426092065,9.42347977428426e-10
0.0002153406756922407,0.9993094033068788,0.9993094023652587,9.416201152134818e-10
0.0002154406756922407,0.9993102619931852,0.9993102610522928,9.4089236402084e-10
0.0002155406756922407,0.9993111196118032,0.9993111186716379,9.40165278962013e-10
0.0002156406756922407,0.9993119761640603,0.9993119752246218,9.394385269700933e-10
0.0002157406756922407,0.9993128316512822,0.9993128307125702,9.387119970227786e-10
0.0002158406756922407,0.9993136860747931,0.9993136851368074,9.379856891200689e-10
0.0002159406756922407,0.9993145394359161,0.9993145384986561,9.372599363288714e-10
0.0002160406756922407,0.9993153917359717,0.9993153907994373,9.365344055822789e-10
0.0002161406756922407,0.9993162429762795,0.9993162420404702,9.358093189248962e-10
0.0002162406756922407,0.9993170931581571,0.9993170922230726,9.350844543121184e-10
0.0002163406756922407,0.9993179422829206,0.9993179413485604,9.34360144810853e-10
0.0002164406756922407,0.9993187903518842,0.9993187894182481,9.336360573541924e-10
0.0002165406756922407,0.999319637366361,0.9993196364334486,9.329124139867417e-10
0.0002166406756922407,0.9993204833276619,0.9993204823954729,9.32188992663896e-10
0.0002167406756922407,0.9993213282370965,0.9993213273056305,9.3146601543026e-10
0.0002168406756922407,0.9993221720959728,0.9993221711652294,9.30743482285834e-10
0.0002169406756922407,0.9993230149055969,0.9993230139755757,9.300212822083154e-10
0.0002170406756922407,0.9993238566672734,0.9993238557379742,9.292991931530992e-10
0.0002171406756922407,0.9993246973823056,0.9993246964537278,9.285777702316977e-10
0.0002172406756922407,0.9993255370519946,0.999325536124138,9.278565693549012e-10
0.0002173406756922407,0.9993263756776402,0.9993263747505046,9.271355905227097e-10
0.0002174406756922407,0.9993272132605406,0.9993272123341255,9.264151668020304e-10
0.0002175406756922407,0.9993280498019925,0.9993280488762976,9.256949651259561e-10
0.0002176406756922407,0.9993288853032909,0.9993288843783156,9.24975318561394e-10
0.0002177406756922408,0.9993297197657288,0.9993297188414728,9.242560050637394e-10
0.0002178406756922408,0.999330553190598,0.9993305522670611,9.235369136106897e-10
0.0002179406756922408,0.9993313855791887,0.9993313846563705,9.228181552245474e-10
0.0002180406756922408,0.9993322169327894,0.9993322160106896,9.220998409276149e-10
0.0002181406756922408,0.999333047252687,0.999333046331305,9.213819707198923e-10
0.0002182406756922408,0.9993338765401667,0.9993338756195024,9.206643225567746e-10
0.0002183406756922408,0.9993347047965123,0.9993347038765653,9.199470074605642e-10
0.0002184406756922408,0.9993355320230061,0.9993355311037759,9.192301364535638e-10
0.0002185406756922408,0.9993363582209283,0.9993363573024145,9.185137095357732e-10
0.0002186406756922408,0.9993371833915579,0.9993371824737604,9.177975046625875e-10
0.0002187406756922408,0.9993380075361721,0.9993380066190906,9.170815218340067e-10
0.0002188406756922408,0.999338830656047,0.999338829739681,9.163659830946358e-10
0.0002189406756922408,0.9993396527524566,0.9993396518368056,9.156509994667772e-10
0.0002190406756922408,0.9993404738266736,0.9993404729117372,9.14936348905826e-10
0.0002191406756922408,0.9993412938799688,0.9993412929657467,9.142221424340846e-10
0.0002192406756922408,0.9993421129136116,0.9993421120001035,9.135081580069482e-10
0.0002193406756922408,0.9993429309288699,0.9993429300160753,9.127946176690216e-10
0.0002194406756922408,0.9993437479270099,0.9993437470149287,9.120811883533975e-10
0.0002195406756922408,0.9993445639092963,0.9993445629979281,9.113682031269832e-10
0.0002196406756922408,0.9993453788769924,0.9993453779663366,9.106557730120812e-10
0.0002197406756922408,0.9993461928313594,0.9993461919214158,9.099435649417842e-10
0.0002198406756922408,0.9993470057736575,0.9993470048644257,9.09231800960697e-10
0.0002199406756922408,0.999347817705145,0.9993478167966248,9.085202590242147e-10
0.0002200406756922408,0.9993486286270788,0.9993486277192697,9.078091611769423e-10
0.0002201406756922408,0.9993494385407141,0.9993494376336158,9.070982853742748e-10
0.0002202406756922408,0.9993502474473048,0.999350246540917,9.063878536608172e-10
0.0002203406756922408,0.9993510553481031,0.9993510544424251,9.056779770588719e-10
0.0002204406756922408,0.9993518622443595,0.999351861339391,9.049684335238339e-10
0.0002205406756922408,0.9993526681373227,0.9993526672330636,9.042591120334009e-10
0.0002206406756922408,0.9993534730282406,0.9993534721246904,9.035502346321778e-10
0.0002207406756922408,0.9993542769183591,0.9993542760155173,9.028418013201644e-10
0.0002208406756922408,0.9993550798089224,0.9993550789067889,9.021334790304536e-10
0.0002209406756922408,0.9993558817011734,0.9993558807997477,9.014257118522551e-10
0.0002210406756922408,0.9993566825963536,0.9993566816956353,9.007182777409639e-10
0.0002211406756922408,0.9993574824957026,0.9993574815956914,9.000111766965802e-10
0.0002212406756922408,0.9993582814004586,0.999358280501154,8.993045197414062e-10
0.0002213406756922408,0.9993590793118582,0.9993590784132601,8.985980848308373e-10
0.0002214406756922408,0.9993598762311366,0.9993598753332446,8.978920940094781e-10
0.0002215406756922408,0.9993606721595277,0.9993606712623412,8.971865472773288e-10
0.0002216406756922408,0.9993614670982633,0.9993614662017819,8.964814446343894e-10
0.0002217406756922408,0.9993622610485737,0.9993622601527973,8.957764530137524e-10
0.0002218406756922409,0.9993630540116883,0.9993630531166164,8.950719054823253e-10
0.0002219406756922409,0.9993638459888345,0.9993638450944666,8.943679130624105e-10
0.0002220406756922409,0.9993646369812381,0.999364636087574,8.936641426871006e-10
0.0002221406756922409,0.9993654269901234,0.9993654260971628,8.929605943563956e-10
0.0002222406756922409,0.9993662160167137,0.9993662151244562,8.922574901149005e-10
0.0002223406756922409,0.9993670040622301,0.9993670031706754,8.915547189403128e-10
0.0002224406756922409,0.9993677911278925,0.9993677902370401,8.908523918549349e-10
0.0002225406756922409,0.9993685772149196,0.999368576324769,8.901505088587669e-10
0.0002226406756922409,0.9993693623245278,0.9993693614350788,8.894489589295063e-10
0.0002227406756922409,0.9993701464579327,0.9993701455691847,8.887479641117579e-10
0.0002228406756922409,0.9993709296163477,0.9993709287283007,8.880469692940096e-10
0.0002229406756922409,0.9993717118009854,0.9993717109136389,8.873465295877736e-10
0.0002230406756922409,0.9993724930130566,0.9993724921264102,8.86646422948445e-10
0.0002231406756922409,0.9993732732537707,0.9993732723678239,8.859467603983262e-10
0.0002232406756922409,0.9993740525243352,0.9993740516390878,8.852474309151148e-10
0.0002233406756922409,0.9993748308259565,0.999374829941408,8.845484344988108e-10
0.0002234406756922409,0.9993756081598393,0.9993756072759895,8.838497711494142e-10
0.0002235406756922409,0.999376384527187,0.9993763836440355,8.831515518892274e-10
0.0002236406756922409,0.9993771599292014,0.9993771590467478,8.824535546736456e-10
0.0002237406756922409,0.9993779343670827,0.9993779334853268,8.817558905249712e-10
0.0002238406756922409,0.9993787078420298,0.999378706960971,8.81058781487809e-10
0.0002239406756922409,0.99937948035524,0.999379479474878,8.803620055175543e-10
0.0002240406756922409,0.999380251907909,0.9993802510282435,8.796655626142069e-10
0.0002241406756922409,0.9993810225012314,0.9993810216222618,8.789695638000694e-10
0.0002242406756922409,0.9993817921363997,0.9993817912581259,8.782737870305368e-10
0.0002243406756922409,0.9993825608146055,0.999382559937027,8.775785653725166e-10
0.0002244406756922409,0.9993833285370387,0.999383327660155,8.768836767814037e-10
0.0002245406756922409,0.9993840953048877,0.9993840944286985,8.761892322795006e-10
0.0002246406756922409,0.9993848611193393,0.9993848602438442,8.75495120844505e-10
0.0002247406756922409,0.9993856259815791,0.9993856251067776,8.748014534987192e-10
0.0002248406756922409,0.9993863898927908,0.9993863890186828,8.741080081975383e-10
0.0002249406756922409,0.999387152854157,0.9993871519807422,8.734147849409624e-10
0.0002250406756922409,0.999387914866859,0.9993879139941368,8.727221167958987e-10
0.0002251406756922409,0.9993886759320761,0.9993886750600464,8.720297817177425e-10
0.0002252406756922409,0.9993894360509866,0.9993894351796487,8.713378907287961e-10
0.0002253406756922409,0.999390195224767,0.9993901943541207,8.706463328067571e-10
0.0002254406756922409,0.9993909534545924,0.9993909525846374,8.69954996929323e-10
0.0002255406756922409,0.9993917107416367,0.9993917098723725,8.692642161634012e-10
0.0002256406756922409,0.9993924670870721,0.9993924662184983,8.685737684643868e-10
0.0002257406756922409,0.9993932224920694,0.9993932216241856,8.678837648545823e-10
0.0002258406756922409,0.9993939769577977,0.9993939760906038,8.671939832893827e-10
0.000225940675692241,0.9993947304854253,0.9993947296189206,8.665046458133929e-10
0.000226040675692241,0.9993954830761184,0.9993954822103026,8.65815752426613e-10
0.000226140675692241,0.9993962347310418,0.9993962338659147,8.65127081084438e-10
0.000226240675692241,0.9993969854513594,0.9993969845869205,8.644388538314729e-10
0.000226340675692241,0.9993977352382329,0.999397734374482,8.637509596454152e-10
0.000226440675692241,0.9993984840928234,0.99939848322976,8.630633985262648e-10
0.000226540675692241,0.9993992320162899,0.9993992311539135,8.623763925186267e-10
0.000226640675692241,0.9993999790097902,0.9993999781481003,8.616898306001985e-10
0.000226740675692241,0.9994007250744803,0.9994007242134768,8.610034907263753e-10
0.000226840675692241,0.9994014702115154,0.9994014693511979,8.603174839194594e-10
0.000226940675692241,0.9994022144220489,0.9994022135624169,8.596320322240558e-10
0.000227040675692241,0.9994029577072329,0.999402956848286,8.589469135955596e-10
0.000227140675692241,0.9994037000682174,0.9994036992099555,8.582619059893659e-10
0.000227240675692241,0.9994044415061524,0.9994044406485748,8.57577564516987e-10
0.000227340675692241,0.999405182022185,0.9994051811652915,8.568934450892129e-10
0.000227440675692241,0.9994059216174618,0.9994059207612521,8.562096587283463e-10
0.000227540675692241,0.9994066602931273,0.9994066594376011,8.555262054343871e-10
0.000227640675692241,0.9994073980503253,0.9994073971954822,8.548430852073352e-10
0.000227740675692241,0.999408134890198,0.9994081340360375,8.541605200917957e-10
0.000227840675692241,0.9994088708138855,0.9994088699604072,8.534782880431635e-10
0.000227940675692241,0.9994096058225274,0.999409604969731,8.527963890614387e-10
0.000228040675692241,0.9994103399172612,0.9994103390651462,8.521150451912263e-10
0.000228140675692241,0.9994110730992235,0.9994110722477895,8.514340343879212e-10
0.000228240675692241,0.9994118053695489,0.9994118045187955,8.507533566515235e-10
0.000228340675692241,0.999412536729371,0.9994125358792981,8.500729009597308e-10
0.000228440675692241,0.9994132671798222,0.9994132663304292,8.493930003794503e-10
0.000228540675692241,0.9994139967220329,0.9994139958733196,8.487133218437748e-10
0.000228640675692241,0.9994147253571326,0.9994147245090984,8.480341984196116e-10
0.000228740675692241,0.9994154530862491,0.9994154522388937,8.473554080623558e-10
0.000228840675692241,0.999416179910509,0.9994161790638321,8.466769507720073e-10
0.000228940675692241,0.9994169058310374,0.9994169049850383,8.459990485931712e-10
0.000229040675692241,0.9994176308489578,0.9994176300036364,8.453214794812425e-10
0.000229140675692241,0.9994183549653926,0.9994183541207485,8.446440213916162e-10
0.000229240675692241,0.9994190781814625,0.9994190773374956,8.439668963688973e-10
0.000229340675692241,0.9994198004982875,0.9994197996549972,8.432903264576908e-10
0.000229440675692241,0.9994205219169855,0.9994205210743712,8.426143116579965e-10
0.000229540675692241,0.999421242438673,0.9994212415967346,8.419384078806047e-10
0.000229640675692241,0.9994219620644657,0.9994219612232027,8.412629481924228e-10
0.000229740675692241,0.9994226807954774,0.9994226799548893,8.405880436157531e-10
0.000229840675692241,0.9994233986328205,0.9994233977929071,8.399133610836884e-10
0.000229940675692241,0.9994241155776064,0.9994241147383673,8.392390116185311e-10
0.0002300406756922411,0.9994248316309448,0.9994248307923796,8.385651062425836e-10
0.0002301406756922411,0.9994255467939441,0.9994255459560526,8.378915339335435e-10
0.0002302406756922411,0.9994262610677116,0.9994262602304932,8.372184057137133e-10
0.0002303406756922411,0.9994269744533526,0.999426973616807,8.365456105607905e-10
0.0002304406756922411,0.9994276869519716,0.9994276861160984,8.35873148474775e-10
0.0002305406756922411,0.9994283985646715,0.9994283977294703,8.352011304779694e-10
0.0002306406756922411,0.9994291092925539,0.9994291084580244,8.345295565703736e-10
0.0002307406756922411,0.9994298191367189,0.9994298183028606,8.338583157296853e-10
0.0002308406756922411,0.9994305280982653,0.999430527265078,8.331872969336018e-10
0.0002309406756922411,0.9994312361782905,0.9994312353457737,8.325168332490307e-10
0.0002310406756922411,0.9994319433778908,0.9994319425460441,8.31846702631367e-10
0.0002311406756922411,0.9994326496981608,0.9994326488669838,8.311770161029131e-10
0.0002312406756922411,0.9994333551401937,0.9994333543096862,8.305075516190641e-10
0.0002313406756922411,0.9994340597050817,0.9994340588752431,8.298386422467274e-10
0.0002314406756922411,0.9994347633939155,0.9994347625647454,8.291700659412982e-10
0.0002315406756922411,0.999435466207784,0.9994354653792823,8.285017116804738e-10
0.0002316406756922411,0.9994361681477755,0.9994361673199417,8.278338015088593e-10
0.0002317406756922411,0.9994368692149764,0.9994368683878101,8.271663354264547e-10
0.0002318406756922411,0.999437569410472,0.9994375685839728,8.264992024109574e-10
0.0002319406756922411,0.9994382687353462,0.9994382679095137,8.2583251348467e-10
0.0002320406756922411,0.9994389671906816,0.9994389663655154,8.2516615762529e-10
0.0002321406756922411,0.9994396647775592,0.9994396639530589,8.245002458551198e-10
0.0002322406756922411,0.999440361497059,0.9994403606732243,8.23834667151857e-10
0.0002323406756922411,0.9994410573502592,0.9994410565270898,8.231694215155017e-10
0.0002324406756922411,0.9994417523382374,0.9994417515157327,8.225047309906586e-10
0.0002325406756922411,0.9994424464620693,0.9994424456402288,8.218404845550253e-10
0.0002326406756922411,0.9994431397228289,0.9994431389016526,8.211763491416946e-10
0.0002327406756922411,0.9994438321215898,0.9994438313010772,8.205126578175737e-10
0.0002328406756922411,0.9994445236594237,0.9994445228395744,8.198492995603601e-10
0.0002329406756922411,0.9994452143374011,0.9994452135182147,8.191863853923564e-10
0.0002330406756922411,0.9994459041565911,0.9994459033380673,8.185238042912601e-10
0.0002331406756922411,0.9994465931180615,0.9994465923001998,8.178616672793737e-10
0.0002332406756922411,0.999447281222879,0.999447280405679,8.171999743566971e-10
0.0002333406756922411,0.9994479684721085,0.9994479676555699,8.165386145009279e-10
0.0002334406756922411,0.9994486548668139,0.9994486540509363,8.158775877120661e-10
0.0002335406756922411,0.9994493404080577,0.9994493395928408,8.152168939901117e-10
0.0002336406756922411,0.9994500250969013,0.9994500242823445,8.145567553796695e-10
0.0002337406756922411,0.9994507089344042,0.9994507081205073,8.138969498361348e-10
0.0002338406756922411,0.9994513919216254,0.9994513911083879,8.132374773595075e-10
0.0002339406756922411,0.9994520740596217,0.9994520732470432,8.1257844897209e-10
0.0002340406756922411,0.9994527553494491,0.9994527545375295,8.119196426292774e-10
0.0002341406756922411,0.9994534357921625,0.9994534349809012,8.112612803756747e-10
0.0002342406756922412,0.999454115388815,0.9994541145782116,8.106033622112818e-10
0.0002343406756922412,0.9994547941404587,0.9994547933305128,8.099458881360988e-10
0.0002344406756922412,0.9994554720481441,0.9994554712388554,8.092887471278232e-10
0.0002345406756922412,0.9994561491129207,0.9994561483042889,8.086318281641525e-10
0.0002346406756922412,0.9994568253358365,0.9994568245278611,8.079753532896916e-10
0.0002347406756922412,0.9994575007179382,0.9994574999106189,8.073192114821381e-10
0.0002348406756922412,0.9994581752602715,0.999458174453608,8.066635137637945e-10
0.0002349406756922412,0.9994588489638805,0.9994588481578722,8.060082601346608e-10
0.0002350406756922412,0.9994595218298081,0.9994595210244546,8.053535616170393e-10
0.0002351406756922412,0.9994601938590958,0.9994601930543967,8.046990851440228e-10
0.0002352406756922412,0.9994608650527838,0.9994608642487387,8.040450527602161e-10
0.0002353406756922412,0.999461535411911,0.9994615346085197,8.033912424210143e-10
0.0002354406756922412,0.9994622049375151,0.9994622041347775,8.027376541264175e-10
0.0002355406756922412,0.9994628736306329,0.9994628728285482,8.020847319656355e-10
0.0002356406756922412,0.9994635414922992,0.9994635406908671,8.014321428717608e-10
0.0002357406756922412,0.999464208523548,0.999464207722768,8.00779997867096e-10
0.0002358406756922412,0.9994648747254117,0.9994648739252834,8.00128296951641e-10
0.0002359406756922412,0.9994655400989214,0.9994655392994446,7.99476818080791e-10
0.0002360406756922412,0.9994662046451073,0.9994662038462816,7.988256722768483e-10
0.0002361406756922412,0.999466868364998,0.999466867566823,7.981749705621155e-10
0.0002362406756922412,0.999467531259621,0.9994675304620962,7.975247129365926e-10
0.0002363406756922412,0.9994681933300024,0.9994681925331275,7.968748994002794e-10
0.0002364406756922412,0.9994688545771669,0.9994688537809416,7.962253079085713e-10
0.0002365406756922412,0.9994695150021384,0.9994695142065623,7.955761605060729e-10
0.0002366406756922412,0.9994701746059389,0.9994701738110116,7.94927346170482e-10
0.0002367406756922412,0.9994708333895896,0.9994708325953107,7.942789759241009e-10
0.0002368406756922412,0.9994714913541102,0.9994714905604793,7.936308277223247e-10
0.0002369406756922412,0.9994721485005195,0.9994721477075362,7.929832346320609e-10
0.0002370406756922412,0.9994728048298344,0.9994728040374983,7.923360856310069e-10
0.0002371406756922412,0.9994734603430709,0.9994734595513817,7.916892696968603e-10
0.0002372406756922412,0.9994741150412438,0.999474114250201,7.91042786829621e-10
0.0002373406756922412,0.9994747689253667,0.9994747681349698,7.903968590738941e-10
0.0002374406756922412,0.9994754219964516,0.9994754212067003,7.897512643850746e-10
0.0002375406756922412,0.9994760742555092,0.9994760734664033,7.8910589174086e-10
0.0002376406756922412,0.9994767257035496,0.9994767249150887,7.884609631858552e-10
0.0002377406756922412,0.999477376341581,0.9994773755537646,7.878163676977579e-10
0.0002378406756922412,0.9994780261706104,0.9994780253834383,7.871721052765679e-10
0.0002379406756922412,0.9994786751916441,0.9994786744051157,7.865283979668902e-10
0.0002380406756922412,0.9994793234056867,0.9994793226198015,7.858851347464224e-10
0.0002381406756922412,0.9994799708137414,0.9994799700284992,7.85242204592862e-10
0.0002382406756922412,0.9994806174168103,0.9994806166322108,7.845994964839065e-10
0.0002383406756922413,0.9994812632158945,0.9994812624319374,7.839571214418584e-10
0.0002384406756922413,0.9994819082119937,0.9994819074286784,7.833153015113226e-10
0.0002385406756922413,0.9994825524061061,0.9994825516234324,7.826737036253917e-10
0.0002386406756922413,0.9994831957992292,0.9994831950171965,7.820326608509731e-10
0.0002387406756922413,0.9994838383923588,0.9994838376109668,7.813919511434619e-10
0.0002388406756922413,0.9994844801864897,0.9994844794057379,7.807517965474631e-10
0.0002389406756922413,0.9994851211826153,0.9994851204025034,7.801119750183716e-10
0.0002390406756922413,0.9994857613817277,0.9994857606022554,7.79472375533885e-10
0.0002391406756922413,0.9994864007848181,0.9994864000059849,7.788332201386083e-10
0.0002392406756922413,0.9994870393928761,0.9994870386146817,7.78194397810239e-10
0.0002393406756922413,0.9994876772068904,0.9994876764293343,7.775560195710796e-10
0.0002394406756922413,0.9994883142278481,0.9994883134509303,7.76917863376525e-10
0.0002395406756922413,0.9994889504567356,0.9994889496804553,7.762802622934828e-10
0.0002396406756922413,0.9994895858945376,0.9994895851188945,7.756431052996504e-10
0.0002397406756922413,0.9994902205422377,0.9994902197672315,7.75006170350423e-10
0.0002398406756922413,0.9994908544008183,0.9994908536264486,7.743696794904054e-10
0.0002399406756922413,0.9994914874712606,0.9994914866975271,7.737335216972951e-10
0.0002400406756922413,0.9994921197545448,0.9994921189814469,7.730979190156972e-10
0.0002401406756922413,0.9994927512516494,0.9994927504791866,7.724627604233092e-10
0.0002402406756922413,0.9994933819635519,0.9994933811917242,7.718277128532236e-10
0.0002403406756922413,0.9994940118912286,0.9994940111200354,7.711931093723479e-10
0.0002404406756922413,0.9994946410356548,0.9994946402650958,7.70558949980682e-10
0.0002405406756922413,0.9994952693978043,0.9994952686278791,7.699252346782259e-10
0.0002406406756922413,0.9994958969786498,0.999495896209358,7.692918524426773e-10
0.0002407406756922413,0.9994965237791628,0.999496523010504,7.68658803274036e-10
0.0002408406756922413,0.9994971498003135,0.9994971490322873,7.680261981946046e-10
0.0002409406756922413,0.9994977750430709,0.9994977742756769,7.67394037204383e-10
0.0002410406756922413,0.9994983995084028,0.9994983987416408,7.667619872364639e-10
0.0002411406756922413,0.9994990231972761,0.9994990224311455,7.661306034023596e-10
0.0002412406756922413,0.9994996461106562,0.9994996453451567,7.654995526351627e-10
0.0002413406756922413,0.9995002682495072,0.9995002674846384,7.648688349348731e-10
0.0002414406756922413,0.9995008896147922,0.9995008888505538,7.64238450301491e-10
0.0002415406756922413,0.999501510207473,0.9995015094438645,7.636085097573186e-10
0.0002416406756922413,0.9995021300285105,0.9995021292655315,7.629790133023562e-10
0.0002417406756922413,0.9995027490788638,0.999502748316514,7.623498499143011e-10
0.0002418406756922413,0.9995033673594914,0.9995033665977704,7.617210195931534e-10
0.0002419406756922413,0.9995039848713503,0.9995039841102578,7.610925223389131e-10
0.0002420406756922413,0.9995046016153963,0.9995046008549319,7.604644691738827e-10
0.0002421406756922413,0.9995052175925845,0.9995052168327475,7.598369711203645e-10
0.0002422406756922413,0.999505832803868,0.9995058320446583,7.592096951114513e-10
0.0002423406756922413,0.9995064472501991,0.9995064464916162,7.585828631917479e-10
0.0002424406756922414,0.9995070609325292,0.9995070601745728,7.57956364338952e-10
0.0002425406756922414,0.999507673851808,0.9995076730944779,7.573301985530634e-10
0.0002426406756922414,0.9995082860089844,0.99950828525228,7.567044768563846e-10
0.0002427406756922414,0.9995088974050063,0.9995088966489271,7.560791992489158e-10
0.0002428406756922414,0.9995095080408196,0.9995095072853653,7.554543657306567e-10
0.0002429406756922414,0.9995101179173699,0.99951011716254,7.548298652793051e-10
0.0002430406756922414,0.999510727035601,0.9995107262813953,7.542056978948608e-10
0.0002431406756922414,0.9995113353964559,0.999511334642874,7.535818635773239e-10
0.0002432406756922414,0.9995119430008764,0.9995119422479178,7.529585843712994e-10
0.0002433406756922414,0.999512549849803,0.9995125490974675,7.523355272098797e-10
0.0002434406756922414,0.9995131559441751,0.9995131551924621,7.517130251599724e-10
0.0002435406756922414,0.9995137612849307,0.9995137605338401,7.510906341323675e-10
0.0002436406756922414,0.9995143658730073,0.9995143651225384,7.504689092385775e-10
0.0002437406756922414,0.9995149697093404,0.9995149689594929,7.498475174116948e-10
0.0002438406756922414,0.9995155727948649,0.9995155720456383,7.492265696740219e-10
0.0002439406756922414,0.9995161751305142,0.9995161743819083,7.48605843980954e-10
0.0002440406756922414,0.9995167767172207,0.9995167759692352,7.479855623770959e-10
0.0002441406756922414,0.9995173775559155,0.9995173768085501,7.473653917955403e-10
0.0002442406756922414,0.999517977647529,0.9995179769007833,7.46745776325497e-10
0.0002443406756922414,0.9995185769929902,0.9995185762468635,7.46126715966966e-10
0.0002444406756922414,0.9995191755932266,0.9995191748477186,7.455079886753424e-10
0.0002445406756922414,0.9995197734491648,0.9995197727042753,7.448894834283237e-10
0.0002446406756922414,0.9995203705617304,0.9995203698174588,7.442715332928174e-10
0.0002447406756922414,0.9995209669318474,0.9995209661881936,7.436538052019159e-10
0.0002448406756922414,0.9995215625604394,0.9995215618174028,7.430366322225268e-10
0.0002449406756922414,0.9995221574484283,0.9995221567060085,7.424197923100451e-10
0.0002450406756922414,0.9995227515967349,0.9995227508549314,7.418035075090756e-10
0.0002451406756922414,0.9995233450062787,0.9995233442650914,7.411873337304087e-10
0.0002452406756922414,0.9995239376779785,0.9995239369374068,7.40571715063254e-10
0.0002453406756922414,0.9995245296127518,0.9995245288727954,7.399564294630068e-10
0.0002454406756922414,0.9995251208115149,0.9995251200721732,7.393416989742718e-10
0.0002455406756922414,0.9995257112751827,0.9995257105364556,7.387271905301418e-10
0.0002456406756922414,0.9995263010046694,0.9995263002665563,7.381131261752216e-10
0.0002457406756922414,0.9995268900008877,0.9995268892633885,7.374991728426039e-10
0.0002458406756922414,0.9995274782647495,0.9995274775278638,7.368857746214985e-10
0.0002459406756922414,0.9995280657971656,0.9995280650608926,7.362729315119054e-10
0.0002460406756922414,0.9995286525990451,0.9995286518633848,7.356603104469173e-10
0.0002461406756922414,0.9995292386712965,0.9995292379362485,7.350480224488365e-10
0.0002462406756922414,0.9995298240148269,0.9995298232803909,7.344360675176631e-10
0.0002463406756922414,0.9995304086305428,0.9995304078967182,7.338245566756996e-10
0.0002464406756922414,0.999530992519349,0.9995309917861352,7.332137119675508e-10
0.0002465406756922414,0.999531575682149,0.9995315749495459,7.32603089304007e-10
0.0002466406756922414,0.9995321581198457,0.9995321573878531,7.319926886850681e-10
0.0002467406756922414,0.9995327398333408,0.9995327391019581,7.31382732155339e-10
0.0002468406756922414,0.9995333208235347,0.9995333200927615,7.307732197148198e-10
0.0002469406756922414,0.9995339010913269,0.9995339003611627,7.301641513635104e-10
0.0002470406756922414,0.9995344806376154,0.99953447990806,7.295554160791085e-10
0.0002471406756922414,0.9995350594632972,0.9995350587343503,7.289469028393114e-10
0.0002472406756922414,0.9995356375692687,0.9995356368409298,7.283388336887242e-10
0.0002473406756922414,0.9995362149564245,0.9995362142286933,7.277312086273469e-10
0.0002474406756922414,0.9995367916256587,0.9995367908985345,7.271241386774818e-10
0.0002475406756922414,0.9995373675778635,0.9995373668513462,7.265172907722217e-10
0.0002476406756922415,0.9995379428139307,0.9995379420880199,7.25910775933869e-10
0.0002477406756922415,0.9995385173347507,0.999538516609446,7.253047051847261e-10
0.0002478406756922415,0.999539091141213,0.999539090416514,7.246989675024906e-10
0.0002479406756922415,0.9995396642342056,0.9995396635101119,7.24093673909465e-10
0.0002480406756922415,0.9995402366146157,0.999540235891127,7.234887133833467e-10
0.0002481406756922415,0.9995408082833294,0.9995408075604452,7.228841969464384e-10
0.0002482406756922415,0.9995413792412315,0.9995413785189515,7.222800135764373e-10
0.0002483406756922415,0.9995419494892062,0.9995419487675297,7.216764963402511e-10
0.0002484406756922415,0.9995425190281358,0.9995425183070625,7.210733121709723e-10
0.0002485406756922415,0.999543087858902,0.9995430871384315,7.204704610686008e-10
0.0002486406756922415,0.9995436559823853,0.9995436552625174,7.198678320108343e-10
0.0002487406756922415,0.9995442233994649,0.9995442226801995,7.192654249976727e-10
0.0002488406756922415,0.9995447901110197,0.999544789392356,7.186636841183258e-10
0.0002489406756922415,0.9995453561179266,0.9995453553998644,7.180621652835839e-10
0.0002490406756922415,0.9995459214210618,0.9995459207036008,7.174609795157494e-10
0.0002491406756922415,0.9995464860213006,0.9995464853044402,7.168603488594272e-10
0.0002492406756922415,0.9995470499195167,0.9995470492032565,7.162601622923148e-10
0.0002493406756922415,0.9995476131165831,0.9995476124009228,7.156603087921098e-10
0.0002494406756922415,0.9995481756133717,0.9995481748983108,7.150608993811147e-10
0.0002495406756922415,0.9995487374107529,0.9995487366962913,7.144616009924221e-10
0.0002496406756922415,0.9995492985095966,0.9995492977957338,7.138628577152417e-10
0.0002497406756922415,0.9995498589107714,0.9995498581975069,7.132645585272712e-10
0.0002498406756922415,0.9995504186151447,0.9995504179024781,7.126665924062081e-10
0.0002499406756922415,0.9995509776235828,0.9995509769115138,7.120689593520524e-10
0.0002500406756922415,0.9995515359369511,0.9995515352254795,7.114716593648041e-10
0.0002501406756922415,0.999552093556114,0.9995520928452392,7.108748034667656e-10
0.0002502406756922415,0.9995526504819344,0.999552649771656,7.102783916579369e-10
0.0002503406756922415,0.9995532067152747,0.9995532060055924,7.096823129160157e-10
0.0002504406756922415,0.9995537622569958,0.999553761547909,7.090867892856068e-10
0.0002505406756922415,0.9995543171079574,0.999554316399466,7.084913766775003e-10
0.0002506406756922415,0.9995548712690188,0.9995548705611222,7.078965191809061e-10
0.0002507406756922415,0.9995554247410375,0.9995554240337355,7.073019947512194e-10
0.0002508406756922415,0.9995559775248706,0.9995559768181627,7.067079144107424e-10
0.0002509406756922415,0.9995565296213735,0.9995565289152593,7.061142781594754e-10
0.0002510406756922415,0.9995570810314008,0.9995570803258801,7.055207529305108e-10
0.0002511406756922415,0.9995576317558063,0.9995576310508785,7.049277828130585e-10
0.0002512406756922415,0.9995581817954422,0.9995581810911071,7.043351457625135e-10
0.0002513406756922415,0.9995587311511602,0.9995587304474173,7.037429528011785e-10
0.0002514406756922415,0.9995592798238105,0.9995592791206594,7.031510929067508e-10
0.0002515406756922415,0.9995598278142427,0.999559827111683,7.02559677101533e-10
0.0002516406756922415,0.9995603751233048,0.9995603744213362,7.019685943632226e-10
0.0002517406756922416,0.999560921751844,0.9995609210504661,7.013778446918195e-10
0.0002518406756922416,0.9995614677007066,0.9995614669999191,7.007875391096263e-10
0.0002519406756922416,0.9995620129707378,0.9995620122705401,7.00197677616643e-10
0.0002520406756922416,0.9995625575627815,0.9995625568631733,6.99608149190567e-10
0.0002521406756922416,0.9995631014776807,0.9995631007786616,6.990190648537009e-10
0.0002522406756922416,0.9995636447162775,0.999563644017847,6.984304246060447e-10
0.0002523406756922416,0.9995641872794125,0.9995641865815705,6.978420064029933e-10
0.0002524406756922416,0.9995647291679258,0.9995647284706718,6.972540322891518e-10
0.0002525406756922416,0.9995652703826561,0.9995652696859899,6.966661691976128e-10
0.0002526406756922416,0.9995658109244414,0.9995658102283624,6.960789722398886e-10
0.0002527406756922416,0.9995663507941183,0.9995663500986262,6.954921083490717e-10
0.0002528406756922416,0.9995668899925225,0.9995668892976168,6.949056885474647e-10
0.0002529406756922416,0.9995674285204887,0.9995674278261691,6.943196018127651e-10
0.0002530406756922416,0.9995679663788506,0.9995679656851166,6.937339591672753e-10
0.0002531406756922416,0.9995685035684406,0.999568502875292,6.931486495886929e-10
0.0002532406756922416,0.9995690400900903,0.9995690393975265,6.925637840993204e-10
0.0002533406756922416,0.9995695759446301,0.999569575252651,6.919791406545528e-10
0.0002534406756922416,0.9995701111328898,0.9995701104414949,6.91394941298995e-10
0.0002535406756922416,0.9995706456556975,0.9995706449648865,6.908110750103447e-10
0.0002536406756922416,0.9995711795138811,0.9995711788236533,6.902277638332066e-10
0.0002537406756922416,0.9995717127082666,0.9995717120186217,6.896448967452784e-10
0.0002538406756922416,0.9995722452396795,0.9995722445506171,6.890623627242576e-10
0.0002539406756922416,0.999572777108944,0.9995727764204638,6.884801617701442e-10
0.0002540406756922416,0.9995733083168834,0.9995733076289852,6.878981828606356e-10
0.0002541406756922416,0.9995738388643202,0.9995738381770035,6.87316648040337e-10
0.0002542406756922416,0.9995743687520754,0.99957436806534,6.867354462869457e-10
0.0002543406756922416,0.9995748979809694,0.9995748972948147,6.861546886227643e-10
0.0002544406756922416,0.9995754265518216,0.9995754258662473,6.855743750477927e-10
0.0002545406756922416,0.9995759544654501,0.9995759537804556,6.84994505562031e-10
0.0002546406756922416,0.9995764817226721,0.999576481038257,6.844150801654791e-10
0.0002547406756922416,0.9995770083243036,0.9995770076404678,6.838358768135322e-10
0.0002548406756922416,0.9995775342711598,0.9995775335879028,6.832570065284926e-10
0.0002549406756922416,0.9995780595640548,0.9995780588813763,6.826784693103605e-10
0.0002550406756922416,0.9995785842038019,0.9995785835217016,6.821002651591357e-10
0.0002551406756922416,0.9995791081912132,0.9995791075096906,6.815226161194232e-10
0.0002552406756922416,0.9995796315270999,0.9995796308461545,6.809454111689206e-10
0.0002553406756922416,0.999580154212272,0.9995801535319034,6.803685392853254e-10
0.0002554406756922416,0.9995806762475384,0.9995806755677464,6.797920004686375e-10
0.0002555406756922416,0.9995811976337076,0.9995811969544917,6.792159057411595e-10
0.0002556406756922416,0.9995817183715864,0.9995817176929462,6.786401440805889e-10
0.0002557406756922416,0.9995822384619808,0.9995822377839161,6.780647154869257e-10
0.0002558406756922417,0.9995827579056962,0.9995827572282063,6.774898420047748e-10
0.0002559406756922417,0.9995832767035364,0.9995832760266212,6.769151905672288e-10
0.0002560406756922417,0.9995837948563048,0.9995837941799637,6.763410942411952e-10
0.0002561406756922417,0.9995843123648032,0.9995843116890358,6.757673309820689e-10
0.0002562406756922417,0.9995848292298325,0.9995848285546387,6.751937897675475e-10
0.0002563406756922417,0.9995853454521929,0.9995853447775724,6.746204705976311e-10
0.0002564406756922417,0.9995858610326839,0.9995858603586361,6.740478175615294e-10
0.0002565406756922417,0.9995863759721033,0.9995863752986278,6.734754975923352e-10
0.0002566406756922417,0.9995868902712484,0.9995868895983447,6.729036217123507e-10
0.0002567406756922417,0.9995874039309149,0.9995874032585829,6.723320788992737e-10
0.0002568406756922417,0.9995879169518983,0.9995879162801374,6.717608691531041e-10
0.0002569406756922417,0.9995884293349926,0.9995884286638025,6.711901034961443e-10
0.0002570406756922417,0.999588941080991,0.9995889404103713,6.706196709060919e-10
0.0002571406756922417,0.9995894521906855,0.9995894515206359,6.700495713829469e-10
0.0002572406756922417,0.9995899626648674,0.9995899619953876,6.694798049267092e-10
0.0002573406756922417,0.999590472504327,0.9995904718354165,6.689104825596814e-10
0.0002574406756922417,0.9995909817098534,0.9995909810415118,6.683416042818635e-10
0.0002575406756922417,0.9995914902822348,0.9995914896144618,6.67773059070953e-10
0.0002576406756922417,0.9995919982222585,0.9995919975550536,6.672049579492523e-10
0.0002577406756922417,0.9995925055307108,0.9995925048640737,6.666370788721565e-10
0.0002578406756922417,0.999593012208377,0.9995930115423072,6.660698659288755e-10
0.0002579406756922417,0.9995935182560414,0.9995935175905385,6.655028750301994e-10
0.0002580406756922417,0.9995940236744872,0.999594023009551,6.649362171984308e-10
0.0002581406756922417,0.9995945284644971,0.999594527800127,6.643701144781744e-10
0.0002582406756922417,0.9995950326268521,0.9995950319630479,6.63804233802523e-10
0.0002583406756922417,0.999595536162333,0.9995955354990942,6.632387972160814e-10
0.0002584406756922417,0.999596039071719,0.9995960384090452,6.626738047188496e-10
0.0002585406756922417,0.9995965413557886,0.9995965406936794,6.621091452885253e-10
0.0002586406756922417,0.9995970430153193,0.9995970423537746,6.615447079028058e-10
0.0002587406756922417,0.9995975440510878,0.999597543390107,6.609808256285987e-10
0.0002588406756922417,0.9995980444638696,0.9995980438034523,6.60417276421299e-10
0.0002589406756922417,0.9995985442544392,0.9995985435945852,6.598539492586042e-10
0.0002590406756922417,0.9995990434235704,0.9995990427642792,6.592911772074217e-10
0.0002591406756922417,0.9995995419720362,0.9995995413133073,6.587288492454491e-10
0.0002592406756922417,0.9996000399006076,0.9996000392424409,6.581667433280813e-10
0.0002593406756922417,0.9996005372100558,0.9996005365524508,6.57604970477621e-10
0.0002594406756922417,0.9996010339011507,0.9996010332441071,6.570436417163705e-10
0.0002595406756922417,0.9996015299746611,0.9996015293181785,6.564826460220274e-10
0.0002596406756922417,0.9996020254313549,0.9996020247754327,6.559222054391967e-10
0.0002597406756922417,0.9996025202719989,0.9996025196166369,6.553619869009708e-10
0.0002598406756922417,0.9996030144973594,0.9996030138425571,6.548023234742573e-10
0.0002599406756922417,0.9996035081082012,0.9996035074539582,6.542429931144511e-10
0.0002600406756922418,0.9996040011052884,0.9996040004516044,6.536839958215523e-10
0.0002601406756922418,0.9996044934893841,0.9996044928362587,6.53125331595561e-10
0.0002602406756922418,0.9996049852612505,0.9996049846086835,6.52567000436477e-10
0.0002603406756922418,0.999605476421649,0.99960547576964,6.520090023443004e-10
0.0002604406756922418,0.9996059669713399,0.9996059663198883,6.514515593636361e-10
0.0002605406756922418,0.9996064569110824,0.999606456260188,6.508944494498792e-10
0.0002606406756922418,0.999606946241635,0.9996069455912973,6.503377836253321e-10
0.0002607406756922418,0.9996074349637553,0.9996074343139738,6.497814508676925e-10
0.0002608406756922418,0.9996079230781995,0.999607922428974,6.492254511769602e-10
0.0002609406756922418,0.9996084105857233,0.9996084099370535,6.486697845531353e-10
0.0002610406756922418,0.9996088974870814,0.9996088968389668,6.481145620185202e-10
0.0002611406756922418,0.9996093837830274,0.9996093831354678,6.475596725508126e-10
0.0002612406756922418,0.9996098694743144,0.9996098688273091,6.470053381946173e-10
0.0002613406756922418,0.9996103545616938,0.9996103539152427,6.464511148607244e-10
0.0002614406756922418,0.9996108390459166,0.9996108384000194,6.458972245937389e-10
0.0002615406756922418,0.9996113229277331,0.9996113222823891,6.453440004605682e-10
0.0002616406756922418,0.999611806207892,0.999611805563101,6.447909983720024e-10
0.0002617406756922418,0.9996122888871416,0.9996122882429032,6.442384403726464e-10
0.0002618406756922418,0.9996127709662289,0.9996127703225426,6.436863264625003e-10
0.0002619406756922418,0.9996132524459,0.9996132518027656,6.431344345969592e-10
0.0002620406756922418,0.9996137333269006,0.9996137326843176,6.425829868206279e-10
0.0002621406756922418,0.9996142136099748,0.999614212967943,6.420318721112039e-10
0.0002622406756922418,0.9996146932958663,0.9996146926543851,6.414812014909899e-10
0.0002623406756922418,0.9996151723853173,0.9996151717443865,6.409307529153807e-10
0.0002624406756922418,0.9996156508790696,0.9996156502386888,6.403807484289814e-10
0.0002625406756922418,0.9996161287778639,0.9996161281380328,6.398310770094895e-10
0.0002626406756922418,0.99961660608244,0.9996166054431581,6.392818496792074e-10
0.0002627406756922418,0.9996170827935368,0.9996170821548037,6.387330664381352e-10
0.0002628406756922418,0.9996175589118922,0.9996175582737075,6.381847272862728e-10
0.0002629406756922418,0.9996180344382432,0.9996180338006064,6.376367212013179e-10
0.0002630406756922418,0.9996185093733255,0.9996185087362366,6.370889371609678e-10
0.0002631406756922418,0.9996189837178748,0.9996189830813332,6.365415972098276e-10
0.0002632406756922418,0.9996194574726253,0.9996194568366307,6.359945903255948e-10
0.0002633406756922418,0.9996199306383101,0.9996199300028621,6.354480275305718e-10
0.0002634406756922418,0.999620403215662,0.99962040258076,6.349020198470612e-10
0.0002635406756922418,0.9996208752054123,0.9996208745710561,6.343562342081555e-10
0.0002636406756922418,0.9996213466082915,0.9996213459744808,6.338106706138547e-10
0.0002637406756922418,0.9996218174250296,0.9996218167917639,6.332657731533686e-10
0.0002638406756922418,0.9996222876563553,0.9996222870236342,6.327210977374875e-10
0.0002639406756922418,0.9996227573029963,0.9996227566708196,6.321767553885138e-10
0.0002640406756922418,0.9996232263656799,0.999623225734047,6.316328571287499e-10
0.0002641406756922419,0.9996236948451319,0.9996236942140427,6.31089180913591e-10
0.0002642406756922419,0.9996241627420778,0.9996241621115318,6.305459487876419e-10
0.0002643406756922419,0.9996246300572417,0.9996246294272385,6.300031607509027e-10
0.0002644406756922419,0.999625096791347,0.9996250961618863,6.294607057810708e-10
0.0002645406756922419,0.9996255629451163,0.9996255623161976,6.289186949004488e-10
0.0002646406756922419,0.999626028519271,0.999626027890894,6.283769060644318e-10
0.0002647406756922419,0.9996264935145318,0.9996264928866962,6.278355613176245e-10
0.0002648406756922419,0.9996269579316188,0.9996269573043242,6.272946606600271e-10
0.0002649406756922419,0.9996274217712506,0.9996274211444964,6.267542040916396e-10
0.0002650406756922419,0.9996278850341453,0.9996278844079314,6.26213969567857e-10
0.0002651406756922419,0.99962834772102,0.9996283470953459,6.256741791332843e-10
0.0002652406756922419,0.9996288098325911,0.9996288092074562,6.251348327879214e-10
0.0002653406756922419,0.9996292713695734,0.9996292707449778,6.245955974648609e-10
0.0002654406756922419,0.9996297323326817,0.9996297317086249,6.240568062310103e-10
0.0002655406756922419,0.9996301927226298,0.9996301920991112,6.235185701086721e-10
0.0002656406756922419,0.9996306525401301,0.9996306519171494,6.229806670532412e-10
0.0002657406756922419,0.9996311117858943,0.9996311111634513,6.224429860424152e-10
0.0002658406756922419,0.9996315704606334,0.9996315698387276,6.219058601431016e-10
0.0002659406756922419,0.9996320285650575,0.9996320279436884,6.213690673106953e-10
0.0002660406756922419,0.9996324860998757,0.9996324854790429,6.208327185674989e-10
0.0002661406756922419,0.999632943065796,0.9996329424454994,6.202965918689074e-10
0.0002662406756922419,0.999633399463526,0.9996333988437651,6.197609092595258e-10
0.0002663406756922419,0.9996338552937721,0.9996338546745466,6.192255597170515e-10
0.0002664406756922419,0.9996343105572401,0.9996343099385494,6.186906542637871e-10
0.0002665406756922419,0.9996347652546345,0.9996347646364784,6.181560818774301e-10
0.0002666406756922419,0.9996352193866591,0.9996352187690373,6.176218425579805e-10
0.0002667406756922419,0.9996356729540171,0.9996356723369292,6.170879363054382e-10
0.0002668406756922419,0.9996361259574105,0.999636125340856,6.165544741421058e-10
0.0002669406756922419,0.9996365783975404,0.9996365777815192,6.160212340233784e-10
0.0002670406756922419,0.9996370302751074,0.9996370296596189,6.154885490161632e-10
0.0002671406756922419,0.999637481590811,0.9996374809758548,6.149561970758555e-10
0.0002672406756922419,0.9996379323453497,0.9996379317309254,6.144242892247576e-10
0.0002673406756922419,0.9996383825394214,0.9996383819255286,6.138928254628695e-10
0.0002674406756922419,0.9996388321737226,0.9996388315603612,6.133614727232839e-10
0.0002675406756922419,0.9996392812489496,0.9996392806361191,6.128305640729081e-10
0.0002676406756922419,0.9996397297657976,0.9996397291534974,6.123002105340447e-10
0.0002677406756922419,0.9996401777249606,0.9996401771131908,6.117698569951813e-10
0.0002678406756922419,0.9996406251271324,0.9996406245158923,6.112400585678301e-10
0.0002679406756922419,0.9996410719730054,0.9996410713622946,6.107108152519913e-10
0.0002680406756922419,0.9996415182632714,0.9996415176530895,6.101819050030599e-10
0.0002681406756922419,0.999641963998621,0.9996419633889677,6.096533278210359e-10
0.000268240675692242,0.9996424091797442,0.9996424085706194,6.091248616613143e-10
0.000268340675692242,0.9996428538073304,0.9996428531987334,6.085970616354075e-10
0.000268440675692242,0.9996432978820677,0.9996432972739981,6.080695946764081e-10
0.000268540675692242,0.9996437414046435,0.999643740797101,6.075424607843161e-10
0.000268640675692242,0.9996441843757443,0.9996441837687287,6.070156599591314e-10
0.000268740675692242,0.999644626796056,0.9996446261895667,6.064893032231566e-10
0.000268840675692242,0.9996450686662631,0.9996450680603,6.059631685317868e-10
0.000268940675692242,0.9996455099870499,0.9996455093816126,6.054373669073243e-10
0.000269040675692242,0.9996459507590996,0.9996459501541874,6.049121203943741e-10
0.000269140675692242,0.9996463909830944,0.9996463903787071,6.043873179706338e-10
0.000269240675692242,0.9996468306597156,0.9996468300558529,6.038627375914984e-10
0.000269340675692242,0.9996472697896439,0.9996472691863054,6.033384902792704e-10
0.000269440675692242,0.9996477083735592,0.9996477077707444,6.028147980785548e-10
0.000269540675692242,0.9996481464121403,0.9996481458098488,6.022914389447465e-10
0.000269640675692242,0.9996485839060651,0.9996485833042968,6.017683018555431e-10
0.000269740675692242,0.999649020856011,0.9996490202547654,6.012456088555496e-10
0.000269840675692242,0.9996494572626544,0.9996494566619312,6.007232489224634e-10
0.000269940675692242,0.9996498931266707,0.9996498925264696,6.002011110339822e-10
0.000270040675692242,0.999650328448735,0.9996503278490553,5.996797503016182e-10
0.000270140675692242,0.9996507632295207,0.9996507626303622,5.991585005915567e-10
0.000270240675692242,0.9996511974697011,0.9996511968710634,5.986376949707051e-10
0.000270340675692242,0.999651631169948,0.9996516305718309,5.981171113944583e-10
0.000270440675692242,0.9996520643309331,0.9996520637333363,5.97596860885119e-10
0.000270540675692242,0.9996524969533269,0.9996524963562499,5.970770544649895e-10
0.000270640675692242,0.9996529290377991,0.9996529284412414,5.965576921340698e-10
0.000270740675692242,0.9996533605850185,0.9996533599889798,5.9603877389236e-10
0.000270840675692242,0.9996537915956532,0.999653791000133,5.955201887175576e-10
0.000270940675692242,0.99965422207037,0.9996542214753682,5.950018255873601e-10
0.000271040675692242,0.9996546520098357,0.9996546514153518,5.944839065463725e-10
0.000271140675692242,0.9996550814147156,0.9996550808207493,5.939663205722923e-10
0.000271240675692242,0.9996555102856747,0.9996555096922254,5.934492897097243e-10
0.000271340675692242,0.9996559386233764,0.9996559380304441,5.929323698694589e-10
0.000271440675692242,0.9996563664284841,0.9996563658360682,5.924158941184032e-10
0.000271540675692242,0.9996567937016598,0.9996567931097601,5.91899751434255e-10
0.000271640675692242,0.9996572204435653,0.9996572198521811,5.913841638616191e-10
0.000271740675692242,0.9996576466548609,0.999657646063992,5.908689093558905e-10
0.000271840675692242,0.9996580723362063,0.9996580717458524,5.903538768947669e-10
0.000271940675692242,0.9996584974882604,0.9996584968984211,5.898392885228532e-10
0.000272040675692242,0.9996589221116816,0.9996589215223566,5.893250332178468e-10
0.000272140675692242,0.999659346207127,0.9996593456183158,5.888112220020503e-10
0.000272240675692242,0.9996597697752531,0.9996597691869553,5.882977438531611e-10
0.0002723406756922421,0.9996601928167155,0.999660192228931,5.877844877488769e-10
0.0002724406756922421,0.9996606153321692,0.9996606147448974,5.87271786756105e-10
0.0002725406756922421,0.9996610373222683,0.9996610367355088,5.86759529852543e-10
0.0002726406756922421,0.9996614587876658,0.9996614582014184,5.862473839712834e-10
0.0002727406756922421,0.9996618797290141,0.9996618791432784,5.857356821792337e-10
0.0002728406756922421,0.999662300146965,0.9996622995617407,5.852243134540913e-10
0.0002729406756922421,0.9996627200421692,0.9996627194574558,5.847133888181588e-10
0.0002730406756922421,0.9996631394152766,0.9996631388310738,5.842027972491337e-10
0.0002731406756922421,0.9996635582669366,0.9996635576832441,5.83692538747016e-10
0.0002732406756922421,0.9996639765977976,0.9996639760146147,5.83182946378713e-10
0.0002733406756922421,0.999664394408507,0.9996643938258334,5.82673576055015e-10
0.0002734406756922421,0.9996648116997112,0.9996648111175468,5.821644277759219e-10
0.0002735406756922421,0.9996652284720565,0.999665227890401,5.816555015414338e-10
0.0002736406756922421,0.9996656447261884,0.9996656441450411,5.811472414407604e-10
0.0002737406756922421,0.9996660604627505,0.9996660598821113,5.806392033846919e-10
0.0002738406756922421,0.999666475682387,0.9996664751022554,5.801316094178333e-10
0.0002739406756922421,0.9996668903857402,0.999666889806116,5.796242374955796e-10
0.0002740406756922421,0.9996673045734523,0.999667303994335,5.791173096625357e-10
0.0002741406756922421,0.9996677182461643,0.9996677176675537,5.786106038740968e-10
0.0002742406756922421,0.9996681314045168,0.9996681308264123,5.781045642194726e-10
0.0002743406756922421,0.9996685440491491,0.9996685434715503,5.775987466094534e-10
0.0002744406756922421,0.9996689561807,0.9996689556036067,5.770932620663416e-10
0.0002745406756922421,0.9996693677998074,0.9996693672232193,5.765881105901371e-10
0.0002746406756922421,0.9996697789071086,0.9996697783310253,5.760832921808401e-10
0.0002747406756922421,0.9996701895032402,0.9996701889276611,5.755790288830553e-10
0.0002748406756922421,0.9996705995888374,0.9996705990137623,5.75075098652178e-10
0.0002749406756922421,0.9996710091645352,0.9996710085899636,5.745716125105105e-10
0.0002750406756922421,0.9996714182309675,0.9996714176568992,5.740683484134479e-10
0.0002751406756922421,0.9996718267887675,0.999671826215202,5.735655284055952e-10
0.0002752406756922421,0.9996722348385677,0.9996722342655048,5.730629304423474e-10
0.0002753406756922421,0.9996726423809995,0.999672641808439,5.725605545237045e-10
0.0002754406756922421,0.9996730494166942,0.9996730488446355,5.720587337165739e-10
0.0002755406756922421,0.9996734559462818,0.9996734553747245,5.715572459763507e-10
0.0002756406756922421,0.9996738619703912,0.9996738613993351,5.710560913030349e-10
0.0002757406756922421,0.9996742674896513,0.999674266919096,5.705552696966265e-10
0.0002758406756922421,0.9996746725046897,0.9996746719346348,5.70054892179428e-10
0.0002759406756922421,0.9996750770161335,0.9996750764465785,5.695549587514392e-10
0.0002760406756922421,0.9996754810246086,0.9996754804555533,5.690552473680555e-10
0.0002761406756922421,0.9996758845307405,0.9996758839621844,5.68556091096184e-10
0.0002762406756922421,0.999676287535154,0.9996762869670968,5.680572678912199e-10
0.0002763406756922421,0.9996766900384727,0.9996766894709139,5.675587777531632e-10
0.0002764406756922422,0.9996770920413196,0.9996770914742591,5.670605096597114e-10
0.0002765406756922422,0.999677493544317,0.9996774929777544,5.665625746331671e-10
0.0002766406756922422,0.9996778945480866,0.9996778939820216,5.660650836958325e-10
0.0002767406756922422,0.9996782950532491,0.9996782944876812,5.655679258254054e-10
0.0002768406756922422,0.9996786950604244,0.9996786944953532,5.650712120441881e-10
0.0002769406756922422,0.9996790945702316,0.9996790940056569,5.645747203075757e-10
0.0002770406756922422,0.9996794935832894,0.9996794930192108,5.640786726601732e-10
0.0002771406756922422,0.9996798921002154,0.9996798915366323,5.635830691019805e-10
0.0002772406756922422,0.9996802901216262,0.9996802895585385,5.630876875883928e-10
0.0002773406756922422,0.9996806876481381,0.9996806870855455,5.625926391417124e-10
0.0002774406756922422,0.9996810846803664,0.9996810841182685,5.620979237619395e-10
0.0002775406756922422,0.999681481218926,0.9996814806573222,5.616037634936788e-10
0.0002776406756922422,0.9996818772644305,0.9996818767033205,5.611099362923255e-10
0.0002777406756922422,0.9996822728174929,0.9996822722568763,5.606165531801821e-10
0.0002778406756922422,0.9996826678787254,0.9996826673186021,5.601232810903412e-10
0.0002779406756922422,0.9996830624487397,0.9996830618891093,5.5963045308971e-10
0.0002780406756922422,0.9996834565281467,0.9996834559690086,5.591380691782888e-10
0.0002781406756922422,0.9996838501175563,0.9996838495589103,5.586460183337749e-10
0.0002782406756922422,0.9996842432175778,0.9996842426594235,5.581543005561684e-10
0.0002783406756922422,0.9996846358288195,0.9996846352711566,5.576629158454693e-10
0.0002784406756922422,0.9996850279518894,0.9996850273947174,5.571719752239801e-10
0.0002785406756922422,0.9996854195873944,0.999685419030713,5.566814786917007e-10
0.0002786406756922422,0.9996858107359406,0.9996858101797496,5.561910931817238e-10
0.0002787406756922422,0.9996862013981339,0.9996862008424325,5.557013738055616e-10
0.0002788406756922422,0.9996865915745785,0.9996865910193669,5.552116544293995e-10
0.0002789406756922422,0.9996869812658786,0.9996869807111561,5.547224901647496e-10
0.0002790406756922422,0.9996873704726376,0.999687369918404,5.542335479447047e-10
0.0002791406756922422,0.9996877591954577,0.9996877586417127,5.537450498138696e-10
0.0002792406756922422,0.9996881474349408,0.9996881468816838,5.532569957722444e-10
0.0002793406756922422,0.9996885351916878,0.9996885346389187,5.527690527529217e-10
0.0002794406756922422,0.999688922466299,0.9996889219140174,5.522816648451112e-10
0.0002795406756922422,0.999689309259374,0.9996893087075793,5.517947210265106e-10
0.0002796406756922422,0.9996896955715113,0.9996896950202033,5.513079992525149e-10
0.0002797406756922422,0.999690081403309,0.9996900808524873,5.508216105454267e-10
0.0002798406756922422,0.9996904667553641,0.9996904662050287,5.503354438829433e-10
0.0002799406756922422,0.9996908516282736,0.9996908510784237,5.498499433542747e-10
0.0002800406756922422,0.9996912360226331,0.9996912354732684,5.493646648702111e-10
0.0002801406756922422,0.9996916199390375,0.9996916193901577,5.488798304753573e-10
0.0002802406756922422,0.9996920033780812,0.9996920028296858,5.483953291474108e-10
0.0002803406756922422,0.9996923863403575,0.9996923857924465,5.479110498640694e-10
0.0002804406756922422,0.9996927688264596,0.9996927682790324,5.474272146699377e-10
0.0002805406756922423,0.9996931508369794,0.9996931502900356,5.469438235650159e-10
0.0002806406756922423,0.999693532372508,0.9996935318260474,5.46460654504699e-10
0.0002807406756922423,0.9996939134336363,0.9996939128876585,5.459778185112896e-10
0.0002808406756922423,0.9996942940209542,0.9996942934754588,5.454954266070899e-10
0.0002809406756922423,0.9996946741350505,0.9996946735900373,5.450132567474952e-10
0.0002810406756922423,0.999695053776514,0.9996950532319825,5.445315309771104e-10
0.0002811406756922423,0.9996954329459321,0.999695432401882,5.440501382736329e-10
0.0002812406756922423,0.9996958116438919,0.9996958111003228,5.435690786370628e-10
0.0002813406756922423,0.9996961898709796,0.9996961893278911,5.430885741120051e-10
0.0002814406756922423,0.9996965676277806,0.9996965670851723,5.426082916315522e-10
0.0002815406756922423,0.9996969449148795,0.9996969443727514,5.421281201734018e-10
0.0002816406756922423,0.9996973217328606,0.999697321191212,5.416486148490662e-10
0.0002817406756922423,0.9996976980823072,0.9996976975411379,5.411693315693356e-10
0.0002818406756922423,0.9996980739638018,0.9996980734231112,5.406906034011172e-10
0.0002819406756922423,0.9996984493779263,0.9996984488377142,5.402120972775037e-10
0.0002820406756922423,0.9996988243252616,0.9996988237855277,5.397339242207977e-10
0.0002821406756922423,0.9996991988063884,0.9996991982671322,5.392561952533015e-10
0.0002822406756922423,0.999699572821886,0.9996995722831075,5.387785773081077e-10
0.0002823406756922423,0.9996999463723338,0.9996999458340323,5.383015144744263e-10
0.0002824406756922423,0.99970031945831,0.999700318920485,5.378248957299547e-10
0.0002825406756922423,0.9997006920803917,0.9997006915430432,5.373484990300881e-10
0.0002826406756922423,0.9997010642391561,0.9997010637022836,5.368724353971288e-10
0.0002827406756922423,0.999701435935179,0.9997014353987823,5.363967048310769e-10
0.0002828406756922423,0.9997018071690361,0.9997018066331148,5.359213073319324e-10
0.0002829406756922423,0.999702177941302,0.9997021774058555,5.354464649443003e-10
0.0002830406756922423,0.9997025482525503,0.9997025477175785,5.34971844601273e-10
0.0002831406756922423,0.9997029181033545,0.9997029175688571,5.344974463028507e-10
0.0002832406756922423,0.9997032874942873,0.9997032869602637,5.340236031159407e-10
0.0002833406756922423,0.99970365642592,0.9997036558923701,5.335498709513331e-10
0.0002834406756922423,0.9997040248988239,0.9997040243657473,5.330765828759354e-10
0.0002835406756922423,0.9997043929135697,0.999704392380966,5.326037388897475e-10
0.0002836406756922423,0.9997047604707268,0.9997047599385955,5.321312279704671e-10
0.0002837406756922423,0.999705127570864,0.9997051270392051,5.316589390957915e-10
0.0002838406756922423,0.99970549421455,0.9997054936833628,5.311872053326283e-10
0.0002839406756922423,0.9997058604023521,0.9997058598716364,5.3071569361407e-10
0.0002840406756922423,0.9997062261348372,0.9997062256045924,5.30244737007024e-10
0.0002841406756922423,0.9997065914125713,0.9997065908827972,5.297741134668854e-10
0.0002842406756922423,0.9997069562361198,0.9997069557068162,5.293036009490493e-10
0.0002843406756922423,0.9997073206060475,0.9997073200772142,5.288333104758181e-10
0.0002844406756922423,0.9997076845229186,0.999707683994555,5.283635751140991e-10
0.0002845406756922423,0.9997080479872965,0.9997080474594021,5.278943948638926e-10
0.0002846406756922424,0.9997084109997435,0.9997084104723181,5.274254366582909e-10
0.0002847406756922424,0.9997087735608216,0.999708773033865,5.269565894749917e-10
0.0002848406756922424,0.9997091356710922,0.9997091351446038,5.264884084255073e-10
0.0002849406756922424,0.9997094973311157,0.9997094968050954,5.260203383983253e-10
0.0002850406756922424,0.9997098585414521,0.9997098580158992,5.255529345049581e-10
0.0002851406756922424,0.9997102193026602,0.9997102187775747,5.250855306115909e-10
0.0002852406756922424,0.9997105796152987,0.9997105790906802,5.246185708074336e-10
0.0002853406756922424,0.9997109394799254,0.9997109389557733,5.241520550924861e-10
0.0002854406756922424,0.9997112988970973,0.9997112983734114,5.23685872444446e-10
0.0002855406756922424,0.9997116578673706,0.9997116573441507,5.232199118410108e-10
0.0002856406756922424,0.9997120163913011,0.9997120158685467,5.227543953267855e-10
0.0002857406756922424,0.9997123744694439,0.9997123739471547,5.222892118794675e-10
0.0002858406756922424,0.9997127321023532,0.9997127315805288,5.218244725213594e-10
0.0002859406756922424,0.9997130892905827,0.9997130887692226,5.213600662301587e-10
0.0002860406756922424,0.999713446034685,0.999713445513789,5.208959930058654e-10
0.0002861406756922424,0.9997138023352125,0.9997138018147803,5.20432141826177e-10
0.0002862406756922424,0.9997141581927166,0.9997141576727481,5.199685126910936e-10
0.0002863406756922424,0.9997145136077484,0.9997145130882431,5.1950532764522e-10
0.0002864406756922424,0.9997148685808582,0.9997148680618155,5.190426977108586e-10
0.0002865406756922424,0.9997152231125953,0.9997152225940149,5.185804008434047e-10
0.0002866406756922424,0.9997155772035085,0.9997155766853899,5.181185480651607e-10
0.0002867406756922424,0.9997159308541457,0.9997159303364889,5.176568063092191e-10
0.0002868406756922424,0.9997162840650545,0.999716283547859,5.171955086424873e-10
0.0002869406756922424,0.9997166368367817,0.9997166363200474,5.16734321998058e-10
0.0002870406756922424,0.9997169891698734,0.9997169886535997,5.16273690465141e-10
0.0002871406756922424,0.999717341064875,0.9997173405490616,5.158133919991315e-10
0.0002872406756922424,0.9997176925223311,0.9997176920069777,5.153534266000293e-10
0.0002873406756922424,0.9997180435427858,0.999718043027892,5.148937942678344e-10
0.0002874406756922424,0.9997183941267825,0.999718393612348,5.14434495002547e-10
0.0002875406756922424,0.9997187442748641,0.9997187437608884,5.139756398264694e-10
0.0002876406756922424,0.9997190939875723,0.9997190934740552,5.135171177172992e-10
0.0002877406756922424,0.9997194432654486,0.9997194427523896,5.130590396973389e-10
0.0002878406756922424,0.9997197921090334,0.9997197915964323,5.12601072699681e-10
0.0002879406756922424,0.999720140518867,0.9997201400067235,5.12143549791233e-10
0.0002880406756922424,0.9997204884954887,0.9997204879838023,5.116863599496924e-10
0.0002881406756922424,0.999720836039437,0.9997208355282075,5.112295031750591e-10
0.0002882406756922424,0.9997211831512499,0.9997211826404769,5.107729794673332e-10
0.0002883406756922424,0.9997215298314649,0.9997215293211481,5.103167888265148e-10
0.0002884406756922424,0.9997218760806185,0.9997218755707575,5.098609312526037e-10
0.0002885406756922424,0.9997222218992466,0.9997222213898411,5.094055177679024e-10
0.0002886406756922424,0.9997225672878848,0.9997225667789345,5.089503263278061e-10
0.0002887406756922425,0.9997229122470676,0.999722911738572,5.084955789769197e-10
0.0002888406756922425,0.9997232567773288,0.9997232562692877,5.080410536706381e-10
0.0002889406756922425,0.999723600879202,0.999723600371615,5.075869724535664e-10
0.0002890406756922425,0.9997239445532199,0.9997239440460864,5.071334463480071e-10
0.0002891406756922425,0.9997242877999142,0.999724287293234,5.066801422870526e-10
0.0002892406756922425,0.9997246306198162,0.9997246301135893,5.062269492484006e-10
0.0002893406756922425,0.999724973013457,0.9997249725076827,5.057743113212609e-10
0.0002894406756922425,0.9997253149813662,0.9997253144760442,5.053220064610286e-10
0.0002895406756922425,0.9997256565240732,0.9997256560192034,5.048698126230988e-10
0.0002896406756922425,0.9997259976421068,0.9997259971376887,5.044180628743788e-10
0.0002897406756922425,0.9997263383359951,0.9997263378320285,5.039666461925663e-10
0.0002898406756922425,0.9997266786062655,0.9997266781027497,5.03515784622266e-10
0.0002899406756922425,0.9997270184534447,0.9997270179503795,5.030651450965706e-10
0.0002900406756922425,0.9997273578780587,0.9997273573754438,5.026148386377827e-10
0.0002901406756922425,0.9997276968806327,0.9997276963784679,5.021647542235996e-10
0.0002902406756922425,0.9997280354616918,0.9997280349599768,5.01715002876324e-10
0.0002903406756922425,0.99972837362176,0.9997283731204942,5.012658066405606e-10
0.0002904406756922425,0.999728711361361,0.999728710860544,5.008169434717047e-10
0.0002905406756922425,0.9997290486810172,0.9997290481806489,5.003683023474537e-10
0.0002906406756922425,0.9997293855812509,0.9997293850813308,4.999201053124125e-10
0.0002907406756922425,0.9997297220625836,0.9997297215631116,4.994720192996738e-10
0.0002908406756922425,0.9997300581255364,0.9997300576265118,4.990245994207498e-10
0.0002909406756922425,0.9997303937706291,0.9997303932720518,4.985772905641284e-10
0.0002910406756922425,0.9997307289983817,0.9997307285002512,4.981304257967167e-10
0.0002911406756922425,0.9997310638093128,0.9997310633116289,4.976838940962125e-10
0.0002912406756922425,0.9997313982039406,0.999731397706703,4.972375844403132e-10
0.0002913406756922425,0.9997317321827832,0.9997317316859914,4.967918298959262e-10
0.0002914406756922425,0.9997320657463572,0.9997320652500108,4.963464084184466e-10
0.0002915406756922425,0.9997323988951791,0.9997323983992777,4.959013200078743e-10
0.0002916406756922425,0.9997327316297644,0.9997327311343079,4.95456453641907e-10
0.0002917406756922425,0.9997330639506283,0.9997330634556164,4.950119203428471e-10
0.0002918406756922425,0.9997333958582852,0.9997333953637175,4.945677201106946e-10
0.0002919406756922425,0.9997337273532488,0.9997337268591251,4.94123741923147e-10
0.0002920406756922425,0.9997340584360326,0.9997340579423523,4.936803188471117e-10
0.0002921406756922425,0.9997343891071486,0.9997343886139115,4.932371178156814e-10
0.0002922406756922425,0.999734719367109,0.9997347188743148,4.927942498511584e-10
0.0002923406756922425,0.999735049216425,0.9997350487240733,4.923517149535428e-10
0.0002924406756922425,0.9997353786556071,0.9997353781636975,4.919096241451371e-10
0.0002925406756922425,0.9997357076851652,0.9997357071936974,4.914677553813362e-10
0.0002926406756922425,0.9997360363056087,0.9997360358145826,4.910261086621404e-10
0.0002927406756922425,0.9997363645174465,0.9997363640268614,4.905851280767592e-10
0.0002928406756922425,0.9997366923211864,0.9997366918310421,4.901443695359831e-10
0.0002929406756922426,0.999737019717336,0.999737019227632,4.897039440621143e-10
0.0002930406756922426,0.9997373467064018,0.9997373462171381,4.892637406328504e-10
0.0002931406756922426,0.9997376732888902,0.9997376728000663,4.888238702704939e-10
0.0002932406756922426,0.9997379994653067,0.9997379989769223,4.883844439973473e-10
0.0002933406756922426,0.9997383252361562,0.999738324748211,4.879452397688055e-10
0.0002934406756922426,0.9997386506019431,0.9997386501144366,4.875064796294737e-10
0.0002935406756922426,0.9997389755631712,0.9997389750761029,4.870682746016541e-10
0.0002936406756922426,0.999739300120343,0.9997392996337128,4.866301805961371e-10
0.0002937406756922426,0.999739624273961,0.9997396237877686,4.861924196575274e-10
0.0002938406756922426,0.9997399480245274,0.9997399475387724,4.85754991785825e-10
0.0002939406756922426,0.999740271372543,0.9997402708872251,4.853178969810301e-10
0.0002940406756922426,0.9997405943185084,0.9997405938336272,4.848811352431426e-10
0.0002941406756922426,0.9997409168629235,0.9997409163784788,4.844447065721624e-10
0.0002942406756922426,0.9997412390062876,0.9997412385222791,4.840084999457872e-10
0.0002943406756922426,0.9997415607490996,0.9997415602655269,4.835727374086218e-10
0.0002944406756922426,0.9997418820918573,0.9997418816087199,4.831374189606663e-10
0.0002945406756922426,0.9997422030350581,0.9997422025523558,4.827023225573157e-10
0.0002946406756922426,0.999742523579199,0.9997425230969313,4.82267670243175e-10
0.0002947406756922426,0.9997428437247761,0.9997428432429427,4.818333509959416e-10
0.0002948406756922426,0.9997431634722848,0.9997431629908855,4.813992537933132e-10
0.0002949406756922426,0.9997434828222201,0.9997434823412548,4.809653786352897e-10
0.0002950406756922426,0.9997438017750766,0.9997438012945445,4.805320585887785e-10
0.0002951406756922426,0.9997441203313479,0.9997441198512489,4.800989605868722e-10
0.0002952406756922426,0.999744438491527,0.9997444380118607,4.796663066741758e-10
0.0002953406756922426,0.9997447562561064,0.9997447557768726,4.792337637837818e-10
0.0002954406756922426,0.9997450736255781,0.9997450731467764,4.788016649825977e-10
0.0002955406756922426,0.9997453906004335,0.9997453901220634,4.783701212929259e-10
0.0002956406756922426,0.999745707181163,0.9997457067032244,4.779385776032541e-10
0.0002957406756922426,0.9997460233682567,0.9997460228907492,4.775074780027921e-10
0.0002958406756922426,0.9997463391622042,0.9997463386851274,4.7707682249154e-10
0.0002959406756922426,0.9997466545634942,0.9997466540868478,4.766463890248929e-10
0.0002960406756922426,0.9997469695726151,0.9997469690963987,4.762163996474555e-10
0.0002961406756922426,0.9997472841900542,0.9997472837142677,4.757865212923207e-10
0.0002962406756922426,0.9997475984162989,0.9997475979409417,4.753571980486981e-10
0.0002963406756922426,0.9997479122518352,0.9997479117769072,4.749279858273781e-10
0.0002964406756922426,0.9997482256971494,0.99974822522265,4.744993287175703e-10
0.0002965406756922426,0.9997485387527263,0.9997485382786553,4.740710046746699e-10
0.0002966406756922426,0.9997488514190507,0.9997488509454078,4.736429026763744e-10
0.0002967406756922426,0.9997491636966065,0.9997491632233912,4.732152447672888e-10
0.0002968406756922426,0.999749475585877,0.9997494751130892,4.727878089028081e-10
0.0002969406756922426,0.9997497870873452,0.9997497866149845,4.723607061052348e-10
0.0002970406756922427,0.9997500982014932,0.9997500977295593,4.719339363745689e-10
0.0002971406756922427,0.9997504089288026,0.9997504084572951,4.715074997108104e-10
0.0002972406756922427,0.9997507192697543,0.999750718798673,4.710812850916568e-10
0.0002973406756922427,0.999751029224829,0.9997510287541733,4.706556255840155e-10
0.0002974406756922427,0.9997513387945063,0.999751338324276,4.702302991432816e-10
0.0002975406756922427,0.9997516479792653,0.99975164750946,4.698053057694551e-10
0.0002976406756922427,0.9997519567795846,0.9997519563102042,4.693804234179311e-10
0.0002977406756922427,0.9997522651959425,0.9997522647269863,4.689562072002218e-10
0.0002978406756922427,0.999752573228816,0.9997525727602841,4.685319909825125e-10
0.0002979406756922427,0.9997528808786824,0.9997528804105741,4.681083298763156e-10
0.0002980406756922427,0.9997531881460174,0.9997531876783327,4.676847797924211e-10
0.0002981406756922427,0.9997534950312971,0.9997534945640354,4.672616737977364e-10
0.0002982406756922427,0.9997538015349962,0.9997538010681574,4.668387898476567e-10
0.0002983406756922427,0.9997541076575894,0.9997541071911731,4.664163499867868e-10
0.0002984406756922427,0.9997544133995505,0.9997544129335564,4.659941321705219e-10
0.0002985406756922427,0.9997547187613528,0.9997547182957804,4.655723584434668e-10
0.0002986406756922427,0.9997550237434689,0.999755023278318,4.6515091778331907e-10
0.0002987406756922427,0.9997553283463709,0.9997553278816412,4.647296991677763e-10
0.0002988406756922427,0.9997556325705305,0.9997556321062216,4.643088136191409e-10
0.0002989406756922427,0.9997559364164185,0.99975593595253,4.638884831820178e-10
0.0002990406756922427,0.9997562398845052,0.9997562394210369,4.6346837478949965e-10
0.0002991406756922427,0.9997565429752604,0.9997565425122119,4.630484884415864e-10
0.0002992406756922427,0.9997568456891532,0.9997568452265242,4.6262904618288303e-10
0.0002993406756922427,0.9997571480266524,0.9997571475644424,4.6220993699108703e-10
0.0002994406756922427,0.9997574499882258,0.9997574495264347,4.6179104984389596e-10
0.0002995406756922427,0.9997577515743409,0.9997577511129683,4.6137260678591474e-10
0.0002996406756922427,0.9997580527854644,0.9997580523245101,4.60954274750236e-10
0.0002997406756922427,0.9997583536220628,0.9997583531615263,4.6053649782606954e-10
0.0002998406756922427,0.9997586540846017,0.9997586536244827,4.601190539688105e-10
0.0002999406756922427,0.9997589541735462,0.9997589537138444,4.5970183215615634e-10
0.0003000406756922427,0.9997592538893608,0.9997592534300758,4.5928505443271206e-10
0.0003001406756922427,0.9997595532325093,0.999759552773641,4.588682767092678e-10
0.0003002406756922427,0.9997598522034553,0.9997598517450033,4.584520540973358e-10
0.0003003406756922427,0.9997601508026616,0.9997601503446254,4.580361645523112e-10
0.0003004406756922427,0.9997604490305901,0.9997604485729698,4.576203860295891e-10
0.0003005406756922427,0.9997607468877029,0.9997607464304978,4.5720505159607683e-10
0.0003006406756922427,0.9997610443744609,0.9997610439176707,4.567901612517744e-10
0.0003007406756922427,0.9997613414913246,0.9997613410349491,4.563754929520769e-10
0.0003008406756922427,0.9997616382387537,0.9997616377827926,4.559611577192868e-10
0.0003009406756922427,0.9997619346172079,0.9997619341616607,4.555471555534041e-10
0.0003010406756922427,0.9997622306271459,0.9997622301720123,4.551335974767312e-10
0.0003011406756922428,0.9997625262690256,0.9997625258143054,4.5472026144466327e-10
0.0003012406756922428,0.9997628215433049,0.9997628210889978,4.543070364348978e-10
0.0003013406756922428,0.9997631164504409,0.9997631159965465,4.538943665366446e-10
0.0003014406756922428,0.9997634109908902,0.9997634105374081,4.5348202970529883e-10
0.0003015406756922428,0.9997637051651086,0.9997637047120385,4.530701369631629e-10
0.0003016406756922428,0.9997639989735515,0.9997639985208929,4.5265857728793435e-10
0.0003017406756922428,0.9997642924166736,0.9997642919644264,4.5224723965731073e-10
0.0003018406756922428,0.9997645854949292,0.9997645850430931,4.5183612407129203e-10
0.0003019406756922428,0.999764878208772,0.9997648777573466,4.514254525744832e-10
0.0003020406756922428,0.9997651705586552,0.99976517010764,4.510152251668842e-10
0.0003021406756922428,0.9997654625450312,0.999765462094426,4.506052198038901e-10
0.0003022406756922428,0.9997657541683518,0.9997657537181565,4.501953254631985e-10
0.0003023406756922428,0.9997660454290687,0.9997660449792829,4.497857641894143e-10
0.0003024406756922428,0.9997663363276327,0.9997663358782561,4.4937653598253746e-10
0.0003025406756922428,0.9997666268644942,0.9997666264155264,4.4896786288717294e-10
0.0003026406756922428,0.9997669170401028,0.9997669165915435,4.485593008141109e-10
0.0003027406756922428,0.9997672068549078,0.9997672064067566,4.481511828302587e-10
0.0003028406756922428,0.9997674963093578,0.9997674958616144,4.4774339791331386e-10
0.0003029406756922428,0.9997677854039009,0.9997677849565648,4.473360570855789e-10
0.0003030406756922428,0.9997680741389844,0.9997680736920554,4.4692893830244884e-10
0.0003031406756922428,0.9997683625150553,0.9997683620685333,4.465220415639237e-10
0.0003032406756922428,0.9997686505325601,0.9997686500864447,4.46115477892306e-10
0.0003033406756922428,0.9997689381919447,0.9997689377462354,4.4570924728759564e-10
0.0003034406756922428,0.9997692254936541,0.9997692250483509,4.453032387274902e-10
0.0003035406756922428,0.9997695124381333,0.9997695119932356,4.4489767425659466e-10
0.0003036406756922428,0.9997697990258265,0.9997697985813341,4.4449244285260647e-10
0.0003037406756922428,0.9997700852571771,0.9997700848130897,4.440874334932232e-10
0.0003038406756922428,0.9997703711326285,0.9997703706889456,4.436828682230498e-10
0.0003039406756922428,0.9997706566526228,0.9997706562093444,4.4327841397517886e-10
0.0003040406756922428,0.9997709418176025,0.9997709413747279,4.428746258611227e-10
0.0003041406756922428,0.9997712266280085,0.9997712261855376,4.42470948769369e-10
0.0003042406756922428,0.999771511084282,0.9997715106422145,4.420674937222202e-10
0.0003043406756922428,0.9997717951868633,0.9997717947451987,4.4166459378658374e-10
0.0003044406756922428,0.999772078936192,0.9997720784949302,4.4126180487324973e-10
0.0003045406756922428,0.9997723623327075,0.999772361891848,4.4085946004912557e-10
0.0003046406756922428,0.9997726453768484,0.9997726449363911,4.4045733726960634e-10
0.0003047406756922428,0.999772928069053,0.9997729276289974,4.4005565857929696e-10
0.0003048406756922428,0.9997732104097588,0.9997732099701044,4.3965431295589497e-10
0.0003049406756922428,0.9997734923994027,0.9997734919601495,4.392531893770979e-10
0.0003050406756922428,0.9997737740384214,0.999773773599569,4.388523988652082e-10
0.0003051406756922428,0.9997740553272507,0.9997740548887988,4.384519414202259e-10
0.0003052406756922429,0.9997743362663263,0.9997743358282745,4.38051817042151e-10
0.0003053406756922429,0.9997746168560828,0.9997746164184309,4.3765191470868103e-10
0.0003054406756922429,0.9997748970969547,0.9997748966597022,4.372524564644209e-10
0.0003055406756922429,0.9997751769893756,0.9997751765525225,4.3685310924246323e-10
0.0003056406756922429,0.999775456533779,0.9997754560973249,4.3645409508741295e-10
0.0003057406756922429,0.9997757357305976,0.999775735294542,4.36055636043875e-10
0.0003058406756922429,0.9997760145802636,0.9997760141446062,4.3565739904494194e-10
0.0003059406756922429,0.9997762930832085,0.999776292647949,4.352594951129163e-10
0.0003060406756922429,0.9997765712398634,0.9997765708050017,4.348617022031931e-10
0.0003061406756922429,0.999776849050659,0.9997768486161946,4.3446435338267975e-10
0.0003062406756922429,0.9997771265160253,0.999777126081958,4.340673376290738e-10
0.0003063406756922429,0.999777403636392,0.9997774032027212,4.336707659646777e-10
0.0003064406756922429,0.9997776804121878,0.9997776799789134,4.332744163448865e-10
0.0003065406756922429,0.9997779568438412,0.9997779564109629,4.3287828876970025e-10
0.0003066406756922429,0.9997782329317803,0.9997782324992975,4.324827163060263e-10
0.0003067406756922429,0.999778508676432,0.9997785082443448,4.320872548646548e-10
0.0003068406756922429,0.9997787840782235,0.9997787836465315,4.3169201546788827e-10
0.0003069406756922429,0.999779059137581,0.9997790587062839,4.312971091380291e-10
0.0003070406756922429,0.9997793338549306,0.9997793334240279,4.309026468973798e-10
0.0003071406756922429,0.9997796082306971,0.9997796078001886,4.3050851772363785e-10
0.0003072406756922429,0.9997798822653056,0.9997798818351908,4.301147216168033e-10
0.0003073406756922429,0.99978015595918,0.9997801555294588,4.2972125857687615e-10
0.0003074406756922429,0.9997804293127441,0.9997804288834161,4.293280175815539e-10
0.0003075406756922429,0.9997807023264211,0.9997807018974859,4.2893522067544154e-10
0.0003076406756922429,0.9997809750006333,0.9997809745720908,4.285425347916316e-10
0.0003077406756922429,0.9997812473358031,0.999781246907653,4.2815007095242663e-10
0.0003078406756922429,0.9997815193323522,0.9997815189045939,4.277582732470364e-10
0.0003079406756922429,0.9997817909907012,0.9997817905633347,4.273664755416462e-10
0.0003080406756922429,0.999782062311271,0.9997820618842957,4.269752329477683e-10
0.0003081406756922429,0.9997823332944814,0.9997823328678972,4.265842123984953e-10
0.0003082406756922429,0.9997826039407519,0.9997826035145584,4.261935249161297e-10
0.0003083406756922429,0.9997828742505015,0.9997828738246983,4.258031705006715e-10
0.0003084406756922429,0.9997831442241486,0.9997831437987355,4.254131491521207e-10
0.0003085406756922429,0.999783413862111,0.9997834134370877,4.250233498481748e-10
0.0003086406756922429,0.9997836831648063,0.9997836827401724,4.246338836111363e-10
0.0003087406756922429,0.9997839521326511,0.9997839517084064,4.242447504410052e-10
0.0003088406756922429,0.9997842207660621,0.9997842203422062,4.2385595033778145e-10
0.0003089406756922429,0.9997844890654548,0.9997844886419874,4.2346737227916265e-10
0.0003090406756922429,0.9997847570312448,0.9997847566081656,4.230792383097537e-10
0.0003091406756922429,0.9997850246638467,0.9997850242411553,4.2269132638494966e-10
0.0003092406756922429,0.9997852919636748,0.9997852915413712,4.2230363650475056e-10
0.000309340675692243,0.999785558931143,0.9997855585092266,4.219163907137613e-10
0.000309440675692243,0.9997858255666644,0.999785825145135,4.2152936696737697e-10
0.000309540675692243,0.9997860918706516,0.9997860914495091,4.211424542432951e-10
0.000309640675692243,0.9997863578435172,0.9997863574227612,4.207559856084231e-10
0.000309740675692243,0.9997866234856728,0.999786623065303,4.2036985004045846e-10
0.000309840675692243,0.9997868887975297,0.9997868883775455,4.1998426958400614e-10
0.000309940675692243,0.9997871537794986,0.9997871533598996,4.1959891117215875e-10
0.000310040675692243,0.9997874184319893,0.9997874180127755,4.192137748049163e-10
0.000310140675692243,0.9997876827554117,0.9997876823365828,4.188289715045812e-10
0.000310240675692243,0.9997879467501751,0.9997879463317306,4.184445012711535e-10
0.000310340675692243,0.9997882104166881,0.9997882099986276,4.1806047512693567e-10
0.000310440675692243,0.9997884737553585,0.9997884733376821,4.1767644898271783e-10
0.000310540675692243,0.9997887367665944,0.9997887363493015,4.1729286692770984e-10
0.000310640675692243,0.9997889994508028,0.9997889990338931,4.169097289619117e-10
0.000310740675692243,0.9997892618083902,0.9997892613918634,4.165268130407185e-10
0.000310840675692243,0.9997895238397626,0.9997895234236186,4.1614400814182773e-10
0.000310940675692243,0.9997897855453259,0.9997897851295643,4.157616473321468e-10
0.000311040675692243,0.9997900469254853,0.9997900465101057,4.153796195893733e-10
0.000311140675692243,0.999790307980645,0.9997903075656472,4.149978138912047e-10
0.000311240675692243,0.9997905687112094,0.9997905682965931,4.146163412599435e-10
0.000311340675692243,0.9997908291175821,0.9997908287033469,4.142352016955897e-10
0.000311440675692243,0.9997910892001661,0.9997910887863116,4.1385450622044573e-10
0.000311540675692243,0.9997913489593638,0.9997913485458901,4.134736997229993e-10
0.000311640675692243,0.9997916083955777,0.9997916079824842,4.130934483370652e-10
0.000311740675692243,0.9997918675092093,0.9997918670964957,4.127136410403409e-10
0.000311840675692243,0.9997921263006597,0.9997921258883256,4.1233416681052404e-10
0.000311940675692243,0.9997923847703294,0.9997923843583745,4.119549146253121e-10
0.000312040675692243,0.9997926429186186,0.9997926425070425,4.1157610652931e-10
0.000312140675692243,0.9997929007459265,0.9997929003347291,4.1119740945561034e-10
0.000312240675692243,0.9997931582526528,0.9997931578418338,4.108190454488181e-10
0.000312340675692243,0.9997934154391956,0.9997934150287547,4.1044090348663076e-10
0.000312440675692243,0.9997936723059533,0.9997936718958902,4.100630945913508e-10
0.000312540675692243,0.9997939288533235,0.9997939284436379,4.0968561876297827e-10
0.000312640675692243,0.9997941850817034,0.9997941846723949,4.093084760015131e-10
0.000312740675692243,0.9997944409914894,0.9997944405825578,4.0893155528465286e-10
0.000312840675692243,0.9997946965830778,0.9997946961745229,4.085549676347e-10
0.000312940675692243,0.9997949518568644,0.9997949514486856,4.08178824073957e-10
0.000313040675692243,0.9997952068132442,0.9997952064054412,4.078030135801214e-10
0.000313140675692243,0.9997954614526116,0.9997954610451842,4.0742731410858823e-10
0.000313240675692243,0.999795715775361,0.999795715368309,4.0705194770396247e-10
0.000313340675692243,0.9997959697818861,0.9997959693752093,4.0667680334394163e-10
0.0003134406756922431,0.9997962234725801,0.999796223066278,4.0630210307313064e-10
0.0003135406756922431,0.9997964768478358,0.9997964764419082,4.0592762484692457e-10
0.0003136406756922431,0.9997967299080454,0.9997967295024917,4.055537017322308e-10
0.0003137406756922431,0.9997969826536004,0.9997969822484205,4.0517988963983953e-10
0.0003138406756922431,0.9997972350848922,0.9997972346800857,4.0480641061435563e-10
0.0003139406756922431,0.9997974872023115,0.9997974867978783,4.044332646557791e-10
0.0003140406756922431,0.9997977390062485,0.9997977386021882,4.0406022971950506e-10
0.0003141406756922431,0.9997979904970931,0.9997979900934054,4.0368763887244086e-10
0.0003142406756922431,0.9997982416752346,0.9997982412719193,4.033152700699816e-10
0.0003143406756922431,0.9997984925410618,0.9997984921381186,4.029432343344297e-10
0.0003144406756922431,0.999798743094963,0.9997987426923914,4.025715316657852e-10
0.0003145406756922431,0.9997989933373262,0.999798992935126,4.0220027308635053e-10
0.0003146406756922431,0.9997992432685386,0.9997992428667094,4.018292365515208e-10
0.0003147406756922431,0.9997994928889871,0.9997994924875286,4.01458422061296e-10
0.0003148406756922431,0.999799742199058,0.99979974179797,4.010879406379786e-10
0.0003149406756922431,0.9997999911991373,0.9997999907984196,4.007176812592661e-10
0.0003150406756922431,0.9998002398896106,0.9998002394892629,4.00347754947461e-10
0.0003151406756922431,0.9998004882708628,0.9998004878708846,3.999781617025633e-10
0.0003152406756922431,0.9998007363432783,0.9998007359436694,3.9960890152457296e-10
0.0003153406756922431,0.999800984107241,0.9998009837080012,3.9923986339118755e-10
0.0003154406756922431,0.9998012315631347,0.9998012311642636,3.9887115832470954e-10
0.0003155406756922431,0.9998014787113424,0.9998014783128396,3.985027863251389e-10
0.0003156406756922431,0.9998017255522466,0.9998017251541118,3.9813474739247567e-10
0.0003157406756922431,0.9998019720862292,0.9998019716884623,3.9776693050441736e-10
0.0003158406756922431,0.9998022183136722,0.9998022179162728,3.9739944668326643e-10
0.0003159406756922431,0.9998024642349566,0.9998024638379243,3.970322959290229e-10
0.0003160406756922431,0.999802709850463,0.9998027094537975,3.966655892639892e-10
0.0003161406756922431,0.9998029551605717,0.9998029547642727,3.96298993621258e-10
0.0003162406756922431,0.9998032001656623,0.9998031997697296,3.959326200231317e-10
0.0003163406756922431,0.9998034448661143,0.9998034444705475,3.955668015365177e-10
0.0003164406756922431,0.9998036892623061,0.9998036888671051,3.952009830499037e-10
0.0003165406756922431,0.9998039333546163,0.9998039329597808,3.948354976301971e-10
0.0003166406756922431,0.9998041771434227,0.9998041767489523,3.9447045629970034e-10
0.0003167406756922431,0.9998044206291027,0.999804420234997,3.941056370138085e-10
0.0003168406756922431,0.9998046638120331,0.9998046634182921,3.937410397725216e-10
0.0003169406756922431,0.9998049066925905,0.9998049062992137,3.933767755981421e-10
0.0003170406756922431,0.9998051492711508,0.9998051488781379,3.9301295551297244e-10
0.0003171406756922431,0.9998053915480896,0.9998053911554402,3.926493574724077e-10
0.0003172406756922431,0.9998056335237815,0.9998056331314956,3.922858704541454e-10
0.0003173406756922431,0.9998058751986015,0.9998058748066787,3.91922827525093e-10
0.0003174406756922431,0.9998061165729238,0.9998061161813636,3.915602286852504e-10
0.0003175406756922432,0.9998063576471218,0.999806357255924,3.911977408677103e-10
0.0003176406756922432,0.9998065984215686,0.9998065980307329,3.9083569713938004e-10
0.0003177406756922432,0.999806838896637,0.9998068385061633,3.9047376443335224e-10
0.0003178406756922432,0.9998070790726993,0.9998070786825871,3.9011216479423183e-10
0.0003179406756922432,0.9998073189501273,0.9998073185603763,3.8975100924432127e-10
0.0003180406756922432,0.9998075585292922,0.9998075581399022,3.8938996471671317e-10
0.0003181406756922432,0.9998077978105651,0.9998077974215356,3.890294753006174e-10
0.0003182406756922432,0.9998080367943161,0.999808036405647,3.8866909690682405e-10
0.0003183406756922432,0.9998082754809151,0.9998082750926062,3.8830894055763565e-10
0.0003184406756922432,0.9998085138707319,0.9998085134827828,3.8794911727535464e-10
0.0003185406756922432,0.9998087519641353,0.9998087515765457,3.87589627059981e-10
0.0003186406756922432,0.9998089897614939,0.9998089893742635,3.872303588892123e-10
0.0003187406756922432,0.999809227263176,0.9998092268763045,3.8687153480765346e-10
0.0003188406756922432,0.9998094644695491,0.9998094640830361,3.86513043793002e-10
0.0003189406756922432,0.9998097013809801,0.9998097009948255,3.86154663800653e-10
0.0003190406756922432,0.9998099379978362,0.9998099376120394,3.857968389198163e-10
0.0003191406756922432,0.9998101743204834,0.9998101739350443,3.854390140389796e-10
0.0003192406756922432,0.9998104103492875,0.9998104099642059,3.850816332473528e-10
0.0003193406756922432,0.9998106460846139,0.9998106456998895,3.847243634780284e-10
0.0003194406756922432,0.9998108815268276,0.9998108811424601,3.843675377979139e-10
0.0003195406756922432,0.9998111166762931,0.999811116292282,3.8401104518470675e-10
0.0003196406756922432,0.9998113515333743,0.9998113511497194,3.83654885638407e-10
0.0003197406756922432,0.9998115860984348,0.9998115857151357,3.8329905915901463e-10
0.0003198406756922432,0.9998118203718375,0.9998118199888942,3.8294323267962227e-10
0.0003199406756922432,0.9998120543539453,0.9998120539713573,3.825879613117422e-10
0.0003200406756922432,0.9998122880451202,0.9998122876628873,3.822329119884671e-10
0.0003201406756922432,0.9998125214457241,0.999812521063846,3.818780847097969e-10
0.0003202406756922432,0.9998127545561181,0.9998127541745947,3.8152336845342916e-10
0.0003203406756922432,0.9998129873766632,0.999812986995494,3.8116920730857373e-10
0.0003204406756922432,0.9998132199077199,0.9998132195269047,3.8081515718602077e-10
0.0003205406756922432,0.9998134521496479,0.9998134517691865,3.804614401303752e-10
0.0003206406756922432,0.9998136841028069,0.9998136837226989,3.80108056141637e-10
0.0003207406756922432,0.999813915767556,0.9998139153878008,3.7975511624210867e-10
0.0003208406756922432,0.9998141471442538,0.9998141467648513,3.794025094094877e-10
0.0003209406756922432,0.9998143782332581,0.9998143778542081,3.7905001359916923e-10
0.0003210406756922432,0.9998146090349269,0.9998146086562292,3.7869773983345567e-10
0.0003211406756922432,0.9998148395496177,0.9998148391712717,3.783460211792544e-10
0.0003212406756922432,0.999815069777687,0.9998150693996924,3.779945245696581e-10
0.0003213406756922432,0.999815299719491,0.9998152993418479,3.7764313898236423e-10
0.0003214406756922432,0.9998155293753861,0.999815528998094,3.7729208646197776e-10
0.0003215406756922432,0.9998157587457275,0.9998157583687862,3.769412559861962e-10
0.0003216406756922432,0.9998159878308704,0.9998159874542795,3.7659098062192697e-10
0.0003217406756922433,0.9998162166311694,0.9998162162549287,3.7624070525765774e-10
0.0003218406756922433,0.9998164451469788,0.9998164447710878,3.758909850049008e-10
0.0003219406756922433,0.999816673378652,0.9998166730031105,3.755414867967488e-10
0.0003220406756922433,0.9998169013265423,0.9998169009513502,3.751920996108993e-10
0.0003221406756922433,0.9998171289910028,0.9998171286161599,3.7484293446965467e-10
0.0003222406756922433,0.9998173563723859,0.9998173559978917,3.744942134176199e-10
0.0003223406756922433,0.9998175834710434,0.9998175830968978,3.741456033878876e-10
0.0003224406756922433,0.9998178102873272,0.9998178099135296,3.737975484696676e-10
0.0003225406756922433,0.9998180368215881,0.9998180364481384,3.7344971559605256e-10
0.0003226406756922433,0.999818263074177,0.9998182627010747,3.7310232681164734e-10
0.0003227406756922433,0.9998184890454438,0.9998184886726887,3.727550490495446e-10
0.0003228406756922433,0.9998187147357384,0.9998187143633304,3.7240799333204677e-10
0.0003229406756922433,0.9998189401454103,0.999818939773349,3.7206127068145634e-10
0.0003230406756922433,0.9998191652748082,0.9998191649030934,3.717147700754708e-10
0.0003231406756922433,0.9998193901242808,0.9998193897529122,3.713686025363927e-10
0.0003232406756922433,0.9998196146941761,0.9998196143231534,3.7102276806422196e-10
0.0003233406756922433,0.9998198389848418,0.9998198386141646,3.706772666589586e-10
0.0003234406756922433,0.999820062996625,0.999820062626293,3.703319872983002e-10
0.0003235406756922433,0.9998202867298724,0.9998202863598854,3.6998704100454916e-10
0.0003236406756922433,0.9998205101849306,0.9998205098152881,3.696424277777055e-10
0.0003237406756922433,0.9998207333621452,0.9998207329928471,3.692980365954668e-10
0.0003238406756922433,0.9998209562618616,0.9998209558929078,3.68953867457833e-10
0.0003239406756922433,0.9998211788844252,0.9998211785158152,3.6861003138710657e-10
0.0003240406756922433,0.9998214012301804,0.999821400861914,3.682664173609851e-10
0.0003241406756922433,0.9998216232994713,0.9998216229315482,3.67923136401771e-10
0.0003242406756922433,0.9998218450926418,0.9998218447250617,3.675800774871618e-10
0.0003243406756922433,0.9998220666100353,0.9998220662427979,3.6723735163946003e-10
0.0003244406756922433,0.9998222878519945,0.9998222874850995,3.6689495885866563e-10
0.0003245406756922433,0.9998225088188619,0.9998225084523092,3.665526771001737e-10
0.0003246406756922433,0.9998227295109797,0.9998227291447689,3.662108394308916e-10
0.0003247406756922433,0.9998229499286895,0.9998229495628201,3.658693348285169e-10
0.0003248406756922433,0.9998231700723325,0.9998231697068044,3.6552805227074714e-10
0.0003249406756922433,0.9998233899422493,0.9998233895770622,3.6518710277988475e-10
0.0003250406756922433,0.9998236095387804,0.999823609173934,3.648463753336273e-10
0.0003251406756922433,0.9998238288622656,0.9998238284977596,3.645059809542772e-10
0.0003252406756922433,0.9998240479130446,0.9998240475488788,3.6416580861953207e-10
0.0003253406756922433,0.9998242666914562,0.9998242663276304,3.638257473070894e-10
0.0003254406756922433,0.9998244851978394,0.9998244848343532,3.63486241106159e-10
0.0003255406756922433,0.9998247034325322,0.9998247030693853,3.631468459275311e-10
0.0003256406756922433,0.9998249213958725,0.9998249210330646,3.6280789483811304e-10
0.0003257406756922433,0.9998251390881978,0.9998251387257286,3.624691657932999e-10
0.0003258406756922434,0.9998253565098449,0.9998253561477142,3.6213076981539416e-10
0.0003259406756922434,0.9998255736611504,0.999825573299358,3.617924848597909e-10
0.0003260406756922434,0.9998257905424506,0.9998257901809959,3.6145464399339744e-10
0.0003261406756922434,0.999826007154081,0.999826006792964,3.6111702517160893e-10
0.0003262406756922434,0.9998262234963771,0.9998262231355973,3.607797394167278e-10
0.0003263406756922434,0.9998264395696737,0.999826439209231,3.604426757064516e-10
0.0003264406756922434,0.9998266553743052,0.9998266550141992,3.601059450630828e-10
0.0003265406756922434,0.9998268709106056,0.9998268705508362,3.597694364643189e-10
0.0003266406756922434,0.9998270861789087,0.9998270858194757,3.594330388878575e-10
0.0003267406756922434,0.9998273011795478,0.9998273008204507,3.590970854006059e-10
0.0003268406756922434,0.9998275159128556,0.9998275155540941,3.5876146498026174e-10
0.0003269406756922434,0.9998277303791645,0.9998277300207384,3.584260666045225e-10
0.0003270406756922434,0.9998279445788065,0.9998279442207155,3.580910012956906e-10
0.0003271406756922434,0.9998281585121132,0.999828158154357,3.5775615803146366e-10
0.0003272406756922434,0.9998283721794157,0.999828371821994,3.574216478341441e-10
0.0003273406756922434,0.9998285855810447,0.9998285852239573,3.5708735968142946e-10
0.0003274406756922434,0.9998287987173307,0.9998287983605774,3.5675329357331975e-10
0.0003275406756922434,0.9998290115886035,0.9998290112321839,3.5641956053211743e-10
0.0003276406756922434,0.9998292241951927,0.9998292238391066,3.560861605578225e-10
0.0003277406756922434,0.9998294365374274,0.9998294361816743,3.5575309365043495e-10
0.0003278406756922434,0.9998296486156363,0.999829648260216,3.5542024878765233e-10
0.0003279406756922434,0.9998298604301477,0.9998298600750599,3.550877369917771e-10
0.0003280406756922434,0.9998300719812893,0.9998300716265338,3.547554472405068e-10
0.0003281406756922434,0.9998302832693886,0.9998302829149653,3.5442326851153894e-10
0.0003282406756922434,0.9998304942947729,0.9998304939406814,3.5409153387178094e-10
0.0003283406756922434,0.9998307050577687,0.9998307047040087,3.5376002127662787e-10
0.0003284406756922434,0.9998309155587023,0.9998309152052735,3.534288417483822e-10
0.0003285406756922434,0.9998311257978995,0.9998311254448017,3.5309777324243896e-10
0.0003286406756922434,0.9998313357756857,0.9998313354229187,3.5276703780340313e-10
0.0003287406756922434,0.9998315454923862,0.9998315451399494,3.5243674645357714e-10
0.0003288406756922434,0.9998317549483254,0.9998317545962188,3.521066771483561e-10
0.0003289406756922434,0.9998319641438276,0.9998319637920507,3.5177682988773995e-10
0.0003290406756922434,0.9998321730792166,0.9998321727277693,3.514473156940312e-10
0.0003291406756922434,0.9998323817548157,0.9998323814036977,3.511180235449274e-10
0.0003292406756922434,0.9998325901709483,0.9998325898201591,3.507891754850334e-10
0.0003293406756922434,0.9998327983279365,0.9998327979774762,3.5046032742513944e-10
0.0003294406756922434,0.9998330062261027,0.999833005875971,3.501317014098504e-10
0.0003295406756922434,0.9998332138657688,0.9998332135159655,3.4980329743916627e-10
0.0003296406756922434,0.9998334212472566,0.999833420897781,3.494755596022969e-10
0.0003297406756922434,0.9998336283708866,0.9998336280217387,3.4914793278773004e-10
0.0003298406756922434,0.9998338352369797,0.9998338348881589,3.48820750062373e-10
0.0003299406756922435,0.9998340418458558,0.9998340414973621,3.4849367835931844e-10
0.0003300406756922435,0.9998342481978351,0.9998342478496681,3.4816693972317125e-10
0.0003301406756922435,0.9998344542932367,0.9998344539453962,3.4784053415393146e-10
0.0003302406756922435,0.9998346601323796,0.9998346597848655,3.4751412858469166e-10
0.0003303406756922435,0.9998348657155828,0.9998348653683946,3.471881671046617e-10
0.0003304406756922435,0.9998350710431644,0.9998350706963017,3.468626497138416e-10
0.0003305406756922435,0.999835276115442,0.9998352757689049,3.465371323230215e-10
0.0003306406756922435,0.9998354809327331,0.9998354805865212,3.462119479991088e-10
0.0003307406756922435,0.9998356854953548,0.999835685149468,3.4588687469749857e-10
0.0003308406756922435,0.999835889803624,0.9998358894580618,3.4556224548509817e-10
0.0003309406756922435,0.9998360938578569,0.9998360935126189,3.4523794933960517e-10
0.0003310406756922435,0.9998362976583691,0.9998362973134552,3.449138752387171e-10
0.0003311406756922435,0.9998365012054763,0.9998365008608862,3.445901342047364e-10
0.0003312406756922435,0.9998367044994935,0.9998367041552269,3.442666152153606e-10
0.0003313406756922435,0.9998369075407353,0.999836907196792,3.4394331827058977e-10
0.0003314406756922435,0.999837110329516,0.9998371099858958,3.4362024337042385e-10
0.0003315406756922435,0.9998373128661499,0.9998373125228524,3.432975015371653e-10
0.0003316406756922435,0.9998375151509501,0.999837514807975,3.4297509277081417e-10
0.0003317406756922435,0.9998377171842299,0.9998377168415769,3.426530170713704e-10
0.0003318406756922435,0.999837918966302,0.9998379186239708,3.4233127443883404e-10
0.0003319406756922435,0.9998381204974787,0.9998381201554691,3.4200953180629767e-10
0.0003320406756922435,0.999838321778072,0.9998383214363837,3.4168823326297115e-10
0.0003321406756922435,0.9998385228083934,0.9998385224670263,3.413670457419471e-10
0.0003322406756922435,0.999838723588754,0.999838723247708,3.4104608026552796e-10
0.0003323406756922435,0.999838924119465,0.9998389237787395,3.407254478560162e-10
0.0003324406756922435,0.9998391244008366,0.9998391240604314,3.4040514851341186e-10
0.0003325406756922435,0.9998393244331789,0.9998393240930936,3.4008529326001735e-10
0.0003326406756922435,0.9998395242168013,0.9998395238770358,3.397655490289253e-10
0.0003327406756922435,0.9998397237520132,0.9998397234125673,3.394459158201357e-10
0.0003328406756922435,0.9998399230391236,0.9998399226999969,3.39126726700556e-10
0.0003329406756922435,0.9998401220784409,0.999840121739633,3.3880787064788365e-10
0.0003330406756922435,0.9998403208702732,0.999840320531784,3.3848923663981623e-10
0.0003331406756922435,0.9998405194149281,0.9998405190767572,3.381709356986562e-10
0.0003332406756922435,0.9998407177127131,0.9998407173748604,3.378527457797986e-10
0.0003333406756922435,0.999840915763935,0.9998409154264001,3.3753488892784844e-10
0.0003334406756922435,0.9998411135689005,0.9998411132316832,3.372172541205032e-10
0.0003335406756922435,0.9998413111279159,0.9998413107910159,3.368999523800653e-10
0.0003336406756922435,0.9998415084412867,0.9998415081047038,3.3658287268423237e-10
0.0003337406756922435,0.9998417055093187,0.9998417051730525,3.362662370776093e-10
0.0003338406756922435,0.9998419023323167,0.999841901996367,3.3594971249328864e-10
0.0003339406756922435,0.9998420989105854,0.999842098574952,3.3563340995357294e-10
0.0003340406756922436,0.9998422952444291,0.9998422949091118,3.3531732945846215e-10
0.0003341406756922436,0.9998424913341518,0.9998424909991502,3.3500158203025876e-10
0.0003342406756922436,0.9998426871800572,0.9998426868453709,3.346862786912652e-10
0.0003343406756922436,0.999842882782448,0.999842882448077,3.3437108637457413e-10
0.0003344406756922436,0.9998430781416274,0.9998430778075712,3.3405622712479044e-10
0.0003345406756922436,0.9998432732578976,0.9998432729241561,3.337414788973092e-10
0.0003346406756922436,0.9998434681315607,0.9998434677981336,3.3342706373673536e-10
0.0003347406756922436,0.9998436627629184,0.9998436624298053,3.3311309266537137e-10
0.0003348406756922436,0.9998438571522718,0.9998438568194726,3.327991215940074e-10
0.0003349406756922436,0.999844051299922,0.9998440509674364,3.3248559461185323e-10
0.0003350406756922436,0.9998442452061694,0.9998442448739971,3.32172289674304e-10
0.0003351406756922436,0.9998444388713142,0.9998444385394551,3.3185909575905725e-10
0.0003352406756922436,0.9998446322956563,0.99984463196411,3.3154634593302035e-10
0.0003353406756922436,0.9998448254794952,0.9998448251482612,3.3123392917389083e-10
0.0003354406756922436,0.9998450184231295,0.9998450180922079,3.309215124147613e-10
0.0003355406756922436,0.9998452111268582,0.9998452107962487,3.3060953974484164e-10
0.0003356406756922436,0.9998454035909796,0.9998454032606817,3.3029790014182936e-10
0.0003357406756922436,0.9998455958157915,0.9998455954858052,3.299862605388171e-10
0.0003358406756922436,0.9998457878015916,0.9998457874719164,3.296751760473171e-10
0.0003359406756922436,0.999845979548677,0.9998459792193127,3.2936431360042207e-10
0.0003360406756922436,0.9998461710573445,0.9998461707282909,3.2905367319813195e-10
0.0003361406756922436,0.9998463623278906,0.9998463619991473,3.2874325484044675e-10
0.0003362406756922436,0.9998465533606112,0.9998465530321782,3.284330585273665e-10
0.0003363406756922436,0.9998467441558023,0.9998467438276792,3.2812308425889114e-10
0.0003364406756922436,0.9998469347137592,0.9998469343859456,3.2781355407962565e-10
0.0003365406756922436,0.9998471250347767,0.9998471247072724,3.275042459449651e-10
0.0003366406756922436,0.9998473151191494,0.9998473147919543,3.2719504883260697e-10
0.0003367406756922436,0.9998475049671716,0.9998475046402854,3.2688618478715625e-10
0.0003368406756922436,0.9998476945791372,0.9998476942525597,3.2657754278631046e-10
0.0003369406756922436,0.99984788395534,0.9998478836290706,3.262693448746745e-10
0.0003370406756922436,0.9998480730960725,0.9998480727701115,3.259610359407361e-10
0.0003371406756922436,0.9998482620016281,0.9998482616759747,3.256533931406125e-10
0.0003372406756922436,0.999848450672299,0.9998484503469531,3.253458613627913e-10
0.0003373406756922436,0.9998486391083772,0.9998486387833386,3.2503855162957507e-10
0.0003374406756922436,0.9998488273101543,0.9998488269854228,3.247315749632662e-10
0.0003375406756922436,0.9998490152779219,0.9998490149534971,3.244248203415623e-10
0.0003376406756922436,0.9998492030119709,0.9998492026878525,3.2411839878676574e-10
0.0003377406756922436,0.9998493905125918,0.9998493901887795,3.238123102988766e-10
0.0003378406756922436,0.9998495777800747,0.9998495774565684,3.2350622181098743e-10
0.0003379406756922436,0.9998497648147096,0.9998497644915091,3.2320046639000566e-10
0.0003380406756922436,0.999849951616786,0.9998499512938912,3.2289482199132635e-10
0.0003381406756922437,0.9998501381865933,0.9998501378640037,3.225896216818569e-10
0.0003382406756922437,0.9998503245244202,0.9998503242021355,3.2228475443929483e-10
0.0003383406756922437,0.9998505106305552,0.999850510308575,3.2198022026364015e-10
0.0003384406756922437,0.9998506965052861,0.9998506961836103,3.2167579711028793e-10
0.0003385406756922437,0.9998508821489008,0.9998508818275291,3.213717070238431e-10
0.0003386406756922437,0.9998510675616866,0.9998510672406189,3.2106772795970073e-10
0.0003387406756922437,0.9998512527439306,0.9998512524231666,3.207639709401633e-10
0.0003388406756922437,0.9998514376959196,0.9998514373754589,3.204606580098357e-10
0.0003389406756922437,0.9998516224179396,0.999851622097782,3.2015756712411303e-10
0.0003390406756922437,0.9998518069102768,0.9998518065904219,3.1985480930529775e-10
0.0003391406756922437,0.9998519911732165,0.9998519908536643,3.195522735310874e-10
0.0003392406756922437,0.9998521752070442,0.9998521748877943,3.192498487791795e-10
0.0003393406756922437,0.9998523590120446,0.9998523586930967,3.1894786811648146e-10
0.0003394406756922437,0.9998525425885023,0.9998525422698563,3.186459984760859e-10
0.0003395406756922437,0.9998527259367015,0.999852725618357,3.183444619025977e-10
0.0003396406756922437,0.9998529090569259,0.9998529087388829,3.1804303635141196e-10
0.0003397406756922437,0.9998530919494591,0.9998530916317171,3.177420548894361e-10
0.0003398406756922437,0.9998532746145841,0.9998532742971429,3.1744118444976266e-10
0.0003399406756922437,0.9998534570525837,0.9998534567354431,3.1714053605469417e-10
0.0003400406756922437,0.9998536392637403,0.9998536389469,3.1684022072653306e-10
0.0003401406756922437,0.999853821248336,0.9998538209317959,3.165401274429769e-10
0.0003402406756922437,0.9998540030066525,0.9998540026904121,3.162403672263281e-10
0.0003403406756922437,0.9998541845389713,0.9998541842230304,3.159409400765867e-10
0.0003404406756922437,0.9998543658455732,0.9998543655299315,3.156417349714502e-10
0.0003405406756922437,0.9998545469267388,0.9998545466113961,3.1534275191091865e-10
0.0003406406756922437,0.9998547277827486,0.9998547274677045,3.150441019172945e-10
0.0003407406756922437,0.9998549084138825,0.9998549080991368,3.1474567396827524e-10
0.0003408406756922437,0.99985508882042,0.9998550885059725,3.144474680638609e-10
0.0003409406756922437,0.9998552690026403,0.9998552686884908,3.1414948420405153e-10
0.0003410406756922437,0.9998554489608225,0.9998554486469708,3.138516113665446e-10
0.0003411406756922437,0.9998556286952451,0.999855628381691,3.135541826182475e-10
0.0003412406756922437,0.9998558082061864,0.9998558078929295,3.132568648922529e-10
0.0003413406756922437,0.9998559874939242,0.9998559871809642,3.1295999125546814e-10
0.0003414406756922437,0.9998561665587361,0.9998561662460729,3.1266322864098584e-10
0.0003415406756922437,0.9998563454008992,0.9998563450885324,3.123667990934109e-10
0.0003416406756922437,0.9998565240206904,0.9998565237086198,3.1207059159044093e-10
0.0003417406756922437,0.999856702418386,0.9998567021066115,3.117744951097734e-10
0.0003418406756922437,0.9998568805942625,0.9998568802827836,3.114788427183157e-10
0.0003419406756922437,0.9998570585485956,0.999857058237412,3.111836344160679e-10
0.0003420406756922437,0.9998572362816607,0.9998572359707723,3.1088842611382006e-10
0.0003421406756922437,0.9998574137937329,0.9998574134831393,3.105936619007821e-10
0.0003422406756922438,0.999857591085087,0.999857590774788,3.1029900871004656e-10
0.0003423406756922438,0.9998577681559973,0.9998577678459928,3.100044665416135e-10
0.0003424406756922438,0.999857945006738,0.9998579446970278,3.097101464177854e-10
0.0003425406756922438,0.999858121637583,0.9998581213281668,3.094162703831671e-10
0.0003426406756922438,0.9998582980488055,0.999858297739683,3.091225053708513e-10
0.0003427406756922438,0.999858474240679,0.9998584739318498,3.088291844477453e-10
0.0003428406756922438,0.9998586502134758,0.9998586499049398,3.085359745469418e-10
0.0003429406756922438,0.9998588259674683,0.9998588256592253,3.0824298669074324e-10
0.0003430406756922438,0.9998590015029288,0.9998590011949785,3.0795033190145205e-10
0.0003431406756922438,0.999859176820129,0.999859176512471,3.0765801017906824e-10
0.0003432406756922438,0.9998593519193401,0.9998593516119744,3.0736568845668444e-10
0.0003433406756922438,0.9998595268008332,0.9998595264937595,3.07073699801208e-10
0.0003434406756922438,0.9998597014648792,0.9998597011580971,3.0678215523494146e-10
0.0003435406756922438,0.9998598759117485,0.9998598756052577,3.064908327132798e-10
0.0003436406756922438,0.9998600501417109,0.999860049835511,3.0619984325852556e-10
0.0003437406756922438,0.9998602241550358,0.9998602238491271,3.0590874278146885e-10
0.0003438406756922438,0.9998603979519931,0.9998603976463751,3.056179753713195e-10
0.0003439406756922438,0.9998605715328518,0.9998605712275243,3.053275410280776e-10
0.0003440406756922438,0.9998607448978805,0.999860744592843,3.05037439751743e-10
0.0003441406756922438,0.9998609180473474,0.9998609177425999,3.047475605200134e-10
0.0003442406756922438,0.9998610909815209,0.9998610906770629,3.0445801435519115e-10
0.0003443406756922438,0.9998612637006683,0.9998612633964996,3.0416869023497384e-10
0.0003444406756922438,0.9998614362050571,0.9998614359011776,3.03879477137059e-10
0.0003445406756922438,0.9998616084949543,0.9998616081913637,3.035905971060515e-10
0.0003446406756922438,0.9998617805706267,0.9998617802673248,3.03301939119649e-10
0.0003447406756922438,0.9998619524323406,0.9998619521293272,3.030133921555489e-10
0.0003448406756922438,0.999862124080362,0.9998621237776367,3.0272528928065867e-10
0.0003449406756922438,0.9998622955149566,0.9998622952125193,3.024372974280709e-10
0.0003450406756922438,0.99986246673639,0.9998624664342404,3.0214963864239053e-10
0.0003451406756922438,0.9998626377449271,0.9998626374430648,3.0186231292361754e-10
0.0003452406756922438,0.9998628085408323,0.9998628082392573,3.0157498720484455e-10
0.0003453406756922438,0.9998629791243704,0.9998629788230824,3.0128799455297894e-10
0.0003454406756922438,0.9998631494958055,0.999863149194804,3.010014459903232e-10
0.0003455406756922438,0.999863319655401,0.9998633193546861,3.0071489742766744e-10
0.0003456406756922438,0.9998634896034206,0.9998634893029917,3.00428903976524e-10
0.0003457406756922438,0.9998636593401272,0.9998636590399842,3.00143021547683e-10
0.0003458406756922438,0.9998638288657834,0.9998638285659263,2.9985713911884204e-10
0.0003459406756922438,0.999863998180652,0.9998639978810802,2.995718118015134e-10
0.0003460406756922438,0.9998641672849948,0.9998641669857081,2.9928670652878964e-10
0.0003461406756922438,0.9998643361790736,0.999864335880072,2.990016012560659e-10
0.0003462406756922438,0.9998645048631498,0.9998645045644331,2.987167180279471e-10
0.0003463406756922439,0.9998646733374849,0.9998646730390525,2.984323899113406e-10
0.0003464406756922439,0.9998648416023392,0.9998648413041911,2.9814817281703654e-10
0.0003465406756922439,0.9998650096579734,0.9998650093601094,2.9786406674503496e-10
0.0003466406756922439,0.9998651775046477,0.9998651772070674,2.9758029373994077e-10
0.0003467406756922439,0.9998653451426218,0.9998653448453249,2.9729696482405643e-10
0.0003468406756922439,0.9998655125721552,0.9998655122751415,2.970136359081721e-10
0.0003469406756922439,0.9998656797935072,0.9998656794967765,2.9673064005919514e-10
0.0003470406756922439,0.9998658468069366,0.9998658465104886,2.9644797727712557e-10
0.0003471406756922439,0.9998660136127018,0.9998660133165364,2.9616542551735847e-10
0.0003472406756922439,0.9998661802110611,0.9998661799151779,2.9588320682449876e-10
0.0003473406756922439,0.9998663466022724,0.9998663463066713,2.956010991539415e-10
0.0003474406756922439,0.9998665127865933,0.9998665124912739,2.953194355725941e-10
0.0003475406756922439,0.9998666787642809,0.999866678469243,2.9503788301354916e-10
0.0003476406756922439,0.9998668445355923,0.9998668442408358,2.947564414768067e-10
0.0003477406756922439,0.9998670101007839,0.9998670098063086,2.944753330069716e-10
0.0003478406756922439,0.9998671754601124,0.9998671751659177,2.9419466862634636e-10
0.0003479406756922439,0.9998673406138335,0.9998673403199193,2.9391422629032604e-10
0.0003480406756922439,0.9998675055622028,0.9998675052685688,2.9363400599891065e-10
0.0003481406756922439,0.9998676703054756,0.9998676700121217,2.933538967297977e-10
0.0003482406756922439,0.999867834843907,0.999867834550833,2.930740095052897e-10
0.0003483406756922439,0.9998679991777517,0.9998679988849573,2.927944553476891e-10
0.0003484406756922439,0.999868163307264,0.999868163014749,2.9251501221239096e-10
0.0003485406756922439,0.9998683272326983,0.9998683269404622,2.9223601316630266e-10
0.0003486406756922439,0.9998684909543079,0.9998684906623507,2.919571251425168e-10
0.0003487406756922439,0.9998686544723465,0.999868654180668,2.9167857018563836e-10
0.0003488406756922439,0.9998688177870673,0.9998688174956669,2.914003482956673e-10
0.0003489406756922439,0.9998689808987227,0.9998689806076007,2.9112201538339377e-10
0.0003490406756922439,0.9998691438075654,0.9998691435167213,2.908441265603301e-10
0.0003491406756922439,0.9998693065138478,0.9998693062232814,2.905663487595689e-10
0.0003492406756922439,0.9998694690178215,0.9998694687275326,2.9028890402571506e-10
0.0003493406756922439,0.9998696313197383,0.9998696310297265,2.900117923587686e-10
0.0003494406756922439,0.9998697934198493,0.9998697931301143,2.8973501375872956e-10
0.0003495406756922439,0.9998699553184053,0.9998699550289469,2.89458346180993e-10
0.0003496406756922439,0.999870117015657,0.9998701167264751,2.891819006478613e-10
0.0003497406756922439,0.9998702785118547,0.999870278222949,2.8890567715933457e-10
0.0003498406756922439,0.9998704398072484,0.9998704395186188,2.8862967571541276e-10
0.0003499406756922439,0.9998706009020879,0.9998706006137339,2.8835400733839833e-10
0.0003500406756922439,0.9998707617966224,0.9998707615085438,2.8807856100598883e-10
0.0003501406756922439,0.9998709224911009,0.9998709222032977,2.878032256958818e-10
0.0003502406756922439,0.9998710829857722,0.9998710826982441,2.875281124303797e-10
0.0003503406756922439,0.999871243280885,0.9998712429936316,2.8725333223178495e-10
0.0003504406756922439,0.9998714033766872,0.9998714030897083,2.869788851000976e-10
0.000350540675692244,0.9998715632734267,0.9998715629867221,2.867046600130152e-10
0.000350640675692244,0.9998717229713509,0.9998717226849204,2.864304349259328e-10
0.000350740675692244,0.9998718824707071,0.9998718821845504,2.861567649503627e-10
0.000350840675692244,0.9998720417717422,0.999872041485859,2.8588320599709505e-10
0.000350940675692244,0.9998722008747026,0.9998722005890929,2.8560975806612987e-10
0.000351040675692244,0.9998723597798349,0.9998723594944983,2.853366432020721e-10
0.000351140675692244,0.9998725184873849,0.9998725182023211,2.850637503826192e-10
0.000351240675692244,0.9998726769975983,0.9998726767128072,2.847910796077713e-10
0.000351340675692244,0.9998728353107205,0.9998728350262017,2.8451874189983073e-10
0.000351440675692244,0.9998729934269965,0.9998729931427499,2.842466262364951e-10
0.000351540675692244,0.9998731513466712,0.9998731510626965,2.839747326177644e-10
0.000351640675692244,0.9998733090699888,0.9998733087862858,2.8370306104363863e-10
0.000351740675692244,0.9998734665971937,0.9998734663137622,2.834315004918153e-10
0.000351840675692244,0.9998736239285295,0.9998736236453692,2.831602730068994e-10
0.000351940675692244,0.9998737810642401,0.9998737807813507,2.8288937858889085e-10
0.000352040675692244,0.9998739380045685,0.9998739377219498,2.8261870621548724e-10
0.000352140675692244,0.9998740947497574,0.9998740944674094,2.823480338420836e-10
0.000352240675692244,0.9998742513000499,0.9998742510179721,2.8207780555788986e-10
0.000352340675692244,0.9998744076556882,0.9998744073738803,2.818079103406035e-10
0.000352440675692244,0.9998745638169142,0.9998745635353762,2.815380151233171e-10
0.000352540675692244,0.9998747197839697,0.9998747195027011,2.812685639952406e-10
0.000352640675692244,0.9998748755570962,0.9998748752760969,2.80999334911769e-10
0.000352740675692244,0.9998750311365346,0.9998750308558044,2.8073021685059985e-10
0.000352840675692244,0.999875186522526,0.9998751862420647,2.8046132083403563e-10
0.000352940675692244,0.9998753417153108,0.9998753414351181,2.8019264686207634e-10
0.000353040675692244,0.9998754967151292,0.9998754964352049,2.7992430595702444e-10
0.000353140675692244,0.9998756515222211,0.9998756512425651,2.79656076074275e-10
0.000353240675692244,0.9998758061368264,0.9998758058574383,2.793880682361305e-10
0.000353340675692244,0.9998759605591843,0.9998759602800638,2.7912050448719583e-10
0.000353440675692244,0.9998761147895338,0.9998761145106807,2.7885305176056363e-10
0.000353540675692244,0.9998762688281135,0.9998762685495276,2.785859321008388e-10
0.000353640675692244,0.999876422675162,0.9998764223968432,2.78318812441114e-10
0.000353740675692244,0.9998765763309174,0.9998765760528654,2.780520258482966e-10
0.000353840675692244,0.9998767297956177,0.9998767295178322,2.777854613000841e-10
0.000353940675692244,0.9998768830695004,0.9998768827919812,2.7751922981877897e-10
0.000354040675692244,0.9998770361528025,0.9998770358755495,2.7725299833747385e-10
0.000354140675692244,0.9998771890457615,0.9998771887687742,2.7698732196768105e-10
0.000354240675692244,0.9998773417486135,0.9998773414718919,2.7672164559788825e-10
0.000354340675692244,0.9998774942615952,0.9998774939851389,2.7645630229500284e-10
0.000354440675692244,0.9998776465849427,0.9998776463087515,2.7619118103672236e-10
0.000354540675692244,0.9998777987188917,0.9998777984429653,2.7592639284534926e-10
0.0003546406756922441,0.9998779506636777,0.999877950388016,2.756617156762786e-10
0.0003547406756922441,0.9998781024195358,0.9998781021441385,2.753972605518129e-10
0.0003548406756922441,0.9998782539867012,0.999878253711568,2.751331384942546e-10
0.0003549406756922441,0.9998784053654083,0.999878405090539,2.748692384813012e-10
0.0003550406756922441,0.9998785565558914,0.9998785562812859,2.746055605129527e-10
0.0003551406756922441,0.9998787075583846,0.9998787072840426,2.743419935669067e-10
0.0003552406756922441,0.9998788583731216,0.999878858099043,2.740786486654656e-10
0.0003553406756922441,0.9998790090003359,0.9998790087265204,2.7381552580862945e-10
0.0003554406756922441,0.9998791594402606,0.999879159166708,2.735526249963982e-10
0.0003555406756922441,0.9998793096931288,0.9998793094198388,2.732899462287719e-10
0.0003556406756922441,0.999879459759173,0.9998794594861453,2.7302771155035543e-10
0.0003557406756922441,0.9998796096386253,0.9998796093658597,2.7276558789424143e-10
0.0003558406756922441,0.999879759331718,0.9998797590592143,2.7250368628273236e-10
0.0003559406756922441,0.9998799088386827,0.9998799085664405,2.7224222876043314e-10
0.0003560406756922441,0.9998800581597508,0.9998800578877699,2.7198088226043637e-10
0.0003561406756922441,0.9998802072951531,0.9998802070234336,2.717195357604396e-10
0.0003562406756922441,0.9998803562451211,0.9998803559736625,2.7145852232735024e-10
0.0003563406756922441,0.9998805050098849,0.9998805047386871,2.7119784196116825e-10
0.0003564406756922441,0.9998806535896752,0.9998806533187377,2.7093749466189365e-10
0.0003565406756922441,0.9998808019847216,0.9998808017140444,2.706772583849215e-10
0.0003566406756922441,0.9998809501952539,0.9998809499248367,2.704172441525543e-10
0.0003567406756922441,0.9998810982215014,0.9998810979513442,2.701572299201871e-10
0.0003568406756922441,0.9998812460636934,0.9998812457937959,2.6989754875472727e-10
0.0003569406756922441,0.999881393722059,0.9998813934524208,2.6963820065617483e-10
0.0003570406756922441,0.9998815411968266,0.9998815409274474,2.693791856245298e-10
0.0003571406756922441,0.9998816884882243,0.9998816882191041,2.691202816151872e-10
0.0003572406756922441,0.9998818355964803,0.9998818353276187,2.6886159965044953e-10
0.0003573406756922441,0.9998819825218219,0.9998819822532189,2.6860302870801434e-10
0.0003574406756922441,0.9998821292644771,0.9998821289961324,2.6834467981018406e-10
0.0003575406756922441,0.9998822758246728,0.9998822755565862,2.680866639792612e-10
0.0003576406756922441,0.9998824222026359,0.999882421934807,2.678288701929432e-10
0.0003577406756922441,0.999882568398593,0.9998825681310217,2.675712984512302e-10
0.0003578406756922441,0.9998827144127704,0.9998827141454565,2.6731394875412207e-10
0.0003579406756922441,0.9998828602453942,0.9998828599783374,2.670568211016189e-10
0.0003580406756922441,0.99988300589669,0.99988300562989,2.668000265160231e-10
0.0003581406756922441,0.9998831513668833,0.99988315110034,2.6654334295272974e-10
0.0003582406756922441,0.9998832966561993,0.9998832963899125,2.6628688143404133e-10
0.0003583406756922441,0.9998834417648631,0.9998834414988322,2.6603086400456277e-10
0.0003584406756922441,0.999883586693099,0.9998835864273241,2.657748465750842e-10
0.0003585406756922441,0.9998837314411313,0.9998837311756122,2.655190511902106e-10
0.0003586406756922441,0.9998838760091844,0.9998838757439208,2.6526358887224433e-10
0.0003587406756922442,0.9998840203974818,0.9998840201324736,2.6500823757658054e-10
0.0003588406756922442,0.9998841646062473,0.9998841643414941,2.6475321934782414e-10
0.0003589406756922442,0.9998843086357039,0.9998843083712056,2.644983121413702e-10
0.0003590406756922442,0.9998844524860745,0.9998844522218309,2.642436269795212e-10
0.0003591406756922442,0.999884596157582,0.9998845958935927,2.6398927488457957e-10
0.0003592406756922442,0.9998847396504487,0.9998847393867135,2.6373514483424287e-10
0.0003593406756922442,0.9998848829648966,0.9998848827014154,2.634812368285111e-10
0.0003594406756922442,0.9998850261011477,0.9998850258379203,2.632274398450818e-10
0.0003595406756922442,0.9998851690594235,0.9998851687964496,2.629738649062574e-10
0.0003596406756922442,0.9998853118399453,0.9998853115772248,2.6272051201203794e-10
0.0003597406756922442,0.9998854544429343,0.9998854541804667,2.6246760320702833e-10
0.0003598406756922442,0.999885596868611,0.9998855966063962,2.622148054243212e-10
0.0003599406756922442,0.9998857391171958,0.9998857388552338,2.6196200764161404e-10
0.0003600406756922442,0.9998858811889093,0.9998858809271995,2.617097649704192e-10
0.0003601406756922442,0.9998860230839711,0.9998860228225134,2.614577443438293e-10
0.0003602406756922442,0.9998861648026007,0.999886164541395,2.612057237172394e-10
0.0003603406756922442,0.9998863063450179,0.9998863060840639,2.609539251352544e-10
0.0003604406756922442,0.9998864477114414,0.9998864474507391,2.6070234859787433e-10
0.0003605406756922442,0.9998865889020905,0.9998865886416393,2.604512161497041e-10
0.0003606406756922442,0.9998867299171833,0.9998867296569831,2.602001947238364e-10
0.0003607406756922442,0.9998868707569383,0.9998868704969889,2.5994939534257355e-10
0.0003608406756922442,0.9998870114215734,0.9998870111618747,2.596987069836132e-10
0.0003609406756922442,0.9998871519113064,0.9998871516518582,2.5944824066925776e-10
0.0003610406756922442,0.9998872922263548,0.9998872919671568,2.5919799639950725e-10
0.0003611406756922442,0.9998874323669359,0.9998874321079878,2.589480851966641e-10
0.0003612406756922442,0.9998875723332665,0.9998875720745681,2.5869839603842593e-10
0.0003613406756922442,0.9998877121255634,0.9998877118671144,2.5844892892479265e-10
0.0003614406756922442,0.9998878517440428,0.9998878514858431,2.581996838557643e-10
0.0003615406756922442,0.999887991188921,0.9998879909309704,2.579506608313409e-10
0.0003616406756922442,0.9998881304604137,0.9998881302027118,2.577018598515224e-10
0.0003617406756922442,0.9998882695587364,0.9998882693012833,2.5745316989400635e-10
0.0003618406756922442,0.9998884084841047,0.9998884082269,2.5720470198109524e-10
0.0003619406756922442,0.9998885472367335,0.9998885469797769,2.569565671350915e-10
0.0003620406756922442,0.9998886858168377,0.999888685560129,2.567086543336927e-10
0.0003621406756922442,0.9998888242246315,0.9998888239681707,2.564608525545964e-10
0.0003622406756922442,0.9998889624603295,0.9998889622041163,2.56213272820105e-10
0.0003623406756922442,0.9998891005241456,0.9998891002681797,2.559659151302185e-10
0.0003624406756922442,0.9998892384162933,0.9998892381605746,2.5571866846263447e-10
0.0003625406756922442,0.9998893761369863,0.9998893758815145,2.5547175486195783e-10
0.0003626406756922442,0.9998895136864377,0.9998895134312127,2.552250633058861e-10
0.0003627406756922442,0.9998896510648606,0.9998896508098819,2.549787048167218e-10
0.0003628406756922443,0.9998897882724676,0.999889788017735,2.547325683721624e-10
0.0003629406756922443,0.9998899253094709,0.9998899250549842,2.5448665397220793e-10
0.0003630406756922443,0.9998900621760826,0.9998900619218417,2.542408505945559e-10
0.0003631406756922443,0.9998901988725147,0.9998901986185194,2.539953802838113e-10
0.0003632406756922443,0.9998903353989788,0.9998903351452287,2.5375002099536914e-10
0.0003633406756922443,0.9998904717556861,0.9998904715021812,2.535048837515319e-10
0.0003634406756922443,0.9998906079428479,0.9998906076895879,2.532599685522996e-10
0.0003635406756922443,0.9998907439606749,0.9998907437076596,2.530152753976722e-10
0.0003636406756922443,0.9998908798093776,0.9998908795566068,2.5277080428764975e-10
0.0003637406756922443,0.9998910154891665,0.9998910152366398,2.525266662445347e-10
0.0003638406756922443,0.9998911510002512,0.9998911507479687,2.5228241717911715e-10
0.0003639406756922443,0.9998912863428419,0.9998912860908032,2.5203861220290946e-10
0.0003640406756922443,0.9998914215171479,0.9998914212653528,2.5179514029360917e-10
0.0003641406756922443,0.9998915565233785,0.9998915562718268,2.5155166838430887e-10
0.0003642406756922443,0.9998916913617425,0.9998916911104342,2.5130830749731103e-10
0.0003643406756922443,0.9998918260324489,0.9998918257813836,2.510652796772206e-10
0.0003644406756922443,0.9998919605357062,0.9998919602848836,2.5082258492403753e-10
0.0003645406756922443,0.9998920948717224,0.9998920946211424,2.5058000119315693e-10
0.0003646406756922443,0.9998922290407054,0.9998922287903678,2.5033763950688126e-10
0.0003647406756922443,0.9998923630428631,0.9998923627927675,2.50095610887513e-10
0.0003648406756922443,0.9998924968784029,0.9998924966285492,2.4985369329044715e-10
0.0003649406756922443,0.9998926305475319,0.9998926302979197,2.496121087602887e-10
0.0003650406756922443,0.9998927640504569,0.9998927638010863,2.4937063525243275e-10
0.0003651406756922443,0.9998928973873846,0.9998928971382554,2.4912927276687924e-10
0.0003652406756922443,0.9998930305585216,0.9998930303096334,2.488882433482331e-10
0.0003653406756922443,0.9998931635640741,0.9998931633154265,2.486475469964944e-10
0.0003654406756922443,0.9998932964042476,0.9998932961558407,2.484069616670581e-10
0.0003655406756922443,0.9998934290792479,0.9998934288310815,2.481664873599243e-10
0.0003656406756922443,0.9998935615892807,0.9998935613413542,2.4792645714200034e-10
0.0003657406756922443,0.9998936939345506,0.9998936936868641,2.4768653794637885e-10
0.0003658406756922443,0.9998938261152628,0.999893825867816,2.474467297730598e-10
0.0003659406756922443,0.9998939581316216,0.9998939578844145,2.472071436443457e-10
0.0003660406756922443,0.9998940899838317,0.9998940897368639,2.469677795602365e-10
0.0003661406756922443,0.9998942216720972,0.9998942214253684,2.4672874854303473e-10
0.0003662406756922443,0.9998943531966217,0.9998943529501318,2.464898285481354e-10
0.0003663406756922443,0.999894484557609,0.9998944843113577,2.4625124162014345e-10
0.0003664406756922443,0.9998946157552624,0.9998946155092495,2.460128767367564e-10
0.0003665406756922443,0.9998947467897848,0.9998947465440102,2.4577462287567187e-10
0.0003666406756922443,0.9998948776613792,0.9998948774158426,2.4553659105919223e-10
0.0003667406756922443,0.9998950083702481,0.9998950081249495,2.4529867026501506e-10
0.0003668406756922443,0.9998951389165941,0.9998951386715329,2.4506119356004774e-10
0.0003669406756922444,0.999895269300619,0.9998952690557952,2.448238278773829e-10
0.0003670406756922444,0.9998953995225245,0.999895399277938,2.44586462194718e-10
0.0003671406756922444,0.9998955295825125,0.9998955293381632,2.443493185566581e-10
0.0003672406756922444,0.9998956594807843,0.9998956592366717,2.44112619007808e-10
0.0003673406756922444,0.9998957892175407,0.9998957889736648,2.438759194589579e-10
0.0003674406756922444,0.9998959187929829,0.9998959185493433,2.4363955297701523e-10
0.0003675406756922444,0.9998960482073114,0.9998960479639079,2.434035195619799e-10
0.0003676406756922444,0.9998961774607263,0.9998961772175587,2.4316759716924707e-10
0.0003677406756922444,0.999896306553428,0.999896306310496,2.429320078434216e-10
0.0003678406756922444,0.999896435485616,0.9998964352429194,2.426966405622011e-10
0.0003679406756922444,0.9998965642574899,0.9998965640150287,2.424611622586781e-10
0.0003680406756922444,0.9998966928692492,0.9998966926270232,2.422260170220625e-10
0.0003681406756922444,0.9998968213210929,0.9998968210791018,2.419910938300518e-10
0.0003682406756922444,0.99989694961322,0.9998969493714636,2.4175639268264604e-10
0.0003683406756922444,0.9998970777458288,0.9998970775043069,2.415219135798452e-10
0.0003684406756922444,0.9998972057191179,0.9998972054778303,2.4128754549934683e-10
0.0003685406756922444,0.9998973335332852,0.9998973332922317,2.4105351048575585e-10
0.0003686406756922444,0.9998974611885288,0.9998974609477093,2.4081958649446733e-10
0.0003687406756922444,0.9998975886850463,0.9998975884444603,2.405859955700862e-10
0.0003688406756922444,0.9998977160230348,0.9998977157826822,2.4035262669031e-10
0.0003689406756922444,0.9998978432026916,0.9998978429625721,2.401194798551387e-10
0.0003690406756922444,0.9998979702242135,0.999897969984327,2.398864440422699e-10
0.0003691406756922444,0.9998980970877971,0.9998980968481435,2.39653630274006e-10
0.0003692406756922444,0.999898223793639,0.9998982235542178,2.3942126059495195e-10
0.0003693406756922444,0.9998983503419351,0.9998983501027461,2.3918900193820036e-10
0.0003694406756922444,0.9998984767328812,0.9998984764939244,2.3895685430375124e-10
0.0003695406756922444,0.9998986029666731,0.9998986027279483,2.387248176916046e-10
0.0003696406756922444,0.9998987290435063,0.9998987288050132,2.384931141463653e-10
0.0003697406756922444,0.9998988549635757,0.9998988547253143,2.3826141060112604e-10
0.0003698406756922444,0.9998989807270764,0.9998989804890464,2.3803004012279416e-10
0.0003699406756922444,0.9998991063342031,0.9998991060964042,2.377988916890672e-10
0.0003700406756922444,0.9998992317851503,0.9998992315475822,2.3756807632224763e-10
0.0003701406756922444,0.999899357080112,0.9998993568427746,2.3733737197773053e-10
0.0003702406756922444,0.9998994822192823,0.9998994819821754,2.3710688967781834e-10
0.0003703406756922444,0.9998996072028548,0.9998996069659782,2.368765184002086e-10
0.0003704406756922444,0.9998997320310229,0.9998997317943765,2.3664636916720383e-10
0.0003705406756922444,0.9998998567039801,0.9998998564675635,2.364165530011064e-10
0.0003706406756922444,0.9998999812219191,0.9998999809857324,2.36186736835009e-10
0.0003707406756922444,0.999900105585033,0.9999001053490756,2.3595736475812146e-10
0.0003708406756922444,0.9999002297935139,0.9999002295577859,2.357279926812339e-10
0.0003709406756922444,0.9999003538475544,0.9999003536120554,2.3549895367125373e-10
0.0003710406756922445,0.9999004777473463,0.9999004775120762,2.35270025683576e-10
0.0003711406756922445,0.9999006014930815,0.9999006012580401,2.3504131974050324e-10
0.0003712406756922445,0.9999007250849515,0.9999007248501387,2.348128358420354e-10
0.0003713406756922445,0.9999008485231479,0.9999008482885632,2.345846850104749e-10
0.0003714406756922445,0.9999009718078613,0.9999009715735047,2.343566452012169e-10
0.0003715406756922445,0.9999010949392829,0.9999010947051541,2.341288274365638e-10
0.0003716406756922445,0.9999012179176031,0.9999012176837019,2.3390123171651567e-10
0.0003717406756922445,0.9999013407430124,0.9999013405093387,2.3367374701876997e-10
0.0003718406756922445,0.9999014634157009,0.9999014631822544,2.334464843656292e-10
0.0003719406756922445,0.9999015859358584,0.9999015857026389,2.332195547793958e-10
0.0003720406756922445,0.9999017083036746,0.9999017080706819,2.329927362154649e-10
0.0003721406756922445,0.9999018305193391,0.999901830286573,2.327661396961389e-10
0.0003722406756922445,0.9999019525830408,0.999901952350501,2.3253976522141784e-10
0.0003723406756922445,0.9999020744949688,0.9999020742626553,2.3231350176899923e-10
0.0003724406756922445,0.9999021962553117,0.9999021960232243,2.3208746036118555e-10
0.0003725406756922445,0.9999023178642582,0.9999023176323966,2.318616409979768e-10
0.0003726406756922445,0.9999024393219964,0.9999024390903604,2.3163604367937296e-10
0.0003727406756922445,0.9999025606287144,0.9999025603973037,2.3141066840537405e-10
0.0003728406756922445,0.9999026817845998,0.9999026815534143,2.3118551517598007e-10
0.0003729406756922445,0.9999028027898403,0.9999028025588799,2.3096047296888855e-10
0.0003730406756922445,0.9999029236446232,0.9999029234138874,2.3073576382870442e-10
0.0003731406756922445,0.9999030443491355,0.9999030441186244,2.305110546885203e-10
0.0003732406756922445,0.999903164903564,0.9999031646732773,2.3028667861524355e-10
0.0003733406756922445,0.9999032853080955,0.999903285078033,2.3006241356426926e-10
0.0003734406756922445,0.9999034055629162,0.9999034053330779,2.298383705578999e-10
0.0003735406756922445,0.9999035256682124,0.9999035254385978,2.2961454959613548e-10
0.0003736406756922445,0.99990364562417,0.999903645394779,2.2939095067897597e-10
0.0003737406756922445,0.9999037654309748,0.999903765201807,2.291677958510263e-10
0.0003738406756922445,0.999903885088812,0.9999038848598674,2.2894464102307666e-10
0.0003739406756922445,0.999904004597867,0.9999040043691452,2.2872181926203439e-10
0.0003740406756922445,0.9999041239583245,0.9999041237298256,2.2849888647868966e-10
0.0003741406756922445,0.9999042431703695,0.9999042429420932,2.282762867622523e-10
0.0003742406756922445,0.9999043622341867,0.9999043620061328,2.280539090904199e-10
0.0003743406756922445,0.9999044811499601,0.9999044809221284,2.278317534631924e-10
0.0003744406756922445,0.9999045999178738,0.9999045996902641,2.2760970885826737e-10
0.0003745406756922445,0.9999047185381119,0.999904718310724,2.2738788629794726e-10
0.0003746406756922445,0.9999048370108579,0.9999048367836916,2.2716628578223208e-10
0.0003747406756922445,0.9999049553362951,0.9999049551093502,2.2694490731112182e-10
0.0003748406756922445,0.9999050735146067,0.999905073287883,2.2672363986231403e-10
0.0003749406756922445,0.9999051915459757,0.999905191319473,2.2650270548041362e-10
0.0003750406756922445,0.9999053094305849,0.9999053092043029,2.2628199314311814e-10
0.0003751406756922446,0.9999054271686165,0.9999054269425551,2.2606139182812512e-10
0.0003752406756922446,0.999905544760253,0.9999055445344119,2.2584101255773703e-10
0.0003753406756922446,0.9999056622056762,0.9999056619800554,2.2562085533195386e-10
0.0003754406756922446,0.9999057795050681,0.9999057792796673,2.2540080912847316e-10
0.0003755406756922446,0.9999058966586102,0.9999058964334292,2.2518098496959738e-10
0.0003756406756922446,0.9999060136664839,0.9999060134415225,2.2496138285532652e-10
0.0003757406756922446,0.9999061305288703,0.9999061303041283,2.247420027856606e-10
0.0003758406756922446,0.9999062472459503,0.9999062470214275,2.2452284476059958e-10
0.0003759406756922446,0.9999063638179044,0.9999063635936007,2.2430368673553858e-10
0.0003760406756922446,0.9999064802449135,0.9999064800208285,2.2408497279968742e-10
0.0003761406756922446,0.9999065965271574,0.9999065963032909,2.238664809084412e-10
0.0003762406756922446,0.9999067126648161,0.9999067124411681,2.2364798901719496e-10
0.0003763406756922446,0.9999068286580697,0.9999068284346398,2.2342983019285612e-10
0.0003764406756922446,0.9999069445070974,0.9999069442838856,2.2321178239081974e-10
0.0003765406756922446,0.9999070602120788,0.9999070599890848,2.2299395663338828e-10
0.0003766406756922446,0.9999071757731928,0.9999071755504164,2.2277635292056175e-10
0.0003767406756922446,0.9999072911906184,0.9999072909680595,2.2255886023003768e-10
0.0003768406756922446,0.9999074064645344,0.9999074062421925,2.2234181162872346e-10
0.0003769406756922446,0.999907521595119,0.9999075213729942,2.2212476302740924e-10
0.0003770406756922446,0.9999076365825503,0.9999076363606425,2.219078254483975e-10
0.0003771406756922446,0.9999077514270067,0.9999077512053155,2.2169122093629312e-10
0.0003772406756922446,0.9999078661286657,0.9999078659071909,2.2147472744649122e-10
0.0003773406756922446,0.9999079806877049,0.9999079804664465,2.2125845600129423e-10
0.0003774406756922446,0.9999080951043017,0.9999080948832593,2.2104240660070218e-10
0.0003775406756922446,0.9999082093786332,0.9999082091578066,2.2082657924471505e-10
0.0003776406756922446,0.9999083235108763,0.9999083232902654,2.2061097393333284e-10
0.0003777406756922446,0.9999084375012075,0.9999084372808121,2.2039536862195064e-10
0.0003778406756922446,0.9999085513498035,0.9999085511296234,2.2018009637747582e-10
0.0003779406756922446,0.9999086650568404,0.9999086648368753,2.1996504617760593e-10
0.0003780406756922446,0.9999087786224942,0.9999087784027441,2.197501070000385e-10
0.0003781406756922446,0.9999088920469408,0.9999088918274054,2.19535389867076e-10
0.0003782406756922446,0.9999090053303556,0.9999090051110348,2.193208947787184e-10
0.0003783406756922446,0.9999091184729142,0.9999091182538076,2.1910662173496576e-10
0.0003784406756922446,0.9999092314747915,0.999909231255899,2.1889245971351556e-10
0.0003785406756922446,0.9999093443361626,0.999909344117484,2.1867863075897276e-10
0.0003786406756922446,0.9999094570572022,0.9999094568387373,2.1846491282673242e-10
0.0003787406756922446,0.9999095696380847,0.9999095694198332,2.1825152796139946e-10
0.0003788406756922446,0.9999096820789845,0.9999096818609463,2.180381430960665e-10
0.0003789406756922446,0.9999097943800752,0.9999097941622503,2.1782486925303601e-10
0.0003790406756922446,0.9999099065415312,0.9999099063239192,2.1761203949921537e-10
0.0003791406756922446,0.9999100185635259,0.9999100183461267,2.1739920974539473e-10
0.0003792406756922446,0.9999101304462328,0.9999101302290461,2.1718671305848147e-10
0.0003793406756922447,0.999910242189825,0.9999102419728505,2.169745494384756e-10
0.0003794406756922447,0.9999103537944755,0.9999103535777131,2.1676238581846974e-10
0.0003795406756922447,0.9999104652603569,0.9999104650438065,2.1655033322076633e-10
0.0003796406756922447,0.9999105765876419,0.9999105763713033,2.1633861368997032e-10
0.0003797406756922447,0.9999106877765028,0.9999106875603758,2.1612700518147676e-10
0.0003798406756922447,0.9999107988271116,0.9999107986111962,2.159153966729832e-10
0.0003799406756922447,0.9999109097396407,0.9999109095239364,2.1570434327600196e-10
0.0003800406756922447,0.9999110205142612,0.9999110202987679,2.1549328987902072e-10
0.0003801406756922447,0.9999111311511447,0.9999111309358624,2.1528234750434194e-10
0.0003802406756922447,0.9999112416504626,0.9999112414353909,2.1507173819657055e-10
0.0003803406756922447,0.9999113520123861,0.9999113517975248,2.1486135093340408e-10
0.0003804406756922447,0.9999114622370858,0.9999114620224346,2.1465118571484254e-10
0.0003805406756922447,0.9999115723247323,0.9999115721102912,2.14441020496281e-10
0.0003806406756922447,0.9999116822754961,0.9999116820612649,2.1423118834462684e-10
0.0003807406756922447,0.9999117920895473,0.9999117918755258,2.1402146721527515e-10
0.0003808406756922447,0.9999119017670559,0.999911901553244,2.1381185710822592e-10
0.0003809406756922447,0.9999120113081919,0.9999120110945893,2.1360258006808408e-10
0.0003810406756922447,0.9999121207131246,0.9999121204997312,2.133934140502447e-10
0.0003811406756922447,0.9999122299820236,0.9999122297688391,2.1318447007701025e-10
0.0003812406756922447,0.9999123391150577,0.9999123389020821,2.1297563712607825e-10
0.0003813406756922447,0.9999124481123962,0.9999124478996291,2.1276713724205365e-10
0.0003814406756922447,0.9999125569742077,0.9999125567616489,2.125587483803315e-10
0.0003815406756922447,0.9999126657006605,0.99991266548831,2.1235047054091183e-10
0.0003816406756922447,0.9999127742919232,0.9999127740797806,2.1214252576839954e-10
0.0003817406756922447,0.9999128827481637,0.999912882536229,2.119346920181897e-10
0.0003818406756922447,0.99991299106955,0.999912990857823,2.1172696929028234e-10
0.0003819406756922447,0.9999130992562498,0.9999130990447302,2.1151957962928236e-10
0.0003820406756922447,0.9999132073084306,0.9999132070971182,2.113124120128873e-10
0.0003821406756922447,0.9999133152262595,0.9999133150151541,2.1110535541879472e-10
0.0003822406756922447,0.9999134230099036,0.9999134227990051,2.1089852086930705e-10
0.0003823406756922447,0.9999135306595298,0.9999135304488379,2.106919083644243e-10
0.0003824406756922447,0.9999136381753048,0.9999136379648192,2.104855179041465e-10
0.0003825406756922447,0.9999137455573948,0.9999137453471155,2.1027923846617114e-10
0.0003826406756922447,0.9999138528059662,0.999913852595893,2.100731810728007e-10
0.0003827406756922447,0.999913959921185,0.9999139597113177,2.098673457240352e-10
0.0003828406756922447,0.9999140669032169,0.9999140666935554,2.096615103752697e-10
0.0003829406756922447,0.9999141737522276,0.9999141735427717,2.0945589707110912e-10
0.0003830406756922447,0.9999142804683825,0.999914280259132,2.0925050581155347e-10
0.0003831406756922447,0.9999143870518468,0.9999143868428014,2.0904533659660274e-10
0.0003832406756922447,0.9999144935027855,0.9999144932939451,2.0884038942625693e-10
0.0003833406756922447,0.9999145998213632,0.9999145996127278,2.0863544225591113e-10
0.0003834406756922448,0.9999147060077448,0.999914705799314,2.0843082815247271e-10
0.0003835406756922448,0.9999148120620945,0.999914811853868,2.0822654711594168e-10
0.0003836406756922448,0.9999149179845765,0.9999149177765542,2.0802237710171312e-10
0.0003837406756922448,0.9999150237753547,0.9999150235675364,2.0781831810978701e-10
0.0003838406756922448,0.9999151294345929,0.9999151292269784,2.0761448116246584e-10
0.0003839406756922448,0.9999152349624547,0.9999152347550438,2.0741086625974958e-10
0.0003840406756922448,0.9999153403591032,0.999915340151896,2.0720725135703333e-10
0.0003841406756922448,0.9999154456247019,0.999915445417698,2.0700396952122446e-10
0.0003842406756922448,0.9999155507594135,0.9999155505526127,2.0680079870771806e-10
0.0003843406756922448,0.9999156557634009,0.9999156555568031,2.0659784993881658e-10
0.0003844406756922448,0.9999157606368266,0.9999157604304316,2.0639501219221756e-10
0.0003845406756922448,0.9999158653798531,0.9999158651736605,2.061926185348284e-10
0.0003846406756922448,0.9999159699926423,0.999915969786652,2.059903358997417e-10
0.0003847406756922448,0.9999160744753561,0.999916074269568,2.0578816428695745e-10
0.0003848406756922448,0.9999161788281564,0.9999161786225703,2.0558610369647567e-10
0.0003849406756922448,0.9999162830512046,0.9999162828458203,2.0538426515059882e-10
0.0003850406756922448,0.9999163871446622,0.9999163869394795,2.0518275967162936e-10
0.0003851406756922448,0.9999164911086902,0.9999164909037089,2.049812541926599e-10
0.0003852406756922448,0.9999165949434495,0.9999165947386696,2.0477997075829535e-10
0.0003853406756922448,0.9999166986491008,0.9999166984445221,2.045786873239308e-10
0.0003854406756922448,0.9999168022258048,0.9999168020214271,2.0437773695647365e-10
0.0003855406756922448,0.999916905673722,0.9999169054695449,2.041771196559239e-10
0.0003856406756922448,0.9999170089930122,0.9999170087890357,2.0397650235537412e-10
0.0003857406756922448,0.9999171121838354,0.9999171119800592,2.0377621812173174e-10
0.0003858406756922448,0.9999172152463514,0.9999172150427753,2.0357604491039183e-10
0.0003859406756922448,0.9999173181807197,0.9999173179773436,2.0337609374365684e-10
0.0003860406756922448,0.9999174209870997,0.9999174207839233,2.0317636462152677e-10
0.0003861406756922448,0.9999175236656502,0.9999175234626737,2.0297652447709424e-10
0.0003862406756922448,0.9999176262165306,0.9999176260137536,2.027770173995691e-10
0.0003863406756922448,0.9999177286398995,0.9999177284373217,2.025777323666489e-10
0.0003864406756922448,0.9999178309359156,0.9999178307335368,2.0237878040063606e-10
0.0003865406756922448,0.9999179331047369,0.999917932902557,2.0217982843462323e-10
0.0003866406756922448,0.9999180351465218,0.9999180349445406,2.019812095355178e-10
0.0003867406756922448,0.9999181370614282,0.9999181368596455,2.0178270165871481e-10
0.0003868406756922448,0.9999182388496136,0.9999182386480294,2.0158419378191184e-10
0.0003869406756922448,0.9999183405112361,0.9999183403098499,2.013861299943187e-10
0.0003870406756922448,0.9999184420464527,0.9999184418452646,2.0118817722902804e-10
0.0003871406756922448,0.9999185434554205,0.9999185432544302,2.0099033548603984e-10
0.0003872406756922448,0.9999186447382968,0.9999186445375041,2.0079271578765656e-10
0.0003873406756922448,0.9999187458952381,0.9999187456946429,2.0059520711157575e-10
0.0003874406756922448,0.9999188469264011,0.9999188467260033,2.003978094577974e-10
0.0003875406756922449,0.9999189478319424,0.9999189476317415,2.002008558932289e-10
0.0003876406756922449,0.9999190486120177,0.9999190484120138,2.000039023286604e-10
0.0003877406756922449,0.9999191492667834,0.9999191490669762,1.998071708086968e-10
0.0003878406756922449,0.9999192497963951,0.9999192495967846,1.996105503110357e-10
0.0003879406756922449,0.9999193502010087,0.9999193500015945,1.9941426288028197e-10
0.0003880406756922449,0.9999194504807795,0.9999194502815614,1.992180864718307e-10
0.0003881406756922449,0.9999195506358625,0.9999195504368404,1.990220210856819e-10
0.0003882406756922449,0.999919650666413,0.9999196504675867,1.9882628876644048e-10
0.0003883406756922449,0.9999197505725855,0.9999197503739551,1.986304454248966e-10
0.0003884406756922449,0.9999198503545351,0.9999198501561001,1.9843504617256258e-10
0.0003885406756922449,0.9999199500124162,0.9999199498141764,1.9823975794253101e-10
0.0003886406756922449,0.9999200495463828,0.9999200493483381,1.9804469175710437e-10
0.0003887406756922449,0.9999201489565891,0.9999201487587392,1.9784984761628266e-10
0.0003888406756922449,0.9999202482431889,0.9999202480455339,1.9765500347546094e-10
0.0003889406756922449,0.999920347406336,0.9999203472088756,1.9746038137924415e-10
0.0003890406756922449,0.9999204464461838,0.999920446248918,1.9726587030532983e-10
0.0003891406756922449,0.9999205453628859,0.9999205451658142,1.9707169229832289e-10
0.0003892406756922449,0.9999206441565951,0.9999206439597174,1.9687773633592087e-10
0.0003893406756922449,0.9999207428274646,0.9999207426307806,1.9668400241812378e-10
0.0003894406756922449,0.9999208413756469,0.9999208411791565,1.9649037952262915e-10
0.0003895406756922449,0.9999209398012946,0.9999209396049976,1.9629697867173945e-10
0.0003896406756922449,0.9999210381045599,0.9999210379084563,1.9610357782084975e-10
0.0003897406756922449,0.9999211362855951,0.9999211360896849,1.9591017696996005e-10
0.0003898406756922449,0.9999212343445524,0.9999212341488352,1.957172202082802e-10
0.0003899406756922449,0.9999213322815834,0.9999213320860589,1.9552448549120527e-10
0.0003900406756922449,0.9999214300968396,0.9999214299015079,1.9533175077413034e-10
0.0003901406756922449,0.9999215277904729,0.9999215275953335,1.9513946014626526e-10
0.0003902406756922449,0.9999216253626341,0.9999216251676868,1.9494728054070265e-10
0.0003903406756922449,0.9999217228134741,0.9999217226187189,1.947552119574425e-10
0.0003904406756922449,0.999921820143144,0.9999218199485808,1.945632543964848e-10
0.0003905406756922449,0.9999219173517944,0.999921917157423,1.9437140785782958e-10
0.0003906406756922449,0.9999220144395757,0.999922014245396,1.9417978336377928e-10
0.0003907406756922449,0.9999221114066383,0.99992211121265,1.939883809143339e-10
0.0003908406756922449,0.9999222082531324,0.9999222080593353,1.93797089487191e-10
0.0003909406756922449,0.9999223049792079,0.9999223047856017,1.9360613112695546e-10
0.0003910406756922449,0.9999224015850144,0.9999224013915989,1.9341550583362732e-10
0.0003911406756922449,0.9999224980707015,0.9999224978774767,1.9322488054029918e-10
0.0003912406756922449,0.9999225944364184,0.999922594243384,1.930343662692735e-10
0.0003913406756922449,0.9999226906823143,0.9999226904894704,1.928439630205503e-10
0.0003914406756922449,0.9999227868085383,0.9999227866158846,1.9265367079412954e-10
0.0003915406756922449,0.9999228828152391,0.9999228826227755,1.924636006123137e-10
0.000391640675692245,0.9999229787025657,0.9999229785102918,1.9227397451970774e-10
0.000391740675692245,0.999923074470666,0.9999230742785817,1.920842374047993e-10
0.000391840675692245,0.9999231701196886,0.9999231699277937,1.9189483335679824e-10
0.000391940675692245,0.9999232656497812,0.9999232654580757,1.917054293087972e-10
0.000392040675692245,0.9999233610610921,0.9999233608695758,1.9151635832770353e-10
0.000392140675692245,0.9999234563537688,0.9999234561624414,1.9132739836891233e-10
0.000392240675692245,0.9999235515279586,0.9999235513368201,1.911385494324236e-10
0.000392340675692245,0.9999236465838094,0.9999236463928594,1.9095003356284224e-10
0.000392440675692245,0.9999237415214677,0.9999237413307062,1.9076151769326088e-10
0.000392540675692245,0.9999238363410807,0.9999238361505075,1.9057322386828446e-10
0.000392640675692245,0.9999239310427955,0.9999239308524103,1.9038526311021542e-10
0.000392740675692245,0.9999240256267582,0.9999240254365609,1.9019730235214638e-10
0.000392840675692245,0.9999241200931155,0.9999241199031059,1.9000956363868227e-10
0.000392940675692245,0.9999242144420135,0.9999242142521915,1.8982204696982308e-10
0.000393040675692245,0.9999243086735984,0.9999243084839637,1.8963464132326635e-10
0.000393140675692245,0.999924402788016,0.9999244025985684,1.89447568743617e-10
0.000393240675692245,0.9999244967854118,0.9999244965961513,1.8926049616396767e-10
0.000393340675692245,0.9999245906659315,0.9999245904768579,1.8907364562892326e-10
0.000393440675692245,0.9999246844297205,0.9999246842408335,1.8888701713848377e-10
0.000393540675692245,0.9999247780769236,0.9999247778882232,1.8870038864804428e-10
0.000393640675692245,0.9999248716076861,0.9999248714191721,1.8851398220220972e-10
0.000393740675692245,0.9999249650221526,0.9999249648338249,1.8832768677867762e-10
0.000393840675692245,0.9999250583204676,0.9999250581323261,1.8814150237744798e-10
0.000393940675692245,0.9999251515027759,0.9999251513148203,1.8795565104312573e-10
0.000394040675692245,0.9999252445692217,0.9999252443814516,1.8777013277571086e-10
0.000394140675692245,0.9999253375199488,0.9999253373323642,1.87584614508296e-10
0.000394240675692245,0.9999254303551012,0.9999254301677019,1.8739931828548606e-10
0.000394340675692245,0.9999255230748227,0.9999255228876084,1.872143551295835e-10
0.000394440675692245,0.9999256156792565,0.9999256154922272,1.870292809513785e-10
0.000394540675692245,0.9999257081685464,0.9999257079817018,1.8684465086238333e-10
0.000394640675692245,0.9999258005428352,0.9999258003561752,1.8666002077338817e-10
0.000394740675692245,0.9999258928022658,0.9999258926157905,1.86475390684393e-10
0.000394840675692245,0.9999259849469815,0.9999259847606904,1.8629109366230523e-10
0.000394940675692245,0.9999260769771247,0.9999260767910176,1.8610701868482238e-10
0.000395040675692245,0.9999261688928377,0.9999261687069146,1.85923054729642e-10
0.000395140675692245,0.999926260694263,0.9999262605085237,1.8573931281906653e-10
0.000395240675692245,0.9999263523815427,0.9999263521959869,1.85555792953096e-10
0.000395340675692245,0.9999264439548186,0.9999264437694462,1.853723841094279e-10
0.000395440675692245,0.9999265354142323,0.9999265352290433,1.8518897526575984e-10
0.000395540675692245,0.9999266267599257,0.9999266265749198,1.8500589948899915e-10
0.000395640675692245,0.99992671799204,0.9999267178072172,1.8482282371223846e-10
0.0003957406756922451,0.9999268091107165,0.9999268089260765,1.846399699800827e-10
0.0003958406756922451,0.9999269001160963,0.9999268999316391,1.844572272702294e-10
0.0003959406756922451,0.9999269910083203,0.9999269908240455,1.8427481762728348e-10
0.0003960406756922451,0.9999270817875292,0.9999270816034366,1.840926300289425e-10
0.0003961406756922451,0.9999271724538634,0.9999271722699528,1.8391066447520643e-10
0.0003962406756922451,0.9999272630074632,0.9999272628237346,1.837285878991679e-10
0.0003963406756922451,0.9999273534484688,0.9999273532649221,1.835467333677343e-10
0.0003964406756922451,0.9999274437770204,0.9999274435936553,1.8336510088090563e-10
0.0003965406756922451,0.9999275339932576,0.9999275338100739,1.8318369043868188e-10
0.0003966406756922451,0.9999276240973203,0.9999276239143178,1.8300250204106305e-10
0.0003967406756922451,0.9999277140893477,0.9999277139065263,1.8282131364344423e-10
0.0003968406756922451,0.9999278039694792,0.9999278037868388,1.826404583127328e-10
0.0003969406756922451,0.999927893737854,0.9999278935553944,1.8245960298202135e-10
0.0003970406756922451,0.999927983394611,0.999927983212332,1.8227896969591484e-10
0.0003971406756922451,0.9999280729398892,0.9999280727577904,1.8209878049901818e-10
0.0003972406756922451,0.9999281623738268,0.9999281621919083,1.8191848027981905e-10
0.0003973406756922451,0.9999282516965626,0.9999282515148241,1.817385131275273e-10
0.0003974406756922451,0.9999283409082346,0.999928340726676,1.8155854597523557e-10
0.0003975406756922451,0.999928430008981,0.9999284298276022,1.8137880086754876e-10
0.0003976406756922451,0.9999285189989398,0.9999285188177406,1.811991667821644e-10
0.0003977406756922451,0.9999286078782487,0.9999286076972288,1.8101986576368745e-10
0.0003978406756922451,0.9999286966470451,0.9999286964662046,1.8084045372290802e-10
0.0003979406756922451,0.9999287853054666,0.9999287851248053,1.8066126372673352e-10
0.0003980406756922451,0.9999288738536505,0.9999288736731682,1.8048229577516395e-10
0.0003981406756922451,0.9999289622917339,0.9999289621114303,1.803035498681993e-10
0.0003982406756922451,0.9999290506198537,0.9999290504397286,1.8012513702814203e-10
0.0003983406756922451,0.9999291388381464,0.9999291386581997,1.7994672418808477e-10
0.0003984406756922451,0.9999292269467487,0.9999292267669802,1.7976853339263243e-10
0.0003985406756922451,0.9999293149457968,0.9999293147662065,1.795903425971801e-10
0.0003986406756922451,0.9999294028354273,0.9999294026560148,1.7941248486863515e-10
0.0003987406756922451,0.9999294906157759,0.9999294904365412,1.792346271400902e-10
0.0003988406756922451,0.9999295782869786,0.9999295781079216,1.7905699145615017e-10
0.0003989406756922451,0.9999296658491712,0.9999296656702916,1.7887957781681507e-10
0.0003990406756922451,0.9999297533024892,0.9999297531237868,1.787023862220849e-10
0.0003991406756922451,0.9999298406470679,0.9999298404685427,1.7852519462735472e-10
0.0003992406756922451,0.9999299278830425,0.9999299277046944,1.78348114054927e-10
0.0003993406756922451,0.9999300150105481,0.9999300148323769,1.7817125552710422e-10
0.0003994406756922451,0.9999301020297198,0.9999301018517249,1.7799484108849128e-10
0.0003995406756922451,0.999930188940692,0.9999301887628735,1.7781842664987835e-10
0.0003996406756922451,0.9999302757435992,0.999930275565957,1.7764212323356787e-10
0.0003997406756922451,0.9999303624385759,0.9999303622611099,1.7746604186186232e-10
0.0003998406756922452,0.9999304490257562,0.9999304488484662,1.7729007151245924e-10
0.0003999406756922452,0.9999305355052743,0.99993053532816,1.7711432320766107e-10
0.0004000406756922452,0.9999306218772638,0.9999306217003252,1.769385749028629e-10
0.0004001406756922452,0.9999307081418587,0.9999307079650956,1.7676304864266967e-10
0.0004002406756922452,0.9999307942991923,0.9999307941226047,1.765876334047789e-10
0.0004003406756922452,0.9999308803493983,0.9999308801729857,1.764125512337955e-10
0.0004004406756922452,0.9999309662926095,0.9999309661163719,1.7623758008511459e-10
0.0004005406756922452,0.9999310521289592,0.9999310519528963,1.760628309810386e-10
0.0004006406756922452,0.99993113785858,0.9999311376826919,1.758880818769626e-10
0.0004007406756922452,0.999931223481605,0.9999312233058913,1.7571366583979398e-10
0.0004008406756922452,0.9999313089981665,0.9999313088226272,1.7553936082492783e-10
0.0004009406756922452,0.9999313944083971,0.9999313942330318,1.753652778546666e-10
0.0004010406756922452,0.9999314797124286,0.9999314795372373,1.7519130590670784e-10
0.0004011406756922452,0.9999315649103931,0.9999315647353758,1.7501733395874908e-10
0.0004012406756922452,0.9999316500024229,0.9999316498275792,1.748436950776977e-10
0.0004013406756922452,0.9999317349886493,0.9999317348139792,1.7467005619664633e-10
0.0004014406756922452,0.9999318198692041,0.9999318196947073,1.7449675038250234e-10
0.0004015406756922452,0.9999319046442185,0.9999319044698951,1.7432344456835835e-10
0.0004016406756922452,0.9999319893138239,0.9999319891396736,1.7415024977651683e-10
0.0004017406756922452,0.9999320738781514,0.999932073704174,1.739773880515827e-10
0.0004018406756922452,0.9999321583373317,0.9999321581635271,1.7380463734895102e-10
0.0004019406756922452,0.9999322426914957,0.9999322425178637,1.736319976686218e-10
0.0004020406756922452,0.9999323269407739,0.9999323267673144,1.7345958003289752e-10
0.0004021406756922452,0.999932411085297,0.9999324109120096,1.7328738444177816e-10
0.0004022406756922452,0.9999324951251949,0.9999324949520795,1.7311541089526372e-10
0.0004023406756922452,0.9999325790605976,0.9999325788876542,1.7294343734874928e-10
0.0004024406756922452,0.9999326628916354,0.9999326627188637,1.7277168584683977e-10
0.0004025406756922452,0.9999327466184379,0.9999327464458377,1.7260015638953519e-10
0.0004026406756922452,0.9999328302411347,0.9999328300687059,1.7242873795453306e-10
0.0004027406756922452,0.9999329137598549,0.9999329135875976,1.7225731951953094e-10
0.0004028406756922452,0.9999329971747285,0.9999329970026422,1.7208634517373866e-10
0.0004029406756922452,0.9999330804858841,0.9999330803139688,1.719153708279464e-10
0.0004030406756922452,0.9999331636934509,0.9999331635217062,1.7174461852675904e-10
0.0004031406756922452,0.9999332467975576,0.9999332466259835,1.7157408827017662e-10
0.0004032406756922452,0.9999333297983327,0.9999333296269292,1.714035580135942e-10
0.0004033406756922452,0.999933412695905,0.9999334125246717,1.712332498016167e-10
0.0004034406756922452,0.9999334954904024,0.9999334953193394,1.7106305261194166e-10
0.0004035406756922452,0.9999335781819533,0.9999335780110605,1.7089274439996416e-10
0.0004036406756922452,0.9999336607706859,0.9999336605999629,1.7072299129949897e-10
0.0004037406756922452,0.9999337432567279,0.9999337430861746,1.7055334922133625e-10
0.0004038406756922452,0.9999338256402069,0.9999338254698231,1.7038381816547599e-10
0.0004039406756922453,0.9999339079212505,0.9999339077510361,1.702143981319182e-10
0.0004040406756922453,0.999933990099986,0.9999339899299408,1.7004520014296531e-10
0.0004041406756922453,0.9999340721765405,0.9999340720066645,1.6987600215401244e-10
0.0004042406756922453,0.9999341541510413,0.9999341539813343,1.6970691518736203e-10
0.0004043406756922453,0.9999342360236153,0.999934235854077,1.6953827230992147e-10
0.0004044406756922453,0.9999343177943891,0.9999343176250194,1.6936974045478337e-10
0.0004045406756922453,0.9999343994634893,0.9999343992942881,1.6920120859964527e-10
0.0004046406756922453,0.9999344810310424,0.9999344808620094,1.6903300981141456e-10
0.0004047406756922453,0.9999345624971747,0.9999345623283097,1.6886503306778877e-10
0.0004048406756922453,0.999934643862012,0.999934643693315,1.6869705632416299e-10
0.0004049406756922453,0.9999347251256805,0.9999347249571513,1.6852919060283966e-10
0.0004050406756922453,0.9999348062883059,0.9999348061199443,1.6836154692612126e-10
0.0004051406756922453,0.9999348873500139,0.9999348871818199,1.6819401427170533e-10
0.0004052406756922453,0.9999349683109299,0.9999349681429033,1.6802659263959185e-10
0.0004053406756922453,0.9999350491711794,0.99993504900332,1.678593930520833e-10
0.0004054406756922453,0.9999351299308874,0.9999351297631951,1.6769230448687722e-10
0.0004055406756922453,0.9999352105901791,0.9999352104226535,1.6752554898857852e-10
0.0004056406756922453,0.9999352911491791,0.9999352909818202,1.6735890451258228e-10
0.0004057406756922453,0.9999353716080123,0.99993537144082,1.6719226003658605e-10
0.0004058406756922453,0.9999354519668032,0.9999354517997772,1.6702605964979966e-10
0.0004059406756922453,0.999935532225676,0.9999355320588164,1.6685963721840835e-10
0.0004060406756922453,0.9999356123847553,0.9999356122180617,1.6669354785392443e-10
0.0004061406756922453,0.9999356924441649,0.9999356922776372,1.6652768053404543e-10
0.0004062406756922453,0.9999357724040288,0.9999357722376669,1.6636181321416643e-10
0.0004063406756922453,0.9999358522644709,0.9999358520982745,1.6619638998349728e-10
0.0004064406756922453,0.9999359320256147,0.9999359318595837,1.6603096675282814e-10
0.0004065406756922453,0.9999360116875836,0.999936011521718,1.6586565454446145e-10
0.0004066406756922453,0.999936091250501,0.9999360910848005,1.6570045335839723e-10
0.0004067406756922453,0.9999361707144899,0.9999361705489546,1.6553536319463547e-10
0.0004068406756922453,0.9999362500796736,0.9999362499143032,1.6537038405317617e-10
0.0004069406756922453,0.9999363293461747,0.9999363291809691,1.652056269563218e-10
0.0004070406756922453,0.9999364085141161,0.999936408349075,1.6504109190407235e-10
0.0004071406756922453,0.9999364875836203,0.9999364874187436,1.6487666787412536e-10
0.0004072406756922453,0.9999365665548097,0.9999365663900973,1.6471235486648084e-10
0.0004073406756922453,0.9999366454278065,0.9999366452632582,1.6454826390344124e-10
0.0004074406756922453,0.9999367242027328,0.9999367240383484,1.6438439498500657e-10
0.0004075406756922453,0.9999368028797105,0.9999368027154899,1.6422063708887435e-10
0.0004076406756922453,0.9999368814588615,0.9999368812948045,1.640569902150446e-10
0.0004077406756922453,0.9999369599403074,0.9999369597764138,1.6389356538581978e-10
0.0004078406756922453,0.9999370383241696,0.9999370381604393,1.6373025157889742e-10
0.0004079406756922453,0.9999371166105695,0.9999371164470023,1.6356715981658e-10
0.0004080406756922453,0.9999371947996283,0.9999371946362241,1.6340417907656501e-10
0.0004081406756922454,0.9999372728914669,0.9999372727282256,1.632413093588525e-10
0.0004082406756922454,0.9999373508862063,0.9999373507231278,1.6307843964114e-10
0.0004083406756922454,0.9999374287839674,0.9999374286210514,1.6291601401263733e-10
0.0004084406756922454,0.9999375065848704,0.9999375064221169,1.627534773618322e-10
0.0004085406756922454,0.9999375842890361,0.9999375841264447,1.6259138480023694e-10
0.0004086406756922454,0.9999376618965845,0.9999376617341552,1.6242929223864166e-10
0.0004087406756922454,0.9999377394076359,0.9999377392453687,1.622671996770464e-10
0.0004088406756922454,0.9999378168223102,0.9999378166602048,1.621054401823585e-10
0.0004089406756922454,0.9999378941407272,0.9999378939787835,1.6194368068767062e-10
0.0004090406756922454,0.9999379713630069,0.9999379712012246,1.6178225425989012e-10
0.0004091406756922454,0.9999380484892684,0.9999380483276475,1.6162082783210963e-10
0.0004092406756922454,0.9999381255196312,0.9999381253581717,1.614595124266316e-10
0.0004093406756922454,0.9999382024542148,0.9999382022929163,1.6129853008806094e-10
0.0004094406756922454,0.9999382792931382,0.9999382791320005,1.6113765877179276e-10
0.0004095406756922454,0.9999383560365201,0.9999383558755432,1.6097689847782704e-10
0.0004096406756922454,0.9999384326844797,0.9999384325236632,1.608164712507687e-10
0.0004097406756922454,0.9999385092371352,0.9999385090764793,1.606559330014079e-10
0.0004098406756922454,0.9999385856946054,0.9999385855341096,1.604957278189545e-10
0.0004099406756922454,0.9999386620570084,0.9999386618966729,1.6033552263650108e-10
0.0004100406756922454,0.9999387383244627,0.9999387381642872,1.6017542847635013e-10
0.0004101406756922454,0.9999388144970862,0.9999388143370705,1.6001566738310657e-10
0.0004102406756922454,0.9999388905749969,0.9999388904151408,1.5985601731216548e-10
0.0004103406756922454,0.9999389665583125,0.999938966398616,1.5969647826352684e-10
0.0004104406756922454,0.9999390424471505,0.9999390422876134,1.5953705023719067e-10
0.0004105406756922454,0.9999391182416286,0.9999391180822508,1.5937784425545942e-10
0.0004106406756922454,0.999939193941864,0.9999391937826452,1.592188603183331e-10
0.0004107406756922454,0.9999392695479739,0.9999392693889141,1.5905976535890431e-10
0.0004108406756922454,0.9999393450600753,0.9999393449011743,1.5890100346638292e-10
0.0004109406756922454,0.9999394204782851,0.9999394203195429,1.5874224157386152e-10
0.0004110406756922454,0.99993949580272,0.9999394956441363,1.5858370172594505e-10
0.0004111406756922454,0.999939571033497,0.9999395708750715,1.5842549494493596e-10
0.0004112406756922454,0.9999396461707319,0.9999396460124648,1.5826717714162442e-10
0.0004113406756922454,0.9999397212145417,0.9999397210564324,1.5810930342752272e-10
0.0004114406756922454,0.9999397961650419,0.9999397960070906,1.5795131869111856e-10
0.0004115406756922454,0.999939871022349,0.9999398708645554,1.5779366702162179e-10
0.0004116406756922454,0.9999399457865786,0.9999399456289426,1.5763601535212501e-10
0.0004117406756922454,0.9999400204578465,0.999940020300368,1.574784747049307e-10
0.0004118406756922454,0.9999400950362684,0.9999400948789472,1.5732115610234132e-10
0.0004119406756922454,0.9999401695219596,0.9999401693647956,1.5716405954435686e-10
0.0004120406756922454,0.9999402439150354,0.9999402437580285,1.570069629863724e-10
0.0004121406756922454,0.999940318215611,0.999940318058761,1.568499774506904e-10
0.0004122406756922455,0.9999403924238016,0.9999403922671083,1.566933249819158e-10
0.0004123406756922455,0.999940466539722,0.9999404663831851,1.565368945577461e-10
0.0004124406756922455,0.9999405405634867,0.9999405404071063,1.5638035311127396e-10
0.0004125406756922455,0.9999406144952104,0.9999406143389863,1.562241447317092e-10
0.0004126406756922455,0.9999406883350075,0.9999406881789397,1.5606782532984198e-10
0.0004127406756922455,0.9999407620829924,0.9999407619270806,1.5591183899488215e-10
0.0004128406756922455,0.9999408357392794,0.9999408355835233,1.5575607470452724e-10
0.0004129406756922455,0.9999409093039823,0.9999409091483819,1.556004214364748e-10
0.0004130406756922455,0.9999409827772149,0.9999409826217701,1.5544476816842234e-10
0.0004131406756922455,0.999941056159091,0.9999410560038017,1.5528933694497482e-10
0.0004132406756922455,0.9999411294497245,0.9999411292945903,1.5513412776613222e-10
0.0004133406756922455,0.9999412026492284,0.9999412024942494,1.5497891858728963e-10
0.0004134406756922455,0.9999412757577164,0.9999412756028923,1.5482415349765688e-10
0.0004135406756922455,0.9999413487753013,0.999941348620632,1.5466927738572167e-10
0.0004136406756922455,0.9999414217020964,0.9999414215475817,1.5451473434069385e-10
0.0004137406756922455,0.9999414945382145,0.9999414943838543,1.5436019129566603e-10
0.0004138406756922455,0.9999415672837683,0.9999415671295625,1.5420575927294067e-10
0.0004139406756922455,0.9999416399388703,0.9999416397848189,1.5405143827251777e-10
0.0004140406756922455,0.9999417125036332,0.999941712349736,1.5389722829439734e-10
0.0004141406756922455,0.9999417849781692,0.999941784824426,1.5374324036088183e-10
0.0004142406756922455,0.9999418573625907,0.9999418572090012,1.5358947447197124e-10
0.0004143406756922455,0.9999419296570097,0.9999419295035736,1.5343604164996805e-10
0.0004144406756922455,0.9999420018615378,0.9999420017082553,1.532824978056624e-10
0.0004145406756922455,0.999942073976287,0.9999420738231578,1.5312917600596165e-10
0.0004146406756922455,0.9999421460013689,0.9999421458483929,1.5297596522856338e-10
0.0004147406756922455,0.999942217936895,0.999942217784072,1.5282297649577004e-10
0.0004148406756922455,0.9999422897829765,0.9999422896303065,1.526699877629767e-10
0.0004149406756922455,0.9999423615397248,0.9999423613872076,1.5251722107478827e-10
0.0004150406756922455,0.999942433207251,0.9999424330548865,1.5236445438659985e-10
0.0004151406756922455,0.9999425047856659,0.9999425046334539,1.522120207653188e-10
0.0004152406756922455,0.9999425762750804,0.9999425761230207,1.5205969816634024e-10
0.0004153406756922455,0.9999426476756051,0.9999426475236977,1.5190748658966413e-10
0.0004154406756922455,0.9999427189873505,0.9999427188355952,1.5175538603529048e-10
0.0004155406756922455,0.9999427902104272,0.9999427900588237,1.5160350752552176e-10
0.0004156406756922455,0.9999428613449451,0.9999428611934935,1.5145162901575304e-10
0.0004157406756922455,0.9999429323910146,0.9999429322397146,1.5129997255058925e-10
0.0004158406756922455,0.9999430033487458,0.9999430031975972,1.5114853813003037e-10
0.0004159406756922455,0.9999430742182481,0.9999430740672509,1.5099721473177397e-10
0.0004160406756922455,0.9999431449996316,0.9999431448487854,1.5084611337812248e-10
0.0004161406756922455,0.9999432156930054,0.9999432155423105,1.5069490100216854e-10
0.0004162406756922455,0.9999432862984793,0.9999432861479354,1.5054391067081951e-10
0.0004163406756922456,0.9999433568161625,0.9999433566657694,1.5039314238407542e-10
0.0004164406756922456,0.9999434272461643,0.9999434270959219,1.5024237409733132e-10
0.0004165406756922456,0.9999434975885936,0.9999434974385016,1.500919388774946e-10
0.0004166406756922456,0.9999435678435592,0.9999435676936176,1.4994161467996037e-10
0.0004167406756922456,0.99994363801117,0.9999436378613786,1.4979140150472858e-10
0.0004168406756922456,0.9999437080915345,0.9999437079418932,1.4964129935179926e-10
0.0004169406756922456,0.9999437780847613,0.99994377793527,1.494913082211724e-10
0.0004170406756922456,0.9999438479909588,0.9999438478416172,1.4934165015745293e-10
0.0004171406756922456,0.999943917810235,0.999943917661043,1.4919199209373346e-10
0.0004172406756922456,0.999943987542698,0.9999439873936555,1.4904244505231645e-10
0.0004173406756922456,0.9999440571884559,0.9999440570395628,1.4889312005550437e-10
0.0004174406756922456,0.9999441267476165,0.9999441265988726,1.4874390608099475e-10
0.0004175406756922456,0.9999441962202871,0.9999441960716924,1.4859469210648513e-10
0.0004176406756922456,0.9999442656065758,0.99994426545813,1.484458111988829e-10
0.0004177406756922456,0.9999443349065897,0.9999443347582927,1.4829704131358312e-10
0.0004178406756922456,0.9999444041204362,0.9999444039722878,1.4814838245058581e-10
0.0004179406756922456,0.9999444732482222,0.9999444731002224,1.4799983460989097e-10
0.0004180406756922456,0.999944542290055,0.9999445421422036,1.4785139779149858e-10
0.0004181406756922456,0.9999446112460414,0.9999446110983381,1.477032940400136e-10
0.0004182406756922456,0.999944680116288,0.9999446799687328,1.475551902885286e-10
0.0004183406756922456,0.9999447489009015,0.9999447487534943,1.4740719755934606e-10
0.0004184406756922456,0.9999448175999884,0.999944817452729,1.4725942687476845e-10
0.0004185406756922456,0.9999448862136548,0.9999448860665433,1.4711154516788838e-10
0.0004186406756922456,0.9999449547420074,0.9999449545950433,1.4696410755021816e-10
0.0004187406756922456,0.9999450231851519,0.9999450230383353,1.4681655891024548e-10
0.0004188406756922456,0.9999450915431943,0.999945091396525,1.4666934333718018e-10
0.0004189406756922456,0.9999451598162405,0.9999451596697184,1.4652212776411488e-10
0.0004190406756922456,0.9999452280043962,0.9999452278580211,1.4637513423565451e-10
0.0004191406756922456,0.999945296107767,0.9999452959615387,1.462282517294966e-10
0.0004192406756922456,0.9999453641264582,0.9999453639803765,1.4608170229024608e-10
0.0004193406756922456,0.9999454320605751,0.9999454319146399,1.4593515285099556e-10
0.0004194406756922456,0.9999454999102229,0.9999454997644341,1.457887144340475e-10
0.0004195406756922456,0.9999455676755066,0.9999455675298641,1.4564249806170437e-10
0.0004196406756922456,0.9999456353565308,0.9999456352110346,1.4549617066705878e-10
0.0004197406756922456,0.9999457029534007,0.9999457028080507,1.4534995429471564e-10
0.0004198406756922456,0.9999457704662209,0.9999457703210168,1.452040709892799e-10
0.0004199406756922456,0.9999458378950958,0.9999458377500375,1.4505829870614662e-10
0.0004200406756922456,0.99994590524013,0.9999459050952172,1.4491285948992072e-10
0.0004201406756922456,0.9999459725014275,0.99994597235666,1.4476742027369482e-10
0.0004202406756922456,0.9999460396790925,0.9999460395344701,1.4462231412437632e-10
0.0004203406756922456,0.9999461067732289,0.9999461066287517,1.444772079750578e-10
0.0004204406756922457,0.9999461737839405,0.9999461736396084,1.443321018257393e-10
0.0004205406756922457,0.9999462407113311,0.9999462405671439,1.4418721772102572e-10
0.0004206406756922457,0.9999463075555044,0.999946307411462,1.440424446386146e-10
0.0004207406756922457,0.9999463743165637,0.999946374172666,1.4389778257850594e-10
0.0004208406756922457,0.9999464409946126,0.9999464408508594,1.4375323154069974e-10
0.0004209406756922457,0.9999465075897541,0.9999465074461452,1.4360890254749847e-10
0.0004210406756922457,0.9999465741020914,0.9999465739586267,1.4346468457659967e-10
0.0004211406756922457,0.9999466405317274,0.9999466403884069,1.4332057762800332e-10
0.0004212406756922457,0.999946706878765,0.9999467067355884,1.4317658170170944e-10
0.0004213406756922457,0.9999467731433067,0.999946773000274,1.4303269679771802e-10
0.0004214406756922457,0.9999468393254554,0.9999468391825663,1.4288903393833152e-10
0.0004215406756922457,0.9999469054253133,0.9999469052825677,1.4274559312354995e-10
0.0004216406756922457,0.9999469714429828,0.9999469713003806,1.4260226333107084e-10
0.0004217406756922457,0.999947037378566,0.9999470372361071,1.4245893353859174e-10
0.0004218406756922457,0.9999471032321651,0.9999471030898495,1.4231560374611263e-10
0.0004219406756922457,0.9999471690038819,0.9999471688617093,1.421726070205409e-10
0.0004220406756922457,0.9999472346938184,0.9999472345517887,1.4202972131727165e-10
0.0004221406756922457,0.9999473003020762,0.9999473001601893,1.4188694663630486e-10
0.0004222406756922457,0.9999473658287569,0.9999473656870125,1.4174439399994299e-10
0.0004223406756922457,0.9999474312739618,0.9999474311323598,1.4160195238588358e-10
0.0004224406756922457,0.9999474966377924,0.9999474964963327,1.4145962179412663e-10
0.0004225406756922457,0.9999475619203496,0.9999475617790322,1.4131740222467215e-10
0.0004226406756922457,0.9999476271217347,0.9999476269805593,1.411754046998226e-10
0.0004227406756922457,0.9999476922420485,0.9999476921010151,1.4103340717497304e-10
0.0004228406756922457,0.999947757281392,0.9999477571405003,1.408916316947284e-10
0.0004229406756922457,0.9999478222398656,0.9999478220991156,1.4074996723678623e-10
0.0004230406756922457,0.99994788711757,0.9999478869769615,1.40608524823449e-10
0.0004231406756922457,0.9999479519146056,0.9999479517741385,1.4046708241011174e-10
0.0004232406756922457,0.9999480166310727,0.9999480164907469,1.4032575101907696e-10
0.0004233406756922457,0.9999480812670716,0.9999480811268869,1.401846416726471e-10
0.0004234406756922457,0.9999481458227021,0.9999481456826584,1.400436433485197e-10
0.0004235406756922457,0.9999482102980645,0.9999482101581616,1.3990286706899724e-10
0.0004236406756922457,0.9999482746932583,0.9999482745534961,1.3976220181177723e-10
0.0004237406756922457,0.9999483390083832,0.9999483388687617,1.3962153655455722e-10
0.0004238406756922457,0.9999484032435388,0.9999484031040577,1.3948109334194214e-10
0.0004239406756922457,0.9999484673988247,0.9999484672594838,1.3934087217393198e-10
0.0004240406756922457,0.99994853147434,0.9999485313351393,1.392007620282243e-10
0.0004241406756922457,0.9999485954701838,0.9999485953311233,1.3906042983791167e-10
0.0004242406756922457,0.9999486593864554,0.9999486592475348,1.389205417368089e-10
0.0004243406756922457,0.9999487232232539,0.999948723084473,1.3878087568031106e-10
0.0004244406756922457,0.9999487869806777,0.9999487868420365,1.386412096238132e-10
0.0004245406756922458,0.9999488506588258,0.9999488505203239,1.3850187663422275e-10
0.0004246406756922458,0.9999489142577964,0.999948914119434,1.3836243262232983e-10
0.0004247406756922458,0.9999489777776883,0.9999489776394651,1.3822321065504184e-10
0.0004248406756922458,0.9999490412185997,0.9999490410805156,1.380840997100563e-10
0.0004249406756922458,0.9999491045806287,0.9999491044426838,1.379448777427683e-10
0.0004250406756922458,0.9999491678638737,0.9999491677260676,1.3780609986469017e-10
0.0004251406756922458,0.9999492310684324,0.9999492309307649,1.3766743300891449e-10
0.0004252406756922458,0.9999492941944026,0.9999492940568738,1.375287661531388e-10
0.0004253406756922458,0.9999493572418822,0.999949357104492,1.3739021031966558e-10
0.0004254406756922458,0.9999494202109688,0.9999494200737168,1.3725198755309975e-10
0.0004255406756922458,0.9999494831017597,0.9999494829646458,1.3711387580883638e-10
0.0004256406756922458,0.9999495459143524,0.9999495457773766,1.3697576406457301e-10
0.0004257406756922458,0.999949608648844,0.9999496085120061,1.3683787436491457e-10
0.0004258406756922458,0.9999496713053316,0.9999496711686316,1.3669998466525612e-10
0.0004259406756922458,0.9999497338839124,0.9999497337473501,1.365623170102026e-10
0.0004260406756922458,0.9999497963846832,0.9999497962482583,1.36424871399754e-10
0.0004261406756922458,0.9999498588077406,0.999949858671453,1.3628753681160788e-10
0.0004262406756922458,0.9999499211531813,0.9999499210170311,1.3615020222346175e-10
0.0004263406756922458,0.9999499834211018,0.9999499832850888,1.3601297865761808e-10
0.0004264406756922458,0.9999500456115985,0.9999500454757225,1.3587597713637933e-10
0.0004265406756922458,0.9999501077247677,0.9999501075890286,1.3573908663744305e-10
0.0004266406756922458,0.9999501697607055,0.9999501696251032,1.3560230716080923e-10
0.0004267406756922458,0.999950231719508,0.9999502315840424,1.3546563870647788e-10
0.0004268406756922458,0.9999502936012711,0.999950293465942,1.3532908127444898e-10
0.0004269406756922458,0.9999503554060906,0.9999503552708978,1.35192745887025e-10
0.0004270406756922458,0.9999504171340621,0.9999504169990056,1.350565215219035e-10
0.0004271406756922458,0.9999504787852811,0.9999504786503607,1.3492040817908446e-10
0.0004272406756922458,0.9999505403598432,0.9999505402250588,1.3478440585856788e-10
0.0004273406756922458,0.9999506018578436,0.999950601723195,1.3464851456035376e-10
0.0004274406756922458,0.9999506632793776,0.9999506631448647,1.3451295632904703e-10
0.0004275406756922458,0.9999507246245403,0.9999507244901629,1.343773980977403e-10
0.0004276406756922458,0.9999507858934265,0.9999507857591844,1.342420619110385e-10
0.0004277406756922458,0.999950847086131,0.9999508469520243,1.3410672572433668e-10
0.0004278406756922458,0.9999509082027487,0.9999509080687772,1.3397150055993734e-10
0.0004279406756922458,0.9999509692433741,0.9999509691095377,1.3383638641784046e-10
0.0004280406756922458,0.9999510302081017,0.9999510300744002,1.337014943203485e-10
0.0004281406756922458,0.999951091097026,0.9999510909634594,1.3356660222285655e-10
0.0004282406756922458,0.9999511519102411,0.9999511517768092,1.3343193216996951e-10
0.0004283406756922458,0.9999512126478411,0.9999512125145438,1.3329737313938494e-10
0.0004284406756922458,0.9999512733099202,0.9999512731767574,1.3316281410880038e-10
0.0004285406756922458,0.9999513338965722,0.9999513337635436,1.330285881451232e-10
0.0004286406756922459,0.9999513944078908,0.9999513942749966,1.3289425115914355e-10
0.0004287406756922459,0.9999514548439699,0.9999514547112096,1.327602472400713e-10
0.0004288406756922459,0.9999515152049029,0.9999515150722765,1.326263543433015e-10
0.0004289406756922459,0.9999515754907833,0.9999515753582907,1.3249257246883417e-10
0.0004290406756922459,0.9999516357017044,0.9999516355693454,1.3235901263897176e-10
0.0004291406756922459,0.9999516958377592,0.9999516957055339,1.322253417868069e-10
0.0004292406756922459,0.9999517558990412,0.9999517557669492,1.320920040015494e-10
0.0004293406756922459,0.9999518158856431,0.9999518157536843,1.319587772385944e-10
0.0004294406756922459,0.9999518757976578,0.9999518756658321,1.3182566149794184e-10
0.0004295406756922459,0.9999519356351779,0.9999519355034854,1.3169254575728928e-10
0.0004296406756922459,0.9999519953982963,0.9999519952667366,1.3155965206124165e-10
0.0004297406756922459,0.9999520550871052,0.9999520549556784,1.3142675836519402e-10
0.0004298406756922459,0.9999521147016973,0.9999521145704031,1.3129419773605377e-10
0.0004299406756922459,0.9999521742421646,0.9999521741110031,1.3116152608461107e-10
0.0004300406756922459,0.9999522337085996,0.9999522335775705,1.3102918750007575e-10
0.0004301406756922459,0.9999522931010942,0.9999522929701973,1.308969599378429e-10
0.0004302406756922459,0.9999523524197405,0.9999523522889755,1.3076495442021496e-10
0.0004303406756922459,0.99995241166463,0.9999524115339969,1.306330599248895e-10
0.0004304406756922459,0.9999524708358544,0.9999524707053532,1.3050116542956403e-10
0.0004305406756922459,0.9999525299335054,0.9999525298031361,1.3036927093423856e-10
0.0004306406756922459,0.9999525889576745,0.9999525888274369,1.3023759848351801e-10
0.0004307406756922459,0.9999526479084532,0.9999526477783471,1.3010603705509993e-10
0.0004308406756922459,0.9999527067859326,0.9999527066559579,1.2997469767128678e-10
0.0004309406756922459,0.9999527655902039,0.9999527654603605,1.2984335828747362e-10
0.0004310406756922459,0.9999528243213582,0.9999528241916459,1.2971235197056785e-10
0.0004311406756922459,0.9999528829794864,0.9999528828499049,1.2958145667596455e-10
0.0004312406756922459,0.999952941564679,0.9999529414352284,1.2945056138136124e-10
0.0004313406756922459,0.9999530000770268,0.9999529999477071,1.2931966608675793e-10
0.0004314406756922459,0.9999530585166208,0.9999530583874316,1.2918910385906202e-10
0.0004315406756922459,0.9999531168835512,0.9999531167544924,1.2905876367597102e-10
0.0004316406756922459,0.999953175177908,0.9999531750489796,1.2892842349288003e-10
0.0004317406756922459,0.9999532333997819,0.9999532332709837,1.287981943320915e-10
0.0004318406756922459,0.9999532915492627,0.9999532914205947,1.2866796517130297e-10
0.0004319406756922459,0.9999533496264407,0.9999533494979027,1.2853795805511936e-10
0.0004320406756922459,0.9999534076314056,0.9999534075029975,1.2840806196123822e-10
0.0004321406756922459,0.9999534655642472,0.999953465435969,1.2827827688965954e-10
0.0004322406756922459,0.9999535234250553,0.9999535232969068,1.2814849181808086e-10
0.0004323406756922459,0.9999535812139195,0.9999535810859004,1.2801915083571203e-10
0.0004324406756922459,0.9999536389309291,0.9999536388030394,1.2788969883104073e-10
0.0004325406756922459,0.9999536965761735,0.999953696448413,1.2776046887097436e-10
0.0004326406756922459,0.999953754149742,0.9999537540221106,1.2763134993321046e-10
0.000432740675692246,0.9999538116517237,0.9999538115242212,1.2750245304005148e-10
0.000432840675692246,0.9999538690822074,0.999953868954834,1.2737344512459003e-10
0.000432940675692246,0.9999539264412823,0.9999539263140376,1.2724477027603598e-10
0.000433040675692246,0.9999539837290371,0.9999539836019209,1.2711620644978439e-10
0.000433140675692246,0.9999540409455603,0.9999540408185728,1.2698753160123033e-10
0.000433240675692246,0.9999540980909406,0.9999540979640815,1.268590787972812e-10
0.000433340675692246,0.9999541551652664,0.9999541550385357,1.2673073701563453e-10
0.000433440675692246,0.9999542121686263,0.9999542120420237,1.266026172785928e-10
0.000433540675692246,0.9999542691011083,0.9999542689746337,1.264746085638535e-10
0.000433640675692246,0.9999543259628006,0.9999543258364539,1.263467108714167e-10
0.000433740675692246,0.9999543827537913,0.9999543826275723,1.262190352235848e-10
0.000433840675692246,0.999954439474168,0.9999544393480768,1.2609113753114798e-10
0.000433940675692246,0.9999544961240189,0.9999544959980552,1.25963683927921e-10
0.000434040675692246,0.9999545527034315,0.9999545525775951,1.258363413469965e-10
0.000434140675692246,0.9999546092124932,0.9999546090867842,1.25708998766072e-10
0.000434240675692246,0.9999546656512917,0.99995466552571,1.255816561851475e-10
0.000434340675692246,0.9999547220199143,0.9999547218944598,1.2545453564882791e-10
0.000434440675692246,0.9999547783184486,0.9999547781931208,1.2532774817941572e-10
0.000434540675692246,0.9999548345469813,0.9999548344217802,1.25201071732306e-10
0.000434640675692246,0.9999548907055996,0.9999548905805252,1.2507439528519626e-10
0.000434740675692246,0.9999549467943903,0.9999549466694425,1.24947829860389e-10
0.000434840675692246,0.9999550028134403,0.9999550026886189,1.248213754578842e-10
0.000434940675692246,0.9999550587628365,0.9999550586381414,1.246951430999843e-10
0.000435040675692246,0.9999551146426653,0.9999551145180964,1.2456891074208443e-10
0.000435140675692246,0.9999551704530133,0.9999551703285703,1.2444301145109193e-10
0.000435240675692246,0.9999552261939668,0.9999552260696497,1.2431711216009944e-10
0.000435340675692246,0.9999552818656121,0.9999552817414209,1.2419121286910695e-10
0.000435440675692246,0.9999553374680352,0.9999553373439699,1.2406531357811446e-10
0.000435540675692246,0.9999553930013224,0.9999553928773828,1.239396363317269e-10
0.000435640675692246,0.9999554484655598,0.9999554483417457,1.2381418112994425e-10
0.000435740675692246,0.9999555038608331,0.9999555037371444,1.236887259281616e-10
0.000435840675692246,0.999955559187228,0.9999555590636645,1.2356349277098388e-10
0.000435940675692246,0.9999556144448303,0.9999556143213919,1.2343837063610863e-10
0.000436040675692246,0.9999556696337254,0.9999556695104119,1.233134705458383e-10
0.000436140675692246,0.9999557247539987,0.9999557246308102,1.2318857045556797e-10
0.000436240675692246,0.9999557798057357,0.9999557796826718,1.2306389240990256e-10
0.000436340675692246,0.9999558347890214,0.9999558346660822,1.2293921436423716e-10
0.000436440675692246,0.9999558897039409,0.9999558895811262,1.2281464734087422e-10
0.000436540675692246,0.9999559445505796,0.9999559444278893,1.226903023621162e-10
0.000436640675692246,0.999955999329022,0.9999559992064558,1.225661794279631e-10
0.000436740675692246,0.9999560540393528,0.999956053916911,1.224418344492051e-10
0.000436840675692246,0.9999561086816571,0.9999561085593393,1.2231782253735446e-10
0.0004369406756922461,0.9999561632560193,0.9999561631338254,1.221939216478063e-10
0.0004370406756922461,0.9999562177625239,0.9999562176404537,1.2207013178056059e-10
0.0004371406756922461,0.9999562722012552,0.9999562720793086,1.219465639579198e-10
0.0004372406756922461,0.9999563265722974,0.9999563264504745,1.2182288511297656e-10
0.0004373406756922461,0.9999563808757347,0.9999563807540354,1.2169931729033578e-10
0.0004374406756922461,0.9999564351116514,0.9999564349900754,1.215760825346024e-10
0.0004375406756922461,0.9999564892801313,0.9999564891586784,1.21452847778869e-10
0.0004376406756922461,0.9999565433812582,0.9999565432599284,1.2132972404543807e-10
0.0004377406756922461,0.9999565974151158,0.9999565972939091,1.212067113343096e-10
0.0004378406756922461,0.999956651381788,0.9999566512607041,1.2108392066778606e-10
0.0004379406756922461,0.999956705281358,0.9999567051603969,1.2096113000126252e-10
0.0004380406756922461,0.9999567591139095,0.999956758993071,1.2083845035704144e-10
0.0004381406756922461,0.9999568128795258,0.9999568127588098,1.2071599275742528e-10
0.0004382406756922461,0.9999568665782899,0.9999568664576963,1.2059353515780913e-10
0.0004383406756922461,0.9999569202102853,0.9999569200898138,1.2047141062510036e-10
0.0004384406756922461,0.9999569737755947,0.9999569736552453,1.2034939711469406e-10
0.0004385406756922461,0.9999570272743011,0.9999570271540738,1.2022738360428775e-10
0.0004386406756922461,0.9999570807064874,0.9999570805863819,1.201054811161839e-10
0.0004387406756922461,0.9999571340722361,0.9999571339522524,1.1998368965038253e-10
0.0004388406756922461,0.9999571873716301,0.999957187251768,1.1986212022918608e-10
0.0004389406756922461,0.9999572406047516,0.9999572404850111,1.1974043978568716e-10
0.0004390406756922461,0.9999572937716832,0.9999572936520642,1.1961898138679317e-10
0.0004391406756922461,0.9999573468725071,0.9999573467530095,1.1949763401020164e-10
0.0004392406756922461,0.9999573999073058,0.9999573997879293,1.1937650867821503e-10
0.0004393406756922461,0.999957452876161,0.9999574527569056,1.1925538334622843e-10
0.0004394406756922461,0.9999575057791549,0.9999575056600205,1.1913436903654429e-10
0.0004395406756922461,0.9999575586163691,0.9999575584973557,1.190134657491626e-10
0.0004396406756922461,0.9999576113878859,0.9999576112689932,1.188926734840834e-10
0.0004397406756922461,0.9999576640937867,0.9999576639750146,1.187721032636091e-10
0.0004398406756922461,0.9999577167341531,0.9999577166155015,1.1865164406543727e-10
0.0004399406756922461,0.9999577693090664,0.9999577691905354,1.1853107384496298e-10
0.0004400406756922461,0.9999578218186084,0.9999578217001975,1.1841083669139607e-10
0.0004401406756922461,0.9999578742628601,0.9999578741445694,1.1829071056013163e-10
0.0004402406756922461,0.9999579266419026,0.999957926523732,1.1817058442886719e-10
0.0004403406756922461,0.9999579789558174,0.9999579788377667,1.1805068034220767e-10
0.0004404406756922461,0.9999580312046851,0.9999580310867542,1.1793088727785062e-10
0.0004405406756922461,0.9999580833885865,0.9999580832707754,1.1781109421349356e-10
0.0004406406756922461,0.9999581355076027,0.9999581353899112,1.1769152319374143e-10
0.0004407406756922461,0.9999581875618141,0.9999581874442421,1.175719521739893e-10
0.0004408406756922461,0.9999582395513017,0.999958239433849,1.1745271422114456e-10
0.0004409406756922461,0.9999582914761456,0.9999582913588121,1.1733347626829982e-10
0.0004410406756922462,0.9999583433364262,0.9999583432192117,1.1721446036006e-10
0.0004411406756922462,0.999958395132224,0.9999583950151285,1.1709544445182019e-10
0.0004412406756922462,0.9999584468636188,0.9999584467466422,1.1697653956588283e-10
0.0004413406756922462,0.9999584985306911,0.9999584984138332,1.168578567245504e-10
0.0004414406756922462,0.9999585501335206,0.9999585500167814,1.1673928490552044e-10
0.0004415406756922462,0.9999586016721872,0.9999586015555666,1.16620602064188e-10
0.0004416406756922462,0.9999586531467708,0.9999586530302685,1.1650225228976296e-10
0.0004417406756922462,0.999958704557351,0.9999587044409671,1.1638390251533792e-10
0.0004418406756922462,0.9999587559040074,0.9999587557877417,1.1626566376321534e-10
0.0004419406756922462,0.9999588071868194,0.999958807070672,1.1614742501109276e-10
0.0004420406756922462,0.9999588584058666,0.9999588582898371,1.1602951932587757e-10
0.0004421406756922462,0.9999589095612283,0.9999589094453165,1.159118356852673e-10
0.0004422406756922462,0.9999589606529834,0.9999589605371894,1.1579404102235458e-10
0.0004423406756922462,0.999959011681211,0.9999590115655347,1.1567635738174431e-10
0.0004424406756922462,0.9999590626459902,0.9999590625304315,1.1555867374113404e-10
0.0004425406756922462,0.9999591135474001,0.9999591134319588,1.1544132316743116e-10
0.0004426406756922462,0.9999591643855192,0.9999591642701952,1.1532408361603075e-10
0.0004427406756922462,0.9999592151604264,0.9999592150452196,1.1520684406463033e-10
0.0004428406756922462,0.9999592658722003,0.9999592657571104,1.150899375801373e-10
0.0004429406756922462,0.9999593165209191,0.9999593164059462,1.1497292007334181e-10
0.0004430406756922462,0.9999593671066614,0.9999593669918053,1.1485612461115124e-10
0.0004431406756922462,0.9999594176295055,0.9999594175147662,1.1473921812665822e-10
0.0004432406756922462,0.9999594680895296,0.9999594679749071,1.1462253368677011e-10
0.0004433406756922462,0.9999595184868121,0.9999595183723059,1.145061823137894e-10
0.0004434406756922462,0.9999595688214307,0.9999595687070407,1.1438994196311114e-10
0.0004435406756922462,0.999959619093463,0.9999596189791895,1.1427347956782796e-10
0.0004436406756922462,0.9999596693029873,0.99995966918883,1.1415735023945217e-10
0.0004437406756922462,0.9999597194500812,0.99995971933604,1.1404122091107638e-10
0.0004438406756922462,0.9999597695348222,0.9999597694208971,1.1392509158270059e-10
0.0004439406756922462,0.9999598195572882,0.9999598194434789,1.1380929532123218e-10
0.0004440406756922462,0.9999598695175563,0.9999598694038627,1.1369361008206624e-10
0.0004441406756922462,0.9999599194157042,0.9999599193021259,1.1357825790980769e-10
0.0004442406756922462,0.9999599692518086,0.9999599691383458,1.1346279471524667e-10
0.0004443406756922462,0.999960019025947,0.9999600189125996,1.1334744254298812e-10
0.0004444406756922462,0.9999600687381961,0.999960068624964,1.1323209037072957e-10
0.0004445406756922462,0.9999601183886332,0.9999601182755163,1.1311684922077347e-10
0.0004446406756922462,0.9999601679773351,0.9999601678643334,1.1300171909311985e-10
0.0004447406756922462,0.9999602175043786,0.9999602173914918,1.1288681101007114e-10
0.0004448406756922462,0.9999602669698403,0.9999602668570682,1.1277212497162736e-10
0.0004449406756922462,0.9999603163737966,0.9999603162611393,1.1265721688857866e-10
0.0004450406756922462,0.9999603657163242,0.9999603656037815,1.1254264187243734e-10
0.0004451406756922463,0.9999604149974994,0.9999604148850713,1.1242817787859849e-10
0.0004452406756922463,0.9999604642173986,0.9999604641050849,1.1231371388475964e-10
0.0004453406756922463,0.9999605133760978,0.9999605132638983,1.1219947193552571e-10
0.0004454406756922463,0.9999605624736732,0.9999605623615879,1.1208522998629178e-10
0.0004455406756922463,0.9999606115102008,0.9999606113982297,1.1197109905936031e-10
0.0004456406756922463,0.9999606604857566,0.9999606603738993,1.1185730119933623e-10
0.0004457406756922463,0.9999607094004163,0.9999607092886728,1.1174350333931216e-10
0.0004458406756922463,0.9999607582542556,0.9999607581426257,1.1162981650159054e-10
0.0004459406756922463,0.9999608070473499,0.9999608069358339,1.1151601864156646e-10
0.0004460406756922463,0.9999608557797752,0.9999608556683727,1.1140255384844977e-10
0.0004461406756922463,0.9999609044516068,0.9999609043403176,1.1128920007763554e-10
0.0004462406756922463,0.9999609530629199,0.9999609529517439,1.1117595732912378e-10
0.0004463406756922463,0.9999610016137898,0.9999610015027269,1.1106282560291447e-10
0.0004464406756922463,0.9999610501042916,0.9999610499933418,1.1094980489900763e-10
0.0004465406756922463,0.9999610985345004,0.9999610984236637,1.1083678419510079e-10
0.0004466406756922463,0.9999611469044913,0.9999611467937674,1.1072398553579887e-10
0.0004467406756922463,0.999961195214339,0.9999611951037278,1.1061118687649696e-10
0.0004468406756922463,0.9999612434641183,0.9999612433536198,1.104984992394975e-10
0.0004469406756922463,0.999961291653904,0.999961291543518,1.1038603364710298e-10
0.0004470406756922463,0.9999613397837707,0.9999613396734971,1.1027356805470845e-10
0.0004471406756922463,0.9999613878537926,0.9999613877436314,1.1016121348461638e-10
0.0004472406756922463,0.9999614358640446,0.9999614357539955,1.1004908095912924e-10
0.0004473406756922463,0.9999614838146006,0.9999614837046638,1.0993683741133964e-10
0.0004474406756922463,0.9999615317055353,0.9999615315957101,1.0982514897506235e-10
0.0004475406756922463,0.9999615795369222,0.999961579427209,1.0971323849418013e-10
0.0004476406756922463,0.9999616273088359,0.9999616271992343,1.0960155005790284e-10
0.0004477406756922463,0.9999616750213499,0.99996167491186,1.0948986162162555e-10
0.0004478406756922463,0.9999617226745383,0.9999617225651601,1.0937817318534826e-10
0.0004479406756922463,0.999961770268475,0.9999617701592081,1.0926692883828082e-10
0.0004480406756922463,0.9999618178032335,0.9999618176940779,1.0915557346891092e-10
0.0004481406756922463,0.9999618652788873,0.9999618651698429,1.0904444014414594e-10
0.0004482406756922463,0.99996191269551,0.9999619125865766,1.0893341784168342e-10
0.0004483406756922463,0.9999619600531751,0.9999619599443526,1.0882250656152337e-10
0.0004484406756922463,0.9999620073519555,0.999962007243244,1.0871148425906085e-10
0.0004485406756922463,0.9999620545919248,0.9999620544833242,1.086005729789008e-10
0.0004486406756922463,0.999962101773156,0.9999621016646661,1.0848988374334567e-10
0.0004487406756922463,0.9999621488957223,0.999962148787343,1.08379305530093e-10
0.0004488406756922463,0.9999621959596965,0.9999621958514276,1.082688383391428e-10
0.0004489406756922463,0.9999622429651515,0.999962242856993,1.0815848217049506e-10
0.0004490406756922463,0.9999622899121599,0.9999622898041116,1.0804823702414978e-10
0.0004491406756922463,0.9999623368007946,0.9999623366928565,1.0793810290010697e-10
0.0004492406756922464,0.999962383631128,0.9999623835232999,1.0782807979836662e-10
0.0004493406756922464,0.9999624304032327,0.9999624302955146,1.0771816771892873e-10
0.0004494406756922464,0.9999624771171812,0.9999624770095729,1.076083666617933e-10
0.0004495406756922464,0.9999625237730455,0.9999625236655469,1.0749856560465787e-10
0.0004496406756922464,0.999962570370898,0.9999625702635091,1.073888755698249e-10
0.0004497406756922464,0.999962616910811,0.9999626168035315,1.0727951860189933e-10
0.0004498406756922464,0.9999626633928563,0.9999626632856863,1.0717005061167129e-10
0.0004499406756922464,0.999962709817106,0.9999627097100452,1.0706080466604817e-10
0.0004500406756922464,0.999962756183632,0.9999627560766802,1.0695178076502998e-10
0.0004501406756922464,0.9999628024925057,0.9999628023856632,1.0684253481940686e-10
0.0004502406756922464,0.9999628487437991,0.9999628486370655,1.0673362194069114e-10
0.0004503406756922464,0.9999628949375838,0.9999628948309591,1.0662470906197541e-10
0.0004504406756922464,0.9999629410739312,0.9999629409674153,1.0651590720556214e-10
0.0004505406756922464,0.9999629871529129,0.9999629870465057,1.0640721637145134e-10
0.0004506406756922464,0.9999630331746,0.9999630330683014,1.06298636559643e-10
0.0004507406756922464,0.999963079139064,0.9999630790328737,1.0619027879243959e-10
0.0004508406756922464,0.9999631250463759,0.9999631249402938,1.0608203204753863e-10
0.0004509406756922464,0.9999631708966066,0.9999631707906328,1.0597378530263768e-10
0.0004510406756922464,0.9999632166898272,0.9999632165839616,1.0586564958003919e-10
0.0004511406756922464,0.9999632624261088,0.9999632623203512,1.0575762487974316e-10
0.0004512406756922464,0.9999633081055219,0.9999633079998722,1.056497112017496e-10
0.0004513406756922464,0.9999633537281373,0.9999633536225954,1.055419085460585e-10
0.0004514406756922464,0.9999633992940257,0.9999633991885915,1.0543421691266985e-10
0.0004515406756922464,0.9999634448032574,0.999963444697931,1.0532641425697875e-10
0.0004516406756922464,0.9999634902559033,0.9999634901506842,1.052190556904975e-10
0.0004517406756922464,0.9999635356520333,0.9999635355469217,1.0511158610171378e-10
0.0004518406756922464,0.9999635809917179,0.9999635808867137,1.0500422753523253e-10
0.0004519406756922464,0.9999636262750273,0.9999636261701302,1.048970910133562e-10
0.0004520406756922464,0.9999636715020317,0.9999636713972415,1.047901765360848e-10
0.0004521406756922464,0.9999637166728008,0.9999637165681176,1.046832620588134e-10
0.0004522406756922464,0.9999637617874046,0.9999637616828283,1.04576347581542e-10
0.0004523406756922464,0.9999638068459131,0.9999638067414435,1.0446965514887552e-10
0.0004524406756922464,0.9999638518483959,0.9999638517440329,1.0436296271620904e-10
0.0004525406756922464,0.9999638967949227,0.9999638966906663,1.0425638130584503e-10
0.0004526406756922464,0.999963941685563,0.9999639415814132,1.0414979989548101e-10
0.0004527406756922464,0.9999639865203864,0.999963986416343,1.0404344052972192e-10
0.0004528406756922464,0.9999640312994625,0.9999640311955252,1.0393730320856776e-10
0.0004529406756922464,0.9999640760228603,0.9999640759190292,1.0383105486511113e-10
0.0004530406756922464,0.999964120690649,0.9999641205869241,1.0372491754395696e-10
0.0004531406756922464,0.999964165302898,0.999964165199279,1.0361900226740772e-10
0.0004532406756922464,0.9999642098596762,0.9999642097561631,1.0351308699085848e-10
0.0004533406756922465,0.9999642543610525,0.9999642542576452,1.034072827366117e-10
0.0004534406756922465,0.999964298807096,0.9999642987037944,1.0330158950466739e-10
0.0004535406756922465,0.9999643431978755,0.9999643430946793,1.0319622933963046e-10
0.0004536406756922465,0.9999643875334595,0.9999643874303688,1.0309075815229107e-10
0.0004537406756922465,0.9999644318139168,0.9999644317109314,1.0298539798725415e-10
0.0004538406756922465,0.9999644760393158,0.9999644759364357,1.0288014884451968e-10
0.0004539406756922465,0.999964520209725,0.99996452010695,1.0277501072408768e-10
0.0004540406756922465,0.999964564325213,0.999964564222543,1.0266998362595814e-10
0.0004541406756922465,0.999964608385848,0.9999646082832827,1.0256528959473599e-10
0.0004542406756922465,0.999964652391698,0.9999646522892375,1.0246048454121137e-10
0.0004543406756922465,0.9999646963428312,0.9999646962404753,1.0235590153229168e-10
0.0004544406756922465,0.9999647402393157,0.9999647401370644,1.0225131852337199e-10
0.0004545406756922465,0.9999647840812191,0.9999647839790725,1.0214662449214984e-10
0.0004546406756922465,0.9999648278686097,0.9999648277665676,1.0204215250553261e-10
0.0004547406756922465,0.9999648716015553,0.9999648714996175,1.0193779154121785e-10
0.0004548406756922465,0.9999649152801234,0.9999649151782899,1.0183354159920555e-10
0.0004549406756922465,0.9999649589043819,0.9999649588026522,1.0172962472410063e-10
0.0004550406756922465,0.9999650024743979,0.9999650023727723,1.0162559682669325e-10
0.0004551406756922465,0.9999650459902392,0.9999650458887173,1.0152190199619326e-10
0.0004552406756922465,0.9999650894519728,0.9999650893505547,1.0141809614339081e-10
0.0004553406756922465,0.9999651328596662,0.9999651327583519,1.0131429029058836e-10
0.0004554406756922465,0.9999651762133864,0.999965176112176,1.0121048443778591e-10
0.0004555406756922465,0.9999652195132009,0.9999652194120939,1.0110701165189084e-10
0.0004556406756922465,0.9999652627591766,0.9999652626581729,1.010037609106007e-10
0.0004557406756922465,0.9999653059513803,0.9999653058504798,1.0090051016931056e-10
0.0004558406756922465,0.999965349089879,0.9999653489890816,1.0079737045032289e-10
0.0004559406756922465,0.9999653921747392,0.999965392074045,1.0069423073133521e-10
0.0004560406756922465,0.9999654352060278,0.9999654351054367,1.0059109101234753e-10
0.0004561406756922465,0.9999654781838113,0.9999654780833231,1.0048817333796478e-10
0.0004562406756922465,0.9999655211081565,0.9999655210077711,1.0038536668588449e-10
0.0004563406756922465,0.9999655639791295,0.999965563878847,1.0028244901150174e-10
0.0004564406756922465,0.999965606796797,0.999965606696617,1.0017997542632884e-10
0.0004565406756922465,0.9999656495612251,0.9999656494611476,1.0007750184115594e-10
0.0004566406756922465,0.9999656922724801,0.999965692172505,9.99751392782855e-11
0.0004567406756922465,0.999965734930628,0.9999657348307551,9.987288773771752e-11
0.0004568406756922465,0.9999657775357348,0.999965777435964,9.9770747219452e-11
0.0004569406756922465,0.9999658200878664,0.9999658199881979,9.966849567888403e-11
0.0004570406756922465,0.9999658625870889,0.9999658624875223,9.956657720522344e-11
0.0004571406756922465,0.999965905033468,0.9999659049340033,9.946476975386531e-11
0.0004572406756922465,0.9999659474270695,0.9999659473277064,9.936307332480965e-11
0.0004573406756922465,0.9999659897679586,0.9999659896686973,9.926126587345152e-11
0.0004574406756922466,0.9999660320562013,0.9999660319570415,9.915979148900078e-11
0.0004575406756922466,0.9999660742918628,0.9999660741928046,9.905820608224758e-11
0.0004576406756922466,0.9999661164750087,0.9999661163760518,9.89568427200993e-11
0.0004577406756922466,0.999966158605704,0.9999661585068484,9.885559038025349e-11
0.0004578406756922466,0.9999662006840143,0.9999662005852599,9.875444906271014e-11
0.0004579406756922466,0.9999662427100044,0.9999662426113511,9.865330774516679e-11
0.0004580406756922466,0.9999662846837395,0.9999662845851872,9.85522774499259e-11
0.0004581406756922466,0.9999663266052846,0.9999663265068331,9.845146919928993e-11
0.0004582406756922466,0.9999663684747044,0.9999663683763539,9.83505499263515e-11
0.0004583406756922466,0.999966410292064,0.9999664101938142,9.8249852698018e-11
0.0004584406756922466,0.999966452057428,0.9999664519592788,9.81491554696845e-11
0.0004585406756922466,0.9999664937708609,0.9999664936728123,9.804856926365346e-11
0.0004586406756922466,0.9999665354324275,0.9999665353344793,9.794820510222735e-11
0.0004587406756922466,0.9999665770421923,0.9999665769443443,9.78479519631037e-11
0.0004588406756922466,0.9999666186002195,0.9999666185024718,9.774769882398004e-11
0.0004589406756922466,0.9999666601065736,0.999966660008926,9.764766772946132e-11
0.0004590406756922466,0.9999667015613188,0.9999667014637712,9.754763663494259e-11
0.0004591406756922466,0.9999667429645194,0.9999667428670717,9.744771656272633e-11
0.0004592406756922466,0.9999667843162392,0.9999667842188913,9.734790751281253e-11
0.0004593406756922466,0.9999668256165424,0.9999668255192942,9.724820948520119e-11
0.0004594406756922466,0.999966866865493,0.9999668667683442,9.714873350219477e-11
0.0004595406756922466,0.9999669080631546,0.9999669079661054,9.70491464968859e-11
0.0004596406756922466,0.9999669492095913,0.9999669491126414,9.694989255848441e-11
0.0004597406756922466,0.9999669903048665,0.9999669902080159,9.685052759778046e-11
0.0004598406756922466,0.9999670313490437,0.9999670312522926,9.67511626370765e-11
0.0004599406756922466,0.999967072342187,0.9999670722455349,9.665201972097748e-11
0.0004600406756922466,0.9999671132843593,0.9999671131878064,9.655287680487845e-11
0.0004601406756922466,0.9999671541756243,0.9999671540791704,9.645395593338435e-11
0.0004602406756922466,0.9999671950160451,0.9999671949196901,9.635503506189025e-11
0.0004603406756922466,0.9999672358056851,0.9999672357094288,9.625633623500107e-11
0.0004604406756922466,0.9999672765446074,0.9999672764484497,9.61576374081119e-11
0.0004605406756922466,0.9999673172328751,0.9999673171368159,9.605927164813011e-11
0.0004606406756922466,0.999967357870551,0.9999673577745902,9.596079486584586e-11
0.0004607406756922466,0.9999673984576981,0.9999673983618357,9.586242910586407e-11
0.0004608406756922466,0.9999674389943793,0.9999674388986152,9.576417436818474e-11
0.0004609406756922466,0.9999674794806572,0.9999674793849912,9.566603065280788e-11
0.0004610406756922466,0.9999675199165946,0.9999675198210267,9.556788693743101e-11
0.0004611406756922466,0.999967560302254,0.9999675602067841,9.546985424435661e-11
0.0004612406756922466,0.9999676006376981,0.999967600542326,9.537204359588713e-11
0.0004613406756922466,0.999967640922989,0.9999676408277148,9.52741219251152e-11
0.0004614406756922466,0.9999676811581893,0.9999676810630128,9.517653332125064e-11
0.0004615406756922467,0.9999677213433613,0.9999677212482825,9.507883369508363e-11
0.0004616406756922467,0.9999677614785673,0.9999677613835858,9.4981467135824e-11
0.0004617406756922467,0.9999678015638691,0.9999678014689851,9.488398955426192e-11
0.0004618406756922467,0.9999678415993288,0.9999678415045423,9.478651197269983e-11
0.0004619406756922467,0.9999678815850087,0.9999678814903193,9.468936745804513e-11
0.0004620406756922467,0.9999679215209705,0.9999679214263782,9.459222294339042e-11
0.0004621406756922467,0.999967961407276,0.9999679613127808,9.449518945103819e-11
0.0004622406756922467,0.9999680012439869,0.9999680011495887,9.439815595868595e-11
0.0004623406756922467,0.9999680410311651,0.9999680409368636,9.43014555332411e-11
0.0004624406756922467,0.9999680807688719,0.9999680806746671,9.420475510779625e-11
0.0004625406756922467,0.9999681204571689,0.9999681203630608,9.41080546823514e-11
0.0004626406756922467,0.9999681600961176,0.9999681600021061,9.4011465279209e-11
0.0004627406756922467,0.9999681996857791,0.9999681995918642,9.391487587606662e-11
0.0004628406756922467,0.9999682392262151,0.9999682391323966,9.381850851752915e-11
0.0004629406756922467,0.9999682787174868,0.9999682786237645,9.372236320359661e-11
0.0004630406756922467,0.999968318159655,0.9999683180660288,9.362621788966408e-11
0.0004631406756922467,0.999968357552781,0.9999683574592507,9.353029462033646e-11
0.0004632406756922467,0.9999683968969255,0.9999683968034913,9.343426032870639e-11
0.0004633406756922467,0.9999684361921497,0.9999684360988114,9.333833705937877e-11
0.0004634406756922467,0.9999684754385142,0.9999684753452717,9.324252481235362e-11
0.0004635406756922467,0.9999685146360799,0.9999685145429331,9.314682358763093e-11
0.0004636406756922467,0.9999685537849077,0.9999685536918563,9.305134440751317e-11
0.0004637406756922467,0.9999685928850576,0.9999685927921018,9.295575420509294e-11
0.0004638406756922467,0.9999686319365906,0.9999686318437302,9.286038604727764e-11
0.0004639406756922467,0.9999686709395669,0.999968670846802,9.276490686715988e-11
0.0004640406756922467,0.9999687098940471,0.9999687098013773,9.26697607539495e-11
0.0004641406756922467,0.9999687488000913,0.9999687487075167,9.257461464073913e-11
0.0004642406756922467,0.9999687876577598,0.9999687875652804,9.247935750522629e-11
0.0004643406756922467,0.9999688264671128,0.9999688263747284,9.238443343662084e-11
0.0004644406756922467,0.9999688652282105,0.9999688651359208,9.228973141262031e-11
0.0004645406756922467,0.9999689039411128,0.9999689038489177,9.219514041092225e-11
0.0004646406756922467,0.9999689426058793,0.999968942513779,9.210032736461926e-11
0.0004647406756922467,0.9999689812225703,0.9999689811305645,9.20057363629212e-11
0.0004648406756922467,0.9999690197912453,0.9999690196993339,9.191136740582806e-11
0.0004649406756922467,0.9999690583119641,0.9999690582201473,9.181688742643246e-11
0.0004650406756922467,0.9999690967847865,0.9999690966930638,9.172274051394425e-11
0.0004651406756922467,0.9999691352097717,0.9999691351181432,9.162848257915357e-11
0.0004652406756922467,0.9999691735869792,0.999969173495445,9.15342246443629e-11
0.0004653406756922467,0.9999692119164689,0.9999692118250286,9.14402997764796e-11
0.0004654406756922467,0.9999692501982996,0.9999692501069533,9.134637490859632e-11
0.0004655406756922467,0.9999692884325309,0.9999692883412784,9.125245004071303e-11
0.0004656406756922467,0.9999693266192217,0.999969326528063,9.11586361951322e-11
0.0004657406756922468,0.9999693647584312,0.9999693646673663,9.106493337185384e-11
0.0004658406756922468,0.9999694028502186,0.9999694027592473,9.097134157087794e-11
0.0004659406756922468,0.9999694408946429,0.9999694408037649,9.087797181450696e-11
0.0004660406756922468,0.9999694788917627,0.9999694788009782,9.078449103583353e-11
0.0004661406756922468,0.999969516841637,0.9999695167509457,9.069134332406747e-11
0.0004662406756922468,0.9999695547443245,0.9999695546537265,9.05979735676965e-11
0.0004663406756922468,0.9999695925998839,0.999969592509379,9.050493687823291e-11
0.0004664406756922468,0.9999696304083737,0.9999696303179619,9.041178916646686e-11
0.0004665406756922468,0.9999696681698526,0.9999696680795338,9.031875247700327e-11
0.0004666406756922468,0.999969705884379,0.999969705794153,9.022593783214461e-11
0.0004667406756922468,0.9999697435520112,0.999969743461878,9.013323420958841e-11
0.0004668406756922468,0.9999697811728077,0.9999697810827669,9.004075263163713e-11
0.0004669406756922468,0.9999698187468266,0.9999698186568783,8.994827105368586e-11
0.0004670406756922468,0.9999698562741259,0.99996985618427,8.985590049803704e-11
0.0004671406756922468,0.9999698937547639,0.9999698936650004,8.976341892008577e-11
0.0004672406756922468,0.9999699311887984,0.9999699310991274,8.967104836443696e-11
0.0004673406756922468,0.9999699685762875,0.9999699684867087,8.95787888310906e-11
0.0004674406756922468,0.9999700059172892,0.9999700058278026,8.948664032004672e-11
0.0004675406756922468,0.9999700432118613,0.9999700431224666,8.939471385360775e-11
0.0004676406756922468,0.9999700804600614,0.9999700803707585,8.930289840947125e-11
0.0004677406756922468,0.9999701176619472,0.9999701175727361,8.921108296533475e-11
0.0004678406756922468,0.9999701548175761,0.9999701547284569,8.911926752119825e-11
0.0004679406756922468,0.9999701919270059,0.9999701918379782,8.902767412166668e-11
0.0004680406756922468,0.9999702289902938,0.9999702289013578,8.893596969983264e-11
0.0004681406756922468,0.9999702660074973,0.9999702659186528,8.884448732260353e-11
0.0004682406756922468,0.9999703029786738,0.9999703028899206,8.875322698997934e-11
0.0004683406756922468,0.9999703399038803,0.9999703398152184,8.866185563505269e-11
0.0004684406756922468,0.9999703767831741,0.9999703766946035,8.85705953024285e-11
0.0004685406756922468,0.9999704136166124,0.9999704135281329,8.847955701440924e-11
0.0004686406756922468,0.9999704504042521,0.9999704503158635,8.838862974869244e-11
0.0004687406756922468,0.9999704871461502,0.9999704870578524,8.82978135052781e-11
0.0004688406756922468,0.9999705238423633,0.9999705237541565,8.820677521725884e-11
0.0004689406756922468,0.9999705604929485,0.9999705604048325,8.811606999614696e-11
0.0004690406756922468,0.9999705970979623,0.9999705970099371,8.802525375273262e-11
0.0004691406756922468,0.9999706336574616,0.999970633569527,8.793465955392321e-11
0.0004692406756922468,0.999970670171503,0.9999706700836588,8.784417637741626e-11
0.0004693406756922468,0.9999707066401429,0.9999707065523891,8.775380422321177e-11
0.0004694406756922468,0.9999707430634378,0.9999707429757743,8.766354309130975e-11
0.0004695406756922468,0.999970779441444,0.9999707793538707,8.757328195940772e-11
0.0004696406756922468,0.999970815774218,0.9999708156867347,8.748324287211062e-11
0.0004697406756922468,0.9999708520618157,0.9999708519744226,8.739309276251106e-11
0.0004698406756922469,0.9999708883042936,0.9999708882169904,8.730316469751642e-11
0.0004699406756922469,0.9999709245017075,0.9999709244144943,8.721323663252178e-11
0.0004700406756922469,0.999970960654114,0.9999709605669904,8.712353061213207e-11
0.0004701406756922469,0.9999709967615685,0.9999709966745346,8.703393561404482e-11
0.0004702406756922469,0.999971032824127,0.9999710327371828,8.694422959365511e-11
0.0004703406756922469,0.9999710688418455,0.9999710687549908,8.685474561787032e-11
0.0004704406756922469,0.9999711048147796,0.9999711047280142,8.6765372664388e-11
0.0004705406756922469,0.999971140742985,0.999971140656309,8.667599971090567e-11
0.0004706406756922469,0.9999711766265174,0.9999711765399307,8.658662675742335e-11
0.0004707406756922469,0.9999712124654323,0.9999712123789347,8.649758687084841e-11
0.0004708406756922469,0.9999712482597852,0.9999712481733767,8.640854698427347e-11
0.0004709406756922469,0.9999712840096315,0.9999712839233119,8.6319618120001e-11
0.0004710406756922469,0.9999713197150264,0.9999713196287958,8.623057823342606e-11
0.0004711406756922469,0.9999713553760253,0.9999713552898837,8.614164936915358e-11
0.0004712406756922469,0.9999713909926835,0.9999713909066306,8.605294254948603e-11
0.0004713406756922469,0.9999714265650561,0.9999714264790917,8.596445777442341e-11
0.0004714406756922469,0.999971462093198,0.9999714620073221,8.587586197705832e-11
0.0004715406756922469,0.9999714975771643,0.9999714974913769,8.57873772019957e-11
0.0004716406756922469,0.9999715330170099,0.9999715329313109,8.569900344923553e-11
0.0004717406756922469,0.9999715684127897,0.999971568327179,8.561062969647537e-11
0.0004718406756922469,0.9999716037645585,0.9999716036790359,8.55225890106226e-11
0.0004719406756922469,0.9999716390723711,0.9999716389869365,8.543454832476982e-11
0.0004720406756922469,0.9999716743362819,0.9999716742509354,8.534650763891705e-11
0.0004721406756922469,0.9999717095563456,0.999971709471087,8.525857797536673e-11
0.0004722406756922469,0.9999717447326169,0.9999717446474461,8.517075933411888e-11
0.0004723406756922469,0.99997177986515,0.999971779780067,8.508294069287103e-11
0.0004724406756922469,0.9999718149539993,0.9999718148690041,8.499523307392565e-11
0.0004725406756922469,0.9999718499992194,0.9999718499143118,8.490763647728272e-11
0.0004726406756922469,0.9999718850008642,0.999971884916044,8.482015090294226e-11
0.0004727406756922469,0.9999719199589882,0.9999719198742554,8.473277635090426e-11
0.0004728406756922469,0.9999719548736452,0.9999719547889998,8.464540179886626e-11
0.0004729406756922469,0.9999719897448893,0.9999719896603313,8.455802724682826e-11
0.0004730406756922469,0.9999720245727748,0.9999720244883039,8.447087473939519e-11
0.0004731406756922469,0.9999720593573552,0.9999720592729715,8.438372223196211e-11
0.0004732406756922469,0.9999720940986846,0.9999720940143879,8.42966807468315e-11
0.0004733406756922469,0.9999721287968169,0.999972128712607,8.420986130630581e-11
0.0004734406756922469,0.9999721634518054,0.9999721633676824,8.412304186578012e-11
0.0004735406756922469,0.999972198063704,0.9999721979796677,8.403622242525444e-11
0.0004736406756922469,0.9999722326325664,0.9999722325486167,8.394973605163614e-11
0.0004737406756922469,0.9999722671584459,0.9999722670745828,8.386313865571537e-11
0.0004738406756922469,0.9999723016413959,0.9999723015576193,8.377665228209707e-11
0.000473940675692247,0.9999723360814698,0.9999723359977797,8.369016590847878e-11
0.000474040675692247,0.9999723704787212,0.9999723703951173,8.36039015794654e-11
0.000474140675692247,0.9999724048332032,0.9999724047496854,8.351774827275449e-11
0.000474240675692247,0.9999724391449688,0.9999724390615372,8.343159496604358e-11
0.000474340675692247,0.9999724734140713,0.9999724733307257,8.334555268163513e-11
0.000474440675692247,0.9999725076405637,0.9999725075573039,8.32597324418316e-11
0.000474540675692247,0.9999725418244988,0.999972541741325,8.317380117972561e-11
0.000474640675692247,0.9999725759659297,0.9999725758828417,8.308798093992209e-11
0.000474740675692247,0.9999726100649093,0.999972609981907,8.300238274472349e-11
0.000474840675692247,0.9999726441214903,0.9999726440385736,8.291678454952489e-11
0.000474940675692247,0.9999726781357255,0.9999726780528942,8.283129737662875e-11
0.000475040675692247,0.9999727121076674,0.9999727120249216,8.274581020373262e-11
0.000475140675692247,0.9999727460373685,0.9999727459547082,8.266032303083648e-11
0.000475240675692247,0.9999727799248815,0.9999727798423066,8.25749468802428e-11
0.000475340675692247,0.9999728137702589,0.9999728136877692,8.248968175195159e-11
0.000475440675692247,0.9999728475735533,0.9999728474911486,8.240474969056777e-11
0.000475540675692247,0.9999728813348168,0.999972881252497,8.231981762918394e-11
0.000475640675692247,0.9999729150541014,0.9999729149718665,8.223488556780012e-11
0.000475740675692247,0.9999729487314593,0.9999729486493094,8.214984248411383e-11
0.000475840675692247,0.9999729823669431,0.9999729822848781,8.206502144503247e-11
0.000475940675692247,0.9999730159606046,0.9999730158786242,8.198042245055603e-11
0.000476040675692247,0.999973049512496,0.9999730494306001,8.189593447838206e-11
0.000476140675692247,0.9999730830226689,0.9999730829408575,8.181133548390562e-11
0.000476240675692247,0.9999731164911752,0.9999731164094483,8.172684751173165e-11
0.000476340675692247,0.9999731499180669,0.9999731498364244,8.164247056186014e-11
0.000476440675692247,0.9999731833033957,0.9999731832218375,8.155820463429109e-11
0.000476540675692247,0.9999732166472132,0.9999732165657393,8.147382768441958e-11
0.000476640675692247,0.999973249949571,0.9999732498681814,8.138967277915299e-11
0.000476740675692247,0.999973283210521,0.9999732831292153,8.130573991849133e-11
0.000476840675692247,0.9999733164301143,0.9999733163488925,8.122180705782966e-11
0.000476940675692247,0.9999733496084026,0.9999733495272646,8.113798521947047e-11
0.000477040675692247,0.9999733827454368,0.9999733826643826,8.105416338111127e-11
0.000477140675692247,0.9999734158412686,0.9999734157602982,8.097045256505453e-11
0.000477240675692247,0.9999734488959491,0.9999734488150623,8.088674174899779e-11
0.000477340675692247,0.9999734819095296,0.9999734818287263,8.080336399984844e-11
0.000477440675692247,0.9999735148820611,0.9999735148013411,8.07199862506991e-11
0.000477540675692247,0.9999735478135945,0.999973547732958,8.063649747924728e-11
0.000477640675692247,0.999973580704181,0.9999735806236277,8.05532307524004e-11
0.000477740675692247,0.9999736135538713,0.9999736134734013,8.046996402555351e-11
0.000477840675692247,0.9999736463627164,0.9999736462823295,8.038680832100908e-11
0.000477940675692247,0.9999736791307671,0.9999736790504633,8.030376363876712e-11
0.0004780406756922471,0.9999737118580742,0.9999737117778533,8.022082997882762e-11
0.0004781406756922471,0.9999737445446882,0.9999737444645501,8.013811836349305e-11
0.0004782406756922471,0.9999737771906597,0.9999737771106043,8.005540674815848e-11
0.0004783406756922471,0.9999738097960392,0.9999738097160666,7.997258411052144e-11
0.0004784406756922471,0.9999738423608773,0.9999738422809874,7.988987249518686e-11
0.0004785406756922471,0.9999738748852243,0.999973874805417,7.980727190215475e-11
0.0004786406756922471,0.9999739073691306,0.9999739072894058,7.97247823314251e-11
0.0004787406756922471,0.9999739398126467,0.9999739397330041,7.964262582760284e-11
0.0004788406756922471,0.9999739722158224,0.9999739721362622,7.956024727917566e-11
0.0004789406756922471,0.9999740045787081,0.9999740044992301,7.947797975305093e-11
0.0004790406756922471,0.9999740369013539,0.9999740368219581,7.939582324922867e-11
0.0004791406756922471,0.9999740691838098,0.999974069104496,7.931377776770887e-11
0.0004792406756922471,0.9999741014261259,0.9999741013468939,7.9231954330794e-11
0.0004793406756922471,0.9999741336283519,0.9999741335492017,7.915013089387912e-11
0.0004794406756922471,0.9999741657905376,0.9999741657114694,7.906819643466179e-11
0.0004795406756922471,0.9999741979127329,0.9999741978337464,7.898648402004937e-11
0.0004796406756922471,0.9999742299949876,0.9999742299160828,7.890488262773943e-11
0.0004797406756922471,0.9999742620373514,0.9999742619585281,7.882328123542948e-11
0.0004798406756922471,0.9999742940398736,0.9999742939611319,7.874167984311953e-11
0.0004799406756922471,0.999974326002604,0.9999743259239438,7.86603004954145e-11
0.0004800406756922471,0.9999743579255922,0.9999743578470132,7.857903217001194e-11
0.0004801406756922471,0.9999743898088872,0.9999743897303895,7.849765282230692e-11
0.0004802406756922471,0.9999744216525388,0.9999744215741222,7.841660654150928e-11
0.0004803406756922471,0.9999744534565961,0.9999744533782604,7.833567128301411e-11
0.0004804406756922471,0.9999744852211082,0.9999744851428535,7.825473602451893e-11
0.0004805406756922471,0.9999745169461244,0.9999745168679506,7.817380076602376e-11
0.0004806406756922471,0.9999745486316937,0.9999745485536008,7.809286550752859e-11
0.0004807406756922471,0.999974580277865,0.9999745801998531,7.801193024903341e-11
0.0004808406756922471,0.9999746118846877,0.9999746118067566,7.79311060128407e-11
0.0004809406756922471,0.9999746434522107,0.9999746433743602,7.785050382125291e-11
0.0004810406756922471,0.9999746749804829,0.9999746749027127,7.777012367427005e-11
0.0004811406756922471,0.9999747064695527,0.9999747063918629,7.768974352728719e-11
0.0004812406756922471,0.999974737919469,0.9999747378418596,7.760936338030433e-11
0.0004813406756922471,0.9999747693302806,0.9999747692527515,7.752909425562393e-11
0.0004814406756922471,0.9999748007020363,0.9999748006245872,7.744904717554846e-11
0.0004815406756922471,0.9999748320347841,0.9999748319574153,7.736877805086806e-11
0.0004816406756922471,0.999974863328573,0.9999748632512842,7.728884199309505e-11
0.0004817406756922471,0.9999748945834511,0.9999748945062423,7.720879491301957e-11
0.0004818406756922471,0.9999749257994672,0.9999749257223383,7.712896987754903e-11
0.0004819406756922471,0.9999749569766692,0.9999749568996201,7.704903381977601e-11
0.0004820406756922471,0.9999749881151054,0.9999749880381362,7.696920878430547e-11
0.0004821406756922472,0.9999750192148243,0.9999750191379349,7.688949477113738e-11
0.0004822406756922472,0.9999750502758741,0.9999750501990641,7.681000280257422e-11
0.0004823406756922472,0.9999750812983026,0.9999750812215719,7.673073287861598e-11
0.0004824406756922472,0.9999751122821577,0.9999751122055065,7.665124091005282e-11
0.0004825406756922472,0.9999751432274876,0.9999751431509157,7.657185996379212e-11
0.0004826406756922472,0.9999751741343401,0.9999751740578475,7.649259003983389e-11
0.0004827406756922472,0.9999752050027632,0.9999752049263498,7.641332011587565e-11
0.0004828406756922472,0.9999752358328045,0.9999752357564703,7.633416121421988e-11
0.0004829406756922472,0.9999752666245119,0.9999752665482566,7.625522435716903e-11
0.0004830406756922472,0.9999752973779328,0.9999752973017565,7.617628750011818e-11
0.0004831406756922472,0.9999753280931152,0.9999753280170177,7.609746166536979e-11
0.0004832406756922472,0.9999753587701063,0.9999753586940875,7.601885787522633e-11
0.0004833406756922472,0.9999753894089538,0.9999753893330137,7.594014306278041e-11
0.0004834406756922472,0.999975420009705,0.9999754199338434,7.586153927263695e-11
0.0004835406756922472,0.9999754505724072,0.9999754504966242,7.578304650479595e-11
0.0004836406756922472,0.9999754810971078,0.9999754810214032,7.570455373695495e-11
0.0004837406756922472,0.9999755115838539,0.9999755115082279,7.562594994681149e-11
0.0004838406756922472,0.9999755420326929,0.9999755419571453,7.554756820127295e-11
0.0004839406756922472,0.9999755724436721,0.9999755723682027,7.546940850033934e-11
0.0004840406756922472,0.9999756028168383,0.999975602741447,7.539124879940573e-11
0.0004841406756922472,0.9999756331522386,0.9999756330769254,7.531320012077458e-11
0.0004842406756922472,0.9999756634499198,0.9999756633746847,7.523515144214343e-11
0.0004843406756922472,0.9999756937099289,0.9999756936347718,7.515710276351228e-11
0.0004844406756922472,0.9999757239323129,0.9999757238572337,7.507927612948606e-11
0.0004845406756922472,0.9999757541171186,0.999975754042117,7.50015605177623e-11
0.0004846406756922472,0.9999757842643925,0.9999757841894685,7.4923955928341e-11
0.0004847406756922472,0.9999758143741811,0.9999758142993349,7.484624031661724e-11
0.0004848406756922472,0.9999758444465314,0.9999758443717628,7.476863572719594e-11
0.0004849406756922472,0.99997587448149,0.9999758744067987,7.469125318237957e-11
0.0004850406756922472,0.999975904479103,0.9999759044044891,7.46138706375632e-11
0.0004851406756922472,0.9999759344394171,0.9999759343648806,7.453648809274682e-11
0.0004852406756922472,0.9999759643624786,0.9999759642880194,7.445921657023291e-11
0.0004853406756922472,0.9999759942483338,0.9999759941739518,7.438205607002146e-11
0.0004854406756922472,0.999976024097029,0.9999760240227241,7.430489556981001e-11
0.0004855406756922472,0.9999760539086104,0.9999760538343825,7.422795711420349e-11
0.0004856406756922472,0.9999760836831244,0.9999760836089733,7.415112968089943e-11
0.0004857406756922472,0.9999761134206165,0.9999761133465424,7.407419122529291e-11
0.0004858406756922472,0.9999761431211331,0.9999761430471358,7.399736379198885e-11
0.0004859406756922472,0.9999761727847204,0.9999761727107996,7.392075840328971e-11
0.0004860406756922472,0.9999762024114239,0.9999762023375798,7.384415301459057e-11
0.0004861406756922472,0.9999762320012897,0.9999762319275222,7.376754762589144e-11
0.0004862406756922473,0.9999762615543636,0.9999762614806723,7.369127530409969e-11
0.0004863406756922473,0.9999762910706911,0.9999762909970763,7.361478093770302e-11
0.0004864406756922473,0.9999763205503182,0.9999763204767796,7.353850861591127e-11
0.0004865406756922473,0.9999763499932902,0.999976349919828,7.346223629411952e-11
0.0004866406756922473,0.9999763793996531,0.999976379326267,7.338607499463023e-11
0.0004867406756922473,0.9999764087694522,0.9999764086961421,7.331002471744341e-11
0.0004868406756922473,0.9999764381027328,0.9999764380294988,7.323408546255905e-11
0.0004869406756922473,0.9999764673995405,0.9999764673263825,7.315803518537223e-11
0.0004870406756922473,0.9999764966599207,0.9999764965868384,7.308231797509279e-11
0.0004871406756922473,0.9999765258839186,0.9999765258109121,7.30064897425109e-11
0.0004872406756922473,0.9999765550715795,0.9999765549986486,7.293088355453392e-11
0.0004873406756922473,0.9999765842229484,0.9999765841500932,7.285527736655695e-11
0.0004874406756922473,0.9999766133380706,0.999976613265291,7.277967117857997e-11
0.0004875406756922473,0.9999766424169911,0.999976642344287,7.270417601290546e-11
0.0004876406756922473,0.9999766714597549,0.9999766713871262,7.262868084723095e-11
0.0004877406756922473,0.9999767004664071,0.9999767003938537,7.255340772616137e-11
0.0004878406756922473,0.9999767294369925,0.9999767293645143,7.247813460509178e-11
0.0004879406756922473,0.9999767583715559,0.9999767582991529,7.240297250632466e-11
0.0004880406756922473,0.999976787270142,0.9999767871978142,7.232781040755754e-11
0.0004881406756922473,0.999976816132796,0.9999768160605431,7.225287035339534e-11
0.0004882406756922473,0.999976844959562,0.999976844887384,7.217793029923314e-11
0.0004883406756922472,0.9999768737504847,0.9999768736783818,7.210287922276848e-11
0.0004884406756922472,0.999976902505609,0.9999769024335811,7.202793916860628e-11
0.0004885406756922471,0.9999769312249793,0.999976931153026,7.195333218135147e-11
0.0004886406756922471,0.9999769599086399,0.9999769598367614,7.187850314949173e-11
0.000488740675692247,0.9999769885566352,0.9999769884848314,7.180378513993446e-11
0.000488840675692247,0.9999770171690099,0.9999770170972806,7.172928917498211e-11
0.0004889406756922469,0.999977045745808,0.9999770456741531,7.165490423233223e-11
0.0004890406756922469,0.9999770742870738,0.9999770742154932,7.15806303119848e-11
0.0004891406756922468,0.9999771027928515,0.9999771027213451,7.150635639163738e-11
0.0004892406756922468,0.999977131263185,0.9999771311917529,7.143208247128996e-11
0.0004893406756922467,0.9999771596981185,0.9999771596267607,7.135780855094254e-11
0.0004894406756922467,0.9999771880976962,0.9999771880264126,7.128364565289758e-11
0.0004895406756922466,0.999977216461962,0.9999772163907523,7.120970479945754e-11
0.0004896406756922466,0.9999772447909598,0.9999772447198239,7.113598599062243e-11
0.0004897406756922465,0.9999772730847334,0.9999772730136712,7.106215615948486e-11
0.0004898406756922465,0.9999773013433264,0.9999773012723381,7.098832632834728e-11
0.0004899406756922464,0.9999773295667829,0.9999773294958682,7.091471854181464e-11
0.0004900406756922464,0.9999773577551464,0.9999773576843052,7.084122177758445e-11
0.0004901406756922463,0.9999773859084605,0.9999773858376929,7.07676139910518e-11
0.0004902406756922463,0.9999774140267688,0.9999774139560746,7.069411722682162e-11
0.0004903406756922462,0.9999774421101147,0.9999774420394941,7.062062046259143e-11
0.0004904406756922462,0.999977470158542,0.9999774700879948,7.054723472066371e-11
0.0004905406756922461,0.9999774981720939,0.99997749810162,7.047396000103845e-11
0.0004906406756922461,0.9999775261508139,0.9999775260804131,7.040079630371565e-11
0.000490740675692246,0.9999775540947452,0.9999775540244176,7.032763260639285e-11
0.000490840675692246,0.9999775820039312,0.9999775819336765,7.025469095367498e-11
0.0004909406756922459,0.9999776098784149,0.9999776098082331,7.018174930095711e-11
0.0004910406756922458,0.9999776377182396,0.9999776376481306,7.01089186705417e-11
0.0004911406756922458,0.9999776655234482,0.999977665453412,7.003619906242875e-11
0.0004912406756922457,0.9999776932940839,0.9999776932241206,6.996336843201334e-11
0.0004913406756922457,0.9999777210301896,0.9999777209602989,6.989064882390039e-11
0.0004914406756922456,0.9999777487318081,0.9999777486619903,6.981781819348498e-11
0.0004915406756922456,0.9999777763989829,0.9999777763292375,6.974543165227942e-11
0.0004916406756922455,0.9999778040317562,0.9999778039620832,6.96729340887714e-11
0.0004917406756922455,0.999977831630171,0.9999778315605704,6.960054754756584e-11
0.0004918406756922454,0.99997785919427,0.9999778591247417,6.952827202866274e-11
0.0004919406756922454,0.9999778867240957,0.9999778866546398,6.945588548745718e-11
0.0004920406756922453,0.9999779142196912,0.9999779141503072,6.938394303546147e-11
0.0004921406756922453,0.9999779416810987,0.9999779416117868,6.93118895611633e-11
0.0004922406756922452,0.9999779691083605,0.9999779690391207,6.923972506456266e-11
0.0004923406756922452,0.9999779965015193,0.9999779964323515,6.916778261256695e-11
0.0004924406756922451,0.9999780238606177,0.9999780237915218,6.90959511828737e-11
0.0004925406756922451,0.9999780511856978,0.9999780511166737,6.902411975318046e-11
0.000492640675692245,0.999978078476802,0.9999780784078496,6.895239934578967e-11
0.000492740675692245,0.9999781057339723,0.9999781056650917,6.888056791609642e-11
0.0004928406756922449,0.9999781329572512,0.9999781328884423,6.88089585310081e-11
0.0004929406756922449,0.9999781601466808,0.9999781600779434,6.873746016822224e-11
0.0004930406756922448,0.9999781873023031,0.9999781872336372,6.866596180543638e-11
0.0004931406756922448,0.9999782144241602,0.9999782143555657,6.859457446495298e-11
0.0004932406756922447,0.9999782415122941,0.9999782414437708,6.852329814677205e-11
0.0004933406756922447,0.9999782685667468,0.9999782684982945,6.845224387319604e-11
0.0004934406756922446,0.9999782955875599,0.9999782955191788,6.838107857731757e-11
0.0004935406756922446,0.9999783225747754,0.9999783225064653,6.831002430374156e-11
0.0004936406756922445,0.9999783495284349,0.999978349460196,6.823885900786308e-11
0.0004937406756922445,0.9999783764485803,0.9999783763804124,6.816791575658954e-11
0.0004938406756922444,0.9999784033352533,0.9999784032671564,6.809697250531599e-11
0.0004939406756922443,0.9999784301884956,0.9999784301204695,6.80261402763449e-11
0.0004940406756922443,0.9999784570083488,0.9999784569403931,6.795564111428121e-11
0.0004941406756922442,0.999978483794854,0.9999784837269691,6.788491990761258e-11
0.0004942406756922442,0.9999785105480529,0.9999785104802386,6.781430972324642e-11
0.0004943406756922441,0.999978537267987,0.9999785372002432,6.774381056118273e-11
0.0004944406756922441,0.9999785639546976,0.9999785638870242,6.767342242142149e-11
0.000494540675692244,0.9999785906082259,0.999978590540623,6.76029232593578e-11
0.000494640675692244,0.9999786172286134,0.9999786171610808,6.753253511959656e-11
0.0004947406756922439,0.9999786438159012,0.9999786437484388,6.746236902444025e-11
0.0004948406756922439,0.9999786703701303,0.9999786703027381,6.739220292928394e-11
0.0004949406756922438,0.9999786968913419,0.99997869682402,6.732192581182517e-11
0.0004950406756922438,0.9999787233795772,0.9999787233123252,6.725198176127378e-11
0.0004951406756922437,0.9999787498348769,0.9999787497676951,6.718181566611747e-11
0.0004952406756922437,0.9999787762572824,0.9999787761901704,6.711198263786855e-11
0.0004953406756922436,0.9999788026468341,0.9999788025797921,6.704203858731717e-11
0.0004954406756922436,0.9999788290035734,0.999978828936601,6.697242760367317e-11
0.0004955406756922435,0.9999788553275406,0.9999788552606379,6.690270559772671e-11
0.0004956406756922435,0.9999788816187768,0.9999788815519436,6.683320563638517e-11
0.0004957406756922434,0.9999789078773224,0.9999789078105588,6.676359465274118e-11
0.0004958406756922434,0.9999789341032181,0.999978934036524,6.669409469139964e-11
0.0004959406756922433,0.9999789602965047,0.99997896022988,6.662470575236057e-11
0.0004960406756922433,0.9999789864572227,0.9999789863906673,6.655542783562396e-11
0.0004961406756922432,0.9999790125854124,0.9999790125189263,6.648614991888735e-11
0.0004962406756922432,0.9999790386811144,0.9999790386146975,6.641687200215074e-11
0.0004963406756922431,0.9999790647443689,0.9999790646780213,6.634759408541413e-11
0.000496440675692243,0.9999790907752166,0.9999790907089381,6.627853821328245e-11
0.000496540675692243,0.9999791167736976,0.9999791167074881,6.620948234115076e-11
0.000496640675692243,0.9999791427398522,0.9999791426737115,6.614075953592646e-11
0.0004967406756922429,0.9999791686737205,0.9999791686076487,6.607181468609724e-11
0.0004968406756922428,0.9999791945753426,0.9999791945093396,6.600298085857048e-11
0.0004969406756922428,0.9999792204447587,0.9999792203788245,6.593425805334618e-11
0.0004970406756922427,0.9999792462820091,0.9999792462161433,6.586575729272681e-11
0.0004971406756922427,0.9999792720871332,0.9999792720213361,6.579714550980498e-11
0.0004972406756922426,0.9999792978601714,0.9999792977944428,6.572853372688314e-11
0.0004973406756922426,0.9999793236011634,0.9999793235355033,6.566003296626377e-11
0.0004974406756922425,0.9999793493101492,0.9999793492445574,6.559175425024932e-11
0.0004975406756922425,0.9999793749871686,0.999979374921645,6.552358655653734e-11
0.0004976406756922424,0.9999794006322612,0.9999794005668058,6.545541886282535e-11
0.0004977406756922424,0.9999794262454667,0.9999794261800794,6.538725116911337e-11
0.0004978406756922423,0.9999794518268247,0.9999794517615056,6.531908347540138e-11
0.0004979406756922423,0.9999794773763749,0.9999794773111238,6.525113782629433e-11
0.0004980406756922422,0.999979502894157,0.9999795028289739,6.518319217718727e-11
0.0004981406756922422,0.9999795283802103,0.999979528315095,6.511535755038267e-11
0.0004982406756922421,0.9999795538345743,0.9999795537695269,6.504741190127561e-11
0.0004983406756922421,0.9999795792572884,0.9999795791923086,6.497979931907594e-11
0.000498440675692242,0.9999796046483919,0.9999796045834799,6.491196469227134e-11
0.000498540675692242,0.9999796300079241,0.9999796299430798,6.484435211007167e-11
0.0004986406756922419,0.9999796553359245,0.9999796552711476,6.477685055017446e-11
0.0004987406756922419,0.9999796806324319,0.9999796805677227,6.470923796797479e-11
0.0004988406756922418,0.9999797058974859,0.999979705832844,6.464184743038004e-11
0.0004989406756922418,0.9999797311311254,0.9999797310665508,6.457456791508775e-11
0.0004990406756922417,0.9999797563333894,0.999979756268882,6.450739942209793e-11
0.0004991406756922417,0.999979781504317,0.9999797814398768,6.444023092910811e-11
0.0004992406756922416,0.9999798066439469,0.999979806579574,6.437295141381583e-11
0.0004993406756922416,0.9999798317523183,0.9999798316880125,6.4305782920826e-11
0.0004994406756922415,0.9999798568294701,0.9999798567652314,6.423872545013865e-11
0.0004995406756922414,0.999979881875441,0.9999798818112692,6.417177900175375e-11
0.0004996406756922414,0.9999799068902698,0.9999799068261649,6.410494357567131e-11
0.0004997406756922413,0.9999799318739951,0.9999799318099571,6.403799712728642e-11
0.0004998406756922413,0.9999799568266559,0.9999799567626847,6.397116170120398e-11
0.0004999406756922412,0.9999799817482907,0.9999799816843861,6.390465934202894e-11
0.0005000406756922412,0.9999800066389379,0.9999800065750998,6.383815698285389e-11
0.0005001406756922411,0.9999800314986362,0.9999800314348646,6.377165462367884e-11
0.0005002406756922411,0.9999800563274239,0.9999800562637188,6.37051522645038e-11
0.000500340675692241,0.9999800811253394,0.9999800810617008,6.363864990532875e-11
0.000500440675692241,0.9999801058924215,0.9999801058288491,6.357236959075863e-11
0.0005005406756922409,0.999980130628708,0.9999801305652021,6.350597825388604e-11
0.0005006406756922409,0.9999801553342376,0.9999801552707979,6.343969793931592e-11
0.0005007406756922408,0.9999801800090484,0.9999801799456748,6.337363966935072e-11
0.0005008406756922408,0.9999802046531787,0.999980204589871,6.330769242168799e-11
0.0005009406756922407,0.9999802292666665,0.9999802292034249,6.324163415172279e-11
0.0005010406756922407,0.9999802538495498,0.9999802537863742,6.31755758817576e-11
0.0005011406756922406,0.9999802784018669,0.9999802783387571,6.310973965639732e-11
0.0005012406756922406,0.9999803029236558,0.9999803028606118,6.304401445333951e-11
0.0005013406756922405,0.9999803274149544,0.999980327351976,6.297840027258417e-11
0.0005014406756922405,0.9999803518758003,0.9999803518128877,6.29125640472239e-11
0.0005015406756922404,0.9999803763062317,0.9999803762433849,6.284683884416609e-11
0.0005016406756922404,0.9999804007062865,0.9999804006435051,6.27813356857132e-11
0.0005017406756922403,0.9999804250760024,0.9999804250132864,6.271594354956278e-11
0.0005018406756922403,0.9999804494154169,0.9999804493527663,6.265055141341236e-11
0.0005019406756922402,0.9999804737245678,0.9999804736619826,6.258515927726194e-11
0.0005020406756922402,0.9999804980034928,0.999980497940973,6.251976714111152e-11
0.0005021406756922401,0.9999805222522293,0.9999805221897748,6.245448602726356e-11
0.00050224067569224,0.9999805464708152,0.9999805464084258,6.238942695802052e-11
0.00050234067569224,0.9999805706592878,0.9999805705969634,6.232436788877749e-11
0.00050244067569224,0.9999805948176844,0.9999805947554251,6.225930881953445e-11
0.0005025406756922399,0.9999806189460424,0.9999806188838481,6.219424975029142e-11
0.0005026406756922398,0.9999806430443994,0.99998064298227,6.212941272565331e-11
0.0005027406756922398,0.9999806671127924,0.999980667050728,6.206446467871274e-11
0.0005028406756922397,0.999980691151259,0.9999806910892592,6.199973867637709e-11
0.0005029406756922397,0.9999807151598362,0.9999807150979012,6.193501267404145e-11
0.0005030406756922396,0.9999807391385612,0.9999807390766908,6.187039769400826e-11
0.0005031406756922396,0.9999807630874712,0.9999807630256652,6.180600475858e-11
0.0005032406756922395,0.999980787006603,0.9999807869448616,6.174138977854682e-11
0.0005033406756922395,0.9999808108959939,0.9999808108343169,6.167699684311856e-11
0.0005034406756922394,0.9999808347556808,0.9999808346940682,6.16126039076903e-11
0.0005035406756922394,0.9999808585857005,0.9999808585241522,6.15483219945645e-11
0.0005036406756922393,0.9999808823860902,0.999980882324606,6.148415110374117e-11
0.0005037406756922393,0.9999809061568865,0.9999809060954665,6.141998021291784e-11
0.0005038406756922392,0.9999809298981263,0.9999809298367702,6.135603136669943e-11
0.0005039406756922392,0.9999809536098462,0.9999809535485542,6.129197149817855e-11
0.0005040406756922391,0.9999809772920829,0.999980977230855,6.122791162965768e-11
0.0005041406756922391,0.9999810009448731,0.9999810008837092,6.116385176113681e-11
0.000504240675692239,0.9999810245682537,0.9999810245071536,6.110001393722087e-11
0.000504340675692239,0.9999810481622609,0.9999810481012247,6.103617611330492e-11
0.0005044406756922389,0.9999810717269314,0.999981071665959,6.097244931169143e-11
0.0005045406756922389,0.9999810952623018,0.9999810952013929,6.090894455468288e-11
0.0005046406756922388,0.9999811187684083,0.999981118707563,6.084532877537185e-11
0.0005047406756922388,0.9999811422452873,0.9999811421845055,6.07818240183633e-11
0.0005048406756922387,0.9999811656929752,0.9999811656322569,6.071831926135474e-11
0.0005049406756922387,0.9999811891115082,0.9999811890508535,6.065470348204371e-11
0.0005050406756922386,0.9999812125009228,0.9999812124403314,6.059130974733762e-11
0.0005051406756922385,0.999981235861255,0.999981235800727,6.052802703493398e-11
0.0005052406756922385,0.9999812591925412,0.9999812591320761,6.046507738943774e-11
0.0005053406756922384,0.9999812824948172,0.9999812824344153,6.040190569933657e-11
0.0005054406756922384,0.999981305768119,0.9999813057077804,6.033862298693293e-11
0.0005055406756922383,0.999981329012483,0.9999813289522075,6.027556231913422e-11
0.0005056406756922383,0.9999813522279452,0.9999813521677324,6.021272369594044e-11
0.0005057406756922382,0.9999813754145411,0.9999813753543914,6.01497740504442e-11
0.0005058406756922382,0.9999813985723071,0.99998139851222,6.008704644955287e-11
0.0005059406756922381,0.9999814217012786,0.9999814216412543,6.002431884866155e-11
0.0005060406756922381,0.9999814448014915,0.99998144474153,5.996159124777023e-11
0.000506140675692238,0.9999814678729817,0.999981467813083,5.989875262457645e-11
0.000506240675692238,0.9999814909157849,0.9999814908559487,5.983624706829005e-11
0.0005063406756922379,0.9999815139299368,0.9999815138701631,5.977374151200365e-11
0.0005064406756922379,0.9999815369154729,0.9999815368557616,5.971123595571726e-11
0.0005065406756922378,0.9999815598724288,0.9999815598127799,5.964884142173332e-11
0.0005066406756922378,0.99998158280084,0.9999815827412536,5.958644688774939e-11
0.0005067406756922377,0.9999816057007422,0.9999816056412181,5.952416337606792e-11
0.0005068406756922377,0.9999816285721709,0.9999816285127088,5.946210190899137e-11
0.0005069406756922376,0.9999816514151609,0.9999816513557611,5.93998183973099e-11
0.0005070406756922376,0.9999816742297482,0.9999816741704105,5.933764590793089e-11
0.0005071406756922375,0.9999816970159678,0.9999816969566923,5.927558444085435e-11
0.0005072406756922375,0.9999817197738553,0.9999817197146416,5.921374501838272e-11
0.0005073406756922374,0.9999817425034455,0.9999817424442937,5.915179457360864e-11
0.0005074406756922374,0.999981765204774,0.9999817651456839,5.909006617343948e-11
0.0005075406756922373,0.9999817878778756,0.9999817878188472,5.902844879557279e-11
0.0005076406756922373,0.9999818105227855,0.9999818104638188,5.896660937310116e-11
0.0005077406756922372,0.9999818331395387,0.9999818330806337,5.890499199523447e-11
0.0005078406756922372,0.9999818557281704,0.999981855669327,5.884348563967023e-11
0.0005079406756922371,0.9999818782887154,0.9999818782299335,5.8781979284106e-11
0.000508040675692237,0.9999819008212086,0.9999819007624882,5.872047292854177e-11
0.000508140675692237,0.999981923325685,0.999981923267026,5.865907759528e-11
0.0005082406756922369,0.9999819458021795,0.9999819457435817,5.859779328432069e-11
0.0005083406756922369,0.9999819682507267,0.9999819681921901,5.853661999566384e-11
0.0005084406756922368,0.9999819906713614,0.9999819906128861,5.847533568470453e-11
0.0005085406756922368,0.9999820130641183,0.9999820130057041,5.841416239604769e-11
0.0005086406756922367,0.9999820354290321,0.9999820353706791,5.835298910739084e-11
0.0005087406756922367,0.9999820577661374,0.9999820577078454,5.829192684103646e-11
0.0005088406756922366,0.9999820800754686,0.9999820800172379,5.823075355237961e-11
0.0005089406756922366,0.9999821023570608,0.9999821022988908,5.816991333063015e-11
0.0005090406756922365,0.999982124610948,0.9999821245528389,5.8109184131183156e-11
0.0005091406756922365,0.9999821468371648,0.9999821467791165,5.80483439094337e-11
0.0005092406756922364,0.9999821690357457,0.9999821689777578,5.7987836754591626e-11
0.0005093406756922364,0.9999821912067247,0.9999821911487976,5.792710755514463e-11
0.0005094406756922363,0.9999822133501366,0.99998221329227,5.786660040030256e-11
0.0005095406756922363,0.9999822354660152,0.9999822354082092,5.7805982223158026e-11
0.0005096406756922362,0.999982257554395,0.9999822574966495,5.7745475068315955e-11
0.0005097406756922362,0.99998227961531,0.9999822795576251,5.7684967913473884e-11
0.0005098406756922361,0.9999823016487948,0.9999823015911702,5.7624571780934275e-11
0.0005099406756922361,0.9999823236548832,0.9999823235973188,5.756439769299959e-11
0.000510040675692236,0.9999823456336092,0.999982345576105,5.750422360506491e-11
0.000510140675692236,0.9999823675850069,0.9999823675275629,5.7444049517130225e-11
0.0005102406756922359,0.9999823895091103,0.9999823894517264,5.7383986451498004e-11
0.0005103406756922359,0.9999824114059533,0.9999824113486294,5.732392338586578e-11
0.0005104406756922358,0.9999824332755699,0.9999824332183059,5.7263971342536024e-11
0.0005105406756922358,0.9999824551179939,0.9999824550607899,5.7204019299206266e-11
0.0005106406756922357,0.9999824769332589,0.9999824768761147,5.714417827817897e-11
0.0005107406756922356,0.999982498721399,0.9999824986643147,5.7084337257151674e-11
0.0005108406756922356,0.9999825204824477,0.999982520425423,5.70247182807293e-11
0.0005109406756922355,0.9999825422164388,0.9999825421594738,5.696498828200447e-11
0.0005110406756922355,0.9999825639234058,0.9999825638665005,5.6905258283279636e-11
0.0005111406756922354,0.9999825856033826,0.9999825855465367,5.684586135146219e-11
0.0005112406756922354,0.9999826072564024,0.9999826071996162,5.678624237503982e-11
0.0005113406756922353,0.999982628882499,0.9999826288257722,5.6726845443222373e-11
0.0005114406756922353,0.9999826504817056,0.9999826504250382,5.666744851140493e-11
0.0005115406756922352,0.9999826720540559,0.9999826719974478,5.660805157958748e-11
0.0005116406756922352,0.9999826935995832,0.9999826935430345,5.65487656700725e-11
0.0005117406756922351,0.9999827151183208,0.9999827150618312,5.648959078285998e-11
0.0005118406756922351,0.9999827366103021,0.9999827365538717,5.6430415895647457e-11
0.000511940675692235,0.9999827580755603,0.999982758019189,5.6371241008434936e-11
0.000512040675692235,0.9999827795141286,0.9999827794578164,5.631217714352488e-11
0.0005121406756922349,0.9999828009260402,0.9999828008697871,5.625311327861482e-11
0.0005122406756922349,0.9999828223113283,0.9999828222551341,5.6194160436007223e-11
0.0005123406756922348,0.9999828436700262,0.9999828436138908,5.613542963800455e-11
0.0005124406756922348,0.9999828650021667,0.9999828649460899,5.6076809862304344e-11
0.0005125406756922347,0.9999828863077828,0.9999828862517647,5.6018079064301673e-11
0.0005126406756922347,0.9999829075869074,0.9999829075309481,5.5959348266299e-11
0.0005127406756922346,0.9999829288395737,0.999982928783673,5.5900728490598794e-11
0.0005128406756922346,0.9999829500658144,0.9999829500099724,5.5841997692596124e-11
0.0005129406756922345,0.9999829712656625,0.999982971209879,5.578348893919838e-11
0.0005130406756922345,0.9999829924391508,0.9999829923834257,5.5725091208103095e-11
0.0005131406756922344,0.999983013586312,0.9999830135306452,5.5666804499310274e-11
0.0005132406756922344,0.9999830347071789,0.9999830346515705,5.560840676821499e-11
0.0005133406756922343,0.9999830558017844,0.999983055746234,5.5550342104027095e-11
0.0005134406756922343,0.9999830768701607,0.9999830768146685,5.54922774398392e-11
0.0005135406756922342,0.9999830979123406,0.9999830978569065,5.543410175334884e-11
0.0005136406756922341,0.9999831189283567,0.9999831188729806,5.5376037089160945e-11
0.0005137406756922341,0.9999831399182415,0.9999831398629235,5.531797242497305e-11
0.000513840675692234,0.9999831608820275,0.9999831608267675,5.5260018783087617e-11
0.000513940675692234,0.9999831818197472,0.9999831817645453,5.520195411889972e-11
0.0005140406756922339,0.999983202731433,0.9999832026762889,5.514411149931675e-11
0.0005141406756922339,0.9999832236171172,0.999983223562031,5.508626887973378e-11
0.0005142406756922338,0.9999832444768324,0.9999832444218038,5.5028648304755734e-11
0.0005143406756922338,0.9999832653106107,0.9999832652556396,5.497102772977769e-11
0.0005144406756922337,0.9999832861184841,0.9999832860635707,5.491340715479964e-11
0.0005145406756922337,0.9999833069004851,0.9999833068456293,5.48557865798216e-11
0.0005146406756922336,0.9999833276566458,0.9999833276018475,5.4798277027146014e-11
0.0005147406756922336,0.9999833483869984,0.9999833483322575,5.4740878496772893e-11
0.0005148406756922335,0.999983369091575,0.9999833690368913,5.46837020110047e-11
0.0005149406756922335,0.9999833897704075,0.9999833897157812,5.462630348063158e-11
0.0005150406756922334,0.9999834104235279,0.9999834103689589,5.456901597256092e-11
0.0005151406756922334,0.9999834310509683,0.9999834309964566,5.451172846449026e-11
0.0005152406756922333,0.9999834516527607,0.999983451598306,5.445466300102453e-11
0.0005153406756922333,0.9999834722289367,0.9999834721745392,5.439748651525633e-11
0.0005154406756922332,0.9999834927795284,0.9999834927251879,5.43404210517906e-11
0.0005155406756922332,0.9999835133045676,0.9999835132502841,5.428346661062733e-11
0.0005156406756922331,0.999983533804086,0.9999835337498594,5.422662319176652e-11
0.0005157406756922331,0.9999835542781154,0.9999835542239456,5.416977977290571e-11
0.000515840675692233,0.9999835747266874,0.9999835746725744,5.411304737634737e-11
0.000515940675692233,0.9999835951498337,0.9999835950957774,5.405631497978902e-11
0.0005160406756922329,0.9999836155475859,0.9999836154935863,5.3999582583230676e-11
0.0005161406756922329,0.9999836359199755,0.9999836358660324,5.3943072231277256e-11
0.0005162406756922328,0.9999836562670341,0.9999836562131478,5.388633983471891e-11
0.0005163406756922327,0.9999836765887933,0.9999836765349635,5.382982948276549e-11
0.0005164406756922327,0.9999836968852844,0.9999836968315111,5.377331913081207e-11
0.0005165406756922326,0.999983717156539,0.999983717102822,5.3717030823463574e-11
0.0005166406756922326,0.9999837374025883,0.9999837373489276,5.3660631493812616e-11
0.0005167406756922325,0.9999837576234637,0.9999837575698594,5.360434318646412e-11
0.0005168406756922325,0.9999837778191966,0.9999837777656485,5.3548054879115625e-11
0.0005169406756922324,0.9999837979898181,0.9999837979363262,5.349187759406959e-11
0.0005170406756922324,0.9999838181353595,0.9999838180819237,5.343581133132602e-11
0.0005171406756922323,0.999983838255852,0.9999838382024723,5.337974506858245e-11
0.0005172406756922323,0.9999838583513267,0.999983858298003,5.3323789828141344e-11
0.0005173406756922322,0.9999838784218148,0.999983878368547,5.3267834587700236e-11
0.0005174406756922322,0.9999838984673473,0.9999838984141353,5.321199036956159e-11
0.0005175406756922321,0.9999839184879551,0.9999839184347991,5.315603512912048e-11
0.0005176406756922321,0.9999839384836695,0.9999839384305691,5.310041295558676e-11
0.000517740675692232,0.9999839584545211,0.9999839584014765,5.304467975975058e-11
0.000517840675692232,0.9999839784005411,0.9999839783475521,5.2988946563914396e-11
0.0005179406756922319,0.9999839983217602,0.9999839982688269,5.2933324390380676e-11
0.0005180406756922319,0.9999840182182095,0.9999840181653316,5.287792426145188e-11
0.0005181406756922318,0.9999840380899193,0.999984038037097,5.282230208791816e-11
0.0005182406756922318,0.9999840579369207,0.999984057884154,5.276667991438444e-11
0.0005183406756922317,0.9999840777592445,0.9999840777065331,5.271139080775811e-11
0.0005184406756922317,0.9999840975569213,0.9999840975042652,5.2656101701131774e-11
0.0005185406756922316,0.9999841173299818,0.9999841172773809,5.2600923616807904e-11
0.0005186406756922316,0.9999841370784565,0.9999841370259107,5.2545745532484034e-11
0.0005187406756922315,0.9999841568023757,0.9999841567498853,5.24904564258577e-11
0.0005188406756922315,0.9999841765017705,0.999984176449335,5.2435500386138756e-11
0.0005189406756922314,0.999984196176671,0.9999841961242907,5.2380322301814886e-11
0.0005190406756922314,0.999984215827108,0.9999842157747825,5.23254772843984e-11
0.0005191406756922313,0.9999842354531114,0.9999842354008409,5.227052124467946e-11
0.0005192406756922312,0.999984255054712,0.9999842550024963,5.2215676227262975e-11
0.0005193406756922312,0.9999842746319398,0.9999842745797791,5.216072018754403e-11
0.0005194406756922311,0.9999842941848256,0.9999842941327196,5.210598619243001e-11
0.0005195406756922311,0.9999843137133992,0.999984313661348,5.205125219731599e-11
0.000519640675692231,0.9999843332176912,0.9999843331656946,5.199662922450443e-11
0.000519740675692231,0.9999843526977316,0.9999843526457896,5.1942006251692874e-11
0.0005198406756922309,0.9999843721535504,0.999984372101663,5.1887383278881316e-11
0.0005199406756922309,0.9999843915851779,0.9999843915333451,5.183287132837222e-11
0.0005200406756922308,0.9999844109926443,0.9999844109408658,5.177858142246805e-11
0.0005201406756922308,0.9999844303759795,0.9999844303242553,5.172418049426142e-11
0.0005202406756922307,0.9999844497352135,0.9999844496835436,5.166989058835725e-11
0.0005203406756922307,0.9999844690703762,0.9999844690187606,5.161560068245308e-11
0.0005204406756922306,0.9999844883814977,0.9999844883299362,5.156142179885137e-11
0.0005205406756922306,0.9999845076686077,0.9999845076171003,5.1507353937552125e-11
0.0005206406756922305,0.9999845269317362,0.9999845268802829,5.145328607625288e-11
0.0005207406756922305,0.999984546170913,0.9999845461195137,5.13993292372561e-11
0.0005208406756922304,0.9999845653861679,0.9999845653348225,5.1345372398259315e-11
0.0005209406756922304,0.9999845845775305,0.9999845845262391,5.129141555926253e-11
0.0005210406756922303,0.9999846037450304,0.999984603693793,5.123734769796329e-11
0.0005211406756922303,0.9999846228886976,0.9999846228375141,5.118350188126897e-11
0.0005212406756922302,0.9999846420085617,0.999984641957432,5.112976708687711e-11
0.0005213406756922302,0.9999846611046521,0.9999846610535762,5.107592127018279e-11
0.0005214406756922301,0.9999846801769986,0.9999846801259763,5.1022297498093394e-11
0.0005215406756922301,0.9999846992256306,0.9999846991746618,5.096878474830646e-11
0.00052164067569223,0.9999847182505776,0.9999847181996624,5.0915160976217066e-11
0.00052174067569223,0.9999847372518689,0.9999847372010072,5.0861648226430134e-11
0.0005218406756922299,0.999984756229534,0.9999847561787258,5.08081354766432e-11
0.0005219406756922298,0.9999847751836024,0.9999847751328476,5.0754844771461194e-11
0.0005220406756922298,0.9999847941141033,0.9999847940634019,5.0701443043976724e-11
0.0005221406756922297,0.9999848130210661,0.999984812970418,5.0648152338794716e-11
0.0005222406756922297,0.99998483190452,0.9999848318539252,5.059486163361271e-11
0.0005223406756922296,0.9999848507644944,0.9999848507139526,5.0541792973035626e-11
0.0005224406756922296,0.9999848696010183,0.9999848695505297,5.048861329015608e-11
0.0005225406756922295,0.9999848884141209,0.9999848883636853,5.043565565188146e-11
0.0005226406756922295,0.9999849072038313,0.9999849071534487,5.038258699130438e-11
0.0005227406756922294,0.9999849259701787,0.9999849259198489,5.0329851397634684e-11
0.0005228406756922294,0.9999849447131919,0.9999849446629151,5.02767827370576e-11
0.0005229406756922293,0.9999849634329001,0.9999849633826763,5.022382509878298e-11
0.0005230406756922293,0.9999849821293323,0.9999849820791612,5.0171089505113287e-11
0.0005231406756922292,0.9999850008025174,0.9999850007523992,5.011824288914113e-11
0.0005232406756922292,0.9999850194524843,0.9999850194024187,5.0065618317773897e-11
0.0005233406756922291,0.999985038079262,0.999985038029249,5.0012993746406664e-11
0.0005234406756922291,0.9999850566828791,0.9999850566329187,4.996036917503943e-11
0.000523540675692229,0.9999850752633646,0.9999850752134566,4.9907966648277124e-11
0.000523640675692229,0.9999850938207471,0.9999850937708916,4.9855453099212355e-11
0.0005237406756922289,0.9999851123550553,0.9999851123052522,4.980305057245005e-11
0.0005238406756922289,0.999985130866318,0.9999851308165674,4.975064804568774e-11
0.0005239406756922288,0.9999851493545638,0.9999851493048656,4.969824551892543e-11
0.0005240406756922288,0.9999851678198215,0.9999851677701755,4.964595401446559e-11
0.0005241406756922287,0.9999851862621195,0.9999851862125257,4.9593773532308205e-11
0.0005242406756922287,0.9999852046814866,0.9999852046319448,4.9541704072453285e-11
0.0005243406756922286,0.9999852230779508,0.9999852230284613,4.94895235902959e-11
0.0005244406756922286,0.9999852414515409,0.9999852414021034,4.943745413044098e-11
0.0005245406756922285,0.9999852598022855,0.9999852597529,4.9385495692888526e-11
0.0005246406756922285,0.9999852781302127,0.9999852780808791,4.933353725533607e-11
0.0005247406756922284,0.999985296435351,0.9999852963860694,4.928157881778361e-11
0.0005248406756922283,0.9999853147177288,0.9999853146684989,4.922984242483608e-11
0.0005249406756922283,0.9999853329773744,0.9999853329281961,4.917821705419101e-11
0.0005250406756922282,0.9999853512143158,0.9999853511651894,4.9126369638941014e-11
0.0005251406756922282,0.9999853694285814,0.9999853693795068,4.907463324599348e-11
0.0005252406756922281,0.9999853876201995,0.9999853875711766,4.902289685304595e-11
0.0005253406756922281,0.9999854057891983,0.9999854057402269,4.897138250470334e-11
0.000525440675692228,0.9999854239356056,0.9999854238866859,4.891975713405827e-11
0.000525540675692228,0.99998544205945,0.9999854420105816,4.886835380801813e-11
0.0005256406756922279,0.999985460160759,0.9999854601119421,4.881683945967552e-11
0.0005257406756922279,0.9999854782395609,0.9999854781907954,4.8765436133635376e-11
0.0005258406756922278,0.9999854962958836,0.9999854962471696,4.871403280759523e-11
0.0005259406756922278,0.9999855143297554,0.9999855142810925,4.866285152616001e-11
0.0005260406756922277,0.9999855323412038,0.999985532292592,4.8611781267027254e-11
0.0005261406756922277,0.9999855503302568,0.9999855502816961,4.85607110078945e-11
0.0005262406756922276,0.9999855682969423,0.9999855682484327,4.850964074876174e-11
0.0005263406756922276,0.999985586241288,0.9999855861928294,4.845857048962898e-11
0.0005264406756922275,0.9999856041633217,0.9999856041149142,4.8407500230496225e-11
0.0005265406756922275,0.9999856220630713,0.9999856220147146,4.8356652015968393e-11
0.0005266406756922274,0.9999856399405643,0.9999856398922585,4.830580380144056e-11
0.0005267406756922274,0.9999856577958285,0.9999856577475736,4.8254844564610266e-11
0.0005268406756922273,0.9999856756288914,0.9999856755806874,4.8203996350082434e-11
0.0005269406756922273,0.9999856934397808,0.9999856933916275,4.815337018015953e-11
0.0005270406756922272,0.9999857112285241,0.9999857111804216,4.8102521965631695e-11
0.0005271406756922272,0.999985728995149,0.9999857289470971,4.805189579570879e-11
0.0005272406756922271,0.9999857467396829,0.9999857466916816,4.800126962578588e-11
0.000527340675692227,0.9999857644621535,0.9999857644142026,4.79508655004679e-11
0.000527440675692227,0.9999857821625877,0.9999857821146874,4.7900350352847454e-11
0.000527540675692227,0.9999857998410133,0.9999857997931635,4.784983520522701e-11
0.0005276406756922269,0.9999858174974577,0.9999858174496582,4.779954210221149e-11
0.0005277406756922268,0.999985835131948,0.9999858350841989,4.774913797689351e-11
0.0005278406756922268,0.9999858527445118,0.9999858526968128,4.769895589618045e-11
0.0005279406756922267,0.999985870335176,0.9999858702875273,4.7648773815467393e-11
0.0005280406756922267,0.9999858879039681,0.9999858878563695,4.7598591734754336e-11
0.0005281406756922266,0.9999859054509151,0.9999859054033667,4.754840965404128e-11
0.0005282406756922266,0.9999859229760443,0.999985922928546,4.749822757332822e-11
0.0005283406756922265,0.9999859404793827,0.9999859404319346,4.744815651491763e-11
0.0005284406756922265,0.9999859579609577,0.9999859579135595,4.7398196478809496e-11
0.0005285406756922264,0.999985975420796,0.9999859753734478,4.7348236442701364e-11
0.0005286406756922264,0.9999859928589249,0.9999859928116265,4.7298387428895694e-11
0.0005287406756922263,0.9999860102753713,0.9999860102281226,4.724864943739249e-11
0.0005288406756922263,0.999986027670162,0.9999860276229632,4.719880042358682e-11
0.0005289406756922262,0.9999860450433241,0.999986044996175,4.714906243208361e-11
0.0005290406756922262,0.9999860623948844,0.999986062347785,4.7099435462882866e-11
0.0005291406756922261,0.99998607972487,0.9999860796778202,4.704980849368212e-11
0.0005292406756922261,0.9999860970333074,0.9999860969863071,4.700029254678384e-11
0.000529340675692226,0.9999861143202237,0.9999861142732728,4.695088762218802e-11
0.000529440675692226,0.9999861315856452,0.9999861315387438,4.690137167528974e-11
0.0005295406756922259,0.9999861488295989,0.999986148782747,4.6851855728391456e-11
0.0005296406756922259,0.9999861660521118,0.9999861660053092,4.68025618260981e-11
0.0005297406756922258,0.9999861832532102,0.9999861832064568,4.6753378946107205e-11
0.0005298406756922258,0.9999862004329207,0.9999862003862167,4.670408504381385e-11
0.0005299406756922257,0.9999862175912702,0.9999862175446151,4.6655013186125416e-11
0.0005300406756922257,0.9999862347282846,0.9999862346816789,4.660571928383206e-11
0.0005301406756922256,0.999986251843991,0.9999862517974346,4.65564253815387e-11
0.0005302406756922256,0.9999862689384159,0.9999862688919086,4.650735352385027e-11
0.0005303406756922255,0.9999862860115856,0.9999862859651273,4.645828166616184e-11
0.0005304406756922254,0.9999863030635266,0.9999863030171172,4.640943185307833e-11
0.0005305406756922254,0.9999863200942652,0.9999863200479048,4.636047101769236e-11
0.0005306406756922253,0.9999863371038279,0.9999863370575164,4.631151018230639e-11
0.0005307406756922253,0.9999863540922409,0.9999863540459781,4.626277139152535e-11
0.0005308406756922252,0.9999863710595306,0.9999863710133166,4.6214032600744304e-11
0.0005309406756922252,0.9999863880057231,0.9999863879595579,4.616529380996326e-11
0.0005310406756922251,0.9999864049308448,0.9999864048847282,4.6116555019182215e-11
0.0005311406756922251,0.9999864218349218,0.999986421788854,4.606781622840117e-11
0.000531240675692225,0.9999864387179804,0.9999864386719611,4.601929948222505e-11
0.000531340675692225,0.9999864555800468,0.9999864555340758,4.597100478065386e-11
0.0005314406756922249,0.9999864724211468,0.9999864723752242,4.59225990567802e-11
0.0005315406756922249,0.9999864892413065,0.9999864891954324,4.587408231060408e-11
0.0005316406756922248,0.9999865060405521,0.9999865059947265,4.582556556442796e-11
0.0005317406756922248,0.9999865228189097,0.9999865227731323,4.577738188515923e-11
0.0005318406756922247,0.9999865395764049,0.9999865395306758,4.5729087183588035e-11
0.0005319406756922247,0.999986556313064,0.9999865562673832,4.568079248201684e-11
0.0005320406756922246,0.9999865730289127,0.9999865729832801,4.563260880274811e-11
0.0005321406756922246,0.9999865897239771,0.9999865896783925,4.55846471680843e-11
0.0005322406756922245,0.9999866063982827,0.9999866063527463,4.553646348881557e-11
0.0005323406756922245,0.9999866230518557,0.9999866230063673,4.54883908318493e-11
0.0005324406756922244,0.9999866396847216,0.9999866396392811,4.5440429197185495e-11
0.0005325406756922244,0.9999866562969063,0.9999866562515137,4.539257858482415e-11
0.0005326406756922243,0.9999866728884353,0.9999866728430907,4.5344616950160344e-11
0.0005327406756922243,0.9999866894593347,0.9999866894140378,4.529687736010146e-11
0.0005328406756922242,0.9999867060096297,0.9999867059643806,4.524913777004258e-11
0.0005329406756922242,0.9999867225393462,0.9999867224941447,4.520150920228616e-11
0.0005330406756922241,0.9999867390485095,0.9999867390033558,4.515376961222728e-11
0.000533140675692224,0.9999867555371454,0.9999867554920393,4.510614104447086e-11
0.000533240675692224,0.9999867720052794,0.9999867719602209,4.505851247671444e-11
0.000533340675692224,0.9999867884529369,0.999986788407926,4.501088390895802e-11
0.0005334406756922239,0.9999868048801436,0.9999868048351801,4.496347738580653e-11
0.0005335406756922238,0.9999868212869246,0.9999868212420086,4.491607086265503e-11
0.0005336406756922238,0.9999868376733054,0.9999868376284369,4.4868553317201076e-11
0.0005337406756922237,0.9999868540393114,0.9999868539944903,4.482114679404958e-11
0.0005338406756922237,0.9999868703849681,0.9999868703401943,4.477385129320055e-11
0.0005339406756922236,0.9999868867103007,0.999986886665574,4.472666681465398e-11
0.0005340406756922236,0.9999869030153343,0.9999869029706548,4.467948233610741e-11
0.0005341406756922235,0.9999869193000943,0.9999869192554619,4.4632408879863306e-11
0.0005342406756922235,0.9999869355646058,0.9999869355200206,4.4585224401316736e-11
0.0005343406756922234,0.9999869518088942,0.9999869517643559,4.453826196737509e-11
0.0005344406756922234,0.9999869680329845,0.9999869679884931,4.449141055573591e-11
0.0005345406756922233,0.9999869842369016,0.9999869841924572,4.4444337099491804e-11
0.0005346406756922233,0.9999870004206709,0.9999870003762734,4.439748568785262e-11
0.0005347406756922232,0.9999870165843173,0.9999870165399667,4.435063427621344e-11
0.0005348406756922232,0.9999870327278659,0.999987032683562,4.430389388687672e-11
0.0005349406756922231,0.9999870488513416,0.9999870488070846,4.425704247523754e-11
0.0005350406756922231,0.9999870649547694,0.9999870649105591,4.421030208590082e-11
0.000535140675692223,0.9999870810381742,0.9999870809940107,4.41635616965641e-11
0.000535240675692223,0.999987097101581,0.999987097057464,4.4116932329529845e-11
0.0005353406756922229,0.9999871131450145,0.9999871131009442,4.407030296249559e-11
0.0005354406756922229,0.9999871291684997,0.999987129124476,4.4023784617763795e-11
0.0005355406756922228,0.9999871451720614,0.9999871451280841,4.3977377295334463e-11
0.0005356406756922228,0.9999871611557243,0.9999871611117934,4.393085895060267e-11
0.0005357406756922227,0.9999871771195131,0.9999871770756287,4.388445162817334e-11
0.0005358406756922227,0.9999871930634525,0.9999871930196145,4.3838044305744006e-11
0.0005359406756922226,0.9999872089875674,0.9999872089437756,4.37918590279196e-11
0.0005360406756922225,0.9999872248918823,0.9999872248481366,4.374567375009519e-11
0.0005361406756922225,0.9999872407764216,0.9999872407327223,4.3699377449968324e-11
0.0005362406756922224,0.9999872566412102,0.999987256597557,4.365319217214392e-11
0.0005363406756922224,0.9999872724862726,0.9999872724426655,4.3607117916621974e-11
0.0005364406756922223,0.9999872883116333,0.9999872882680723,4.356104366110003e-11
0.0005365406756922223,0.9999873041173168,0.9999873040738018,4.351508042788055e-11
0.0005366406756922222,0.9999873199033474,0.9999873198598784,4.3469006172358604e-11
0.0005367406756922222,0.99998733566975,0.9999873356263267,4.342326498374405e-11
0.0005368406756922221,0.9999873514165485,0.9999873513731711,4.337741277282703e-11
0.0005369406756922221,0.9999873671437676,0.9999873671004359,4.333167158421247e-11
0.000537040675692222,0.9999873828514313,0.9999873828081454,4.3285930395597916e-11
0.000537140675692222,0.9999873985395642,0.999987398496324,4.324018920698336e-11
0.0005372406756922219,0.9999874142081905,0.999987414164996,4.31944480183688e-11
0.0005373406756922219,0.9999874298573346,0.9999874298141856,4.314892887435917e-11
0.0005374406756922218,0.9999874454870203,0.999987445443917,4.310329870804708e-11
0.0005375406756922218,0.9999874610972723,0.9999874610542145,4.3057779564037446e-11
0.0005376406756922217,0.9999874766881146,0.9999874766451022,4.301237144233028e-11
0.0005377406756922217,0.9999874922595711,0.9999874922166043,4.2966741276018183e-11
0.0005378406756922216,0.9999875078116661,0.9999875077687448,4.2921333154311014e-11
0.0005379406756922216,0.9999875233444238,0.9999875233015477,4.287603605490631e-11
0.0005380406756922215,0.9999875388578681,0.9999875388150373,4.28307389555016e-11
0.0005381406756922215,0.999987554352023,0.9999875543092375,4.278555287839936e-11
0.0005382406756922214,0.9999875698269124,0.9999875697841721,4.274025577899465e-11
0.0005383406756922214,0.9999875852825603,0.9999875852398653,4.2694958679589945e-11
0.0005384406756922213,0.9999876007189908,0.999987600676341,4.2649883624790164e-11
0.0005385406756922213,0.9999876161362278,0.9999876160936229,4.2604919592292845e-11
0.0005386406756922212,0.9999876315342949,0.9999876314917351,4.2559844537493063e-11
0.0005387406756922212,0.9999876469132163,0.9999876468707013,4.251499152729821e-11
0.0005388406756922211,0.9999876622730154,0.9999876622305452,4.247013851710335e-11
0.000538940675692221,0.9999876776137162,0.9999876775712909,4.2425285506908494e-11
0.000539040675692221,0.9999876929353423,0.999987692892962,4.2380321474411176e-11
0.0005391406756922209,0.9999877082379176,0.999987708195582,4.233557948651878e-11
0.0005392406756922209,0.9999877235214656,0.9999877234791749,4.2290726476323925e-11
0.0005393406756922208,0.9999877387860101,0.9999877387437641,4.224598448843153e-11
0.0005394406756922208,0.9999877540315747,0.9999877539893736,4.2201131478236675e-11
0.0005395406756922207,0.9999877692581831,0.9999877692160265,4.2156611534949207e-11
0.0005396406756922207,0.9999877844658588,0.9999877844237467,4.211209159166174e-11
0.0005397406756922206,0.9999877996546253,0.9999877996125577,4.206757164837427e-11
0.0005398406756922206,0.999987814824506,0.999987814782483,4.20230517050868e-11
0.0005399406756922205,0.9999878299755246,0.999987829933546,4.1978642784101794e-11
0.0005400406756922205,0.9999878451077044,0.9999878450657702,4.193423386311679e-11
0.0005401406756922204,0.999987860221069,0.9999878601791792,4.188982494213178e-11
0.0005402406756922204,0.9999878753156416,0.9999878752737961,4.184552704344924e-11
0.0005403406756922203,0.9999878903914458,0.9999878903496443,4.180145118937162e-11
0.0005404406756922203,0.9999879054485046,0.9999879054067474,4.1757153290689075e-11
0.0005405406756922202,0.9999879204868415,0.9999879204451285,4.1712966414308994e-11
0.0005406406756922202,0.9999879355064798,0.9999879354648109,4.1668890560231375e-11
0.0005407406756922201,0.9999879505074427,0.9999879504658179,4.1624814706153757e-11
0.0005408406756922201,0.9999879654897534,0.9999879654481726,4.15808498743786e-11
0.00054094067569222,0.9999879804534353,0.9999879804118984,4.1536885042603444e-11
0.00054104067569222,0.9999879953985114,0.9999879953570183,4.149303123313075e-11
0.0005411406756922199,0.9999880103250047,0.9999880102835554,4.144928844596052e-11
0.0005412406756922199,0.9999880252329384,0.9999880251915331,4.140532361418536e-11
0.0005413406756922198,0.9999880401223354,0.9999880400809741,4.136135878241021e-11
0.0005414406756922198,0.9999880549932192,0.9999880549519017,4.131750497293751e-11
0.0005415406756922197,0.9999880698456125,0.9999880698043387,4.127376218576728e-11
0.0005416406756922196,0.9999880846795386,0.9999880846383083,4.1230241443201976e-11
0.0005417406756922196,0.9999880994950202,0.9999880994538335,4.118672070063667e-11
0.0005418406756922195,0.9999881142920801,0.9999881142509369,4.1143199958071364e-11
0.0005419406756922195,0.9999881290707414,0.9999881290296418,4.1099568193203595e-11
0.0005420406756922194,0.9999881438310271,0.9999881437899709,4.105615847294075e-11
0.0005421406756922194,0.9999881585729596,0.999988158531947,4.1012637730375445e-11
0.0005422406756922193,0.9999881732965622,0.999988173255593,4.09692280101126e-11
0.0005423406756922193,0.9999881880018574,0.9999881879609316,4.092581828984976e-11
0.0005424406756922192,0.9999882026888681,0.9999882026479856,4.088251959188938e-11
0.0005425406756922192,0.9999882173576171,0.9999882173167779,4.0839220893928996e-11
0.0005426406756922191,0.9999882320081269,0.9999882319673309,4.079603321827108e-11
0.0005427406756922191,0.9999882466404205,0.9999882465996676,4.075295656491562e-11
0.000542840675692219,0.9999882612545202,0.9999882612138103,4.0709879911560165e-11
0.000542940675692219,0.9999882758504487,0.999988275809782,4.0666692235902246e-11
0.0005430406756922189,0.9999882904282288,0.9999882903876051,4.062372660484925e-11
0.0005431406756922189,0.9999883049878829,0.9999883049473022,4.058076097379626e-11
0.0005432406756922188,0.9999883195294336,0.9999883194888957,4.053790636504573e-11
0.0005433406756922188,0.9999883340529032,0.9999883340124083,4.0494940733992735e-11
0.0005434406756922187,0.9999883485583144,0.9999883485178623,4.0452086125242204e-11
0.0005435406756922187,0.9999883630456896,0.9999883630052804,4.040923151649167e-11
0.0005436406756922186,0.9999883775150513,0.9999883774746848,4.0366487930043604e-11
0.0005437406756922186,0.9999883919664219,0.9999883919260981,4.0323744343595536e-11
0.0005438406756922185,0.9999884063998236,0.9999884063595424,4.028111177944993e-11
0.0005439406756922185,0.9999884208152787,0.9999884207750404,4.023836819300186e-11
0.0005440406756922184,0.9999884352128098,0.999988435172614,4.0195735628856255e-11
0.0005441406756922184,0.999988449592439,0.9999884495522858,4.015321408701311e-11
0.0005442406756922183,0.9999884639541888,0.9999884639140779,4.011091458977489e-11
0.0005443406756922183,0.9999884782980811,0.9999884782580127,4.006839304793175e-11
0.0005444406756922182,0.9999884926241381,0.9999884925841123,4.0025871506088606e-11
0.0005445406756922181,0.9999885069323822,0.9999885068923987,3.9983460986547925e-11
0.0005446406756922181,0.9999885212228353,0.9999885211828944,3.994093944470478e-11
0.000544740675692218,0.9999885354955199,0.9999885354556213,3.989863994746656e-11
0.000544840675692218,0.9999885497504578,0.9999885497106015,3.9856340450228345e-11
0.0005449406756922179,0.9999885639876713,0.9999885639478571,3.981426299759505e-11
0.0005450406756922179,0.9999885782071823,0.99998857816741,3.977229656726422e-11
0.0005451406756922178,0.9999885924090126,0.9999885923692826,3.9729997070026e-11
0.0005452406756922178,0.9999886065931844,0.9999886065534965,3.968791961739271e-11
0.0005453406756922177,0.9999886207597196,0.9999886207200738,3.9645842164759415e-11
0.0005454406756922177,0.9999886349086403,0.9999886348690364,3.9603875734428584e-11
0.0005455406756922176,0.9999886490399683,0.9999886490004063,3.9562020326400216e-11
0.0005456406756922176,0.9999886631537253,0.9999886631142052,3.9520053896069385e-11
0.0005457406756922175,0.9999886772499335,0.9999886772104551,3.947830951034348e-11
0.0005458406756922175,0.9999886913286142,0.9999886912891778,3.943645410231511e-11
0.0005459406756922174,0.9999887053897897,0.9999887053503951,3.939459869428674e-11
0.0005460406756922174,0.9999887194334816,0.9999887193941286,3.93529653308633e-11
0.0005461406756922173,0.9999887334597116,0.9999887334204002,3.931144298974232e-11
0.0005462406756922173,0.9999887474685013,0.9999887474292316,3.926969860401641e-11
0.0005463406756922172,0.9999887614598724,0.9999887614206444,3.9227954218290506e-11
0.0005464406756922172,0.9999887754338467,0.9999887753946604,3.918632085486706e-11
0.0005465406756922171,0.999988789390446,0.9999887893513011,3.9144909536048544e-11
0.0005466406756922171,0.9999888033296918,0.9999888032905881,3.910360923953249e-11
0.000546740675692217,0.9999888172516052,0.9999888172125432,3.9061975876109045e-11
0.000546840675692217,0.9999888311562083,0.9999888311171876,3.902067557959299e-11
0.0005469406756922169,0.9999888450435225,0.9999888450045431,3.8979375283076934e-11
0.0005470406756922169,0.9999888589135691,0.9999888588746312,3.8937963964258415e-11
0.0005471406756922168,0.9999888727663697,0.9999888727274732,3.88965526454399e-11
0.0005472406756922167,0.999988886601946,0.9999888865630905,3.8855474393528766e-11
0.0005473406756922167,0.9999889004203191,0.9999889003815048,3.881428511931517e-11
0.0005474406756922166,0.9999889142215104,0.9999889141827372,3.877320686740404e-11
0.0005475406756922166,0.9999889280055412,0.9999889279668092,3.873201759319045e-11
0.0005476406756922165,0.999988941772433,0.9999889417337422,3.8690828318976855e-11
0.0005477406756922165,0.9999889555222072,0.9999889554835574,3.864986108936819e-11
0.0005478406756922164,0.999988969254885,0.9999889692162761,3.860889385975952e-11
0.0005479406756922164,0.9999889829704877,0.9999889829319196,3.856803765245331e-11
0.0005480406756922163,0.9999889966690364,0.9999889966305091,3.852729246744957e-11
0.0005481406756922163,0.9999890103505522,0.9999890103120658,3.8486436260143364e-11
0.0005482406756922162,0.9999890240150565,0.9999890239766109,3.844558005283716e-11
0.0005483406756922162,0.9999890376625704,0.9999890376241656,3.8404834867833415e-11
0.0005484406756922161,0.999989051293115,0.9999890512547509,3.836408968282967e-11
0.0005485406756922161,0.9999890649067115,0.999989064868388,3.832345552012839e-11
0.000548640675692216,0.9999890785033808,0.999989078465098,3.828282135742711e-11
0.000548740675692216,0.9999890920831439,0.9999890920449018,3.824207617242337e-11
0.0005488406756922159,0.999989105646022,0.9999891056078206,3.8201330987419624e-11
0.0005489406756922159,0.999989119192036,0.9999891191538752,3.8160807847020806e-11
0.0005490406756922158,0.9999891327212073,0.9999891326830868,3.812050675122691e-11
0.0005491406756922158,0.9999891462335563,0.9999891461954762,3.8080094633130557e-11
0.0005492406756922157,0.999989159729104,0.9999891596910643,3.80396825150342e-11
0.0005493406756922157,0.9999891732078713,0.9999891731698719,3.799938141924031e-11
0.0005494406756922156,0.9999891866698792,0.9999891866319202,3.7959080323446415e-11
0.0005495406756922156,0.9999892001151485,0.9999892000772297,3.791877922765252e-11
0.0005496406756922155,0.9999892135437,0.9999892135058214,3.787858915416109e-11
0.0005497406756922155,0.9999892269555543,0.999989226917716,3.78382880583672e-11
0.0005498406756922154,0.9999892403507326,0.9999892403129342,3.779832002948069e-11
0.0005499406756922154,0.9999892537292553,0.999989253691497,3.7758240978291724e-11
0.0005500406756922153,0.9999892670911431,0.9999892670534248,3.771827294940522e-11
0.0005501406756922152,0.9999892804364167,0.9999892803987386,3.767808287591379e-11
0.0005502406756922152,0.9999892937650969,0.9999892937274587,3.7638225869329744e-11
0.0005503406756922151,0.9999893070772042,0.999989307039606,3.759825784044324e-11
0.0005504406756922151,0.9999893203727593,0.9999893203352009,3.7558400833859196e-11
0.000550540675692215,0.9999893336517828,0.9999893336142642,3.751854382727515e-11
0.000550640675692215,0.9999893469142951,0.9999893468768164,3.747868682069111e-11
0.0005507406756922149,0.9999893601603169,0.9999893601228779,3.743905185871199e-11
0.0005508406756922149,0.9999893733898686,0.9999893733524693,3.739930587443041e-11
0.0005509406756922148,0.9999893866029707,0.999989386565611,3.735967091245129e-11
0.0005510406756922148,0.9999893997996435,0.9999893997623236,3.731992492816971e-11
0.0005511406756922147,0.9999894129799077,0.9999894129426274,3.7280289966190594e-11
0.0005512406756922147,0.9999894261437836,0.999989426106543,3.7240655004211476e-11
0.0005513406756922146,0.9999894392912916,0.9999894392540905,3.720113106453482e-11
0.0005514406756922146,0.999989452422452,0.9999894523852904,3.7161607124858165e-11
0.0005515406756922145,0.9999894655372852,0.9999894655001629,3.7122305229786434e-11
0.0005516406756922145,0.9999894786358114,0.9999894785987286,3.708289231241224e-11
0.0005517406756922144,0.999989491718051,0.9999894916810074,3.704359041734051e-11
0.0005518406756922144,0.9999895047840242,0.9999895047470198,3.700439954457124e-11
0.0005519406756922143,0.999989517833751,0.999989517796786,3.696498662719705e-11
0.0005520406756922143,0.999989530867252,0.9999895308303262,3.692579575442778e-11
0.0005521406756922142,0.999989543884547,0.9999895438476604,3.6886604881658513e-11
0.0005522406756922142,0.9999895568856565,0.999989556848809,3.684752503119171e-11
0.0005523406756922141,0.9999895698706004,0.9999895698337918,3.6808556203027365e-11
0.0005524406756922141,0.9999895828393988,0.9999895828026294,3.67693653302581e-11
0.000552540675692214,0.9999895957920717,0.9999895957553414,3.673028547979129e-11
0.000552640675692214,0.9999896087286394,0.9999896086919481,3.669131665162695e-11
0.0005527406756922139,0.9999896216491218,0.9999896216124695,3.665223680116014e-11
0.0005528406756922138,0.9999896345535387,0.9999896345169255,3.66132679729958e-11
0.0005529406756922138,0.9999896474419105,0.9999896474053361,3.657441016713392e-11
0.0005530406756922137,0.9999896603142571,0.9999896602777214,3.65356633835745e-11
0.0005531406756922137,0.9999896731705981,0.9999896731341011,3.6496916600015084e-11
0.0005532406756922136,0.9999896860109535,0.9999896859744953,3.6458169816455666e-11
0.0005533406756922136,0.9999896988353433,0.9999896987989239,3.641942303289625e-11
0.0005534406756922135,0.9999897116437872,0.9999897116074065,3.638078727163929e-11
0.0005535406756922135,0.9999897244363052,0.999989724399963,3.6342151510382337e-11
0.0005536406756922134,0.9999897372129167,0.9999897371766134,3.6303293704520456e-11
0.0005537406756922134,0.999989749973642,0.9999897499373773,3.62646579432635e-11
0.0005538406756922133,0.9999897627185007,0.9999897626822746,3.622613320430901e-11
0.0005539406756922133,0.9999897754475126,0.9999897754113247,3.618783050995944e-11
0.0005540406756922132,0.9999897881606972,0.9999897881245478,3.614941679330741e-11
0.0005541406756922132,0.9999898008580742,0.9999898008219632,3.611100307665538e-11
0.0005542406756922131,0.9999898135396633,0.9999898135035906,3.607270038230581e-11
0.0005543406756922131,0.9999898262054842,0.9999898261694498,3.6034397687956243e-11
0.000554440675692213,0.9999898388555565,0.9999898388195603,3.599620601590914e-11
0.000554540675692213,0.9999898514898996,0.9999898514539417,3.595790332155957e-11
0.0005546406756922129,0.9999898641085333,0.9999898640726135,3.591982267181493e-11
0.0005547406756922129,0.9999898767114769,0.9999898766755952,3.588163099976782e-11
0.0005548406756922128,0.9999898892987499,0.9999898892629066,3.5843328305418254e-11
0.0005549406756922128,0.9999899018703722,0.9999899018345668,3.5805358677976074e-11
0.0005550406756922127,0.9999899144263629,0.9999899143905956,3.576727802823143e-11
0.0005551406756922127,0.9999899269667415,0.9999899269310122,3.572930840078925e-11
0.0005552406756922126,0.9999899394915274,0.999989939455836,3.569133877334707e-11
0.0005553406756922126,0.9999899520007399,0.9999899519650866,3.565336914590489e-11
0.0005554406756922125,0.9999899644943987,0.9999899644587831,3.5615621563067634e-11
0.0005555406756922125,0.9999899769725227,0.999989976936945,3.5577651935625454e-11
0.0005556406756922124,0.9999899894351314,0.9999899893995917,3.5539682308183274e-11
0.0005557406756922123,0.9999900018822443,0.9999900018467422,3.550204574764848e-11
0.0005558406756922123,0.9999900143138805,0.9999900142784162,3.5464298164811225e-11
0.0005559406756922122,0.9999900267300593,0.9999900266946325,3.5426772626578895e-11
0.0005560406756922122,0.9999900391307998,0.9999900390954106,3.53891360660441e-11
0.0005561406756922121,0.9999900515161212,0.9999900514807696,3.535161052781177e-11
0.0005562406756922121,0.9999900638860427,0.9999900638507286,3.531408498957944e-11
0.000556340675692212,0.9999900762405833,0.9999900762053069,3.527644842904465e-11
0.000556440675692212,0.9999900885797625,0.9999900885445235,3.523892289081232e-11
0.0005565406756922119,0.9999901009035992,0.9999901008683977,3.520150837488245e-11
0.0005566406756922119,0.9999901132121123,0.9999901131769483,3.516398283665012e-11
0.0005567406756922118,0.9999901255053212,0.9999901254701945,3.5126679343022715e-11
0.0005568406756922118,0.9999901377832446,0.9999901377481554,3.508926482709285e-11
0.0005569406756922117,0.9999901500459017,0.9999901500108498,3.505196133346544e-11
0.0005570406756922117,0.9999901622933116,0.9999901622582968,3.50147688621405e-11
0.0005571406756922116,0.9999901745254931,0.9999901744905155,3.497757639081556e-11
0.0005572406756922116,0.999990186742465,0.9999901867075246,3.4940383919490614e-11
0.0005573406756922115,0.9999901989442463,0.9999901989093432,3.490319144816567e-11
0.0005574406756922115,0.999990211130856,0.99999021109599,3.486599897684073e-11
0.0005575406756922114,0.9999902233023128,0.9999902232674839,3.482891752781825e-11
0.0005576406756922114,0.9999902354586357,0.9999902354238439,3.479183607879577e-11
0.0005577406756922113,0.9999902475998436,0.9999902475650887,3.475486565207575e-11
0.0005578406756922113,0.999990259725955,0.9999902596912371,3.471789522535573e-11
0.0005579406756922112,0.9999902718369889,0.9999902718023079,3.4680924798635715e-11
0.0005580406756922112,0.9999902839329639,0.9999902838983198,3.464406539421816e-11
0.0005581406756922111,0.9999902960138988,0.9999902959792916,3.4607205989800605e-11
0.000558240675692211,0.9999903080798124,0.9999903080452419,3.457045760768551e-11
0.000558340675692211,0.9999903201307231,0.9999903200961895,3.4533598203267957e-11
0.000558440675692211,0.99999033216665,0.9999903321321529,3.449707186575779e-11
0.0005585406756922109,0.9999903441876113,0.9999903441531509,3.446043450594516e-11
0.0005586406756922108,0.9999903561936258,0.9999903561592021,3.4423686123830066e-11
0.0005587406756922108,0.999990368184712,0.9999903681503248,3.43871597863199e-11
0.0005588406756922107,0.9999903801608885,0.999990380126538,3.435052242650727e-11
0.0005589406756922107,0.9999903921221738,0.9999903920878598,3.43139960889971e-11
0.0005590406756922106,0.9999904040685864,0.999990404034309,3.427735872918447e-11
0.0005591406756922106,0.999990416000145,0.9999904159659041,3.4240943413976765e-11
0.0005592406756922105,0.9999904279168681,0.9999904278826635,3.420463912107152e-11
0.0005593406756922105,0.9999904398187738,0.9999904397846054,3.416833482816628e-11
0.0005594406756922104,0.9999904517058806,0.9999904516717487,3.4131919512958575e-11
0.0005595406756922104,0.9999904635782071,0.9999904635441115,3.409561522005333e-11
0.0005596406756922103,0.9999904754357716,0.9999904754017123,3.405931092714809e-11
0.0005597406756922103,0.9999904872785924,0.9999904872445693,3.402311765654531e-11
0.0005598406756922102,0.9999904991066878,0.999990499072701,3.398681336364007e-11
0.0005599406756922102,0.9999905109200763,0.9999905108861256,3.395073111533975e-11
0.0005600406756922101,0.9999905227187759,0.9999905226848613,3.391453784473697e-11
0.0005601406756922101,0.9999905345028051,0.9999905344689267,3.387834457413419e-11
0.00056024067569221,0.999990546272182,0.9999905462383397,3.384226232583387e-11
0.00056034067569221,0.9999905580269249,0.9999905579931186,3.3806291099836017e-11
0.0005604406756922099,0.9999905697670521,0.9999905697332818,3.377031987383816e-11
0.0005605406756922099,0.9999905814925817,0.9999905814588472,3.373445967014277e-11
0.0005606406756922098,0.9999905932035317,0.9999905931698332,3.3698488444144914e-11
0.0005607406756922098,0.9999906048999202,0.9999906048662577,3.366251721814706e-11
0.0005608406756922097,0.9999906165817656,0.9999906165481388,3.362676803675413e-11
0.0005609406756922097,0.9999906282490858,0.9999906282154949,3.3590907833058736e-11
0.0005610406756922096,0.999990639901899,0.9999906398683437,3.355526967396827e-11
0.0005611406756922096,0.999990651540223,0.9999906515067034,3.35196315148778e-11
0.0005612406756922095,0.9999906631640759,0.999990663130592,3.348388233348487e-11
0.0005613406756922094,0.9999906747734757,0.9999906747400275,3.3448244174394404e-11
0.0005614406756922094,0.9999906863684406,0.9999906863350279,3.34127170376064e-11
0.0005615406756922093,0.9999906979489883,0.999990697915611,3.3377300923120856e-11
0.0005616406756922093,0.9999907095151367,0.9999907094817949,3.334177378633285e-11
0.0005617406756922092,0.9999907210669037,0.9999907210335975,3.3306135627242384e-11
0.0005618406756922092,0.9999907326043074,0.9999907325710365,3.3270830535059304e-11
0.0005619406756922091,0.9999907441273653,0.99999074409413,3.32353033982713e-11
0.0005620406756922091,0.9999907556360957,0.9999907556028957,3.319999830608822e-11
0.000562140675692209,0.9999907671305163,0.9999907670973515,3.31648042362076e-11
0.000562240675692209,0.9999907786106444,0.999990778577515,3.312949914402452e-11
0.0005623406756922089,0.9999907900764983,0.9999907900434042,3.309408302953898e-11
0.0005624406756922089,0.9999908015280955,0.9999908014950366,3.305888895965836e-11
0.0005625406756922088,0.9999908129654538,0.9999908129324302,3.302358386747528e-11
0.0005626406756922088,0.999990824388591,0.9999908243556026,3.2988389797594664e-11
0.0005627406756922087,0.9999908357975247,0.9999908357645714,3.295330675001651e-11
0.0005628406756922087,0.9999908471922725,0.9999908471593543,3.2918223702438354e-11
0.0005629406756922086,0.9999908585728522,0.9999908585399689,3.288325167716266e-11
0.0005630406756922086,0.9999908699392812,0.999990869906433,3.2848168629584507e-11
0.0005631406756922085,0.9999908812915773,0.9999908812587641,3.2813196604308814e-11
0.0005632406756922085,0.9999908926297578,0.9999908925969797,3.277811355673066e-11
0.0005633406756922084,0.9999909039538407,0.9999909039210974,3.274336357605989e-11
0.0005634406756922084,0.9999909152638432,0.9999909152311347,3.270850257308666e-11
0.0005635406756922083,0.9999909265597828,0.9999909265271091,3.2673752592415894e-11
0.0005636406756922083,0.9999909378416769,0.9999909378090381,3.26387805671402e-11
0.0005637406756922082,0.9999909491095432,0.9999909490769393,3.260391956416697e-11
0.0005638406756922082,0.9999909603633993,0.99999096033083,3.256928060579867e-11
0.0005639406756922081,0.9999909716032621,0.9999909715707276,3.25345306251279e-11
0.000564040675692208,0.9999909828291493,0.9999909827966496,3.249978064445713e-11
0.000564140675692208,0.9999909940410784,0.9999909940086132,3.246514168608883e-11
0.000564240675692208,0.9999910052390666,0.999991005206636,3.2430613750022985e-11
0.0005643406756922079,0.9999910164231313,0.9999910163907352,3.239608581395714e-11
0.0005644406756922078,0.9999910275932897,0.9999910275609281,3.236166890019376e-11
0.0005645406756922078,0.9999910387495591,0.9999910387172319,3.232714096412792e-11
0.0005646406756922077,0.9999910498919568,0.9999910498596641,3.229261302806208e-11
0.0005647406756922077,0.9999910610205001,0.999991060988242,3.2258085091996236e-11
0.0005648406756922076,0.9999910721352061,0.9999910721029824,3.2223668178232856e-11
0.0005649406756922076,0.9999910832360922,0.9999910832039028,3.218936228677194e-11
0.0005650406756922075,0.9999910943231755,0.9999910942910205,3.215494537300856e-11
0.0005651406756922075,0.9999911053964731,0.9999911053643524,3.212063948154764e-11
0.0005652406756922074,0.9999911164560022,0.9999911164239158,3.2086444612389187e-11
0.0005653406756922074,0.99999112750178,0.9999911274697277,3.205224974323073e-11
0.0005654406756922073,0.9999911385338235,0.9999911385018053,3.201816589637474e-11
0.0005655406756922073,0.9999911495521498,0.9999911495201657,3.198419307182121e-11
0.0005656406756922072,0.999991160556776,0.9999911605248258,3.195010922496522e-11
0.0005657406756922072,0.9999911715477189,0.9999911715158029,3.1916025378109225e-11
0.0005658406756922071,0.9999911825249957,0.9999911824931137,3.1882052553555695e-11
0.0005659406756922071,0.9999911934886233,0.9999911934567753,3.18479687066997e-11
0.000566040675692207,0.999991204438619,0.9999912044068049,3.1814106904448636e-11
0.000566140675692207,0.9999912153749994,0.9999912153432192,3.1780134079895106e-11
0.0005662406756922069,0.9999912262977815,0.9999912262660351,3.17463832999465e-11
0.0005663406756922069,0.9999912372069821,0.9999912371752697,3.171241047539297e-11
0.0005664406756922068,0.9999912481026183,0.9999912480709398,3.1678548673141904e-11
0.0005665406756922068,0.9999912589847071,0.9999912589530622,3.164490891549576e-11
0.0005666406756922067,0.999991269853265,0.9999912698216539,3.161115813554716e-11
0.0005667406756922067,0.9999912807083089,0.9999912806767315,3.157740735559855e-11
0.0005668406756922066,0.9999912915498558,0.999991291518312,3.154376759795241e-11
0.0005669406756922065,0.9999913023779223,0.9999913023464121,3.151023886260873e-11
0.0005670406756922065,0.9999913131925252,0.9999913131610485,3.147671012726505e-11
0.0005671406756922064,0.9999913239936812,0.9999913239622381,3.144307036961891e-11
0.0005672406756922064,0.9999913347814071,0.9999913347499975,3.140965265657769e-11
0.0005673406756922063,0.9999913455557196,0.9999913455243434,3.137612392123401e-11
0.0005674406756922063,0.9999913563166352,0.9999913562852926,3.134259518589033e-11
0.0005675406756922062,0.9999913670641708,0.9999913670328616,3.1309177472849115e-11
0.0005676406756922062,0.9999913777983429,0.9999913777670671,3.12757597598079e-11
0.0005677406756922061,0.9999913885191682,0.9999913884879258,3.124245306906914e-11
0.0005678406756922061,0.9999913992266634,0.9999913991954542,3.120914637833039e-11
0.000567940675692206,0.9999914099208447,0.9999914098896688,3.1175839687591633e-11
0.000568040675692206,0.9999914206017289,0.9999914205705863,3.114253299685288e-11
0.0005681406756922059,0.9999914312693327,0.9999914312382232,3.110944835071905e-11
0.0005682406756922059,0.9999914419236722,0.9999914418925959,3.1076252682282757e-11
0.0005683406756922058,0.9999914525647641,0.9999914525337211,3.1042945991544e-11
0.0005684406756922058,0.9999914631926249,0.9999914631616151,3.100975032310771e-11
0.0005685406756922057,0.9999914738072713,0.9999914737762945,3.097677669927634e-11
0.0005686406756922057,0.9999914844087192,0.9999914843777755,3.094369205314251e-11
0.0005687406756922056,0.9999914949969855,0.9999914949660748,3.0910718429311146e-11
0.0005688406756922056,0.9999915055720863,0.9999915055412085,3.087774480547978e-11
0.0005689406756922055,0.9999915161340379,0.9999915161031931,3.084477118164841e-11
0.0005690406756922055,0.9999915266828568,0.999991526652045,3.0811797557817044e-11
0.0005691406756922054,0.9999915372185595,0.9999915371877806,3.077893495628814e-11
0.0005692406756922054,0.9999915477411622,0.999991547710416,3.07461833770617e-11
0.0005693406756922053,0.999991558250681,0.9999915582199675,3.0713431797835256e-11
0.0005694406756922053,0.9999915687471322,0.9999915687164517,3.068056919630635e-11
0.0005695406756922052,0.9999915792305323,0.9999915791998844,3.064792863938237e-11
0.0005696406756922052,0.9999915897008972,0.9999915896702821,3.0615066037853467e-11
0.0005697406756922051,0.9999916001582434,0.9999916001276609,3.058253650323195e-11
0.000569840675692205,0.999991610602587,0.999991610572037,3.055000696861043e-11
0.000569940675692205,0.9999916210339441,0.9999916210034266,3.0517477433988915e-11
0.0005700406756922049,0.9999916314523309,0.999991631421846,3.04849478993674e-11
0.0005701406756922049,0.9999916418577635,0.999991641827311,3.045241836474588e-11
0.0005702406756922048,0.9999916522502578,0.999991652219838,3.04197778078219e-11
0.0005703406756922048,0.9999916626298301,0.9999916625994428,3.0387248273200385e-11
0.0005704406756922047,0.9999916729964965,0.9999916729661418,3.035471873857887e-11
0.0005705406756922047,0.999991683350273,0.9999916833199508,3.032218920395735e-11
0.0005706406756922046,0.9999916936911758,0.9999916936608859,3.028988171394076e-11
0.0005707406756922046,0.9999917040192207,0.9999917039889631,3.0257574223924166e-11
0.0005708406756922045,0.9999917143344238,0.9999917143041984,3.0225377756210037e-11
0.0005709406756922045,0.999991724636801,0.9999917246066078,3.019318128849591e-11
0.0005710406756922044,0.9999917349263682,0.9999917348962072,3.016098482078178e-11
0.0005711406756922044,0.9999917452031412,0.9999917451730125,3.0128677330765186e-11
0.0005712406756922043,0.9999917554671361,0.9999917554370398,3.0096369840748594e-11
0.0005713406756922043,0.999991765718369,0.9999917656883046,3.006439541763939e-11
0.0005714406756922042,0.9999917759568554,0.9999917759268232,3.003219894992526e-11
0.0005715406756922042,0.9999917861826112,0.9999917861526112,3.000000248221113e-11
0.0005716406756922041,0.9999917963956526,0.9999917963656845,2.996813908140439e-11
0.0005717406756922041,0.999991806595995,0.9999918065660589,2.993605363599272e-11
0.000571840675692204,0.9999918167836541,0.9999918167537502,2.9903968190581054e-11
0.000571940675692204,0.9999918269586462,0.9999918269287741,2.987210478977431e-11
0.0005720406756922039,0.9999918371209867,0.9999918370911464,2.984035241127003e-11
0.0005721406756922039,0.9999918472706913,0.9999918472408829,2.980848901046329e-11
0.0005722406756922038,0.9999918574077759,0.9999918573779991,2.977673663195901e-11
0.0005723406756922038,0.9999918675322559,0.999991867502511,2.974487323115227e-11
0.0005724406756922037,0.9999918776441471,0.9999918776144341,2.971300983034553e-11
0.0005725406756922036,0.9999918877434654,0.999991887713784,2.968136847414371e-11
0.0005726406756922036,0.9999918978302261,0.9999918978005764,2.964972711794189e-11
0.0005727406756922035,0.9999919079044449,0.999991907874827,2.9617974739437614e-11
0.0005728406756922035,0.9999919179661376,0.9999919179365512,2.958644440553826e-11
0.0005729406756922034,0.9999919280153196,0.9999919279857648,2.955480304933644e-11
0.0005730406756922034,0.9999919380520064,0.9999919380224831,2.952327271543709e-11
0.0005731406756922033,0.9999919480762136,0.9999919480467218,2.9491853403840196e-11
0.0005732406756922033,0.9999919580879566,0.9999919580584964,2.946021204763838e-11
0.0005733406756922032,0.9999919680872511,0.9999919680578224,2.9428681713739024e-11
0.0005734406756922032,0.9999919780741126,0.9999919780447153,2.939726240214213e-11
0.0005735406756922031,0.9999919880485564,0.9999919880191905,2.936584309054524e-11
0.0005736406756922031,0.9999919980105981,0.9999919979812635,2.9334645823553274e-11
0.000573740675692203,0.999992007960253,0.9999920079309497,2.9303337534258844e-11
0.000573840675692203,0.9999920178975364,0.9999920178682644,2.9272029244964415e-11
0.0005739406756922029,0.9999920278224638,0.9999920277932232,2.924060993336752e-11
0.0005740406756922029,0.9999920377350505,0.9999920377058412,2.9209301644073093e-11
0.0005741406756922028,0.999992047635312,0.999992047606134,2.9177993354778664e-11
0.0005742406756922028,0.9999920575232637,0.9999920574941168,2.914690711008916e-11
0.0005743406756922027,0.9999920673989205,0.9999920673698048,2.911570984309719e-11
0.0005744406756922027,0.999992077262298,0.9999920772332135,2.9084512576105226e-11
0.0005745406756922026,0.9999920871134115,0.999992087084358,2.905342633141572e-11
0.0005746406756922026,0.9999920969522762,0.9999920969232536,2.9022562131331142e-11
0.0005747406756922025,0.9999921067789072,0.9999921067499157,2.8991475886641638e-11
0.0005748406756922025,0.9999921165933199,0.9999921165643593,2.896061168655706e-11
0.0005749406756922024,0.9999921263955293,0.9999921263665995,2.892974748647248e-11
0.0005750406756922024,0.9999921361855506,0.9999921361566517,2.88988832863879e-11
0.0005751406756922023,0.999992145963399,0.999992145934531,2.886801908630332e-11
0.0005752406756922023,0.9999921557290897,0.9999921557002526,2.883715488621874e-11
0.0005753406756922022,0.9999921654826376,0.9999921654538314,2.88061796638317e-11
0.0005754406756922021,0.9999921752240581,0.9999921751952827,2.8775426486049582e-11
0.0005755406756922021,0.9999921849533662,0.9999921849246215,2.8744673308267465e-11
0.000575640675692202,0.9999921946705768,0.9999921946418628,2.871392013048535e-11
0.000575740675692202,0.999992204375705,0.9999922043470219,2.8683166952703232e-11
0.0005758406756922019,0.9999922140687659,0.9999922140401134,2.8652524797223577e-11
0.0005759406756922019,0.9999922237497745,0.9999922237211527,2.862177161944146e-11
0.0005760406756922018,0.9999922334187458,0.9999922333901545,2.859124048626427e-11
0.0005761406756922018,0.9999922430756947,0.999992243047134,2.8560709353087077e-11
0.0005762406756922017,0.9999922527206363,0.999992252692106,2.8530289242212348e-11
0.0005763406756922017,0.9999922623535853,0.9999922623250854,2.849986913133762e-11
0.0005764406756922016,0.9999922719745568,0.9999922719460873,2.846944902046289e-11
0.0005765406756922016,0.9999922815835653,0.9999922815551264,2.8438917887285697e-11
0.0005766406756922015,0.999992291180626,0.9999922911522178,2.8408275731806043e-11
0.0005767406756922015,0.999992300765754,0.999992300737376,2.8377966643233776e-11
0.0005768406756922014,0.9999923103389636,0.9999923103106161,2.8347546532359047e-11
0.0005769406756922014,0.9999923199002702,0.9999923198719529,2.831723744378678e-11
0.0005770406756922013,0.9999923294496882,0.9999923294214011,2.8287039377516976e-11
0.0005771406756922013,0.9999923389872325,0.9999923389589757,2.8256841311247172e-11
0.0005772406756922012,0.9999923485129179,0.9999923484846912,2.8226643244977367e-11
0.0005773406756922012,0.9999923580267588,0.9999923579985625,2.81963341564051e-11
0.0005774406756922011,0.9999923675287703,0.9999923675006042,2.8166136090135296e-11
0.0005775406756922011,0.9999923770189671,0.9999923769908311,2.8136049046167955e-11
0.000577640675692201,0.9999923864973639,0.9999923864692579,2.8105962002200613e-11
0.000577740675692201,0.9999923959639752,0.9999923959358993,2.807587495823327e-11
0.0005778406756922009,0.9999924054188158,0.9999924053907698,2.8046009958870854e-11
0.0005779406756922009,0.9999924148619003,0.9999924148338842,2.8016033937205975e-11
0.0005780406756922008,0.999992424293243,0.999992424265257,2.7985946893238633e-11
0.0005781406756922007,0.999992433712859,0.999992433684903,2.7955970871573754e-11
0.0005782406756922007,0.9999924431207626,0.9999924430928365,2.7926105872211338e-11
0.0005783406756922006,0.9999924525169687,0.9999924524890723,2.7896351895151383e-11
0.0005784406756922006,0.9999924619014914,0.9999924618736249,2.7866486895788967e-11
0.0005785406756922005,0.9999924712743453,0.9999924712465087,2.783662189642655e-11
0.0005786406756922005,0.9999924806355452,0.9999924806077383,2.7806978941669058e-11
0.0005787406756922004,0.9999924899851053,0.9999924899573281,2.777711394230664e-11
0.0005788406756922004,0.99999249932304,0.9999924992952927,2.7747359965246687e-11
0.0005789406756922003,0.9999925086493642,0.9999925086216465,2.7717717010489196e-11
0.0005790406756922003,0.9999925179640918,0.999992517936404,2.768785201112678e-11
0.0005791406756922002,0.9999925272672378,0.9999925272395794,2.765832007867175e-11
0.0005792406756922002,0.9999925365588161,0.9999925365311874,2.762878814621672e-11
0.0005793406756922001,0.9999925458388415,0.9999925458112422,2.759925621376169e-11
0.0005794406756922001,0.9999925551073279,0.9999925550797583,2.75696132590042e-11
0.0005795406756922,0.99999256436429,0.9999925643367498,2.7540192348851633e-11
0.0005796406756922,0.9999925736097418,0.9999925735822313,2.751054939409414e-11
0.0005797406756921999,0.999992582843698,0.999992582816217,2.7481017461639112e-11
0.0005798406756921999,0.9999925920661727,0.999992592038721,2.7451707573789008e-11
0.0005799406756921998,0.9999926012771804,0.999992601249758,2.7422397685938904e-11
0.0005800406756921998,0.999992610476735,0.9999926104493418,2.7393198820391262e-11
0.0005801406756921997,0.999992619664851,0.9999926196374871,2.7363888932541158e-11
0.0005802406756921997,0.9999926288415424,0.9999926288142077,2.7334690066993517e-11
0.0005803406756921996,0.9999926380068236,0.9999926379795181,2.7305491201445875e-11
0.0005804406756921996,0.9999926471607085,0.9999926471334324,2.727607029129331e-11
0.0005805406756921995,0.9999926563032115,0.9999926562759647,2.7246871425745667e-11
0.0005806406756921995,0.9999926654343468,0.9999926654071292,2.7217672560198025e-11
0.0005807406756921994,0.9999926745541287,0.9999926745269401,2.7188584716952846e-11
0.0005808406756921994,0.9999926836625708,0.9999926836354113,2.7159496873707667e-11
0.0005809406756921993,0.9999926927596876,0.9999926927325572,2.7130409030462488e-11
0.0005810406756921992,0.999992701845493,0.9999927018183916,2.710143220951977e-11
0.0005811406756921992,0.9999927109200012,0.9999927108929288,2.7072344366274592e-11
0.0005812406756921991,0.9999927199832261,0.9999927199561828,2.7043367545331876e-11
0.0005813406756921991,0.9999927290351818,0.9999927290081675,2.7014279702086696e-11
0.000581440675692199,0.9999927380758824,0.999992738048897,2.6985413903446442e-11
0.000581540675692199,0.9999927471053419,0.9999927470783853,2.695665912710865e-11
0.0005816406756921989,0.9999927561235742,0.9999927560966463,2.692790435077086e-11
0.0005817406756921989,0.9999927651305931,0.9999927651036941,2.6899038552130605e-11
0.0005818406756921988,0.9999927741264127,0.9999927740995426,2.687017275349035e-11
0.0005819406756921988,0.999992783111047,0.9999927830842056,2.684141797715256e-11
0.0005820406756921987,0.9999927920845098,0.9999927920576971,2.6812663200814768e-11
0.0005821406756921987,0.9999928010468149,0.999992801020031,2.6783908424476977e-11
0.0005822406756921986,0.9999928099979764,0.9999928099712212,2.6755153648139185e-11
0.0005823406756921986,0.9999928189380081,0.9999928189112814,2.672662091640632e-11
0.0005824406756921985,0.9999928278669237,0.9999928278402257,2.669797716237099e-11
0.0005825406756921985,0.999992836784737,0.9999928367580677,2.666933340833566e-11
0.0005826406756921984,0.999992845691462,0.9999928456648213,2.664068965430033e-11
0.0005827406756921984,0.9999928545871125,0.9999928545605002,2.6612267944869927e-11
0.0005828406756921983,0.9999928634717021,0.9999928634451184,2.658373521313706e-11
0.0005829406756921983,0.9999928723452446,0.9999928723186894,2.6555202481404194e-11
0.0005830406756921982,0.9999928812077536,0.999992881181227,2.6526669749671328e-11
0.0005831406756921982,0.9999928900592433,0.9999928900327449,2.6498359062543386e-11
0.0005832406756921981,0.999992898899727,0.999992898873257,2.6469937353112982e-11
0.0005833406756921981,0.9999929077292184,0.9999929077027767,2.6441737688287503e-11
0.000583440675692198,0.9999929165477314,0.9999929165213179,2.6413427001159562e-11
0.000583540675692198,0.9999929253552793,0.9999929253288942,2.638511631403162e-11
0.0005836406756921979,0.9999929341518758,0.999992934125519,2.635680562690368e-11
0.0005837406756921978,0.9999929429375347,0.9999929429112062,2.6328494939775737e-11
0.0005838406756921978,0.9999929517122695,0.9999929516859694,2.6300184252647796e-11
0.0005839406756921977,0.999992960476094,0.9999929604498219,2.627209561012478e-11
0.0005840406756921977,0.9999929692290215,0.9999929692027776,2.62438959452993e-11
0.0005841406756921976,0.9999929779710657,0.9999929779448499,2.6215807302776284e-11
0.0005842406756921976,0.9999929867022399,0.9999929866760522,2.6187718660253267e-11
0.0005843406756921975,0.9999929954225578,0.9999929953963982,2.615963001773025e-11
0.0005844406756921975,0.9999930041320328,0.9999930041059014,2.6131430352904772e-11
0.0005845406756921974,0.9999930128306787,0.9999930128045752,2.6103452732684218e-11
0.0005846406756921974,0.9999930215185086,0.9999930214924331,2.6075475112463664e-11
0.0005847406756921973,0.9999930301955362,0.9999930301694886,2.6047608514545573e-11
0.0005848406756921973,0.9999930388617748,0.999993038835755,2.6019852938929944e-11
0.0005849406756921972,0.9999930475172377,0.9999930474912457,2.5991986341011852e-11
0.0005850406756921972,0.9999930561619385,0.9999930561359743,2.596411974309376e-11
0.0005851406756921971,0.9999930647958903,0.9999930647699541,2.593625314517567e-11
0.0005852406756921971,0.9999930734191068,0.9999930733931984,2.5908386547257578e-11
0.000585340675692197,0.9999930820316011,0.9999930820057206,2.5880519949339487e-11
0.000585440675692197,0.9999930906333868,0.999993090607534,2.5852764373723858e-11
0.0005855406756921969,0.9999930992244771,0.999993099198652,2.582511982041069e-11
0.0005856406756921969,0.9999931078048852,0.9999931077790877,2.5797475267097525e-11
0.0005857406756921968,0.9999931163746243,0.9999931163488546,2.5769719691481896e-11
0.0005858406756921968,0.9999931249337081,0.9999931249079659,2.5742186160471192e-11
0.0005859406756921967,0.9999931334821494,0.9999931334564347,2.5714652629460488e-11
0.0005860406756921967,0.9999931420199616,0.9999931419942745,2.5687119098449784e-11
0.0005861406756921966,0.9999931505471579,0.9999931505214983,2.565958556743908e-11
0.0005862406756921966,0.9999931590637513,0.9999931590381194,2.5631941014125914e-11
0.0005863406756921965,0.9999931675697553,0.9999931675441509,2.560440748311521e-11
0.0005864406756921965,0.9999931760651831,0.999993176039606,2.557709599670943e-11
0.0005865406756921964,0.9999931845500476,0.999993184524498,2.5549562465698727e-11
0.0005866406756921963,0.9999931930243622,0.9999931929988399,2.552225097929295e-11
0.0005867406756921963,0.9999932014881399,0.9999932014626448,2.5495050515189632e-11
0.0005868406756921962,0.9999932099413935,0.9999932099159258,2.5467739028783853e-11
0.0005869406756921962,0.9999932183841365,0.999993218358696,2.5440427542378075e-11
0.0005870406756921961,0.9999932268163817,0.9999932267909686,2.5413116055972296e-11
0.0005871406756921961,0.9999932352381423,0.9999932352127564,2.538591559186898e-11
0.000587240675692196,0.9999932436494313,0.9999932436240726,2.5358715127765663e-11
0.000587340675692196,0.9999932520502618,0.9999932520249303,2.5331514663662347e-11
0.0005874406756921959,0.9999932604406465,0.9999932604153423,2.5304203177256568e-11
0.0005875406756921959,0.9999932688205987,0.9999932687953217,2.527700271315325e-11
0.0005876406756921958,0.9999932771901314,0.9999932771648815,2.5249913271352398e-11
0.0005877406756921958,0.9999932855492576,0.9999932855240345,2.522304587415647e-11
0.0005878406756921957,0.9999932938979897,0.9999932938727939,2.5195845410053153e-11
0.0005879406756921957,0.9999933022363412,0.9999933022111724,2.51687559682523e-11
0.0005880406756921956,0.9999933105643247,0.999993310539183,2.5141777548753907e-11
0.0005881406756921956,0.9999933188819533,0.9999933188568386,2.5114688106953054e-11
0.0005882406756921955,0.9999933271892398,0.999993327164152,2.5087820709757125e-11
0.0005883406756921955,0.9999933354861971,0.9999933354611361,2.5060953312561196e-11
0.0005884406756921954,0.9999933437728379,0.9999933437478038,2.5034085915365267e-11
0.0005885406756921954,0.9999933520491752,0.999993352024168,2.500721851816934e-11
0.0005886406756921953,0.9999933603152216,0.9999933602902412,2.498035112097341e-11
0.0005887406756921953,0.9999933685709901,0.9999933685460365,2.4953594746079943e-11
0.0005888406756921952,0.9999933768164934,0.9999933767915665,2.4926838371186477e-11
0.0005889406756921952,0.9999933850517441,0.9999933850268441,2.4899970973990548e-11
0.0005890406756921951,0.9999933932767552,0.9999933932518819,2.4873325621399545e-11
0.000589140675692195,0.9999934014915394,0.9999934014666927,2.484668026880854e-11
0.000589240675692195,0.9999934096961093,0.9999934096712894,2.4819923893915075e-11
0.000589340675692195,0.9999934178904777,0.9999934178656843,2.4793389563626533e-11
0.0005894406756921949,0.9999934260746574,0.9999934260498905,2.4766855233337992e-11
0.0005895406756921948,0.9999934342486607,0.9999934342239204,2.474032090304945e-11
0.0005896406756921948,0.9999934424125004,0.9999934423877868,2.4713675550458447e-11
0.0005897406756921947,0.9999934505661894,0.9999934505415021,2.4687252242472368e-11
0.0005898406756921947,0.99999345870974,0.9999934586850793,2.4660717912183827e-11
0.0005899406756921946,0.9999934668431649,0.9999934668185306,2.463429460419775e-11
0.0005900406756921946,0.9999934749664767,0.999993474941869,2.4607760273909207e-11
0.0005901406756921945,0.999993483079688,0.9999934830551067,2.458133696592313e-11
0.0005902406756921945,0.9999934911828114,0.9999934911582565,2.455491365793705e-11
0.0005903406756921944,0.9999934992758593,0.9999934992513309,2.452849034995097e-11
0.0005904406756921944,0.9999935073588444,0.9999935073343423,2.4502067041964892e-11
0.0005905406756921943,0.9999935154317792,0.9999935154073034,2.4475754756281276e-11
0.0005906406756921943,0.9999935234946762,0.9999935234702266,2.4449553492900122e-11
0.0005907406756921942,0.9999935315475477,0.9999935315231243,2.442335222951897e-11
0.0005908406756921942,0.9999935395904064,0.9999935395660091,2.4397261988440277e-11
0.0005909406756921941,0.9999935476232645,0.9999935475988935,2.4371060725059124e-11
0.0005910406756921941,0.9999935556461347,0.9999935556217897,2.4344970483980433e-11
0.000591140675692194,0.9999935636590291,0.9999935636347103,2.431888024290174e-11
0.000591240675692194,0.9999935716619602,0.9999935716376677,2.4292567957218125e-11
0.0005913406756921939,0.9999935796549406,0.9999935796306741,2.4266477716139434e-11
0.0005914406756921939,0.9999935876379825,0.9999935876137421,2.4240387475060743e-11
0.0005915406756921938,0.9999935956110985,0.999993595586884,2.4214408256284514e-11
0.0005916406756921938,0.9999936035743006,0.9999936035501121,2.4188429037508286e-11
0.0005917406756921937,0.9999936115276012,0.9999936115034388,2.4162449818732057e-11
0.0005918406756921937,0.9999936194710128,0.9999936194468764,2.4136470599955828e-11
0.0005919406756921936,0.9999936274045477,0.9999936273804371,2.4110602403482062e-11
0.0005920406756921936,0.999993635328218,0.9999936353041331,2.408484522931076e-11
0.0005921406756921935,0.999993643242036,0.999993643217977,2.4058977032836992e-11
0.0005922406756921934,0.9999936511460139,0.9999936511219807,2.403321985866569e-11
0.0005923406756921934,0.999993659040164,0.9999936590161567,2.4007351662191923e-11
0.0005924406756921933,0.9999936669244985,0.999993666900517,2.3981483465718156e-11
0.0005925406756921933,0.9999936747990297,0.999993674775074,2.3955726291546853e-11
0.0005926406756921932,0.9999936826637696,0.9999936826398398,2.3929858095073087e-11
0.0005927406756921932,0.9999936905187307,0.9999936904948264,2.3904211943204245e-11
0.0005928406756921931,0.9999936983639249,0.9999936983400464,2.3878565791335404e-11
0.0005929406756921931,0.9999937061993645,0.9999937061755115,2.3852919639466563e-11
0.000593040675692193,0.9999937140250613,0.999993714001234,2.3827273487597722e-11
0.000593140675692193,0.9999937218410279,0.9999937218172261,2.3801738358031344e-11
0.0005932406756921929,0.999993729647276,0.9999937296234997,2.3776203228464965e-11
0.0005933406756921929,0.9999937374438179,0.9999937374200671,2.375077912120105e-11
0.0005934406756921928,0.9999937452306656,0.9999937452069404,2.372524399163467e-11
0.0005935406756921928,0.999993753007831,0.9999937529841313,2.3699708862068292e-11
0.0005936406756921927,0.9999937607753263,0.9999937607516521,2.3674173732501913e-11
0.0005937406756921927,0.9999937685331637,0.9999937685095149,2.3648749625237997e-11
0.0005938406756921926,0.999993776281355,0.9999937762577316,2.3623436540276543e-11
0.0005939406756921926,0.9999937840199121,0.9999937839963141,2.3598012433012627e-11
0.0005940406756921925,0.9999937917488471,0.9999937917252745,2.357258832574871e-11
0.0005941406756921925,0.999993799468172,0.9999937994446247,2.3547275240787258e-11
0.0005942406756921924,0.9999938071778988,0.9999938071543767,2.3522073178128267e-11
0.0005943406756921924,0.9999938148780393,0.9999938148545424,2.3496871115469276e-11
0.0005944406756921923,0.9999938225686054,0.9999938225451338,2.3471558030507822e-11
0.0005945406756921923,0.999993830249609,0.9999938302261627,2.344624494554637e-11
0.0005946406756921922,0.9999938379210622,0.9999938378976411,2.342115390518984e-11
0.0005947406756921922,0.9999938455829768,0.9999938455595807,2.339606286483331e-11
0.0005948406756921921,0.9999938532353644,0.9999938532119935,2.337086080217432e-11
0.000594940675692192,0.9999938608782369,0.9999938608548914,2.3345547717212867e-11
0.000595040675692192,0.9999938685116065,0.9999938684882861,2.3320456676856338e-11
0.000595140675692192,0.9999938761354848,0.9999938761121894,2.3295476658802272e-11
0.0005952406756921919,0.9999938837498836,0.9999938837266131,2.3270496640748206e-11
0.0005953406756921918,0.9999938913548146,0.9999938913315692,2.3245405600391678e-11
0.0005954406756921918,0.9999938989502898,0.9999938989270692,2.3220536604640074e-11
0.0005955406756921917,0.9999939065363206,0.9999939065131251,2.3195445564283546e-11
0.0005956406756921917,0.999993914112919,0.9999939140897485,2.3170576568531942e-11
0.0005957406756921916,0.9999939216800968,0.9999939216569511,2.314570757278034e-11
0.0005958406756921916,0.9999939292378657,0.9999939292147446,2.312106062163366e-11
0.0005959406756921915,0.9999939367862369,0.9999939367631409,2.3096080603579594e-11
0.0005960406756921915,0.9999939443252227,0.9999939443021515,2.307121160782799e-11
0.0005961406756921914,0.9999939518548344,0.9999939518317881,2.3046342612076387e-11
0.0005962406756921914,0.9999939593750838,0.9999939593520624,2.3021473616324784e-11
0.0005963406756921913,0.9999939668859827,0.9999939668629859,2.2996826665178105e-11
0.0005964406756921913,0.9999939743875427,0.9999939743645704,2.297229073633389e-11
0.0005965406756921912,0.9999939818797751,0.9999939818568275,2.2947532762884748e-11
0.0005966406756921912,0.9999939893626915,0.9999939893397687,2.2922774789435607e-11
0.0005967406756921911,0.9999939968363037,0.9999939968134057,2.2898016815986466e-11
0.0005968406756921911,0.9999940043006234,0.99999400427775,2.2873369864839788e-11
0.000596940675692191,0.9999940117556619,0.9999940117328131,2.2848833935995572e-11
0.000597040675692191,0.9999940192014308,0.9999940191786065,2.2824298007151356e-11
0.0005971406756921909,0.9999940266379418,0.999994026615142,2.279976207830714e-11
0.0005972406756921909,0.9999940340652063,0.9999940340424309,2.2775337171765386e-11
0.0005973406756921908,0.9999940414832357,0.9999940414604847,2.2751023287526095e-11
0.0005974406756921908,0.9999940488920415,0.9999940488693149,2.2726598380984342e-11
0.0005975406756921907,0.9999940562916351,0.999994056268933,2.2702062452140126e-11
0.0005976406756921907,0.9999940636820281,0.9999940636593504,2.2677748567900835e-11
0.0005977406756921906,0.9999940710632318,0.9999940710405787,2.2653101616754157e-11
0.0005978406756921905,0.9999940784352579,0.9999940784126291,2.2628787732514866e-11
0.0005979406756921905,0.9999940857981175,0.9999940857755131,2.2604473848275575e-11
0.0005980406756921904,0.9999940931518222,0.9999940931292421,2.258004894173382e-11
0.0005981406756921904,0.9999941004963833,0.9999941004738275,2.255573505749453e-11
0.0005982406756921903,0.9999941078318122,0.9999941078092808,2.253142117325524e-11
0.0005983406756921903,0.9999941151581204,0.9999941151356131,2.2507329333620874e-11
0.0005984406756921902,0.9999941224753189,0.9999941224528359,2.2483015449381583e-11
0.0005985406756921902,0.9999941297834193,0.9999941297609605,2.2458812587444754e-11
0.0005986406756921901,0.9999941370824329,0.9999941370599982,2.2434720747810388e-11
0.0005987406756921901,0.9999941443723709,0.9999941443499601,2.2410739930478485e-11
0.00059884067569219,0.9999941516532445,0.9999941516308579,2.2386537068541656e-11
0.00059894067569219,0.9999941589250652,0.9999941589027026,2.2362556251209753e-11
0.0005990406756921899,0.9999941661878441,0.9999941661655055,2.233857543387785e-11
0.0005991406756921899,0.9999941734415924,0.9999941734192779,2.2314483594243484e-11
0.0005992406756921898,0.9999941806863214,0.999994180664031,2.2290391754609118e-11
0.0005993406756921898,0.9999941879220424,0.9999941878997759,2.2266521959579677e-11
0.0005994406756921897,0.9999941951487664,0.999994195126524,2.224243011994531e-11
0.0005995406756921897,0.9999942023665047,0.9999942023442863,2.2218449302613408e-11
0.0005996406756921896,0.9999942095752685,0.999994209553074,2.2194468485281504e-11
0.0005997406756921896,0.999994216775069,0.9999942167528985,2.21704876679496e-11
0.0005998406756921895,0.9999942239659173,0.9999942239437706,2.2146728895222623e-11
0.0005999406756921895,0.9999942311478246,0.9999942311257016,2.2122970122495644e-11
0.0006000406756921894,0.9999942383208018,0.9999942382987027,2.2099100327466203e-11
0.0006001406756921894,0.9999942454848602,0.9999942454627849,2.2075230532436763e-11
0.0006002406756921893,0.9999942526400109,0.9999942526179593,2.2051582782012247e-11
0.0006003406756921893,0.9999942597862647,0.9999942597642368,2.202782400928527e-11
0.0006004406756921892,0.9999942669236329,0.9999942669016288,2.200406523655829e-11
0.0006005406756921892,0.9999942740521266,0.9999942740301463,2.1980306463831312e-11
0.0006006406756921891,0.9999942811717568,0.9999942811498,2.1956769735709258e-11
0.000600740675692189,0.9999942882825344,0.9999942882606012,2.1933233007587205e-11
0.000600840675692189,0.9999942953844706,0.999994295362561,2.190958525716269e-11
0.0006009203378460944,0.9999943010357054,0.9999943010138153,2.189015635423175e-11
0.000601,0.9999943066813415,0.9999943066594711,2.187039438439342e-11
