time_s,spectre,derived_finite_rise_step,absolute_error
0.0,0.0,0.0,0.0
1e-07,0.0,0.0,0.0
2e-07,0.0,0.0,0.0
3e-07,0.0,0.0,0.0
4e-07,0.0,0.0,0.0
5e-07,0.0,0.0,0.0
6e-07,0.0,0.0,0.0
7e-07,0.0,0.0,0.0
8e-07,0.0,0.0,0.0
9e-07,0.0,0.0,0.0
1e-06,0.0,0.0,0.0
1.000003949821887e-06,9.802212526498943e-08,4.9011873517156024e-08,4.901025174783341e-08
1.000007456631827e-06,2.376013136229584e-07,1.7467409054415517e-07,6.292722307880324e-08
1.000008849962505e-06,3.102016772289158e-07,2.4605074500777535e-07,6.415093222114044e-08
1.000010360253689e-06,4.017994399277158e-07,3.37195080002059e-07,6.460435992565679e-08
1.000012103839827e-06,5.250273788602867e-07,4.6024088821809694e-07,6.47864906421898e-08
1.000014412256749e-06,7.17403708155282e-07,6.525303923744091e-07,6.487331578087288e-08
1.000018092003818e-06,1.093193769864621e-06,1.0282690357452107e-06,6.492473411941041e-08
1.000024481020928e-06,1.947680128972966e-06,1.8827239867784396e-06,6.495614219452636e-08
1.000036681124661e-06,4.291669518282726e-06,4.226703607536353e-06,6.496591074637284e-08
1.000061081332125e-06,1.178444200192796e-05,1.1719560245905536e-05,6.488175602242467e-08
1.000108834060216e-06,3.726737493396837e-05,3.720322146713584e-05,6.415346683252891e-08
1.000148658734034e-06,6.946908679022591e-05,6.94057618472188e-05,6.332494300710179e-08
1.000186627355421e-06,0.0001094407523588909,0.0001093781919166148,6.25604422760975e-08
1.000224850704827e-06,0.0001588191715169586,0.00015875736522658057,6.18062903780356e-08
1.000262280311495e-06,0.0002160556005047785,0.00021599451412140924,6.108638336924663e-08
1.000299684439984e-06,0.0002820322041526407,0.00028197182550676603,6.037864587466043e-08
1.000337238504727e-06,0.0003571001762131043,0.00035704050662643816,5.966958666612284e-08
1.000374894744241e-06,0.0004412509730492834,0.00044119201654835294,5.895650093048089e-08
1.000412687741919e-06,0.0005346444056495621,0.0005345861684945552,5.8237155006941356e-08
1.000450614352364e-06,0.0006373666377517119,0.0006373091268564446,5.7510895267311006e-08
1.000488671586137e-06,0.0007495016175319635,0.0007494448399533171,5.677757864634269e-08
1.00052686772107e-06,0.0008711679604945831,0.0008711119236801679,5.603681441524594e-08
1.000565211597361e-06,0.001002494499183674,0.0010024392110852265,5.528809844754928e-08
1.000603713204027e-06,0.001143623250201174,0.0011435687193732669,5.453082790722076e-08
1.000642383107882e-06,0.001294708582869838,0.0012946548185219786,5.376434785938668e-08
1.000681231594233e-06,0.001455914346628661,0.0014558613586546088,5.298797405234659e-08
1.000720268760423e-06,0.001627414057630618,0.0016273618566136072,5.2201017010714e-08
1.000759504549831e-06,0.00180939094137918,0.0018093395385944122,5.1402784767822646e-08
1.000798948764663e-06,0.002002037922378378,0.002001987329819932,5.0592558446024144e-08
1.000838611101729e-06,0.002205557756849567,0.002205507987215194,4.976963437295506e-08
1.000878501161549e-06,0.002420163075159429,0.002420114141887697,4.893327173191922e-08
1.00091862844825e-06,0.002646076388587749,0.0026460283058641343,4.808272361473895e-08
1.000959002368253e-06,0.002883530092166079,0.0028834828749230157,4.721724306336328e-08
1.000979501184127e-06,0.003007988031888809,0.0030079410550235552,4.697686525369227e-08
1.001e-06,0.003135070057396773,0.003135023239774215,4.6817622557839694e-08
1.001000716883561e-06,0.003139560228096464,0.0031395134207946596,4.680730180447318e-08
1.001002150650684e-06,0.003148540520955792,0.0031484937221682996,4.6798787492387944e-08
1.001003800753575e-06,0.003158875722614782,0.0031588289275561454,4.6795058636622117e-08
1.001007100959358e-06,0.003179545808367921,0.0031794990168770854,4.6791490835619565e-08
1.001013701370923e-06,0.003220884697188184,0.003220837909702956,4.678748522814191e-08
1.001026902194053e-06,0.003303557334399161,0.0033035105523598896,4.678203927152222e-08
1.001053303840313e-06,0.003468882041401632,0.0034688352676920386,4.677370959342911e-08
1.001106107132834e-06,0.00379944919754217,0.0037994024343519506,4.676319021942876e-08
1.001211713717875e-06,0.004460254618757017,0.004460207838956176,4.677980084116101e-08
1.001422926887957e-06,0.005780551055836596,0.005780503951407501,4.710442909512669e-08
1.001670088922438e-06,0.007323341572837512,0.00732329363627271,4.793656480268915e-08
1.001919523512931e-06,0.008877890518149202,0.008877841508232343,4.900991685923006e-08
1.002175334770782e-06,0.01046965226236471,0.010469602037026293,5.022533841603227e-08
1.002435283912567e-06,0.01208454293942368,0.012084491408586584,5.1530837095678517e-08
1.002699750714892e-06,0.01372479434810537,0.013724741435034327,5.291307104277054e-08
1.002970145515657e-06,0.01539899635185371,0.015398941966987767,5.438486594226688e-08
1.003246698873568e-06,0.01710839058124171,0.017108334625002497,5.595623921161863e-08
1.003529452563416e-06,0.01885304130167962,0.018852983667630663,5.76340489569227e-08
1.003818349557487e-06,0.02063239920212135,0.020632339779254827,5.942286652321771e-08
1.004113244030332e-06,0.02244536842239137,0.022445307097172518,6.132521885096609e-08
1.004414004598243e-06,0.02429094478094511,0.024290881438059464,6.334288564502355e-08
1.004720518005305e-06,0.02616823781627457,0.026168172338764117,6.547751045180017e-08
1.005032682982044e-06,0.02807643249593541,0.028076364765248107,6.773068730175913e-08
1.005350409137218e-06,0.03001478198884414,0.030014711884779777,7.010406436261385e-08
1.005673612718632e-06,0.03198258143595709,0.031982508836686296,7.259927079644735e-08
1.006002214517465e-06,0.03397915501518636,0.03397907979727821,7.521790815201435e-08
1.006336139217836e-06,0.03600385189752978,0.036003773936012284,7.796151749867031e-08
1.006675314989189e-06,0.03805604370509478,0.03805596287350421,8.083159056676559e-08
1.007019673293806e-06,0.0401351232846508,0.040135039455106436,8.382954436170209e-08
1.007369148735681e-06,0.0422405037331455,0.042240416776388456,8.695675704495365e-08
1.007723678884079e-06,0.04437161727193353,0.04437152705738967,9.021454386304306e-08
1.008083204092963e-06,0.04652791410003288,0.04652782049585713,9.360417575071667e-08
1.008447667323941e-06,0.04870886127342895,0.048708764146578876,9.712685007656763e-08
1.008817013981011e-06,0.05091394166047533,0.050913840876724015,1.0078375131672423e-07
1.009191191755568e-06,0.05314265296377358,0.05314254838778798,1.0457598560026371e-07
1.009570150490456e-06,0.05539450686066644,0.05539439835604465,1.0850462178746412e-07
1.009953842053605e-06,0.05766902820498793,0.057668915634290774,1.1257069715275847e-07
1.010342220219134e-06,0.059965754277241,0.059965637502058966,1.1677518203107029e-07
1.010735240561072e-06,0.06228423411348268,0.06228411299446668,1.2111901600414532e-07
1.011132860357246e-06,0.06462402789760748,0.06462390229451509,1.2560309238518474e-07
1.011535038498887e-06,0.06698470639046593,0.06698457616219411,1.3022827181907726e-07
1.01194173540031e-06,0.06936585036257498,0.06936571536721603,1.3499535894689885e-07
1.012352912929052e-06,0.07176705014976938,0.07176691024463633,1.3990513304806829e-07
1.012768534326869e-06,0.07418790515771563,0.07418776019940021,1.449583154206069e-07
1.013188564146385e-06,0.0766280234605385,0.07662787330492604,1.5015561245779185e-07
1.013612968185289e-06,0.07908702138729072,0.0790868658896241,1.5549766661793196e-07
1.014041713430814e-06,0.08156452317044915,0.0815643621853428,1.609851063566481e-07
1.014474768002821e-06,0.08406016058821199,0.08405999396969677,1.6661851522103976e-07
1.014912101102797e-06,0.08657357264303411,0.08657340024459848,1.7239843563832125e-07
1.015353682967025e-06,0.08910440526596185,0.0891042269405884,1.7832537345385813e-07
1.015799484821091e-06,0.09165231103033049,0.09165212663051614,1.8439981434859032e-07
1.016249478836778e-06,0.09421694888078128,0.0942167582585931,1.9062218817311738e-07
1.0167036380956e-06,0.09679798390175386,0.09679778690883545,1.9699291840813427e-07
1.017161936546512e-06,0.0993950870541547,0.0993948835417866,2.0351236809657003e-07
1.017624348975882e-06,0.1020079349832542,0.10200772480237397,2.1018088022795034e-07
1.018090850972114e-06,0.1046362097973267,0.10463599279855296,2.169987737415946e-07
1.018561418893663e-06,0.1072795988668238,0.1072793749005101,2.2396631370324993e-07
1.019036029841308e-06,0.1099377946487582,0.10993756356499684,2.3108376136227182e-07
1.019514661629913e-06,0.1126104945091382,0.11261025615781828,2.3835131991722935e-07
1.019997292763494e-06,0.1152974005650215,0.1152971547958388,2.457691826995845e-07
1.020483902406056e-06,0.1179982195039943,0.11799796616648728,2.533375070279398e-07
1.020974470362569e-06,0.1207126624611166,0.12071240140470063,2.6105641597051754e-07
1.021468977054227e-06,0.1234404448648884,0.12344017593888057,2.689260078236888e-07
1.021967403498424e-06,0.1261812863102594,0.12618100936390508,2.7694635432173875e-07
1.022469731287742e-06,0.1289349104269615,0.12893462530947142,2.8511749008974796e-07
1.022975942571779e-06,0.1317010447642935,0.13170075132486125,2.934394322529066e-07
1.023486020038691e-06,0.1344794206749944,0.13447911876282792,3.019121664893376e-07
1.02399994689686e-06,0.1372697732006076,0.13726946266495998,3.1053564761296393e-07
1.024517706859626e-06,0.1400718409742218,0.14007152166441295,3.193098088438706e-07
1.025039284128706e-06,0.1428853661166934,0.14288503788214246,3.2823455092811926e-07
1.025564663380816e-06,0.1457100941508328,0.145709756841072,3.373097607894948e-07
1.026093829750887e-06,0.1485457738977824,0.1485454273624981,3.465352843012859e-07
1.026626768823102e-06,0.1513921574160283,0.15139180150507392,3.5591095437492726e-07
1.027163466612025e-06,0.1542489998877699,0.1542486344512053,3.6543656461995866e-07
1.027703909551832e-06,0.1571160595494481,0.15711568443754698,3.751119011241588e-07
1.02824808448942e-06,0.159993097643024,0.15999271270630877,3.849367152253258e-07
1.028795978666466e-06,0.1628798783091447,0.16287948339841296,3.9491073172692737e-07
1.029347579712089e-06,0.165776168537078,0.16577576350341738,4.050336606109539e-07
1.029902875632581e-06,0.1686817380994091,0.1686813227942271,4.153051819943965e-07
1.030461854800105e-06,0.171596359481786,0.17159593375683857,4.2572494743375877e-07
1.031024505943096e-06,0.17451980782211,0.17451937152950892,4.3629260107480583e-07
1.031590818138712e-06,0.1774518608606862,0.17745141385292995,4.4700775625461375e-07
1.032160780803977e-06,0.1803922988838764,0.18039184101388628,4.5786999011698803e-07
1.032734383682665e-06,0.183340904646329,0.18334043576744208,4.6887888691116153e-07
1.033311616846979e-06,0.1862974633696489,0.1862969833356699,4.800339789834407e-07
1.033892470681129e-06,0.1892617626482202,0.1892612713134164,4.913348037871579e-07
1.034476935875266e-06,0.1922335924088071,0.19223308962795227,5.027808548385693e-07
1.035065003424045e-06,0.1952127448938064,0.19521223052218772,5.143716186872815e-07
1.035656664611507e-06,0.1981990145751825,0.19819848846863208,5.261065504080786e-07
1.036251911010383e-06,0.201192198142084,0.2011916601569791,5.37985104909211e-07
1.036850734475756e-06,0.2041920944597744,0.20419154445308718,5.500066872221598e-07
1.037453127134472e-06,0.207198504507783,0.20719794233707145,5.621707115377461e-07
1.038059081383403e-06,0.2102112313626386,0.21021065688608986,5.74476548748093e-07
1.03866858988157e-06,0.2132300801501305,0.21322949322656437,5.869235661370986e-07
1.039281645547122e-06,0.2162548580219214,0.21625425851082158,5.9951109981915e-07
1.039898241550668e-06,0.2192853741142782,0.21928476187579726,6.122384809403858e-07
1.040518371309821e-06,0.2223214395130683,0.22232081440805884,6.25105009449678e-07
1.041142028482637e-06,0.2253628672136918,0.2253622291037165,6.38109975303891e-07
1.041769206970238e-06,0.2284094721259111,0.22840882087326753,6.512526435631383e-07
1.042399900902548e-06,0.2314610709965151,0.23146040646425714,6.645322579712509e-07
1.043034104639389e-06,0.2345174824072046,0.23451680445914047,6.779480641316837e-07
1.04367181276753e-06,0.2375785267525766,0.237577835253314,6.914992626005922e-07
1.044313020093954e-06,0.2406440262002054,0.24064332101514696,7.051850584305352e-07
1.044957721641323e-06,0.2437138046615706,0.24371308565694327,7.190046273364281e-07
1.045605912646313e-06,0.2467876877768654,0.246786954819729,7.329571364012022e-07
1.046257588553965e-06,0.2498655028809125,0.24986475583917855,7.470417339450197e-07
1.046912745019405e-06,0.2529470790040766,0.25294631774653487,7.612575417259571e-07
1.047571377897586e-06,0.2560322468167457,0.256031471213071,7.75603674674219e-07
1.048233483242197e-06,0.2591208386174167,0.2591200485381784,7.900792383108701e-07
1.048899057304385e-06,0.2622126883197823,0.26221188363647596,8.046833063213299e-07
1.049568096531875e-06,0.2653076314416251,0.26530681202667594,8.194149491713709e-07
1.050240597556688e-06,0.2684055050411292,0.2684046707679143,8.342732149002607e-07
1.050916557204813e-06,0.2715061477549411,0.27150529849779415,8.492571469398413e-07
1.051595972481348e-06,0.2746093997230296,0.2746085353572767,8.643657529172621e-07
1.052278840578301e-06,0.2777151026180025,0.2777142230199495,8.795980529496816e-07
1.052965158865766e-06,0.2808230995980957,0.28082220464506613,8.949530295732089e-07
1.05365492489137e-06,0.283933235298289,0.2839323248686292,9.10429659828349e-07
1.054348136375402e-06,0.2870453558019464,0.28704442977503086,9.260269155375589e-07
1.055044791215734e-06,0.2901593086564811,0.2901583669127452,9.417437358827385e-07
1.055744887475281e-06,0.293274942810809,0.2932739852317434,9.57579065596903e-07
1.056448423389003e-06,0.2963921086404255,0.29639113510860904,9.735318164394435e-07
1.057155397358798e-06,0.2995106579182784,0.29950966831737147,9.896009069421119e-07
1.05786580794659e-06,0.3026304437781074,0.30262943799287934,1.0057852280476176e-06
1.058579653879637e-06,0.3057513207318012,0.30575029864813663,1.0220836645924436e-06
1.059296934044398e-06,0.3088731446362735,0.30887210614119154,1.0384950819841698e-06
1.060017647489621e-06,0.311995772700814,0.3119947176824669,1.0550183471291774e-06
1.060741793414871e-06,0.3151190634312258,0.31511799177892974,1.0716522960696473e-06
1.061469371181797e-06,0.3182428766726616,0.31824178827689553,1.0883957660690058e-06
1.062200380302884e-06,0.321367073554945,0.32136596830736497,1.105247580013291e-06
1.062934820439353e-06,0.3244915164779432,0.32449039427139803,1.1222065451899077e-06
1.0636726914087e-06,0.3276160691377956,0.3276149298663348,1.1392714608371435e-06
1.0644139931741e-06,0.3307405964758637,0.33073944003475153,1.1564411121489648e-06
1.065158725847115e-06,0.3338649646845177,0.3338637909702449,1.17371427282853e-06
1.065906889687039e-06,0.3369890411984858,0.3369878501087732,1.191089712582194e-06
1.066658485101298e-06,0.3401126946905373,0.3401114861243508,1.2085661864613684e-06
1.067413512634684e-06,0.3432357950209465,0.3432345688785162,1.226142430255095e-06
1.06817197297837e-06,0.346358213269387,0.34635696945221006,1.2438171769213469e-06
1.068933866964661e-06,0.3494798217073559,0.3494785601181991,1.2615891568090731e-06
1.069699195568187e-06,0.3526004937973128,0.352599214340236,1.2794570767860058e-06
1.070467959903287e-06,0.355720104176204,0.3557188067565643,1.297419639667563e-06
1.071240161215681e-06,0.3588385286161896,0.3588372131406462,1.3154755433841814e-06
1.072015800898608e-06,0.3619556440843293,0.36195431046086923,1.3336234600536123e-06
1.072794880477027e-06,0.3650713286729445,0.36506997681086895,1.3518620755603727e-06
1.073577401612144e-06,0.3681854616123735,0.36818409142232633,1.3701900471452255e-06
1.074363366099306e-06,0.3712979232569942,0.37129653465096013,1.388606034047335e-06
1.075152775869783e-06,0.3744085950866631,0.37440718797798,1.4071086830713675e-06
1.07594563298492e-06,0.3775173596780564,0.3775159339814259,1.4256966304748708e-06
1.076741939640156e-06,0.3806241007150308,0.3806226563465236,1.4443685071863221e-06
1.077541698163792e-06,0.3837287029781221,0.38372723985518276,1.4631229393602396e-06
1.078344911015531e-06,0.386831052333228,0.38682957037469856,1.4819585294478799e-06
1.079151580783284e-06,0.3899310357138187,0.3899295348399243,1.50087389438891e-06
1.079961710185308e-06,0.3930285411237275,0.3930270212561021,1.5198676253658228e-06
1.080775302068959e-06,0.3961234576268604,0.3961219186885463,1.5389383141162227e-06
1.081592359411869e-06,0.3992156753461183,0.3992141172615765,1.5580845417750844e-06
1.08241288531783e-06,0.4023050854422792,0.40230350813738935,1.5773048898659603e-06
1.083236883020243e-06,0.4053915801215515,0.40538998352363453,1.5965979169862976e-06
1.084064355877703e-06,0.4084750526135058,0.4084734366513132,1.615962192613729e-06
1.084895307374733e-06,0.4115553971684593,0.41155376177219505,1.6353962642434716e-06
1.085729741126592e-06,0.4146325090697813,0.4146308541710947,1.6548986865871917e-06
1.086567660869749e-06,0.4177062845931081,0.4177046101251136,1.6744679944835639e-06
1.087409070467035e-06,0.4207766210200991,0.4207749269173723,1.6941027268235764e-06
1.088253973909301e-06,0.4238434166388804,0.4238417028374666,1.7138014138384783e-06
1.089102375308488e-06,0.4269065707133548,0.42690483715078076,1.7335625740466654e-06
1.089954278907666e-06,0.4299659835140787,0.42996423012935026,1.7533847284645354e-06
1.090809689065916e-06,0.4330215562583105,0.433019782991926,1.7732663845082541e-06
1.091668610269174e-06,0.4360731911437978,0.43607139793774385,1.793206053923857e-06
1.092531047129519e-06,0.4391207913405321,0.4391189781383008,1.8132022313044338e-06
1.093397004382506e-06,0.4421642609757622,0.4421624277223478,1.83325341440721e-06
1.094266486885499e-06,0.4452035051227421,0.44520165176465043,1.8533580916635373e-06
1.095139499622286e-06,0.4482384298114634,0.4482365562967101,1.8735147532811247e-06
1.096016047695433e-06,0.4512689419965445,0.45126704827466935,1.893721875145804e-06
1.096896136333402e-06,0.454294949576633,0.45429303559870027,1.913977932754829e-06
1.097779770889736e-06,0.4573163613859242,0.4573144271045223,1.934281401883009e-06
1.098666956837444e-06,0.4603330871694735,0.4603311325387265,1.95463074703639e-06
1.099557699772923e-06,0.4633450375913329,0.4633430625668974,1.975024435496575e-06
1.100452005417875e-06,0.4663521242354722,0.4663501287745525,1.9954609196681794e-06
1.101349879617408e-06,0.4693542595938033,0.46935224365514583,2.0159386574514215e-06
1.102251328336051e-06,0.4723513570474693,0.4723493205913645,2.03645610480363e-06
1.103156357665769e-06,0.475343330888138,0.475341273876436,2.0570117020279888e-06
1.104064973818901e-06,0.4783300962890167,0.47832801868511676,2.077603899919289e-06
1.104977183131623e-06,0.481311569310916,0.4813094710797772,2.0982311388362263e-06
1.105892992064935e-06,0.4842876668999336,0.48428554800807966,2.118891853919447e-06
1.106812407203569e-06,0.48725830687834,0.487256167293855,2.1395844849725343e-06
1.107735435254528e-06,0.4902234079343937,0.49022124762693087,2.1603074628062657e-06
1.108662083049577e-06,0.4931828896249263,0.49318070856571206,2.1810592142346152e-06
1.109592357543567e-06,0.4961366723644762,0.49613447052630677,2.201838169402226e-06
1.110526265816193e-06,0.499084677425409,0.4990824547826549,2.2226427541238714e-06
1.111463815076037e-06,0.5020268269450182,0.5020245834736288,2.2434713894403657e-06
1.112405012650637e-06,0.5049630438887298,0.5049607795662336,2.264322496170479e-06
1.113349865996296e-06,0.5078932520754545,0.507890966880964,2.285194490525555e-06
1.114298382692166e-06,0.510817376153549,0.5108150700677572,2.306085791881074e-06
1.115250570444739e-06,0.513735341609232,0.513733014614417,2.326994814949579e-06
1.116206437086291e-06,0.5166470747561727,0.5166447268362003,2.3479199723341893e-06
1.117165990576395e-06,0.5195525027345387,0.5195501338748622,2.368859676527002e-06
1.118129239001298e-06,0.5224515535034839,0.5224491636911466,2.389812337355579e-06
1.119096190572636e-06,0.5253441558317654,0.525341745055401,2.4107763644254376e-06
1.120066853632714e-06,0.5282302393079823,0.5282278075578166,2.4317501656767604e-06
1.121041236647646e-06,0.5311097343145001,0.5311072815823523,2.4527321478284847e-06
1.122019348216241e-06,0.5339825720482576,0.5339800983275413,2.4737207162672803e-06
1.123001197064682e-06,0.5368486844993069,0.5368461897850245,2.4947142823750212e-06
1.123986792051399e-06,0.5397080044594139,0.5397054887481687,2.515711245210106e-06
1.124976142159885e-06,0.5425604654955575,0.5425579287855453,2.536710012157606e-06
1.125969256506755e-06,0.5454060019677379,0.5454034442587472,2.557708990713614e-06
1.126966144343321e-06,0.5482445490275623,0.5482419703209791,2.578706583156176e-06
1.127966815041984e-06,0.5510760425738768,0.5510734428726868,2.5997011899869804e-06
1.128971278117069e-06,0.553900419306445,0.5538977986152209,2.620691224031191e-06
1.129979543213658e-06,0.5567176166882706,0.5567149750131877,2.641675082903916e-06
1.130991620107391e-06,0.5595275729395555,0.5595249102883815,2.662651173990227e-06
1.132007518710138e-06,0.5623302270478331,0.5623275434299289,2.683617904231106e-06
1.13302724907069e-06,0.5651255187639427,0.5651228141902667,2.7045736760156203e-06
1.134050821366933e-06,0.5679133885748692,0.5679106630579662,2.72551690294609e-06
1.135078245917896e-06,0.5706937777310278,0.5706910312850405,2.746445987300561e-06
1.136109533177829e-06,0.573466628224211,0.573463860864873,2.767359338018416e-06
1.137144693739373e-06,0.5762318827903927,0.5762290945350239,2.7882553688129974e-06
1.138183738331668e-06,0.5789894848988527,0.5789866757663671,2.809132485626087e-06
1.139226677827468e-06,0.581739378765248,0.5817365487761449,2.829989103059205e-06
1.140273523232768e-06,0.5844815093183193,0.5844786584946841,2.8508236352697836e-06
1.141324285698879e-06,0.5872158222259505,0.5872129505914545,2.871634495971165e-06
1.142378976514776e-06,0.5899422638692212,0.589939371449117,2.892420104205762e-06
1.143437607114077e-06,0.5926607813547355,0.5926578681758574,2.913178878127809e-06
1.144500189073673e-06,0.5953713225050739,0.5953683885958405,2.933909233338028e-06
1.145566734115617e-06,0.59807383585769,0.5980708812480915,2.954609598537772e-06
1.146637254105815e-06,0.6007682706556217,0.6007652953772251,2.975278396544212e-06
1.14771176105447e-06,0.6034545768427917,0.6034515809287391,2.9959140526170103e-06
1.14879026711984e-06,0.6061327050675192,0.6061296885525235,3.0165149956795645e-06
1.149872784610867e-06,0.6088026066829418,0.6087995696032837,3.037079658096964e-06
1.150959325979524e-06,0.6114642337221361,0.6114611761156619,3.057606474232699e-06
1.152049903834005e-06,0.6141175389246103,0.6141144608307307,3.078093879560484e-06
1.153144530922851e-06,0.6167624756915663,0.6167593771512495,3.0985403167704817e-06
1.154243220158638e-06,0.6193989981374042,0.619395879193182,3.1189442222245845e-06
1.155345984601578e-06,0.6220270610437754,0.6220239217397276,3.1393040477167844e-06
1.156452837464735e-06,0.6246466198662685,0.6246434602480322,3.159618236270312e-06
1.157563792115469e-06,0.6272576307318593,0.6272544508466174,3.179885241899605e-06
1.158678862086006e-06,0.6298600504574883,0.6298568503539713,3.2001035169537673e-06
1.159798061054642e-06,0.632453836499882,0.6324506162283581,3.220271523884932e-06
1.160921402863284e-06,0.6350389469905955,0.6350357066028752,3.2403877202602516e-06
1.162048901515892e-06,0.637615340725957,0.6376120802753842,3.2604505728617283e-06
1.163180571174024e-06,0.6401829771506796,0.6401796966921298,3.280458549803633e-06
1.164316426163879e-06,0.6427418163678055,0.6427385159576802,3.3004101253064633e-06
1.165456480973855e-06,0.6452918191269065,0.6452884988231331,3.3203037733686713e-06
1.166600750254617e-06,0.6478329468181668,0.6478296066801927,3.3401379740949366e-06
1.167749248830628e-06,0.6503651614917251,0.6503618015805088,3.359911216249678e-06
1.168901991684671e-06,0.6528884258170803,0.6528850461950976,3.3796219827131324e-06
1.170058993975593e-06,0.655402703116026,0.6553993038472556,3.3992687703543467e-06
1.17122027103103e-06,0.6579079573401757,0.6579045384901008,3.418850074932145e-06
1.172385838347483e-06,0.6604041530649845,0.6604007147005839,3.4383644005320235e-06
1.17355571159675e-06,0.6628912554972943,0.6628877976870442,3.4578102501292562e-06
1.174729906626695e-06,0.6653692304704841,0.665365753284349,3.4771861351368116e-06
1.17590843945786e-06,0.6678380444309536,0.6678345479403833,3.4964905702983273e-06
1.177091326287445e-06,0.6702976644402933,0.6702941487182142,3.5157220790171806e-06
1.178278583497957e-06,0.672748058186768,0.6727445233075834,3.5348791845857264e-06
1.179470227650025e-06,0.675189193963806,0.6751856400033875,3.5539604184009477e-06
1.180666275484028e-06,0.677621040667088,0.6776174677027746,3.5729643133031175e-06
1.181866743927666e-06,0.6800435678035505,0.6800399759141373,3.5918894131237167e-06
1.183071650091725e-06,0.6824567454762286,0.6824531347419671,3.6107342614721816e-06
1.184281011277454e-06,0.6848605443925997,0.6848569148951898,3.629497409840532e-06
1.185494844971561e-06,0.6872549358480272,0.6872512876706129,3.648177414272702e-06
1.186713168855197e-06,0.6896398917370465,0.6896362249642083,3.66677283825112e-06
1.187936000795287e-06,0.6920153845297841,0.6920116992475382,3.685282245813326e-06
1.189163358865479e-06,0.6943813873061572,0.6943776836019422,3.7037042149856703e-06
1.190395261321918e-06,0.6967378737022134,0.6967341516648902,3.722037323239391e-06
1.191631726628681e-06,0.6990848179526533,0.6990810776725003,3.7402801530417307e-06
1.192872773444954e-06,0.7014221948594408,0.7014184364281423,3.758431298517273e-06
1.194118420631555e-06,0.7037499797976604,0.7037462033083064,3.7764893540126465e-06
1.19536868726102e-06,0.7060681487275199,0.7060643542745964,3.79445292353342e-06
1.196623592602996e-06,0.7083766781603328,0.7083728658397157,3.812320617080367e-06
1.197883156133345e-06,0.7106755451690056,0.7106717150779576,3.830091047984929e-06
1.199147397547553e-06,0.7129647274056218,0.7129608796427831,3.847762838682378e-06
1.200416336743945e-06,0.7152442030639714,0.7152403377293546,3.865334616826033e-06
1.201689993840145e-06,0.7175139509026605,0.7175100680976423,3.8828050181738405e-06
1.202968389168225e-06,0.7197739502294088,0.7197700500567277,3.900172681148284e-06
1.204251543280566e-06,0.72202418090462,0.722020263468365,3.917436254941009e-06
1.205539476950305e-06,0.7242646233351856,0.7242606887407925,3.934594393073532e-06
1.206832211171495e-06,0.7264952584679111,0.7264913068221528,3.9516457582822184e-06
1.208129767162876e-06,0.7287160677892036,0.728712099200187,3.968589016634105e-06
1.209432166373178e-06,0.7309270333271846,0.7309230479043403,3.985422844299258e-06
1.210739430479924e-06,0.7331281376425862,0.7331241354966653,4.002145920889433e-06
1.212051581396649e-06,0.7353193638339008,0.7353153450769634,4.018756937451684e-06
1.21336864126673e-06,0.7375006955199768,0.7374966602653891,4.035254587697601e-06
1.214690632473504e-06,0.7396721168499264,0.73966806521235,4.051637576441003e-06
1.216017577638599e-06,0.7418336124932156,0.7418295445886014,4.067904614157847e-06
1.217349499629857e-06,0.7439851676454738,0.743981083591057,4.084054416875205e-06
1.218686421555494e-06,0.746126768011861,0.7461226679261511,4.100085709835e-06
1.220028366777814e-06,0.748258399821983,0.7482542838247561,4.115997226827872e-06
1.221375358907592e-06,0.7503800498135378,0.7503759180258311,4.131787706640466e-06
1.222727421803164e-06,0.7524917052238951,0.7524875577679978,4.147455897274277e-06
1.224084579585644e-06,0.7545933538067638,0.7545891908062097,4.163000554169294e-06
1.225446856634449e-06,0.7566849838177099,0.75668080539727,4.1784204398709335e-06
1.226814277583433e-06,0.7587665840011133,0.7587623902867895,4.1937143238079955e-06
1.228186867344603e-06,0.7608381436190406,0.7608339347380543,4.208880986289465e-06
1.229564651088421e-06,0.7628996524137465,0.7628954284945337,4.223919212731353e-06
1.230947654257155e-06,0.7649511006206952,0.7649468617928967,4.2388277984306555e-06
1.232335902569231e-06,0.7669924789675298,0.7669882253619862,4.25360554356935e-06
1.233729422022258e-06,0.7690237786709659,0.7690195104197053,4.268251260652889e-06
1.235128238889157e-06,0.7710449914236926,0.7710407086599256,4.282763767071707e-06
1.236532379729783e-06,0.7730561094038488,0.7730518122619593,4.297141889542111e-06
1.23794187138839e-06,0.775057125263775,0.7750528138793132,4.311384461774814e-06
1.239356741006717e-06,0.777048032141032,0.777043706650702,4.3254903300260494e-06
1.24077701600879e-06,0.7790288236293302,0.7790244841709881,4.3394583421063615e-06
1.242202724125285e-06,0.780999493805241,0.7809951405178802,4.353287360814306e-06
1.243633893381545e-06,0.782960037203691,0.7829556702274384,4.366976252612176e-06
1.245070552109783e-06,0.7849104488272381,0.7849060683033415,4.380523896618804e-06
1.246512728957057e-06,0.7868507241489608,0.7868463302197862,4.393929174617561e-06
1.247960452869184e-06,0.7887808590830462,0.7887764518920621,4.407190984045961e-06
1.249413753111405e-06,0.7907008500050534,0.7906964296968279,4.420308225561165e-06
1.250872659275987e-06,0.792610693753867,0.7926062604740555,4.433279811477675e-06
1.252337201270952e-06,0.7945103876089291,0.7945059415042681,4.446104660993377e-06
1.253807409336832e-06,0.7963999293043448,0.79639547052264,4.458781704741455e-06
1.255283314040585e-06,0.7982793170130364,0.7982748457031581,4.471309878351093e-06
1.256764946281145e-06,0.8001485493461605,0.8001440656580306,4.4836881298859765e-06
1.258252337309454e-06,0.8020076253703449,0.8020031294549292,4.49591541562544e-06
1.259745518708677e-06,0.803856544574664,0.8038520365839658,4.507990698288111e-06
1.261244522416981e-06,0.8056953068911882,0.8056907869782352,4.5199129530271165e-06
1.262749380716309e-06,0.8075239126730256,0.8075193809918639,4.53168116165692e-06
1.264260126261854e-06,0.8093423627221276,0.809337819427811,4.543294316539104e-06
1.265776792050759e-06,0.8111506582431754,0.8111461034917565,4.554751418917036e-06
1.267299411463177e-06,0.812948800884874,0.8129442348333961,4.566051477916666e-06
1.268828018238376e-06,0.8147367927030764,0.8147322155095609,4.5771935155425325e-06
1.270362646499721e-06,0.8165146361820949,0.8165100480055366,4.588176558240065e-06
1.271903330741963e-06,0.8182823342115422,0.8182777352118973,4.59899964488919e-06
1.273450105850127e-06,0.8200398900999784,0.8200352804381544,4.6096618239177545e-06
1.275003007102308e-06,0.8217873075695219,0.8217826874073704,4.6201621515251645e-06
1.276562070171834e-06,0.8235245907498235,0.8235199602501304,4.630499693125678e-06
1.278127331129622e-06,0.8252517441723585,0.8252471034988309,4.640673527567252e-06
1.279698826452415e-06,0.8269687727711896,0.8269641220884527,4.6506827369174886e-06
1.281276593037677e-06,0.8286756818906342,0.828671021364216,4.660526418232003e-06
1.282860668184196e-06,0.8303724772556625,0.8303678070519862,4.6702036763379695e-06
1.284451089628373e-06,0.8320591650025564,0.8320544852889327,4.679713623723103e-06
1.286047895525541e-06,0.8337357516501003,0.8337310625947139,4.689055386419838e-06
1.287651124471322e-06,0.835402244113611,0.8353975458855134,4.698228097566037e-06
1.289260815502517e-06,0.8370586496969459,0.8370539424660459,4.707230899958503e-06
1.290877008093133e-06,0.8387049760797964,0.8387002600168488,4.716062947607291e-06
1.292499742177228e-06,0.8403412313323967,0.8403365066089936,4.724723403071174e-06
1.29412905813938e-06,0.8419674238969518,0.8419626906855124,4.73321143934502e-06
1.295764996844181e-06,0.8435835626082813,0.8435788210820415,4.741526239748772e-06
1.297407599615289e-06,0.8451896566638835,0.8451849069968869,4.749666996595181e-06
1.299056908251207e-06,0.8467857156309128,0.8467809579980008,4.757632911966958e-06
1.300712965048553e-06,0.848371749459628,0.8483669840364285,4.765423199493135e-06
1.302375812786294e-06,0.8499477684589354,0.8499429954218535,4.773037081906573e-06
1.304045494741545e-06,0.8515137833026177,0.8515090028288275,4.780473790266804e-06
1.305722054700271e-06,0.8530698050302282,0.853065017297659,4.7877325691780825e-06
1.307405536959575e-06,0.8546158450399582,0.8546110502272886,4.794812669683957e-06
1.309095986334909e-06,0.8561519150861443,0.8561471133727881,4.80171335615065e-06
1.310793448175801e-06,0.8576780272842698,0.8576732188503692,4.808433900604925e-06
1.312497968364437e-06,0.8591941941002157,0.8591893791266287,4.814973586952931e-06
1.314209593313771e-06,0.860700428339496,0.8606956070077874,4.821331708648735e-06
1.315928370006398e-06,0.8621967431722114,0.8621919156646425,4.827507568916367e-06
1.317654345970917e-06,0.8636831521025963,0.8636783186021142,4.833500482082087e-06
1.319387569311508e-06,0.8651596689853083,0.8651548296755365,4.839309771798028e-06
1.321128088697401e-06,0.8666263080067923,0.8666214630720185,4.844934773817755e-06
1.322875953394027e-06,0.8680830837021077,0.868078233327277,4.850374830778215e-06
1.324631213250678e-06,0.8695300109347436,0.8695251553054439,4.855629299638231e-06
1.326393918719545e-06,0.870967104902883,0.8709622442053384,4.860697544573078e-06
1.328164120865368e-06,0.8723943811374638,0.8723895155585228,4.865578940971282e-06
1.329941871374091e-06,0.8738118554992877,0.8738069852264105,4.870272877210979e-06
1.331727222560989e-06,0.8752195441756019,0.8752146693968543,4.874778747554487e-06
1.333520227376789e-06,0.8766174636750763,0.8766125845791151,4.879095961252133e-06
1.335320939420285e-06,0.8780056308277855,0.8780007476038512,4.883223934326608e-06
1.337129412947915e-06,0.8793840627826119,0.8793791756205176,4.88716209434692e-06
1.338945702888987e-06,0.880752777008756,0.8807478860988744,4.890909881538619e-06
1.340769864853713e-06,0.8821117912915122,0.8821068968247687,4.8944667434547284e-06
1.342601955129378e-06,0.8834611237193428,0.8834562258872031,4.897832139749703e-06
1.344442030715073e-06,0.8848007926994454,0.8847958916939044,4.901005541069203e-06
1.346290149321775e-06,0.8861308169471658,0.8861259129607377,4.903986428050899e-06
1.34814636937808e-06,0.8874512154798145,0.8874463087055229,4.906774291657534e-06
1.350010750039671e-06,0.8887620076132144,0.8887570982445813,4.909368633176925e-06
1.35188335122305e-06,0.8900632129749486,0.8900583012059835,4.9117689651101415e-06
1.353764233592276e-06,0.8913548514842917,0.8913499375094805,4.9139748111715065e-06
1.355653458580244e-06,0.8926369433565143,0.8926320273708102,4.915985704179171e-06
1.357551088402656e-06,0.8939095091017145,0.8939045913005257,4.917801188830673e-06
1.359457186072202e-06,0.8951725695235465,0.8951676501027268,4.919420819704534e-06
1.361371815407017e-06,0.8964261457139939,0.8964212248698313,4.92084416259253e-06
1.363295041043551e-06,0.8976702590510232,0.8976653369802298,4.922070793389466e-06
1.365226928458984e-06,0.8989049312021488,0.8989000081018496,4.923100299203398e-06
1.367167543969619e-06,0.9001301841123378,0.9001252601800597,4.9239322781335915e-06
1.369116954758722e-06,0.9013460400107036,0.9013411154443661,4.924566337494163e-06
1.371075228882165e-06,0.9025525214028041,0.9025475964007066,4.925002097477815e-06
1.373042435287258e-06,0.9037496510711298,0.9037447258319428,4.925239187048014e-06
1.375018643824925e-06,0.9049374520712519,0.9049325267940052,4.925277246714543e-06
1.377003925266379e-06,0.9061159477305655,0.9061110226146367,4.925115928755552e-06
1.378998351321714e-06,0.9072851616478972,0.907280236893004,4.924754893220751e-06
1.381001994653323e-06,0.9084451176898289,0.9084401934960147,4.924193814259681e-06
1.383014928892413e-06,0.9095958399886923,0.9095909165563172,4.923432375125714e-06
1.385037228651498e-06,0.9107373529381134,0.9107324304678429,4.922470270507517e-06
1.387068969540795e-06,0.9118696811906963,0.9118647598834918,4.921307204530656e-06
1.389110228199047e-06,0.9129928496634252,0.9129879297205317,4.919942893533147e-06
1.391161082291193e-06,0.9141068835244,0.9141019651473362,4.918377063733992e-06
1.393221610542128e-06,0.9152118081994459,0.9152068915899927,4.91660945323158e-06
1.395291892748396e-06,0.9163076493662551,0.9163027347264452,4.914639809894261e-06
1.397372009802472e-06,0.9173944329551429,0.9173895204872504,4.912467892470573e-06
1.399462043702054e-06,0.9184721851416953,0.9184672750482242,4.910093471033328e-06
1.401562077571761e-06,0.9195409323458835,0.9195360248295575,4.90751632598041e-06
1.403672195695305e-06,0.9206007012361087,0.9205957964998596,4.904736249145003e-06
1.405792483530106e-06,0.9216515187239048,0.9216466169708629,4.901753041908208e-06
1.407923027716388e-06,0.9226934119559898,0.9226885133894712,4.898566518529712e-06
1.410063916109852e-06,0.9237264083178541,0.9237215131413524,4.895176501706899e-06
1.412215237811411e-06,0.9247505354353074,0.924745643852481,4.891582826349605e-06
1.414377083170213e-06,0.9257658211630372,0.9257609333776987,4.887785338469897e-06
1.416549543817351e-06,0.9267722935878062,0.9267674098039126,4.883783893627758e-06
1.418732712700917e-06,0.9277699810316189,0.92776510145326,4.879578358929493e-06
1.420926684080711e-06,0.9287589120361609,0.9287540368675475,4.875168613360792e-06
1.423131553584558e-06,0.9297391153752924,0.929734244820748,4.870554544456063e-06
1.425347418216203e-06,0.9307106200450479,0.9307057543089959,4.865736051962166e-06
1.427574376376829e-06,0.9316734552598752,0.9316685945468288,4.8607130463951265e-06
1.429812527908999e-06,0.932627650458272,0.9326227949728233,4.855485448707064e-06
1.432061974110524e-06,0.9335732352949868,0.9335683852417955,4.850053191285397e-06
1.43432281775982e-06,0.9345102396381632,0.9345053952219466,4.8444162165095506e-06
1.43659516315888e-06,0.9354386935734522,0.935433854998974,4.838574478194246e-06
1.438879116150767e-06,0.9363586273971581,0.9363537948692175,4.832527940590303e-06
1.44117478415051e-06,0.9372700716148057,0.9372652453382271,4.826276578606681e-06
1.443482276171843e-06,0.938173056937779,0.9381682371174004,4.819820378587636e-06
1.445801702879574e-06,0.9390676142896215,0.9390628011302846,4.8131593368694325e-06
1.448133176596771e-06,0.9399537747943001,0.9399489685008385,4.806293461556699e-06
1.450476811347097e-06,0.9408315697780829,0.940826770555313,4.7992227698578915e-06
1.452832525248109e-06,0.9417009583606861,0.9416961664180468,4.791942639359448e-06
1.455200415227271e-06,0.9425619680366568,0.9425571835873711,4.784449285755166e-06
1.457580598815879e-06,0.9434146335638139,0.9434098568223397,4.776741474254997e-06
1.459973190722338e-06,0.9442589882325737,0.9442542194136548,4.768818918865492e-06
1.46237831543864e-06,0.9450950683221244,0.9450903076403224,4.7606818019962915e-06
1.464796096199683e-06,0.945922909125129,0.9459181567946547,4.752330474255828e-06
1.467226655791801e-06,0.9467425452861117,0.9467378015208475,4.743765264159094e-06
1.469670118413992e-06,0.9475540114606408,0.9475492764741741,4.734986466692348e-06
1.47212660970776e-06,0.9483573423229223,0.948352616328565,4.725994357301921e-06
1.474596257205799e-06,0.9491525727068036,0.9491478559175964,4.7167892072152995e-06
1.4770791905001e-06,0.9499397376456854,0.9499350302743901,4.707371295320506e-06
1.479575541254572e-06,0.9507188723601542,0.9507141746192427,4.697740911496773e-06
1.482085443236055e-06,0.9514900122517761,0.9514853243534172,4.687898358946008e-06
1.484609032360815e-06,0.9522531929015585,0.9522485150576044,4.677843954081773e-06
1.487146446700304e-06,0.9530084500559803,0.9530037824779546,4.667578025752128e-06
1.489697826564245e-06,0.9537558196362675,0.9537511625353524,4.657100915128609e-06
1.492263314497486e-06,0.9544953377216195,0.954490691308644,4.646412975595204e-06
1.494843055361393e-06,0.9552270405572713,0.9552224050426992,4.635514572082222e-06
1.497437196369002e-06,0.9559509645484798,0.9559463401423978,4.624406082065491e-06
1.5000458871538e-06,0.9566671462637015,0.9566625331758069,4.613087894678181e-06
1.502669279787767e-06,0.9573756224233309,0.9573710208629194,4.601560411487959e-06
1.505307528880427e-06,0.9580764299103199,0.9580718400862752,4.589824044720636e-06
1.507960791586751e-06,0.9587696057556074,0.9587650278763866,4.577879220812875e-06
1.510629227696862e-06,0.9594551871452375,0.959450621418861,4.565726376526413e-06
1.513312999678796e-06,0.9601332114144709,0.96012865804851,4.553365960946465e-06
1.516012272739833e-06,0.9608037160464716,0.9607991752480367,4.540798434926607e-06
1.518727214886813e-06,0.9614667386703023,0.9614622106460309,4.528024271421849e-06
1.521457996991634e-06,0.962122317059773,0.9621178020158174,4.515043955599651e-06
1.524204792862964e-06,0.9627704891332679,0.9627659872752838,4.501857984062774e-06
1.526967779287685e-06,0.9634112929460283,0.9634068044791627,4.488466865626428e-06
1.52974713611952e-06,0.964044766693277,0.9640402918221559,4.4748711210962355e-06
1.532543046364742e-06,0.9646709487117755,0.964666487640492,4.46107128349027e-06
1.535355696207017e-06,0.9652898774673121,0.9652854303994151,4.447067897039858e-06
1.538185275126793e-06,0.9659015915631142,0.965897158701596,4.43286151818878e-06
1.541031975947551e-06,0.9665061297313717,0.9665017112786569,4.418452714816112e-06
1.543895994935112e-06,0.9671035308359665,0.9670991269938987,4.403842067790542e-06
1.546777531862499e-06,0.967693833867274,0.9676894448371055,4.389030168527874e-06
1.549676790111296e-06,0.9682770779441351,0.968272703926514,4.374017621100457e-06
1.552593976738203e-06,0.9688533023081375,0.9688489435030957,4.35880504179309e-06
1.555529302561339e-06,0.9694225463216247,0.9694182029285681,4.343393056660538e-06
1.558482982286884e-06,0.9699848494728636,0.9699805216905575,4.327782306079442e-06
1.561455234554292e-06,0.9705402513648731,0.9705359393914321,4.31197344097356e-06
1.564446282070695e-06,0.9710887917209726,0.9710844957538483,4.295967124368083e-06
1.567456351687133e-06,0.9716305103786486,0.9716262306146175,4.2797640310565654e-06
1.57048567451329e-06,0.972165447290109,0.9721611839252612,4.26336484782297e-06
1.573534486009023e-06,0.9726936425180691,0.9726893957477961,4.24677027299758e-06
1.576603026118237e-06,0.9732151362383996,0.9732109062573835,4.229981016123929e-06
1.579691539361311e-06,0.9737299687348888,0.9737257557370895,4.212997799291074e-06
1.582800274960307e-06,0.9742381803991361,0.9742339845777794,4.1958213566895e-06
1.585929486941932e-06,0.9747398117261598,0.9747356332737257,4.1784524340560125e-06
1.58907943429288e-06,0.9752349033178833,0.9752307424260952,4.160891788118626e-06
1.592250381060008e-06,0.9757234958770156,0.9757193527368274,4.143140188150873e-06
1.595442596477376e-06,0.9762056302048434,0.9762015050064289,4.125198414528519e-06
1.598656355139678e-06,0.9766813472052824,0.976677240138022,4.107067260394892e-06
1.601891937104646e-06,0.9771506878774219,0.9771465991298919,4.088747529995551e-06
1.605149628054882e-06,0.977613693316465,0.9776096230764258,4.070240039122375e-06
1.608429719443635e-06,0.9780704047115042,0.9780663531658875,4.051545616667873e-06
1.611732508659962e-06,0.9785208633453116,0.9785168306802099,4.032665101738608e-06
1.615058299158578e-06,0.978965110588611,0.978961096989265,4.0135993459866626e-06
1.618407400666129e-06,0.9794031879040498,0.9793991935548373,3.994349212499415e-06
1.621780129326731e-06,0.9798351368410909,0.979831161925515,3.974915575910565e-06
1.625176807895315e-06,0.9802609990365376,0.9802570437372141,3.955299323510353e-06
1.628597765877263e-06,0.9806808162075381,0.980676880706184,3.93550135413534e-06
1.632043339791077e-06,0.9810946301591432,0.9810907146365655,3.9155225777243174e-06
1.635513873315061e-06,0.9815024827764744,0.9814985874125576,3.895363916872618e-06
1.639009717485891e-06,0.9819044160227833,0.9819005409964777,3.875026305610874e-06
1.642531230934145e-06,0.98230047194089,0.9822966174302005,3.854510689516033e-06
1.646078780090325e-06,0.9826906926502218,0.9826868588321956,3.8338180261554555e-06
1.649652739417429e-06,0.9830751203460262,0.9830713073967408,3.8129492854199754e-06
1.653253491644691e-06,0.9834537972977607,0.983450005392312,3.7919054487467463e-06
1.656881427988544e-06,0.9838267658453296,0.9838229951578199,3.770687509674353e-06
1.660536948427058e-06,0.984194068400052,0.9841903191035787,3.7492964732877e-06
1.664220461971216e-06,0.9845557474441046,0.9845520197107478,3.727733356773122e-06
1.667932386908329e-06,0.9849118455262664,0.9849081395270776,3.7059991888632737e-06
1.671673151093231e-06,0.9852624052615223,0.9852587211665113,3.6840950110583748e-06
1.675443192238762e-06,0.9856074693295018,0.9856038073076256,3.6620218761829193e-06
1.679242958232635e-06,0.9859470804742858,0.9859434406934363,3.6397808494958994e-06
1.683072907431228e-06,0.9862812815010442,0.9862776641280362,3.6173730080246713e-06
1.686933508993674e-06,0.986610115275306,0.9866065204758648,3.5947994411200668e-06
1.690825243248607e-06,0.9869336247237718,0.986930052662522,3.5720612497902593e-06
1.694748601982013e-06,0.9872518528274129,0.9872483036678648,3.549159548144054e-06
1.698704088862716e-06,0.9875648426250132,0.9875613165295524,3.526095460837375e-06
1.702692219825439e-06,0.9878726372116692,0.9878691343415426,3.5028701266259787e-06
1.706713523426172e-06,0.9881752797340797,0.9881718002493844,3.4794846952568292e-06
1.710768541284991e-06,0.9884728133914886,0.988469357451159,3.4559403295775226e-06
1.714857828502105e-06,0.988765281433206,0.9887618491950018,3.432238204204019e-06
1.718981954129758e-06,0.9890527271589113,0.9890493187794053,3.408379506075754e-06
1.723141501604321e-06,0.9893351939147862,0.989331809549351,3.3843654352327945e-06
1.727337069252613e-06,0.9896127250935837,0.9896093648963801,3.360197203594595e-06
1.731569270818263e-06,0.9898853641344563,0.9898820282584204,3.335876035848173e-06
1.735838735958446e-06,0.9901531545194188,0.9901498431162488,3.3114031700032243e-06
1.740146110794546e-06,0.9904161397720159,0.9904128529921602,3.2867798557267847e-06
1.744492058525276e-06,0.9906743634582574,0.9906711014509004,3.262007357007768e-06
1.748877259980444e-06,0.9909278691823649,0.9909246320954158,3.23708694904834e-06
1.753302414307335e-06,0.9911767005888606,0.9911734885689399,3.2120199207064104e-06
1.757768239548738e-06,0.9914209013567539,0.9914177145491796,3.186807574273587e-06
1.762275473399292e-06,0.9916605152022459,0.9916573537510218,3.161451224031886e-06
1.766824873885579e-06,0.9918955858753232,0.991892449923124,3.135952199251335e-06
1.771417220127935e-06,0.9921261571590965,0.9921230468472556,3.1103118408593033e-06
1.776053313121763e-06,0.9923522728683077,0.9923491883368032,3.084531504549126e-06
1.780733976561659e-06,0.9925739768481523,0.9925709182355936,3.0586125586706814e-06
1.785460057684965e-06,0.9927913129722054,0.9927882804158192,3.0325563861177685e-06
1.790232428200376e-06,0.9930043251424208,0.9930013187780381,3.006364382662774e-06
1.795051985209107e-06,0.9932130572867464,0.9932100772487874,2.980037958955073e-06
1.799919652213078e-06,0.9934175533586261,0.993414599780087,2.9535785391887615e-06
1.804836380122715e-06,0.9936178573344042,0.993614930346842,2.9269875622128794e-06
1.809803148385692e-06,0.9938140132136647,0.993811112947184,2.900266480643232e-06
1.81482096610609e-06,0.9940060650168726,0.9940031916001104,2.8734167621946582e-06
1.819890873272885e-06,0.9941940567850834,0.9941912103451933,2.8464398901251187e-06
1.825013941969469e-06,0.9943780325766314,0.9943752132392699,2.8193373614593398e-06
1.830191277774188e-06,0.9945580364685027,0.9945552443578136,2.7921106890982372e-06
1.835424021095097e-06,0.9947341125527527,0.9947313477913516,2.76476140104176e-06
1.840713348695038e-06,0.9949063049370866,0.9949035676460453,2.73729104138809e-06
1.846060475172852e-06,0.9950746577413125,0.9950719480401429,2.709701169667511e-06
1.8514666546746e-06,0.9952392150986199,0.9952365331052584,2.681993361508539e-06
1.856933182563895e-06,0.9954000211526257,0.995397366983416,2.6541692097481473e-06
1.862461397252006e-06,0.9955571200565558,0.9955544938262328,2.6262303229884765e-06
1.868052682111455e-06,0.9957105559718781,0.9957079577935509,2.598178327151146e-06
1.873708467492784e-06,0.9958603730668368,0.9958578030519707,2.5700148661433886e-06
1.879430232871573e-06,0.9960066155154123,0.9960040737738116,2.5417416006368043e-06
1.885219509146435e-06,0.9961493274969183,0.9961468141367086,2.5133602097326957e-06
1.891077880939852e-06,0.9962885531924096,0.9962860683200182,2.4848723914061566e-06
1.897006989226766e-06,0.9964243367857774,0.9964218805059155,2.4562798618399384e-06
1.903008533939382e-06,0.9965567224605782,0.9965542948762215,2.427584356756718e-06
1.909084276875599e-06,0.9966857544002203,0.9966833556125884,2.3987876319742085e-06
1.915236044659856e-06,0.9968114767854119,0.9968091068939487,2.369891463183116e-06
1.921465731996964e-06,0.9969339337939445,0.9969315928962977,2.3408976467242937e-06
1.927775305000322e-06,0.9970531695979112,0.9970508577899108,2.3118080004769226e-06
1.934166804904752e-06,0.9971692283642785,0.997166945739914,2.2826243644136213e-06
1.940642351795215e-06,0.9972821542513454,0.9972799009027447,2.253348600711469e-06
1.947204148833622e-06,0.9973919914097915,0.9973897674271971,2.223982594418139e-06
1.953854486505992e-06,0.9974987839792673,0.9974965894510115,2.194528255783368e-06
1.960595747325236e-06,0.9976025760879487,0.9976004111004295,2.164987519148731e-06
1.967430410748993e-06,0.9977034118504665,0.9977012764881228,2.1353623437248004e-06
1.974361058573612e-06,0.9978013353679046,0.997799229713189,2.1056547155895444e-06
1.98139038048209e-06,0.9978963907246379,0.9978943148579891,2.075866648798552e-06
1.988521180184325e-06,0.99798862198806,0.9979865759878751,2.0460001849409437e-06
1.995756381880182e-06,0.9980780732067231,0.9980760571493281,2.016057395026749e-06
2.003099037204862e-06,0.9981647884087353,0.9981628023683548,1.9860403805971316e-06
2.010552332686642e-06,0.9982488116002316,0.9982468556489563,1.9559512752787e-06
2.018119597781623e-06,0.9983301867640982,0.9983282609718528,1.9257922454496423e-06
2.025804313516782e-06,0.9984089578586804,0.9984070622931883,1.8955654921271048e-06
2.033610121654224e-06,0.9984851688151003,0.9984833035418481,1.8652732521884374e-06
2.041540834763331e-06,0.9985588635365861,0.9985570286187857,1.8349178003695954e-06
2.049600446990735e-06,0.9986300858967849,0.9986282813953343,1.8045014505974066e-06
2.057793145608556e-06,0.9986988797373911,0.9986971057108333,1.774026557876951e-06
2.066123323676012e-06,0.9987652888672802,0.9987635453717594,1.743495520845073e-06
2.074595593554331e-06,0.998829357060034,0.9988276441492506,1.7129107833246948e-06
2.083214801723013e-06,0.9988911280527835,0.9988894457779459,1.6822748375444618e-06
2.091986044642156e-06,0.9989506455434549,0.9989489939532289,1.6515902260261228e-06
2.100914686239897e-06,0.9990079531897698,0.9990063323302256,1.6208595441380425e-06
2.110006376706865e-06,0.9990630946066335,0.9990615045211898,1.590085443647915e-06
2.119267073100566e-06,0.9991161133643448,0.9991145540937082,1.5592706366085451e-06
2.128703061838253e-06,0.9991670529867693,0.9991655245688715,1.5284178978003382e-06
2.13832098314141e-06,0.9992159569487341,0.9992144594186649,1.4975300691721927e-06
2.148127857876522e-06,0.9992628686738875,0.9992614020638231,1.4666100643934143e-06
2.158131116991832e-06,0.999307831532543,0.9993063958716705,1.4356608725174524e-06
2.168338633777832e-06,0.9993508888391684,0.9993494841536038,1.4046855646432377e-06
2.178758759326089e-06,0.9993920838497341,0.9993907101624361,1.3736872980230075e-06
2.189400361732536e-06,0.9994314597595026,0.9994301170901794,1.3426693232787557e-06
2.200272869094601e-06,0.9994690596996854,0.9994677480646948,1.311634990508459e-06
2.211386317383278e-06,0.9995049267351658,0.9995036461474084,1.2805877573907054e-06
2.222751403229025e-06,0.9995391038611803,0.9995378543299838,1.2495311965121658e-06
2.234379542675189e-06,0.9995716340003382,0.9995704155313329,1.2184690053596015e-06
2.246282936490413e-06,0.9996025599992762,0.9996013725942606,1.1874050155347149e-06
2.258474643001479e-06,0.9996319246251422,0.9996307682819365,1.1563432056327372e-06
2.270968659532326e-06,0.9996597705619514,0.9996586452742401,1.1252877113454574e-06
2.283780013705068e-06,0.9996861404068148,0.9996850461639735,1.0942428413374117e-06
2.296924865863991e-06,0.999711076665631,0.9997100134525391,1.0632130919008276e-06
2.310420624660724e-06,0.999734621748946,0.9997335895457815,1.0322031644971474e-06
2.324286077436833e-06,0.9997568179671819,0.9997558167491961,1.001217985741043e-06
2.338541537990941e-06,0.999777707525676,0.9997767372629472,9.702627287166976e-07
2.353209014646212e-06,0.9997973325195781,0.9997963931767393,9.393428388460023e-07
2.368312401525785e-06,0.9998157349279101,0.9998148264638482,9.084640618661766e-07
2.383877697789059e-06,0.9998329566077643,0.999832078975289,8.776324752490794e-07
2.399933258897242e-06,0.9998490392875241,0.9998481924329982,8.468545259487925e-07
2.416510086423364e-06,0.9998640245598784,0.9998632084228073,8.161370711468052e-07
2.433642163238165e-06,0.9998779538741445,0.9998771683867169,7.854874275459167e-07
2.45136684293984e-06,0.9998908685279555,0.9998901136145297,7.549134257711643e-07
2.469725304397599e-06,0.9999028096582745,0.9999020852347997,7.244234747627587e-07
2.488763084194404e-06,0.9999138182312762,0.9999131242046396,6.940266366051162e-07
2.508530713036022e-06,0.9999239350357544,0.9999232713030343,6.637327201186594e-07
2.52908445343129e-06,0.9999332006662166,0.9999325671138285,6.335523881073613e-07
2.550487184170824e-06,0.9999416555089569,0.9999410520116925,6.034972643842451e-07
2.572809462239327e-06,0.9999493397277646,0.9999487661476939,5.735800706618832e-07
2.596130802997951e-06,0.9999562932477507,0.9999557494329607,5.438147899772261e-07
2.620541235949383e-06,0.9999625557375743,0.9999620415207073,5.142168669758362e-07
2.646143207887894e-06,0.9999681665892564,0.9999676817858058,4.848034506066412e-07
2.673053930696631e-06,0.9999731648954495,0.9999727093017666,4.555936828909424e-07
2.701408302515006e-06,0.9999775894236169,0.9999771628145622,4.266090547488943e-07
2.731362576527702e-06,0.9999814785865494,0.9999810807127089,3.9787384054079666e-07
2.763099017449835e-06,0.9999848704086828,0.9999845009930519,3.6941563086312357e-07
2.796831877186899e-06,0.9999878024872074,0.9999874612212094,3.412659980162047e-07
2.83281515877075e-06,0.9999903119469487,0.9999899984856234,3.134613252298024e-07
2.871352844821163e-06,0.9999924353878442,0.9999921493439903,2.860438539364907e-07
2.912812575231386e-06,0.9999942088230943,0.9999939497600799,2.590630143739503e-07
2.957644254330994e-06,0.9999956676060405,0.9999954350289146,2.32577125891531e-07
3.006405852877664e-06,0.9999968463429403,0.9999966396873491,2.066555911950374e-07
3.059799977480859e-06,0.9999977787880916,0.9999975974063501,1.8138174151527409e-07
3.118727029218845e-06,0.9999984977167776,0.9999983408602326,1.5685654497499257e-07
3.184364793494754e-06,0.9999990347700005,0.9999989015665597,1.332034408330074e-07
3.258291904258695e-06,0.999999420263376,0.9999993096887642,1.1057461180019601e-07
3.342687877494046e-06,0.999999682950302,0.9999995937913178,8.915898419559198e-08
3.44067569223631e-06,0.9999998497272958,0.9999997805352943,6.919200157273764e-08
3.54067569223631e-06,0.9999999342800727,0.9999998829181931,5.136187963827865e-08
3.64067569223631e-06,0.999999973545547,0.9999999375382503,3.6007296699835933e-08
3.740675692236309e-06,0.9999999905799146,0.9999999666774004,2.390251419015499e-08
3.840675692236309e-06,0.999999997362733,0.99999998222279,1.5139943077002727e-08
3.940675692236309e-06,0.9999999997347713,0.9999999905160701,9.218701135793594e-09
4.040675692236309e-06,1.000000000370328,0.9999999949404363,5.429891647423801e-09
4.140675692236309e-06,1.00000000041031,0.999999997300783,3.109526969247156e-09
4.240675692236309e-06,1.000000000298572,0.9999999985599999,1.7385721751139727e-09
4.340675692236309e-06,1.000000000184178,0.9999999992317771,9.524009358941044e-10
4.440675692236309e-06,1.000000000102931,0.9999999995901623,5.127687163763994e-10
4.540675692236309e-06,1.000000000053456,0.9999999997813565,2.7209945407946634e-10
4.640675692236308e-06,1.000000000026052,0.9999999998833563,1.4269574410974428e-10
4.740675692236308e-06,1.000000000011923,0.999999999937772,7.41509076362945e-11
4.840675692236308e-06,1.000000000005084,0.9999999999668021,3.828182215670495e-11
4.940675692236308e-06,1.000000000001976,0.9999999999822893,1.96866967172582e-11
5.040675692236308e-06,1.000000000000663,0.9999999999905516,1.0111467219076076e-11
5.140675692236308e-06,1.000000000000159,0.9999999999949594,5.199618513529458e-12
5.240675692236308e-06,0.9999999999999932,0.9999999999973109,2.682298827494378e-12
5.340675692236308e-06,0.9999999999999565,0.9999999999985654,1.3911094498553211e-12
5.440675692236308e-06,0.9999999999999606,0.9999999999992346,7.259748358023899e-13
5.540675692236307e-06,0.9999999999999731,0.9999999999995917,3.814726312612038e-13
5.640675692236307e-06,0.999999999999984,0.9999999999997822,2.0183854587685346e-13
5.740675692236307e-06,0.9999999999999912,0.9999999999998838,1.0746958878371515e-13
5.840675692236307e-06,0.9999999999999956,0.999999999999938,5.750955267558311e-14
5.940675692236307e-06,0.9999999999999978,0.9999999999999669,3.086420008457935e-14
6.040675692236307e-06,0.999999999999999,0.9999999999999823,1.6653345369377348e-14
6.140675692236307e-06,0.9999999999999997,0.9999999999999906,9.103828801926284e-15
6.240675692236307e-06,0.9999999999999999,0.999999999999995,4.884981308350689e-15
6.340675692236307e-06,1.0,0.9999999999999973,2.6645352591003757e-15
6.440675692236306e-06,1.0,0.9999999999999986,1.4432899320127035e-15
6.540675692236306e-06,1.0,0.9999999999999992,7.771561172376096e-16
6.640675692236306e-06,1.0,0.9999999999999996,4.440892098500626e-16
6.740675692236306e-06,1.0,0.9999999999999998,2.220446049250313e-16
6.840675692236306e-06,1.0,0.9999999999999999,1.1102230246251565e-16
6.940675692236306e-06,1.0,0.9999999999999999,1.1102230246251565e-16
7.040675692236306e-06,1.0,1.0,0.0
7.140675692236306e-06,1.0,1.0,0.0
7.240675692236306e-06,1.0,1.0,0.0
7.340675692236305e-06,1.0,1.0,0.0
7.440675692236305e-06,1.0,1.0,0.0
7.540675692236305e-06,1.0,1.0,0.0
7.640675692236305e-06,1.0,1.0,0.0
7.740675692236306e-06,1.0,1.0,0.0
7.840675692236307e-06,1.0,1.0,0.0
7.940675692236307e-06,1.0,1.0,0.0
8.040675692236308e-06,1.0,1.0,0.0
8.140675692236309e-06,1.0,1.0,0.0
8.24067569223631e-06,1.0,1.0,0.0
8.34067569223631e-06,1.0,1.0,0.0
8.440675692236311e-06,1.0,1.0,0.0
8.540675692236312e-06,1.0,1.0,0.0
8.640675692236312e-06,1.0,1.0,0.0
8.740675692236313e-06,1.0,1.0,0.0
8.840675692236314e-06,1.0,1.0,0.0
8.940675692236315e-06,1.0,1.0,0.0
9.040675692236315e-06,1.0,1.0,0.0
9.140675692236316e-06,1.0,1.0,0.0
9.240675692236317e-06,1.0,1.0,0.0
9.340675692236318e-06,1.0,1.0,0.0
9.440675692236318e-06,1.0,1.0,0.0
9.540675692236319e-06,1.0,1.0,0.0
9.64067569223632e-06,1.0,1.0,0.0
9.74067569223632e-06,1.0,1.0,0.0
9.840675692236321e-06,1.0,1.0,0.0
9.940675692236322e-06,1.0,1.0,0.0
1.004067569223632e-05,1.0,1.0,0.0
1.014067569223632e-05,1.0,1.0,0.0
1.024067569223632e-05,1.0,1.0,0.0
1.034067569223633e-05,1.0,1.0,0.0
1.044067569223633e-05,1.0,1.0,0.0
1.054067569223633e-05,1.0,1.0,0.0
1.064067569223633e-05,1.0,1.0,0.0
1.074067569223633e-05,1.0,1.0,0.0
1.084067569223633e-05,1.0,1.0,0.0
1.094067569223633e-05,1.0,1.0,0.0
1.104067569223633e-05,1.0,1.0,0.0
1.114067569223633e-05,1.0,1.0,0.0
1.124067569223633e-05,1.0,1.0,0.0
1.134067569223633e-05,1.0,1.0,0.0
1.144067569223633e-05,1.0,1.0,0.0
1.154067569223633e-05,1.0,1.0,0.0
1.164067569223633e-05,1.0,1.0,0.0
1.174067569223634e-05,1.0,1.0,0.0
1.184067569223634e-05,1.0,1.0,0.0
1.194067569223634e-05,1.0,1.0,0.0
1.204067569223634e-05,1.0,1.0,0.0
1.214067569223634e-05,1.0,1.0,0.0
1.224067569223634e-05,1.0,1.0,0.0
1.234067569223634e-05,1.0,1.0,0.0
1.244067569223634e-05,1.0,1.0,0.0
1.254067569223634e-05,1.0,1.0,0.0
1.264067569223634e-05,1.0,1.0,0.0
1.274067569223634e-05,1.0,1.0,0.0
1.284067569223634e-05,1.0,1.0,0.0
1.294067569223634e-05,1.0,1.0,0.0
1.304067569223634e-05,1.0,1.0,0.0
1.314067569223635e-05,1.0,1.0,0.0
1.324067569223635e-05,1.0,1.0,0.0
1.334067569223635e-05,1.0,1.0,0.0
1.344067569223635e-05,1.0,1.0,0.0
1.354067569223635e-05,1.0,1.0,0.0
1.364067569223635e-05,1.0,1.0,0.0
1.374067569223635e-05,1.0,1.0,0.0
1.384067569223635e-05,1.0,1.0,0.0
1.394067569223635e-05,1.0,1.0,0.0
1.404067569223635e-05,1.0,1.0,0.0
1.414067569223635e-05,1.0,1.0,0.0
1.424067569223635e-05,1.0,1.0,0.0
1.434067569223635e-05,1.0,1.0,0.0
1.444067569223636e-05,1.0,1.0,0.0
1.454067569223636e-05,1.0,1.0,0.0
1.464067569223636e-05,1.0,1.0,0.0
1.474067569223636e-05,1.0,1.0,0.0
1.484067569223636e-05,1.0,1.0,0.0
1.494067569223636e-05,1.0,1.0,0.0
1.504067569223636e-05,1.0,1.0,0.0
1.514067569223636e-05,1.0,1.0,0.0
1.524067569223636e-05,1.0,1.0,0.0
1.534067569223636e-05,1.0,1.0,0.0
1.544067569223636e-05,0.9999999999999999,1.0,1.1102230246251565e-16
1.554067569223636e-05,0.9999999999999997,1.0,3.3306690738754696e-16
1.564067569223636e-05,0.9999999999999997,1.0,3.3306690738754696e-16
1.574067569223636e-05,0.9999999999999998,1.0,2.220446049250313e-16
1.584067569223636e-05,1.0,1.0,0.0
1.594067569223635e-05,1.0,1.0,0.0
1.604067569223635e-05,1.0,1.0,0.0
1.614067569223635e-05,1.0,1.0,0.0
1.624067569223635e-05,1.0,1.0,0.0
1.634067569223635e-05,1.0,1.0,0.0
1.644067569223635e-05,1.0,1.0,0.0
1.654067569223635e-05,1.0,1.0,0.0
1.664067569223635e-05,1.0,1.0,0.0
1.674067569223635e-05,1.0,1.0,0.0
1.684067569223635e-05,1.0,1.0,0.0
1.694067569223634e-05,1.0,1.0,0.0
1.704067569223634e-05,1.0,1.0,0.0
1.714067569223634e-05,1.0,1.0,0.0
1.724067569223634e-05,1.0,1.0,0.0
1.734067569223634e-05,1.0,1.0,0.0
1.744067569223634e-05,1.0,1.0,0.0
1.754067569223634e-05,1.0,1.0,0.0
1.764067569223634e-05,1.0,1.0,0.0
1.774067569223634e-05,1.0,1.0,0.0
1.784067569223634e-05,1.0,1.0,0.0
1.794067569223634e-05,1.0,1.0,0.0
1.804067569223633e-05,1.0,1.0,0.0
1.814067569223633e-05,1.0,1.0,0.0
1.824067569223633e-05,1.0,1.0,0.0
1.834067569223633e-05,1.0,1.0,0.0
1.844067569223633e-05,1.0,1.0,0.0
1.854067569223633e-05,1.0,1.0,0.0
1.864067569223633e-05,1.0,1.0,0.0
1.874067569223633e-05,1.0,1.0,0.0
1.884067569223633e-05,1.0,1.0,0.0
1.894067569223633e-05,1.0,1.0,0.0
1.904067569223632e-05,1.0,1.0,0.0
1.914067569223632e-05,1.0,1.0,0.0
1.924067569223632e-05,1.0,1.0,0.0
1.934067569223632e-05,1.0,1.0,0.0
1.944067569223632e-05,1.0,1.0,0.0
1.954067569223632e-05,1.0,1.0,0.0
1.964067569223632e-05,1.0,1.0,0.0
1.974067569223632e-05,1.0,1.0,0.0
1.984067569223632e-05,1.0,1.0,0.0
1.994067569223632e-05,1.0,1.0,0.0
2.004067569223632e-05,1.0,1.0,0.0
2.014067569223631e-05,1.0,1.0,0.0
2.024067569223631e-05,1.0,1.0,0.0
2.034067569223631e-05,1.0,1.0,0.0
2.044067569223631e-05,1.0,1.0,0.0
2.054067569223631e-05,1.0,1.0,0.0
2.064067569223631e-05,1.0,1.0,0.0
2.074067569223631e-05,1.0,1.0,0.0
2.084067569223631e-05,1.0,1.0,0.0
2.094067569223631e-05,1.0,1.0,0.0
2.104067569223631e-05,1.0,1.0,0.0
2.11406756922363e-05,1.0,1.0,0.0
2.12406756922363e-05,1.0,1.0,0.0
2.13406756922363e-05,1.0,1.0,0.0
2.14406756922363e-05,1.0,1.0,0.0
2.15406756922363e-05,1.0,1.0,0.0
2.16406756922363e-05,1.0,1.0,0.0
2.17406756922363e-05,1.0,1.0,0.0
2.18406756922363e-05,1.0,1.0,0.0
2.19406756922363e-05,1.0,1.0,0.0
2.20406756922363e-05,1.0,1.0,0.0
2.21406756922363e-05,1.0,1.0,0.0
2.224067569223629e-05,1.0,1.0,0.0
2.234067569223629e-05,1.0,1.0,0.0
2.244067569223629e-05,1.0,1.0,0.0
2.254067569223629e-05,1.0,1.0,0.0
2.264067569223629e-05,1.0,1.0,0.0
2.274067569223629e-05,1.0,1.0,0.0
2.284067569223629e-05,1.0,1.0,0.0
2.294067569223629e-05,1.0,1.0,0.0
2.304067569223629e-05,1.0,1.0,0.0
2.314067569223629e-05,1.0,1.0,0.0
2.324067569223628e-05,1.0,1.0,0.0
2.334067569223628e-05,1.0,1.0,0.0
2.344067569223628e-05,1.0,1.0,0.0
2.354067569223628e-05,1.0,1.0,0.0
2.364067569223628e-05,1.0,1.0,0.0
2.374067569223628e-05,1.0,1.0,0.0
2.384067569223628e-05,1.0,1.0,0.0
2.394067569223628e-05,1.0,1.0,0.0
2.404067569223628e-05,1.0,1.0,0.0
2.414067569223628e-05,1.0,1.0,0.0
2.424067569223627e-05,1.0,1.0,0.0
2.434067569223627e-05,1.0,1.0,0.0
2.444067569223627e-05,1.0,1.0,0.0
2.454067569223627e-05,1.0,1.0,0.0
2.464067569223627e-05,1.0,1.0,0.0
2.474067569223627e-05,1.0,1.0,0.0
2.484067569223627e-05,1.0,1.0,0.0
2.494067569223627e-05,1.0,1.0,0.0
2.504067569223627e-05,1.0,1.0,0.0
2.514067569223627e-05,1.0,1.0,0.0
2.524067569223627e-05,1.0,1.0,0.0
2.534067569223626e-05,1.0,1.0,0.0
2.544067569223626e-05,1.0,1.0,0.0
2.554067569223626e-05,1.0,1.0,0.0
2.564067569223626e-05,1.0,1.0,0.0
2.574067569223626e-05,1.0,1.0,0.0
2.584067569223626e-05,1.0,1.0,0.0
2.594067569223626e-05,1.0,1.0,0.0
2.604067569223626e-05,1.0,1.0,0.0
2.614067569223626e-05,1.0,1.0,0.0
2.624067569223626e-05,1.0,1.0,0.0
2.634067569223625e-05,1.0,1.0,0.0
2.644067569223625e-05,1.0,1.0,0.0
2.654067569223625e-05,1.0,1.0,0.0
2.664067569223625e-05,1.0,1.0,0.0
2.674067569223625e-05,1.0,1.0,0.0
2.684067569223625e-05,1.0,1.0,0.0
2.694067569223625e-05,1.0,1.0,0.0
2.704067569223625e-05,1.0,1.0,0.0
2.714067569223625e-05,1.0,1.0,0.0
2.724067569223625e-05,1.0,1.0,0.0
2.734067569223625e-05,1.0,1.0,0.0
2.744067569223624e-05,1.0,1.0,0.0
2.754067569223624e-05,1.0,1.0,0.0
2.764067569223624e-05,1.0,1.0,0.0
2.774067569223624e-05,1.0,1.0,0.0
2.784067569223624e-05,1.0,1.0,0.0
2.794067569223624e-05,1.0,1.0,0.0
2.804067569223624e-05,1.0,1.0,0.0
2.814067569223624e-05,1.0,1.0,0.0
2.824067569223624e-05,1.0,1.0,0.0
2.834067569223624e-05,1.0,1.0,0.0
2.844067569223623e-05,1.0,1.0,0.0
2.854067569223623e-05,1.0,1.0,0.0
2.864067569223623e-05,1.0,1.0,0.0
2.874067569223623e-05,1.0,1.0,0.0
2.884067569223623e-05,1.0,1.0,0.0
2.894067569223623e-05,1.0,1.0,0.0
2.904067569223623e-05,1.0,1.0,0.0
2.914067569223623e-05,1.0,1.0,0.0
2.924067569223623e-05,1.0,1.0,0.0
2.934067569223623e-05,1.0,1.0,0.0
2.944067569223623e-05,1.0,1.0,0.0
2.954067569223622e-05,1.0,1.0,0.0
2.964067569223622e-05,1.0,1.0,0.0
2.974067569223622e-05,1.0,1.0,0.0
2.984067569223622e-05,1.0,1.0,0.0
2.994067569223622e-05,1.0,1.0,0.0
3.004067569223622e-05,1.0,1.0,0.0
3.014067569223622e-05,1.0,1.0,0.0
3.024067569223622e-05,1.0,1.0,0.0
3.034067569223622e-05,1.0,1.0,0.0
3.044067569223622e-05,1.0,1.0,0.0
3.054067569223621e-05,1.0,1.0,0.0
3.064067569223622e-05,1.0,1.0,0.0
3.074067569223622e-05,1.0,1.0,0.0
3.084067569223622e-05,1.0,1.0,0.0
3.094067569223622e-05,1.0,1.0,0.0
3.104067569223623e-05,1.0,1.0,0.0
3.114067569223623e-05,1.0,1.0,0.0
3.124067569223623e-05,1.0,1.0,0.0
3.134067569223623e-05,1.0,1.0,0.0
3.144067569223624e-05,1.0,1.0,0.0
3.154067569223624e-05,1.0,1.0,0.0
3.164067569223624e-05,1.0,1.0,0.0
3.174067569223624e-05,1.0,1.0,0.0
3.184067569223625e-05,1.0,1.0,0.0
3.194067569223625e-05,1.0,1.0,0.0
3.204067569223625e-05,1.0,1.0,0.0
3.214067569223625e-05,1.0,1.0,0.0
3.224067569223626e-05,1.0,1.0,0.0
3.234067569223626e-05,1.0,1.0,0.0
3.244067569223626e-05,1.0,1.0,0.0
3.254067569223626e-05,1.0,1.0,0.0
3.264067569223627e-05,1.0,1.0,0.0
3.274067569223627e-05,1.0,1.0,0.0
3.284067569223627e-05,1.0,1.0,0.0
3.294067569223627e-05,1.0,1.0,0.0
3.304067569223628e-05,1.0,1.0,0.0
3.314067569223628e-05,1.0,1.0,0.0
3.324067569223628e-05,1.0,1.0,0.0
3.334067569223628e-05,1.0,1.0,0.0
3.344067569223629e-05,1.0,1.0,0.0
3.354067569223629e-05,1.0,1.0,0.0
3.364067569223629e-05,1.0,1.0,0.0
3.374067569223629e-05,1.0,1.0,0.0
3.384067569223629e-05,1.0,1.0,0.0
3.39406756922363e-05,1.0,1.0,0.0
3.40406756922363e-05,1.0,1.0,0.0
3.41406756922363e-05,1.0,1.0,0.0
3.42406756922363e-05,1.0,1.0,0.0
3.434067569223631e-05,1.0,1.0,0.0
3.444067569223631e-05,1.0,1.0,0.0
3.454067569223631e-05,1.0,1.0,0.0
3.464067569223631e-05,1.0,1.0,0.0
3.474067569223632e-05,1.0,1.0,0.0
3.484067569223632e-05,1.0,1.0,0.0
3.494067569223632e-05,1.0,1.0,0.0
3.504067569223632e-05,1.0,1.0,0.0
3.514067569223633e-05,1.0,1.0,0.0
3.524067569223633e-05,1.0,1.0,0.0
3.534067569223633e-05,1.0,1.0,0.0
3.544067569223633e-05,1.0,1.0,0.0
3.554067569223634e-05,1.0,1.0,0.0
3.564067569223634e-05,1.0,1.0,0.0
3.574067569223634e-05,1.0,1.0,0.0
3.584067569223634e-05,1.0,1.0,0.0
3.594067569223635e-05,1.0,1.0,0.0
3.604067569223635e-05,1.0,1.0,0.0
3.614067569223635e-05,1.0,1.0,0.0
3.624067569223635e-05,1.0,1.0,0.0
3.634067569223636e-05,1.0,1.0,0.0
3.644067569223636e-05,1.0,1.0,0.0
3.654067569223636e-05,1.0,1.0,0.0
3.664067569223636e-05,1.0,1.0,0.0
3.674067569223637e-05,1.0,1.0,0.0
3.684067569223637e-05,1.0,1.0,0.0
3.694067569223637e-05,1.0,1.0,0.0
3.704067569223637e-05,1.0,1.0,0.0
3.714067569223638e-05,1.0,1.0,0.0
3.724067569223638e-05,1.0,1.0,0.0
3.734067569223638e-05,1.0,1.0,0.0
3.744067569223638e-05,1.0,1.0,0.0
3.754067569223638e-05,1.0,1.0,0.0
3.764067569223639e-05,1.0,1.0,0.0
3.774067569223639e-05,1.0,1.0,0.0
3.784067569223639e-05,1.0,1.0,0.0
3.794067569223639e-05,1.0,1.0,0.0
3.80406756922364e-05,1.0,1.0,0.0
3.81406756922364e-05,1.0,1.0,0.0
3.82406756922364e-05,1.0,1.0,0.0
3.83406756922364e-05,1.0,1.0,0.0
3.844067569223641e-05,1.0,1.0,0.0
3.854067569223641e-05,1.0,1.0,0.0
3.864067569223641e-05,1.0,1.0,0.0
3.874067569223641e-05,1.0,1.0,0.0
3.884067569223642e-05,1.0,1.0,0.0
3.894067569223642e-05,1.0,1.0,0.0
3.904067569223642e-05,1.0,1.0,0.0
3.914067569223642e-05,1.0,1.0,0.0
3.924067569223643e-05,1.0,1.0,0.0
3.934067569223643e-05,1.0,1.0,0.0
3.944067569223643e-05,1.0,1.0,0.0
3.954067569223643e-05,1.0,1.0,0.0
3.964067569223644e-05,1.0,1.0,0.0
3.974067569223644e-05,1.0,1.0,0.0
3.984067569223644e-05,1.0,1.0,0.0
3.994067569223644e-05,1.0,1.0,0.0
4.004067569223645e-05,1.0,1.0,0.0
4.014067569223645e-05,1.0,1.0,0.0
4.024067569223645e-05,1.0,1.0,0.0
4.034067569223645e-05,1.0,1.0,0.0
4.044067569223646e-05,1.0,1.0,0.0
4.054067569223646e-05,1.0,1.0,0.0
4.064067569223646e-05,1.0,1.0,0.0
4.074067569223646e-05,1.0,1.0,0.0
4.084067569223646e-05,1.0,1.0,0.0
4.094067569223647e-05,1.0,1.0,0.0
4.104067569223647e-05,1.0,1.0,0.0
4.114067569223647e-05,1.0,1.0,0.0
4.124067569223647e-05,1.0,1.0,0.0
4.134067569223648e-05,1.0,1.0,0.0
4.144067569223648e-05,1.0,1.0,0.0
4.154067569223648e-05,1.0,1.0,0.0
4.164067569223648e-05,1.0,1.0,0.0
4.174067569223649e-05,1.0,1.0,0.0
4.184067569223649e-05,1.0,1.0,0.0
4.194067569223649e-05,1.0,1.0,0.0
4.204067569223649e-05,1.0,1.0,0.0
4.21406756922365e-05,1.0,1.0,0.0
4.22406756922365e-05,1.0,1.0,0.0
4.23406756922365e-05,1.0,1.0,0.0
4.24406756922365e-05,1.0,1.0,0.0
4.254067569223651e-05,1.0,1.0,0.0
4.264067569223651e-05,1.0,1.0,0.0
4.274067569223651e-05,1.0,1.0,0.0
4.284067569223651e-05,1.0,1.0,0.0
4.294067569223652e-05,1.0,1.0,0.0
4.304067569223652e-05,1.0,1.0,0.0
4.314067569223652e-05,1.0,1.0,0.0
4.324067569223652e-05,1.0,1.0,0.0
4.334067569223653e-05,1.0,1.0,0.0
4.344067569223653e-05,1.0,1.0,0.0
4.354067569223653e-05,1.0,1.0,0.0
4.364067569223653e-05,1.0,1.0,0.0
4.374067569223654e-05,1.0,1.0,0.0
4.384067569223654e-05,1.0,1.0,0.0
4.394067569223654e-05,1.0,1.0,0.0
4.404067569223654e-05,1.0,1.0,0.0
4.414067569223655e-05,1.0,1.0,0.0
4.424067569223655e-05,1.0,1.0,0.0
4.434067569223655e-05,1.0,1.0,0.0
4.444067569223655e-05,1.0,1.0,0.0
4.454067569223655e-05,1.0,1.0,0.0
4.464067569223656e-05,1.0,1.0,0.0
4.474067569223656e-05,1.0,1.0,0.0
4.484067569223656e-05,1.0,1.0,0.0
4.494067569223656e-05,1.0,1.0,0.0
4.504067569223657e-05,1.0,1.0,0.0
4.514067569223657e-05,1.0,1.0,0.0
4.524067569223657e-05,1.0,1.0,0.0
4.534067569223657e-05,1.0,1.0,0.0
4.544067569223658e-05,1.0,1.0,0.0
4.554067569223658e-05,1.0,1.0,0.0
4.564067569223658e-05,1.0,1.0,0.0
4.574067569223658e-05,1.0,1.0,0.0
4.584067569223659e-05,1.0,1.0,0.0
4.594067569223659e-05,1.0,1.0,0.0
4.604067569223659e-05,1.0,1.0,0.0
4.614067569223659e-05,1.0,1.0,0.0
4.62406756922366e-05,1.0,1.0,0.0
4.63406756922366e-05,1.0,1.0,0.0
4.64406756922366e-05,1.0,1.0,0.0
4.65406756922366e-05,1.0,1.0,0.0
4.664067569223661e-05,1.0,1.0,0.0
4.674067569223661e-05,1.0,1.0,0.0
4.684067569223661e-05,1.0,1.0,0.0
4.694067569223661e-05,1.0,1.0,0.0
4.704067569223662e-05,1.0,1.0,0.0
4.714067569223662e-05,1.0,1.0,0.0
4.724067569223662e-05,1.0,1.0,0.0
4.734067569223662e-05,1.0,1.0,0.0
4.744067569223663e-05,1.0,1.0,0.0
4.754067569223663e-05,1.0,1.0,0.0
4.764067569223663e-05,1.0,1.0,0.0
4.774067569223663e-05,1.0,1.0,0.0
4.784067569223664e-05,1.0,1.0,0.0
4.794067569223664e-05,1.0,1.0,0.0
4.804067569223664e-05,1.0,1.0,0.0
4.814067569223664e-05,1.0,1.0,0.0
4.824067569223664e-05,1.0,1.0,0.0
4.834067569223665e-05,1.0,1.0,0.0
4.844067569223665e-05,1.0,1.0,0.0
4.854067569223665e-05,1.0,1.0,0.0
4.864067569223665e-05,1.0,1.0,0.0
4.874067569223666e-05,1.0,1.0,0.0
4.884067569223666e-05,1.0,1.0,0.0
4.894067569223666e-05,1.0,1.0,0.0
4.904067569223666e-05,1.0,1.0,0.0
4.914067569223667e-05,1.0,1.0,0.0
4.924067569223667e-05,1.0,1.0,0.0
4.934067569223667e-05,1.0,1.0,0.0
4.944067569223667e-05,1.0,1.0,0.0
4.954067569223668e-05,1.0,1.0,0.0
4.964067569223668e-05,1.0,1.0,0.0
4.974067569223668e-05,1.0,1.0,0.0
4.984067569223668e-05,1.0,1.0,0.0
4.994067569223669e-05,1.0,1.0,0.0
5.004067569223669e-05,1.0,1.0,0.0
5.014067569223669e-05,1.0,1.0,0.0
5.024067569223669e-05,1.0,1.0,0.0
5.03406756922367e-05,1.0,1.0,0.0
5.04406756922367e-05,1.0,1.0,0.0
5.05406756922367e-05,1.0,1.0,0.0
5.06406756922367e-05,1.0,1.0,0.0
5.074067569223671e-05,1.0,1.0,0.0
5.084067569223671e-05,1.0,1.0,0.0
5.094067569223671e-05,1.0,1.0,0.0
5.104067569223671e-05,1.0,1.0,0.0
5.114067569223672e-05,1.0,1.0,0.0
5.124067569223672e-05,1.0,1.0,0.0
5.134067569223672e-05,1.0,1.0,0.0
5.144067569223672e-05,1.0,1.0,0.0
5.154067569223673e-05,1.0,1.0,0.0
5.164067569223673e-05,1.0,1.0,0.0
5.174067569223673e-05,1.0,1.0,0.0
5.184067569223673e-05,1.0,1.0,0.0
5.194067569223673e-05,1.0,1.0,0.0
5.204067569223674e-05,1.0,1.0,0.0
5.214067569223674e-05,1.0,1.0,0.0
5.224067569223674e-05,1.0,1.0,0.0
5.234067569223674e-05,1.0,1.0,0.0
5.244067569223675e-05,1.0,1.0,0.0
5.254067569223675e-05,1.0,1.0,0.0
5.264067569223675e-05,1.0,1.0,0.0
5.274067569223675e-05,1.0,1.0,0.0
5.284067569223676e-05,1.0,1.0,0.0
5.294067569223676e-05,1.0,1.0,0.0
5.304067569223676e-05,1.0,1.0,0.0
5.314067569223676e-05,1.0,1.0,0.0
5.324067569223677e-05,1.0,1.0,0.0
5.334067569223677e-05,1.0,1.0,0.0
5.344067569223677e-05,1.0,1.0,0.0
5.354067569223677e-05,1.0,1.0,0.0
5.364067569223678e-05,1.0,1.0,0.0
5.374067569223678e-05,1.0,1.0,0.0
5.384067569223678e-05,1.0,1.0,0.0
5.394067569223678e-05,1.0,1.0,0.0
5.404067569223679e-05,1.0,1.0,0.0
5.414067569223679e-05,1.0,1.0,0.0
5.424067569223679e-05,1.0,1.0,0.0
5.434067569223679e-05,1.0,1.0,0.0
5.44406756922368e-05,1.0,1.0,0.0
5.45406756922368e-05,1.0,1.0,0.0
5.46406756922368e-05,1.0,1.0,0.0
5.47406756922368e-05,1.0,1.0,0.0
5.484067569223681e-05,1.0,1.0,0.0
5.494067569223681e-05,1.0,1.0,0.0
5.504067569223681e-05,1.0,1.0,0.0
5.514067569223681e-05,1.0,1.0,0.0
5.524067569223682e-05,1.0,1.0,0.0
5.534067569223682e-05,1.0,1.0,0.0
5.544067569223682e-05,1.0,1.0,0.0
5.554067569223682e-05,1.0,1.0,0.0
5.564067569223682e-05,1.0,1.0,0.0
5.574067569223683e-05,1.0,1.0,0.0
5.584067569223683e-05,1.0,1.0,0.0
5.594067569223683e-05,1.0,1.0,0.0
5.604067569223683e-05,1.0,1.0,0.0
5.614067569223684e-05,1.0,1.0,0.0
5.624067569223684e-05,1.0,1.0,0.0
5.634067569223684e-05,1.0,1.0,0.0
5.644067569223684e-05,1.0,1.0,0.0
5.654067569223685e-05,1.0,1.0,0.0
5.664067569223685e-05,1.0,1.0,0.0
5.674067569223685e-05,1.0,1.0,0.0
5.684067569223685e-05,1.0,1.0,0.0
5.694067569223686e-05,1.0,1.0,0.0
5.704067569223686e-05,1.0,1.0,0.0
5.714067569223686e-05,1.0,1.0,0.0
5.724067569223686e-05,1.0,1.0,0.0
5.734067569223687e-05,1.0,1.0,0.0
5.744067569223687e-05,1.0,1.0,0.0
5.754067569223687e-05,1.0,1.0,0.0
5.764067569223687e-05,1.0,1.0,0.0
5.774067569223688e-05,1.0,1.0,0.0
5.784067569223688e-05,1.0,1.0,0.0
5.794067569223688e-05,1.0,1.0,0.0
5.804067569223688e-05,1.0,1.0,0.0
5.814067569223689e-05,1.0,1.0,0.0
5.824067569223689e-05,1.0,1.0,0.0
5.834067569223689e-05,1.0,1.0,0.0
5.844067569223689e-05,1.0,1.0,0.0
5.85406756922369e-05,1.0,1.0,0.0
5.86406756922369e-05,1.0,1.0,0.0
5.87406756922369e-05,1.0,1.0,0.0
5.88406756922369e-05,1.0,1.0,0.0
5.89406756922369e-05,1.0,1.0,0.0
5.904067569223691e-05,1.0,1.0,0.0
5.914067569223691e-05,1.0,1.0,0.0
5.924067569223691e-05,1.0,1.0,0.0
5.934067569223691e-05,1.0,1.0,0.0
5.944067569223692e-05,1.0,1.0,0.0
5.954067569223692e-05,1.0,1.0,0.0
5.964067569223692e-05,1.0,1.0,0.0
5.974067569223692e-05,1.0,1.0,0.0
5.984067569223693e-05,1.0,1.0,0.0
5.994067569223693e-05,1.0,1.0,0.0
6.004067569223693e-05,1.0,1.0,0.0
6.014067569223693e-05,1.0,1.0,0.0
6.024067569223694e-05,1.0,1.0,0.0
6.034067569223694e-05,1.0,1.0,0.0
6.044067569223694e-05,1.0,1.0,0.0
6.054067569223694e-05,1.0,1.0,0.0
6.064067569223695e-05,1.0,1.0,0.0
6.074067569223695e-05,1.0,1.0,0.0
6.084067569223695e-05,1.0,1.0,0.0
6.094067569223695e-05,1.0,1.0,0.0
6.104067569223696e-05,1.0,1.0,0.0
6.114067569223696e-05,1.0,1.0,0.0
6.124067569223696e-05,1.0,1.0,0.0
6.134067569223696e-05,1.0,1.0,0.0
6.144067569223697e-05,1.0,1.0,0.0
6.154067569223697e-05,1.0,1.0,0.0
6.164067569223697e-05,1.0,1.0,0.0
6.174067569223697e-05,1.0,1.0,0.0
6.184067569223698e-05,1.0,1.0,0.0
6.194067569223698e-05,1.0,1.0,0.0
6.204067569223698e-05,1.0,1.0,0.0
6.214067569223698e-05,1.0,1.0,0.0
6.224067569223699e-05,1.0,1.0,0.0
6.234067569223699e-05,1.0,1.0,0.0
6.244067569223699e-05,1.0,1.0,0.0
6.254067569223699e-05,1.0,1.0,0.0
6.2640675692237e-05,1.0,1.0,0.0
6.2740675692237e-05,1.0,1.0,0.0
6.2840675692237e-05,1.0,1.0,0.0
6.2940675692237e-05,1.0,1.0,0.0
6.3040675692237e-05,1.0,1.0,0.0
6.314067569223701e-05,1.0,1.0,0.0
6.324067569223701e-05,1.0,1.0,0.0
6.334067569223701e-05,1.0,1.0,0.0
6.344067569223701e-05,1.0,1.0,0.0
6.354067569223702e-05,1.0,1.0,0.0
6.364067569223702e-05,1.0,1.0,0.0
6.374067569223702e-05,1.0,1.0,0.0
6.384067569223702e-05,1.0,1.0,0.0
6.394067569223703e-05,1.0,1.0,0.0
6.404067569223703e-05,1.0,1.0,0.0
6.414067569223703e-05,1.0,1.0,0.0
6.424067569223703e-05,1.0,1.0,0.0
6.434067569223704e-05,1.0,1.0,0.0
6.444067569223704e-05,1.0,1.0,0.0
6.454067569223704e-05,1.0,1.0,0.0
6.464067569223704e-05,1.0,1.0,0.0
6.474067569223705e-05,1.0,1.0,0.0
6.484067569223705e-05,1.0,1.0,0.0
6.494067569223705e-05,1.0,1.0,0.0
6.504067569223705e-05,1.0,1.0,0.0
6.514067569223706e-05,1.0,1.0,0.0
6.524067569223706e-05,1.0,1.0,0.0
6.534067569223706e-05,1.0,1.0,0.0
6.544067569223706e-05,1.0,1.0,0.0
6.554067569223707e-05,1.0,1.0,0.0
6.564067569223707e-05,1.0,1.0,0.0
6.574067569223707e-05,1.0,1.0,0.0
6.584067569223707e-05,1.0,1.0,0.0
6.594067569223708e-05,1.0,1.0,0.0
6.604067569223708e-05,1.0,1.0,0.0
6.614067569223708e-05,1.0,1.0,0.0
6.624067569223708e-05,1.0,1.0,0.0
6.634067569223708e-05,1.0,1.0,0.0
6.644067569223709e-05,1.0,1.0,0.0
6.654067569223709e-05,1.0,1.0,0.0
6.664067569223709e-05,1.0,1.0,0.0
6.67406756922371e-05,1.0,1.0,0.0
6.68406756922371e-05,1.0,1.0,0.0
6.69406756922371e-05,1.0,1.0,0.0
6.70406756922371e-05,1.0,1.0,0.0
6.71406756922371e-05,1.0,1.0,0.0
6.72406756922371e-05,1.0,1.0,0.0
6.734067569223711e-05,1.0,1.0,0.0
6.744067569223711e-05,1.0,1.0,0.0
6.754067569223711e-05,1.0,1.0,0.0
6.764067569223712e-05,1.0,1.0,0.0
6.774067569223712e-05,1.0,1.0,0.0
6.784067569223712e-05,1.0,1.0,0.0
6.794067569223712e-05,1.0,1.0,0.0
6.804067569223713e-05,1.0,1.0,0.0
6.814067569223713e-05,1.0,1.0,0.0
6.824067569223713e-05,1.0,1.0,0.0
6.834067569223713e-05,1.0,1.0,0.0
6.844067569223714e-05,1.0,1.0,0.0
6.854067569223714e-05,1.0,1.0,0.0
6.864067569223714e-05,1.0,1.0,0.0
6.874067569223714e-05,1.0,1.0,0.0
6.884067569223715e-05,1.0,1.0,0.0
6.894067569223715e-05,1.0,1.0,0.0
6.904067569223715e-05,1.0,1.0,0.0
6.914067569223715e-05,1.0,1.0,0.0
6.924067569223716e-05,1.0,1.0,0.0
6.934067569223716e-05,1.0,1.0,0.0
6.944067569223716e-05,1.0,1.0,0.0
6.954067569223716e-05,1.0,1.0,0.0
6.964067569223717e-05,1.0,1.0,0.0
6.974067569223717e-05,1.0,1.0,0.0
6.984067569223717e-05,1.0,1.0,0.0
6.994067569223717e-05,1.0,1.0,0.0
7.004067569223717e-05,1.0,1.0,0.0
7.014067569223718e-05,1.0,1.0,0.0
7.024067569223718e-05,1.0,1.0,0.0
7.034067569223718e-05,1.0,1.0,0.0
7.044067569223718e-05,1.0,1.0,0.0
7.054067569223719e-05,1.0,1.0,0.0
7.064067569223719e-05,1.0,1.0,0.0
7.074067569223719e-05,1.0,1.0,0.0
7.08406756922372e-05,1.0,1.0,0.0
7.09406756922372e-05,1.0,1.0,0.0
7.10406756922372e-05,1.0,1.0,0.0
7.11406756922372e-05,1.0,1.0,0.0
7.12406756922372e-05,1.0,1.0,0.0
7.13406756922372e-05,1.0,1.0,0.0
7.144067569223721e-05,1.0,1.0,0.0
7.154067569223721e-05,1.0,1.0,0.0
7.164067569223721e-05,1.0,1.0,0.0
7.174067569223722e-05,1.0,1.0,0.0
7.184067569223722e-05,1.0,1.0,0.0
7.194067569223722e-05,1.0,1.0,0.0
7.204067569223722e-05,1.0,1.0,0.0
7.214067569223723e-05,1.0,1.0,0.0
7.224067569223723e-05,1.0,1.0,0.0
7.234067569223723e-05,1.0,1.0,0.0
7.244067569223723e-05,1.0,1.0,0.0
7.254067569223724e-05,1.0,1.0,0.0
7.264067569223724e-05,1.0,1.0,0.0
7.274067569223724e-05,1.0,1.0,0.0
7.284067569223724e-05,1.0,1.0,0.0
7.294067569223725e-05,1.0,1.0,0.0
7.304067569223725e-05,1.0,1.0,0.0
7.314067569223725e-05,1.0,1.0,0.0
7.324067569223725e-05,1.0,1.0,0.0
7.334067569223725e-05,1.0,1.0,0.0
7.344067569223726e-05,1.0,1.0,0.0
7.354067569223726e-05,1.0,1.0,0.0
7.364067569223726e-05,1.0,1.0,0.0
7.374067569223726e-05,1.0,1.0,0.0
7.384067569223727e-05,1.0,1.0,0.0
7.394067569223727e-05,1.0,1.0,0.0
7.404067569223727e-05,1.0,1.0,0.0
7.414067569223727e-05,1.0,1.0,0.0
7.424067569223728e-05,1.0,1.0,0.0
7.434067569223728e-05,1.0,1.0,0.0
7.444067569223728e-05,1.0,1.0,0.0
7.454067569223728e-05,1.0,1.0,0.0
7.464067569223729e-05,1.0,1.0,0.0
7.474067569223729e-05,1.0,1.0,0.0
7.484067569223729e-05,1.0,1.0,0.0
7.49406756922373e-05,1.0,1.0,0.0
7.50406756922373e-05,1.0,1.0,0.0
7.51406756922373e-05,1.0,1.0,0.0
7.52406756922373e-05,1.0,1.0,0.0
7.53406756922373e-05,1.0,1.0,0.0
7.54406756922373e-05,1.0,1.0,0.0
7.554067569223731e-05,1.0,1.0,0.0
7.564067569223731e-05,1.0,1.0,0.0
7.574067569223731e-05,1.0,1.0,0.0
7.584067569223732e-05,1.0,1.0,0.0
7.594067569223732e-05,1.0,1.0,0.0
7.604067569223732e-05,1.0,1.0,0.0
7.614067569223732e-05,1.0,1.0,0.0
7.624067569223733e-05,1.0,1.0,0.0
7.634067569223733e-05,1.0,1.0,0.0
7.644067569223733e-05,1.0,1.0,0.0
7.654067569223733e-05,1.0,1.0,0.0
7.664067569223734e-05,1.0,1.0,0.0
7.674067569223734e-05,1.0,1.0,0.0
7.684067569223734e-05,1.0,1.0,0.0
7.694067569223734e-05,1.0,1.0,0.0
7.704067569223734e-05,1.0,1.0,0.0
7.714067569223735e-05,1.0,1.0,0.0
7.724067569223735e-05,1.0,1.0,0.0
7.734067569223735e-05,1.0,1.0,0.0
7.744067569223735e-05,1.0,1.0,0.0
7.754067569223736e-05,1.0,1.0,0.0
7.764067569223736e-05,1.0,1.0,0.0
7.774067569223736e-05,1.0,1.0,0.0
7.784067569223736e-05,1.0,1.0,0.0
7.794067569223737e-05,1.0,1.0,0.0
7.804067569223737e-05,1.0,1.0,0.0
7.814067569223737e-05,1.0,1.0,0.0
7.824067569223737e-05,1.0,1.0,0.0
7.834067569223738e-05,1.0,1.0,0.0
7.844067569223738e-05,1.0,1.0,0.0
7.854067569223738e-05,1.0,1.0,0.0
7.864067569223738e-05,1.0,1.0,0.0
7.874067569223739e-05,1.0,1.0,0.0
7.884067569223739e-05,1.0,1.0,0.0
7.894067569223739e-05,1.0,1.0,0.0
7.90406756922374e-05,1.0,1.0,0.0
7.91406756922374e-05,1.0,1.0,0.0
7.92406756922374e-05,1.0,1.0,0.0
7.93406756922374e-05,1.0,1.0,0.0
7.94406756922374e-05,1.0,1.0,0.0
7.95406756922374e-05,1.0,1.0,0.0
7.964067569223741e-05,1.0,1.0,0.0
7.974067569223741e-05,1.0,1.0,0.0
7.984067569223741e-05,1.0,1.0,0.0
7.994067569223742e-05,1.0,1.0,0.0
8.004067569223742e-05,1.0,1.0,0.0
8.014067569223742e-05,1.0,1.0,0.0
8.024067569223742e-05,1.0,1.0,0.0
8.034067569223743e-05,1.0,1.0,0.0
8.044067569223743e-05,1.0,1.0,0.0
8.054067569223743e-05,1.0,1.0,0.0
8.064067569223743e-05,1.0,1.0,0.0
8.074067569223743e-05,1.0,1.0,0.0
8.084067569223744e-05,1.0,1.0,0.0
8.094067569223744e-05,1.0,1.0,0.0
8.104067569223744e-05,1.0,1.0,0.0
8.114067569223744e-05,1.0,1.0,0.0
8.124067569223745e-05,1.0,1.0,0.0
8.134067569223745e-05,1.0,1.0,0.0
8.144067569223745e-05,1.0,1.0,0.0
8.154067569223745e-05,1.0,1.0,0.0
8.164067569223746e-05,1.0,1.0,0.0
8.174067569223746e-05,1.0,1.0,0.0
8.184067569223746e-05,1.0,1.0,0.0
8.194067569223746e-05,1.0,1.0,0.0
8.204067569223747e-05,1.0,1.0,0.0
8.214067569223747e-05,1.0,1.0,0.0
8.224067569223747e-05,1.0,1.0,0.0
8.234067569223747e-05,1.0,1.0,0.0
8.244067569223748e-05,1.0,1.0,0.0
8.254067569223748e-05,1.0,1.0,0.0
8.264067569223748e-05,1.0,1.0,0.0
8.274067569223748e-05,1.0,1.0,0.0
8.284067569223749e-05,1.0,1.0,0.0
8.294067569223749e-05,1.0,1.0,0.0
8.304067569223749e-05,1.0,1.0,0.0
8.314067569223749e-05,1.0,1.0,0.0
8.32406756922375e-05,1.0,1.0,0.0
8.33406756922375e-05,1.0,1.0,0.0
8.34406756922375e-05,1.0,1.0,0.0
8.35406756922375e-05,1.0,1.0,0.0
8.36406756922375e-05,1.0,1.0,0.0
8.374067569223751e-05,1.0,1.0,0.0
8.384067569223751e-05,1.0,1.0,0.0
8.394067569223751e-05,1.0,1.0,0.0
8.404067569223752e-05,1.0,1.0,0.0
8.414067569223752e-05,1.0,1.0,0.0
8.424067569223752e-05,1.0,1.0,0.0
8.434067569223752e-05,1.0,1.0,0.0
8.444067569223752e-05,1.0,1.0,0.0
8.454067569223753e-05,1.0,1.0,0.0
8.464067569223753e-05,1.0,1.0,0.0
8.474067569223753e-05,1.0,1.0,0.0
8.484067569223753e-05,1.0,1.0,0.0
8.494067569223754e-05,1.0,1.0,0.0
8.504067569223754e-05,1.0,1.0,0.0
8.514067569223754e-05,1.0,1.0,0.0
8.524067569223754e-05,1.0,1.0,0.0
8.534067569223755e-05,1.0,1.0,0.0
8.544067569223755e-05,1.0,1.0,0.0
8.554067569223755e-05,1.0,1.0,0.0
8.564067569223755e-05,1.0,1.0,0.0
8.574067569223756e-05,1.0,1.0,0.0
8.584067569223756e-05,1.0,1.0,0.0
8.594067569223756e-05,1.0,1.0,0.0
8.604067569223756e-05,1.0,1.0,0.0
8.614067569223757e-05,1.0,1.0,0.0
8.624067569223757e-05,1.0,1.0,0.0
8.634067569223757e-05,1.0,1.0,0.0
8.644067569223757e-05,1.0,1.0,0.0
8.654067569223758e-05,1.0,1.0,0.0
8.664067569223758e-05,1.0,1.0,0.0
8.674067569223758e-05,1.0,1.0,0.0
8.684067569223758e-05,1.0,1.0,0.0
8.694067569223759e-05,1.0,1.0,0.0
8.704067569223759e-05,1.0,1.0,0.0
8.714067569223759e-05,1.0,1.0,0.0
8.724067569223759e-05,1.0,1.0,0.0
8.73406756922376e-05,1.0,1.0,0.0
8.74406756922376e-05,1.0,1.0,0.0
8.75406756922376e-05,1.0,1.0,0.0
8.76406756922376e-05,1.0,1.0,0.0
8.77406756922376e-05,1.0,1.0,0.0
8.784067569223761e-05,1.0,1.0,0.0
8.794067569223761e-05,1.0,1.0,0.0
8.804067569223761e-05,1.0,1.0,0.0
8.814067569223761e-05,1.0,1.0,0.0
8.824067569223762e-05,1.0,1.0,0.0
8.834067569223762e-05,1.0,1.0,0.0
8.844067569223762e-05,1.0,1.0,0.0
8.854067569223762e-05,1.0,1.0,0.0
8.864067569223763e-05,1.0,1.0,0.0
8.874067569223763e-05,1.0,1.0,0.0
8.884067569223763e-05,1.0,1.0,0.0
8.894067569223763e-05,1.0,1.0,0.0
8.904067569223764e-05,1.0,1.0,0.0
8.914067569223764e-05,1.0,1.0,0.0
8.924067569223764e-05,1.0,1.0,0.0
8.934067569223764e-05,1.0,1.0,0.0
8.944067569223765e-05,1.0,1.0,0.0
8.954067569223765e-05,1.0,1.0,0.0
8.964067569223765e-05,1.0,1.0,0.0
8.974067569223765e-05,1.0,1.0,0.0
8.984067569223766e-05,1.0,1.0,0.0
8.994067569223766e-05,1.0,1.0,0.0
9.004067569223766e-05,1.0,1.0,0.0
9.014067569223766e-05,1.0,1.0,0.0
9.024067569223767e-05,1.0,1.0,0.0
9.034067569223767e-05,1.0,1.0,0.0
9.044067569223767e-05,1.0,1.0,0.0
9.054067569223767e-05,1.0,1.0,0.0
9.064067569223768e-05,1.0,1.0,0.0
9.074067569223768e-05,1.0,1.0,0.0
9.084067569223768e-05,1.0,1.0,0.0
9.094067569223768e-05,1.0,1.0,0.0
9.104067569223769e-05,1.0,1.0,0.0
9.114067569223769e-05,1.0,1.0,0.0
9.124067569223769e-05,1.0,1.0,0.0
9.134067569223769e-05,1.0,1.0,0.0
9.14406756922377e-05,1.0,1.0,0.0
9.15406756922377e-05,1.0,1.0,0.0
9.16406756922377e-05,1.0,1.0,0.0
9.17406756922377e-05,1.0,1.0,0.0
9.18406756922377e-05,1.0,1.0,0.0
9.194067569223771e-05,1.0,1.0,0.0
9.204067569223771e-05,1.0,1.0,0.0
9.214067569223771e-05,1.0,1.0,0.0
9.224067569223771e-05,1.0,1.0,0.0
9.234067569223772e-05,1.0,1.0,0.0
9.244067569223772e-05,1.0,1.0,0.0
9.254067569223772e-05,1.0,1.0,0.0
9.264067569223772e-05,1.0,1.0,0.0
9.274067569223773e-05,1.0,1.0,0.0
9.284067569223773e-05,1.0,1.0,0.0
9.294067569223773e-05,1.0,1.0,0.0
9.304067569223773e-05,1.0,1.0,0.0
9.314067569223774e-05,1.0,1.0,0.0
9.324067569223774e-05,1.0,1.0,0.0
9.334067569223774e-05,1.0,1.0,0.0
9.344067569223774e-05,1.0,1.0,0.0
9.354067569223775e-05,1.0,1.0,0.0
9.364067569223775e-05,1.0,1.0,0.0
9.374067569223775e-05,1.0,1.0,0.0
9.384067569223775e-05,1.0,1.0,0.0
9.394067569223776e-05,1.0,1.0,0.0
9.404067569223776e-05,1.0,1.0,0.0
9.414067569223776e-05,1.0,1.0,0.0
9.424067569223776e-05,1.0,1.0,0.0
9.434067569223777e-05,1.0,1.0,0.0
9.444067569223777e-05,1.0,1.0,0.0
9.454067569223777e-05,1.0,1.0,0.0
9.464067569223777e-05,1.0,1.0,0.0
9.474067569223778e-05,1.0,1.0,0.0
9.484067569223778e-05,1.0,1.0,0.0
9.494067569223778e-05,1.0,1.0,0.0
9.504067569223778e-05,1.0,1.0,0.0
9.514067569223778e-05,1.0,1.0,0.0
9.524067569223779e-05,1.0,1.0,0.0
9.534067569223779e-05,1.0,1.0,0.0
9.544067569223779e-05,1.0,1.0,0.0
9.55406756922378e-05,1.0,1.0,0.0
9.56406756922378e-05,1.0,1.0,0.0
9.57406756922378e-05,1.0,1.0,0.0
9.58406756922378e-05,1.0,1.0,0.0
9.59406756922378e-05,1.0,1.0,0.0
9.60406756922378e-05,1.0,1.0,0.0
9.614067569223781e-05,1.0,1.0,0.0
9.624067569223781e-05,1.0,1.0,0.0
9.634067569223781e-05,1.0,1.0,0.0
9.644067569223782e-05,1.0,1.0,0.0
9.654067569223782e-05,1.0,1.0,0.0
9.664067569223782e-05,1.0,1.0,0.0
9.674067569223782e-05,1.0,1.0,0.0
9.684067569223783e-05,1.0,1.0,0.0
9.694067569223783e-05,1.0,1.0,0.0
9.704067569223783e-05,1.0,1.0,0.0
9.714067569223783e-05,1.0,1.0,0.0
9.724067569223784e-05,1.0,1.0,0.0
9.734067569223784e-05,1.0,1.0,0.0
9.744067569223784e-05,1.0,1.0,0.0
9.754067569223784e-05,1.0,1.0,0.0
9.764067569223785e-05,1.0,1.0,0.0
9.774067569223785e-05,1.0,1.0,0.0
9.784067569223785e-05,1.0,1.0,0.0
9.794067569223785e-05,1.0,1.0,0.0
9.804067569223786e-05,1.0,1.0,0.0
9.814067569223786e-05,1.0,1.0,0.0
9.824067569223786e-05,1.0,1.0,0.0
9.834067569223786e-05,1.0,1.0,0.0
9.844067569223787e-05,1.0,1.0,0.0
9.854067569223787e-05,1.0,1.0,0.0
9.864067569223787e-05,1.0,1.0,0.0
9.874067569223787e-05,1.0,1.0,0.0
9.884067569223787e-05,1.0,1.0,0.0
9.894067569223788e-05,1.0,1.0,0.0
9.904067569223788e-05,1.0,1.0,0.0
9.914067569223788e-05,1.0,1.0,0.0
9.924067569223788e-05,1.0,1.0,0.0
9.934067569223789e-05,1.0,1.0,0.0
9.944067569223789e-05,1.0,1.0,0.0
9.954067569223789e-05,1.0,1.0,0.0
9.96406756922379e-05,1.0,1.0,0.0
9.97406756922379e-05,1.0,1.0,0.0
9.98406756922379e-05,1.0,1.0,0.0
9.99406756922379e-05,1.0,1.0,0.0
0.0001000406756922379,1.0,1.0,0.0
0.0001001406756922379,1.0,1.0,0.0
0.0001002406756922379,1.0,1.0,0.0
0.0001003406756922379,1.0,1.0,0.0
0.0001004406756922379,1.0,1.0,0.0
0.0001005406756922379,1.0,1.0,0.0
0.0001006406756922379,1.0,1.0,0.0
0.0001007406756922379,1.0,1.0,0.0
0.0001008406756922379,1.0,1.0,0.0
0.0001009406756922379,1.0,1.0,0.0
0.0001010406756922379,1.0,1.0,0.0
0.0001011406756922379,1.0,1.0,0.0
0.0001012406756922379,1.0,1.0,0.0
0.0001013406756922379,1.0,1.0,0.0
0.0001014406756922379,1.0,1.0,0.0
0.0001015406756922379,1.0,1.0,0.0
0.0001016406756922379,1.0,1.0,0.0
0.0001017406756922379,1.0,1.0,0.0
0.0001018406756922379,1.0,1.0,0.0
0.000101940675692238,1.0,1.0,0.0
0.000102040675692238,1.0,1.0,0.0
0.000102140675692238,1.0,1.0,0.0
0.000102240675692238,1.0,1.0,0.0
0.000102340675692238,1.0,1.0,0.0
0.000102440675692238,1.0,1.0,0.0
0.000102540675692238,1.0,1.0,0.0
0.000102640675692238,1.0,1.0,0.0
0.000102740675692238,1.0,1.0,0.0
0.000102840675692238,1.0,1.0,0.0
0.000102940675692238,1.0,1.0,0.0
0.000103040675692238,1.0,1.0,0.0
0.000103140675692238,1.0,1.0,0.0
0.000103240675692238,1.0,1.0,0.0
0.000103340675692238,1.0,1.0,0.0
0.000103440675692238,1.0,1.0,0.0
0.000103540675692238,1.0,1.0,0.0
0.000103640675692238,1.0,1.0,0.0
0.000103740675692238,1.0,1.0,0.0
0.000103840675692238,1.0,1.0,0.0
0.000103940675692238,1.0,1.0,0.0
0.000104040675692238,1.0,1.0,0.0
0.000104140675692238,1.0,1.0,0.0
0.000104240675692238,1.0,1.0,0.0
0.000104340675692238,1.0,1.0,0.0
0.000104440675692238,1.0,1.0,0.0
0.000104540675692238,1.0,1.0,0.0
0.000104640675692238,1.0,1.0,0.0
0.000104740675692238,1.0,1.0,0.0
0.000104840675692238,1.0,1.0,0.0
0.000104940675692238,1.0,1.0,0.0
0.000105040675692238,1.0,1.0,0.0
0.000105140675692238,1.0,1.0,0.0
0.000105240675692238,1.0,1.0,0.0
0.000105340675692238,1.0,1.0,0.0
0.000105440675692238,1.0,1.0,0.0
0.000105540675692238,1.0,1.0,0.0
0.000105640675692238,1.0,1.0,0.0
0.000105740675692238,1.0,1.0,0.0
0.000105840675692238,1.0,1.0,0.0
0.000105940675692238,1.0,1.0,0.0
0.000106040675692238,1.0,1.0,0.0
0.0001061406756922381,1.0,1.0,0.0
0.0001062406756922381,1.0,1.0,0.0
0.0001063406756922381,1.0,1.0,0.0
0.0001064406756922381,1.0,1.0,0.0
0.0001065406756922381,1.0,1.0,0.0
0.0001066406756922381,1.0,1.0,0.0
0.0001067406756922381,1.0,1.0,0.0
0.0001068406756922381,1.0,1.0,0.0
0.0001069406756922381,1.0,1.0,0.0
0.0001070406756922381,1.0,1.0,0.0
0.0001071406756922381,1.0,1.0,0.0
0.0001072406756922381,1.0,1.0,0.0
0.0001073406756922381,1.0,1.0,0.0
0.0001074406756922381,1.0,1.0,0.0
0.0001075406756922381,1.0,1.0,0.0
0.0001076406756922381,1.0,1.0,0.0
0.0001077406756922381,1.0,1.0,0.0
0.0001078406756922381,1.0,1.0,0.0
0.0001079406756922381,1.0,1.0,0.0
0.0001080406756922381,1.0,1.0,0.0
0.0001081406756922381,1.0,1.0,0.0
0.0001082406756922381,1.0,1.0,0.0
0.0001083406756922381,1.0,1.0,0.0
0.0001084406756922381,1.0,1.0,0.0
0.0001085406756922381,1.0,1.0,0.0
0.0001086406756922381,1.0,1.0,0.0
0.0001087406756922381,1.0,1.0,0.0
0.0001088406756922381,1.0,1.0,0.0
0.0001089406756922381,1.0,1.0,0.0
0.0001090406756922381,1.0,1.0,0.0
0.0001091406756922381,1.0,1.0,0.0
0.0001092406756922381,1.0,1.0,0.0
0.0001093406756922381,1.0,1.0,0.0
0.0001094406756922381,1.0,1.0,0.0
0.0001095406756922381,1.0,1.0,0.0
0.0001096406756922381,1.0,1.0,0.0
0.0001097406756922381,1.0,1.0,0.0
0.0001098406756922381,1.0,1.0,0.0
0.0001099406756922381,1.0,1.0,0.0
0.0001100406756922381,1.0,1.0,0.0
0.0001101406756922381,1.0,1.0,0.0
0.0001102406756922382,1.0,1.0,0.0
0.0001103406756922382,1.0,1.0,0.0
0.0001104406756922382,1.0,1.0,0.0
0.0001105406756922382,1.0,1.0,0.0
0.0001106406756922382,1.0,1.0,0.0
0.0001107406756922382,1.0,1.0,0.0
0.0001108406756922382,1.0,1.0,0.0
0.0001109406756922382,1.0,1.0,0.0
0.0001110406756922382,1.0,1.0,0.0
0.0001111406756922382,1.0,1.0,0.0
0.0001112406756922382,1.0,1.0,0.0
0.0001113406756922382,1.0,1.0,0.0
0.0001114406756922382,1.0,1.0,0.0
0.0001115406756922382,1.0,1.0,0.0
0.0001116406756922382,1.0,1.0,0.0
0.0001117406756922382,1.0,1.0,0.0
0.0001118406756922382,1.0,1.0,0.0
0.0001119406756922382,1.0,1.0,0.0
0.0001120406756922382,1.0,1.0,0.0
0.0001121406756922382,1.0,1.0,0.0
0.0001122406756922382,1.0,1.0,0.0
0.0001123406756922382,1.0,1.0,0.0
0.0001124406756922382,1.0,1.0,0.0
0.0001125406756922382,1.0,1.0,0.0
0.0001126406756922382,1.0,1.0,0.0
0.0001127406756922382,1.0,1.0,0.0
0.0001128406756922382,1.0,1.0,0.0
0.0001129406756922382,1.0,1.0,0.0
0.0001130406756922382,1.0,1.0,0.0
0.0001131406756922382,1.0,1.0,0.0
0.0001132406756922382,1.0,1.0,0.0
0.0001133406756922382,1.0,1.0,0.0
0.0001134406756922382,1.0,1.0,0.0
0.0001135406756922382,1.0,1.0,0.0
0.0001136406756922382,1.0,1.0,0.0
0.0001137406756922382,1.0,1.0,0.0
0.0001138406756922382,1.0,1.0,0.0
0.0001139406756922382,1.0,1.0,0.0
0.0001140406756922382,1.0,1.0,0.0
0.0001141406756922382,1.0,1.0,0.0
0.0001142406756922382,1.0,1.0,0.0
0.0001143406756922383,1.0,1.0,0.0
0.0001144406756922383,1.0,1.0,0.0
0.0001145406756922383,1.0,1.0,0.0
0.0001146406756922383,1.0,1.0,0.0
0.0001147406756922383,1.0,1.0,0.0
0.0001148406756922383,1.0,1.0,0.0
0.0001149406756922383,1.0,1.0,0.0
0.0001150406756922383,1.0,1.0,0.0
0.0001151406756922383,1.0,1.0,0.0
0.0001152406756922383,1.0,1.0,0.0
0.0001153406756922383,1.0,1.0,0.0
0.0001154406756922383,1.0,1.0,0.0
0.0001155406756922383,1.0,1.0,0.0
0.0001156406756922383,1.0,1.0,0.0
0.0001157406756922383,1.0,1.0,0.0
0.0001158406756922383,1.0,1.0,0.0
0.0001159406756922383,1.0,1.0,0.0
0.0001160406756922383,1.0,1.0,0.0
0.0001161406756922383,1.0,1.0,0.0
0.0001162406756922383,1.0,1.0,0.0
0.0001163406756922383,1.0,1.0,0.0
0.0001164406756922383,1.0,1.0,0.0
0.0001165406756922383,1.0,1.0,0.0
0.0001166406756922383,1.0,1.0,0.0
0.0001167406756922383,1.0,1.0,0.0
0.0001168406756922383,1.0,1.0,0.0
0.0001169406756922383,1.0,1.0,0.0
0.0001170406756922383,1.0,1.0,0.0
0.0001171406756922383,1.0,1.0,0.0
0.0001172406756922383,1.0,1.0,0.0
0.0001173406756922383,1.0,1.0,0.0
0.0001174406756922383,1.0,1.0,0.0
0.0001175406756922383,1.0,1.0,0.0
0.0001176406756922383,1.0,1.0,0.0
0.0001177406756922383,1.0,1.0,0.0
0.0001178406756922383,1.0,1.0,0.0
0.0001179406756922383,1.0,1.0,0.0
0.0001180406756922383,1.0,1.0,0.0
0.0001181406756922383,1.0,1.0,0.0
0.0001182406756922383,1.0,1.0,0.0
0.0001183406756922383,1.0,1.0,0.0
0.0001184406756922384,1.0,1.0,0.0
0.0001185406756922384,1.0,1.0,0.0
0.0001186406756922384,1.0,1.0,0.0
0.0001187406756922384,1.0,1.0,0.0
0.0001188406756922384,1.0,1.0,0.0
0.0001189406756922384,1.0,1.0,0.0
0.0001190406756922384,1.0,1.0,0.0
0.0001191406756922384,1.0,1.0,0.0
0.0001192406756922384,1.0,1.0,0.0
0.0001193406756922384,1.0,1.0,0.0
0.0001194406756922384,1.0,1.0,0.0
0.0001195406756922384,1.0,1.0,0.0
0.0001196406756922384,1.0,1.0,0.0
0.0001197406756922384,1.0,1.0,0.0
0.0001198406756922384,1.0,1.0,0.0
0.0001199406756922384,1.0,1.0,0.0
0.0001200406756922384,1.0,1.0,0.0
0.0001201406756922384,1.0,1.0,0.0
0.0001202406756922384,1.0,1.0,0.0
0.0001203406756922384,1.0,1.0,0.0
0.0001204406756922384,1.0,1.0,0.0
0.0001205406756922384,1.0,1.0,0.0
0.0001206406756922384,1.0,1.0,0.0
0.0001207406756922384,1.0,1.0,0.0
0.0001208406756922384,1.0,1.0,0.0
0.0001209406756922384,1.0,1.0,0.0
0.0001210406756922384,1.0,1.0,0.0
0.0001211406756922384,1.0,1.0,0.0
0.0001212406756922384,1.0,1.0,0.0
0.0001213406756922384,1.0,1.0,0.0
0.0001214406756922384,1.0,1.0,0.0
0.0001215406756922384,1.0,1.0,0.0
0.0001216406756922384,1.0,1.0,0.0
0.0001217406756922384,1.0,1.0,0.0
0.0001218406756922384,1.0,1.0,0.0
0.0001219406756922384,1.0,1.0,0.0
0.0001220406756922384,1.0,1.0,0.0
0.0001221406756922384,1.0,1.0,0.0
0.0001222406756922384,1.0,1.0,0.0
0.0001223406756922384,1.0,1.0,0.0
0.0001224406756922384,1.0,1.0,0.0
0.0001225406756922384,1.0,1.0,0.0
0.0001226406756922384,1.0,1.0,0.0
0.0001227406756922384,1.0,1.0,0.0
0.0001228406756922384,1.0,1.0,0.0
0.0001229406756922384,1.0,1.0,0.0
0.0001230406756922384,1.0,1.0,0.0
0.0001231406756922385,1.0,1.0,0.0
0.0001232406756922385,1.0,1.0,0.0
0.0001233406756922385,1.0,1.0,0.0
0.0001234406756922385,1.0,1.0,0.0
0.0001235406756922385,1.0,1.0,0.0
0.0001236406756922385,1.0,1.0,0.0
0.0001237406756922385,1.0,1.0,0.0
0.0001238406756922385,1.0,1.0,0.0
0.0001239406756922385,1.0,1.0,0.0
0.0001240406756922385,1.0,1.0,0.0
0.0001241406756922385,1.0,1.0,0.0
0.0001242406756922385,1.0,1.0,0.0
0.0001243406756922385,1.0,1.0,0.0
0.0001244406756922385,1.0,1.0,0.0
0.0001245406756922385,1.0,1.0,0.0
0.0001246406756922385,1.0,1.0,0.0
0.0001247406756922385,1.0,1.0,0.0
0.0001248406756922385,1.0,1.0,0.0
0.0001249406756922385,1.0,1.0,0.0
0.0001250406756922385,1.0,1.0,0.0
0.0001251406756922385,1.0,1.0,0.0
0.0001252406756922385,1.0,1.0,0.0
0.0001253406756922385,1.0,1.0,0.0
0.0001254406756922385,1.0,1.0,0.0
0.0001255406756922385,1.0,1.0,0.0
0.0001256406756922385,1.0,1.0,0.0
0.0001257406756922385,1.0,1.0,0.0
0.0001258406756922385,1.0,1.0,0.0
0.0001259406756922385,1.0,1.0,0.0
0.0001260406756922385,1.0,1.0,0.0
0.0001261406756922385,1.0,1.0,0.0
0.0001262406756922385,1.0,1.0,0.0
0.0001263406756922385,1.0,1.0,0.0
0.0001264406756922385,1.0,1.0,0.0
0.0001265406756922385,1.0,1.0,0.0
0.0001266406756922385,1.0,1.0,0.0
0.0001267406756922385,1.0,1.0,0.0
0.0001268406756922385,1.0,1.0,0.0
0.0001269406756922385,1.0,1.0,0.0
0.0001270406756922385,1.0,1.0,0.0
0.0001271406756922385,1.0,1.0,0.0
0.0001272406756922386,1.0,1.0,0.0
0.0001273406756922386,1.0,1.0,0.0
0.0001274406756922386,1.0,1.0,0.0
0.0001275406756922386,1.0,1.0,0.0
0.0001276406756922386,1.0,1.0,0.0
0.0001277406756922386,1.0,1.0,0.0
0.0001278406756922386,1.0,1.0,0.0
0.0001279406756922386,1.0,1.0,0.0
0.0001280406756922386,1.0,1.0,0.0
0.0001281406756922386,1.0,1.0,0.0
0.0001282406756922386,1.0,1.0,0.0
0.0001283406756922386,1.0,1.0,0.0
0.0001284406756922386,1.0,1.0,0.0
0.0001285406756922386,1.0,1.0,0.0
0.0001286406756922386,1.0,1.0,0.0
0.0001287406756922386,1.0,1.0,0.0
0.0001288406756922386,1.0,1.0,0.0
0.0001289406756922386,1.0,1.0,0.0
0.0001290406756922386,1.0,1.0,0.0
0.0001291406756922386,1.0,1.0,0.0
0.0001292406756922386,1.0,1.0,0.0
0.0001293406756922386,1.0,1.0,0.0
0.0001294406756922386,1.0,1.0,0.0
0.0001295406756922386,1.0,1.0,0.0
0.0001296406756922386,1.0,1.0,0.0
0.0001297406756922386,1.0,1.0,0.0
0.0001298406756922386,1.0,1.0,0.0
0.0001299406756922386,1.0,1.0,0.0
0.0001300406756922386,1.0,1.0,0.0
0.0001301406756922386,1.0,1.0,0.0
0.0001302406756922386,1.0,1.0,0.0
0.0001303406756922386,1.0,1.0,0.0
0.0001304406756922386,1.0,1.0,0.0
0.0001305406756922386,1.0,1.0,0.0
0.0001306406756922386,1.0,1.0,0.0
0.0001307406756922386,1.0,1.0,0.0
0.0001308406756922386,1.0,1.0,0.0
0.0001309406756922386,1.0,1.0,0.0
0.0001310406756922386,1.0,1.0,0.0
0.0001311406756922386,1.0,1.0,0.0
0.0001312406756922386,1.0,1.0,0.0
0.0001313406756922387,1.0,1.0,0.0
0.0001314406756922387,1.0,1.0,0.0
0.0001315406756922387,1.0,1.0,0.0
0.0001316406756922387,1.0,1.0,0.0
0.0001317406756922387,1.0,1.0,0.0
0.0001318406756922387,1.0,1.0,0.0
0.0001319406756922387,1.0,1.0,0.0
0.0001320406756922387,1.0,1.0,0.0
0.0001321406756922387,1.0,1.0,0.0
0.0001322406756922387,1.0,1.0,0.0
0.0001323406756922387,1.0,1.0,0.0
0.0001324406756922387,1.0,1.0,0.0
0.0001325406756922387,1.0,1.0,0.0
0.0001326406756922387,1.0,1.0,0.0
0.0001327406756922387,1.0,1.0,0.0
0.0001328406756922387,1.0,1.0,0.0
0.0001329406756922387,1.0,1.0,0.0
0.0001330406756922387,1.0,1.0,0.0
0.0001331406756922387,1.0,1.0,0.0
0.0001332406756922387,1.0,1.0,0.0
0.0001333406756922387,1.0,1.0,0.0
0.0001334406756922387,1.0,1.0,0.0
0.0001335406756922387,1.0,1.0,0.0
0.0001336406756922387,1.0,1.0,0.0
0.0001337406756922387,1.0,1.0,0.0
0.0001338406756922387,1.0,1.0,0.0
0.0001339406756922387,1.0,1.0,0.0
0.0001340406756922387,1.0,1.0,0.0
0.0001341406756922387,1.0,1.0,0.0
0.0001342406756922387,1.0,1.0,0.0
0.0001343406756922387,1.0,1.0,0.0
0.0001344406756922387,1.0,1.0,0.0
0.0001345406756922387,1.0,1.0,0.0
0.0001346406756922387,1.0,1.0,0.0
0.0001347406756922387,1.0,1.0,0.0
0.0001348406756922387,1.0,1.0,0.0
0.0001349406756922387,1.0,1.0,0.0
0.0001350406756922387,1.0,1.0,0.0
0.0001351406756922387,1.0,1.0,0.0
0.0001352406756922387,1.0,1.0,0.0
0.0001353406756922387,1.0,1.0,0.0
0.0001354406756922388,1.0,1.0,0.0
0.0001355406756922388,1.0,1.0,0.0
0.0001356406756922388,1.0,1.0,0.0
0.0001357406756922388,1.0,1.0,0.0
0.0001358406756922388,1.0,1.0,0.0
0.0001359406756922388,1.0,1.0,0.0
0.0001360406756922388,1.0,1.0,0.0
0.0001361406756922388,1.0,1.0,0.0
0.0001362406756922388,1.0,1.0,0.0
0.0001363406756922388,1.0,1.0,0.0
0.0001364406756922388,1.0,1.0,0.0
0.0001365406756922388,1.0,1.0,0.0
0.0001366406756922388,1.0,1.0,0.0
0.0001367406756922388,1.0,1.0,0.0
0.0001368406756922388,1.0,1.0,0.0
0.0001369406756922388,1.0,1.0,0.0
0.0001370406756922388,1.0,1.0,0.0
0.0001371406756922388,1.0,1.0,0.0
0.0001372406756922388,1.0,1.0,0.0
0.0001373406756922388,1.0,1.0,0.0
0.0001374406756922388,1.0,1.0,0.0
0.0001375406756922388,1.0,1.0,0.0
0.0001376406756922388,1.0,1.0,0.0
0.0001377406756922388,1.0,1.0,0.0
0.0001378406756922388,1.0,1.0,0.0
0.0001379406756922388,1.0,1.0,0.0
0.0001380406756922388,1.0,1.0,0.0
0.0001381406756922388,1.0,1.0,0.0
0.0001382406756922388,1.0,1.0,0.0
0.0001383406756922388,1.0,1.0,0.0
0.0001384406756922388,1.0,1.0,0.0
0.0001385406756922388,1.0,1.0,0.0
0.0001386406756922388,1.0,1.0,0.0
0.0001387406756922388,1.0,1.0,0.0
0.0001388406756922388,1.0,1.0,0.0
0.0001389406756922388,1.0,1.0,0.0
0.0001390406756922388,1.0,1.0,0.0
0.0001391406756922388,1.0,1.0,0.0
0.0001392406756922388,1.0,1.0,0.0
0.0001393406756922388,1.0,1.0,0.0
0.0001394406756922388,1.0,1.0,0.0
0.0001395406756922389,1.0,1.0,0.0
0.0001396406756922389,1.0,1.0,0.0
0.0001397406756922389,1.0,1.0,0.0
0.0001398406756922389,1.0,1.0,0.0
0.0001399406756922389,1.0,1.0,0.0
0.0001400406756922389,1.0,1.0,0.0
0.0001401406756922389,1.0,1.0,0.0
0.0001402406756922389,1.0,1.0,0.0
0.0001403406756922389,1.0,1.0,0.0
0.0001404406756922389,1.0,1.0,0.0
0.0001405406756922389,1.0,1.0,0.0
0.0001406406756922389,1.0,1.0,0.0
0.0001407406756922389,1.0,1.0,0.0
0.0001408406756922389,1.0,1.0,0.0
0.0001409406756922389,1.0,1.0,0.0
0.0001410406756922389,1.0,1.0,0.0
0.0001411406756922389,1.0,1.0,0.0
0.0001412406756922389,1.0,1.0,0.0
0.0001413406756922389,1.0,1.0,0.0
0.0001414406756922389,1.0,1.0,0.0
0.0001415406756922389,1.0,1.0,0.0
0.0001416406756922389,1.0,1.0,0.0
0.0001417406756922389,1.0,1.0,0.0
0.0001418406756922389,1.0,1.0,0.0
0.0001419406756922389,1.0,1.0,0.0
0.0001420406756922389,1.0,1.0,0.0
0.0001421406756922389,1.0,1.0,0.0
0.0001422406756922389,1.0,1.0,0.0
0.0001423406756922389,1.0,1.0,0.0
0.0001424406756922389,1.0,1.0,0.0
0.0001425406756922389,1.0,1.0,0.0
0.0001426406756922389,1.0,1.0,0.0
0.0001427406756922389,1.0,1.0,0.0
0.0001428406756922389,1.0,1.0,0.0
0.0001429406756922389,1.0,1.0,0.0
0.0001430406756922389,1.0,1.0,0.0
0.0001431406756922389,1.0,1.0,0.0
0.0001432406756922389,1.0,1.0,0.0
0.0001433406756922389,1.0,1.0,0.0
0.0001434406756922389,1.0,1.0,0.0
0.0001435406756922389,1.0,1.0,0.0
0.000143640675692239,1.0,1.0,0.0
0.000143740675692239,1.0,1.0,0.0
0.000143840675692239,1.0,1.0,0.0
0.000143940675692239,1.0,1.0,0.0
0.000144040675692239,1.0,1.0,0.0
0.000144140675692239,1.0,1.0,0.0
0.000144240675692239,1.0,1.0,0.0
0.000144340675692239,1.0,1.0,0.0
0.000144440675692239,1.0,1.0,0.0
0.000144540675692239,1.0,1.0,0.0
0.000144640675692239,1.0,1.0,0.0
0.000144740675692239,1.0,1.0,0.0
0.000144840675692239,1.0,1.0,0.0
0.000144940675692239,1.0,1.0,0.0
0.000145040675692239,1.0,1.0,0.0
0.000145140675692239,1.0,1.0,0.0
0.000145240675692239,1.0,1.0,0.0
0.000145340675692239,1.0,1.0,0.0
0.000145440675692239,1.0,1.0,0.0
0.000145540675692239,1.0,1.0,0.0
0.000145640675692239,1.0,1.0,0.0
0.000145740675692239,1.0,1.0,0.0
0.000145840675692239,1.0,1.0,0.0
0.000145940675692239,1.0,1.0,0.0
0.000146040675692239,1.0,1.0,0.0
0.000146140675692239,1.0,1.0,0.0
0.000146240675692239,1.0,1.0,0.0
0.000146340675692239,1.0,1.0,0.0
0.000146440675692239,1.0,1.0,0.0
0.000146540675692239,1.0,1.0,0.0
0.000146640675692239,1.0,1.0,0.0
0.000146740675692239,1.0,1.0,0.0
0.000146840675692239,1.0,1.0,0.0
0.000146940675692239,1.0,1.0,0.0
0.000147040675692239,1.0,1.0,0.0
0.000147140675692239,1.0,1.0,0.0
0.000147240675692239,1.0,1.0,0.0
0.000147340675692239,1.0,1.0,0.0
0.000147440675692239,1.0,1.0,0.0
0.000147540675692239,1.0,1.0,0.0
0.000147640675692239,1.0,1.0,0.0
0.000147740675692239,1.0,1.0,0.0
0.0001478406756922391,1.0,1.0,0.0
0.0001479406756922391,1.0,1.0,0.0
0.0001480406756922391,1.0,1.0,0.0
0.0001481406756922391,1.0,1.0,0.0
0.0001482406756922391,1.0,1.0,0.0
0.0001483406756922391,1.0,1.0,0.0
0.0001484406756922391,1.0,1.0,0.0
0.0001485406756922391,1.0,1.0,0.0
0.0001486406756922391,1.0,1.0,0.0
0.0001487406756922391,1.0,1.0,0.0
0.0001488406756922391,1.0,1.0,0.0
0.0001489406756922391,1.0,1.0,0.0
0.0001490406756922391,1.0,1.0,0.0
0.0001491406756922391,1.0,1.0,0.0
0.0001492406756922391,1.0,1.0,0.0
0.0001493406756922391,1.0,1.0,0.0
0.0001494406756922391,1.0,1.0,0.0
0.0001495406756922391,1.0,1.0,0.0
0.0001496406756922391,1.0,1.0,0.0
0.0001497406756922391,1.0,1.0,0.0
0.0001498406756922391,1.0,1.0,0.0
0.0001499406756922391,1.0,1.0,0.0
0.0001500406756922391,1.0,1.0,0.0
0.0001501406756922391,1.0,1.0,0.0
0.0001502406756922391,1.0,1.0,0.0
0.0001503406756922391,1.0,1.0,0.0
0.0001504406756922391,1.0,1.0,0.0
0.0001505406756922391,1.0,1.0,0.0
0.0001506406756922391,1.0,1.0,0.0
0.0001507406756922391,1.0,1.0,0.0
0.0001508406756922391,1.0,1.0,0.0
0.0001509406756922391,1.0,1.0,0.0
0.0001510406756922391,1.0,1.0,0.0
0.0001511406756922391,1.0,1.0,0.0
0.0001512406756922391,1.0,1.0,0.0
0.0001513406756922391,1.0,1.0,0.0
0.0001514406756922391,1.0,1.0,0.0
0.0001515406756922391,1.0,1.0,0.0
0.0001516406756922391,1.0,1.0,0.0
0.0001517406756922391,1.0,1.0,0.0
0.0001518406756922391,1.0,1.0,0.0
0.0001519406756922392,1.0,1.0,0.0
0.0001520406756922392,1.0,1.0,0.0
0.0001521406756922392,1.0,1.0,0.0
0.0001522406756922392,1.0,1.0,0.0
0.0001523406756922392,1.0,1.0,0.0
0.0001524406756922392,1.0,1.0,0.0
0.0001525406756922392,1.0,1.0,0.0
0.0001526406756922392,1.0,1.0,0.0
0.0001527406756922392,1.0,1.0,0.0
0.0001528406756922392,1.0,1.0,0.0
0.0001529406756922392,1.0,1.0,0.0
0.0001530406756922392,1.0,1.0,0.0
0.0001531406756922392,1.0,1.0,0.0
0.0001532406756922392,1.0,1.0,0.0
0.0001533406756922392,1.0,1.0,0.0
0.0001534406756922392,1.0,1.0,0.0
0.0001535406756922392,1.0,1.0,0.0
0.0001536406756922392,1.0,1.0,0.0
0.0001537406756922392,1.0,1.0,0.0
0.0001538406756922392,1.0,1.0,0.0
0.0001539406756922392,1.0,1.0,0.0
0.0001540406756922392,1.0,1.0,0.0
0.0001541406756922392,1.0,1.0,0.0
0.0001542406756922392,1.0,1.0,0.0
0.0001543406756922392,1.0,1.0,0.0
0.0001544406756922392,1.0,1.0,0.0
0.0001545406756922392,1.0,1.0,0.0
0.0001546406756922392,1.0,1.0,0.0
0.0001547406756922392,1.0,1.0,0.0
0.0001548406756922392,1.0,1.0,0.0
0.0001549406756922392,1.0,1.0,0.0
0.0001550406756922392,1.0,1.0,0.0
0.0001551406756922392,1.0,1.0,0.0
0.0001552406756922392,1.0,1.0,0.0
0.0001553406756922392,1.0,1.0,0.0
0.0001554406756922392,1.0,1.0,0.0
0.0001555406756922392,1.0,1.0,0.0
0.0001556406756922392,1.0,1.0,0.0
0.0001557406756922392,1.0,1.0,0.0
0.0001558406756922392,1.0,1.0,0.0
0.0001559406756922392,1.0,1.0,0.0
0.0001560406756922393,1.0,1.0,0.0
0.0001561406756922393,1.0,1.0,0.0
0.0001562406756922393,1.0,1.0,0.0
0.0001563406756922393,1.0,1.0,0.0
0.0001564406756922393,1.0,1.0,0.0
0.0001565406756922393,1.0,1.0,0.0
0.0001566406756922393,1.0,1.0,0.0
0.0001567406756922393,1.0,1.0,0.0
0.0001568406756922393,1.0,1.0,0.0
0.0001569406756922393,1.0,1.0,0.0
0.0001570406756922393,1.0,1.0,0.0
0.0001571406756922393,1.0,1.0,0.0
0.0001572406756922393,1.0,1.0,0.0
0.0001573406756922393,1.0,1.0,0.0
0.0001574406756922393,1.0,1.0,0.0
0.0001575406756922393,1.0,1.0,0.0
0.0001576406756922393,1.0,1.0,0.0
0.0001577406756922393,1.0,1.0,0.0
0.0001578406756922393,1.0,1.0,0.0
0.0001579406756922393,1.0,1.0,0.0
0.0001580406756922393,1.0,1.0,0.0
0.0001581406756922393,1.0,1.0,0.0
0.0001582406756922393,1.0,1.0,0.0
0.0001583406756922393,1.0,1.0,0.0
0.0001584406756922393,1.0,1.0,0.0
0.0001585406756922393,1.0,1.0,0.0
0.0001586406756922393,1.0,1.0,0.0
0.0001587406756922393,1.0,1.0,0.0
0.0001588406756922393,1.0,1.0,0.0
0.0001589406756922393,1.0,1.0,0.0
0.0001590406756922393,1.0,1.0,0.0
0.0001591406756922393,1.0,1.0,0.0
0.0001592406756922393,1.0,1.0,0.0
0.0001593406756922393,1.0,1.0,0.0
0.0001594406756922393,1.0,1.0,0.0
0.0001595406756922393,1.0,1.0,0.0
0.0001596406756922393,1.0,1.0,0.0
0.0001597406756922393,1.0,1.0,0.0
0.0001598406756922393,1.0,1.0,0.0
0.0001599406756922393,1.0,1.0,0.0
0.0001600406756922393,1.0,1.0,0.0
0.0001601406756922394,1.0,1.0,0.0
0.0001602406756922394,1.0,1.0,0.0
0.0001603406756922394,1.0,1.0,0.0
0.0001604406756922394,1.0,1.0,0.0
0.0001605406756922394,1.0,1.0,0.0
0.0001606406756922394,1.0,1.0,0.0
0.0001607406756922394,1.0,1.0,0.0
0.0001608406756922394,1.0,1.0,0.0
0.0001609406756922394,1.0,1.0,0.0
0.0001610406756922394,1.0,1.0,0.0
0.0001611406756922394,1.0,1.0,0.0
0.0001612406756922394,1.0,1.0,0.0
0.0001613406756922394,1.0,1.0,0.0
0.0001614406756922394,1.0,1.0,0.0
0.0001615406756922394,1.0,1.0,0.0
0.0001616406756922394,1.0,1.0,0.0
0.0001617406756922394,1.0,1.0,0.0
0.0001618406756922394,1.0,1.0,0.0
0.0001619406756922394,1.0,1.0,0.0
0.0001620406756922394,1.0,1.0,0.0
0.0001621406756922394,1.0,1.0,0.0
0.0001622406756922394,1.0,1.0,0.0
0.0001623406756922394,1.0,1.0,0.0
0.0001624406756922394,1.0,1.0,0.0
0.0001625406756922394,1.0,1.0,0.0
0.0001626406756922394,1.0,1.0,0.0
0.0001627406756922394,1.0,1.0,0.0
0.0001628406756922394,1.0,1.0,0.0
0.0001629406756922394,1.0,1.0,0.0
0.0001630406756922394,1.0,1.0,0.0
0.0001631406756922394,1.0,1.0,0.0
0.0001632406756922394,1.0,1.0,0.0
0.0001633406756922394,1.0,1.0,0.0
0.0001634406756922394,1.0,1.0,0.0
0.0001635406756922394,1.0,1.0,0.0
0.0001636406756922394,1.0,1.0,0.0
0.0001637406756922394,1.0,1.0,0.0
0.0001638406756922394,1.0,1.0,0.0
0.0001639406756922394,1.0,1.0,0.0
0.0001640406756922394,1.0,1.0,0.0
0.0001641406756922394,1.0,1.0,0.0
0.0001642406756922395,1.0,1.0,0.0
0.0001643406756922395,1.0,1.0,0.0
0.0001644406756922395,1.0,1.0,0.0
0.0001645406756922395,1.0,1.0,0.0
0.0001646406756922395,1.0,1.0,0.0
0.0001647406756922395,1.0,1.0,0.0
0.0001648406756922395,1.0,1.0,0.0
0.0001649406756922395,1.0,1.0,0.0
0.0001650406756922395,1.0,1.0,0.0
0.0001651406756922395,1.0,1.0,0.0
0.0001652406756922395,1.0,1.0,0.0
0.0001653406756922395,1.0,1.0,0.0
0.0001654406756922395,1.0,1.0,0.0
0.0001655406756922395,1.0,1.0,0.0
0.0001656406756922395,1.0,1.0,0.0
0.0001657406756922395,1.0,1.0,0.0
0.0001658406756922395,1.0,1.0,0.0
0.0001659406756922395,1.0,1.0,0.0
0.0001660406756922395,1.0,1.0,0.0
0.0001661406756922395,1.0,1.0,0.0
0.0001662406756922395,1.0,1.0,0.0
0.0001663406756922395,1.0,1.0,0.0
0.0001664406756922395,1.0,1.0,0.0
0.0001665406756922395,1.0,1.0,0.0
0.0001666406756922395,1.0,1.0,0.0
0.0001667406756922395,1.0,1.0,0.0
0.0001668406756922395,1.0,1.0,0.0
0.0001669406756922395,1.0,1.0,0.0
0.0001670406756922395,1.0,1.0,0.0
0.0001671406756922395,1.0,1.0,0.0
0.0001672406756922395,1.0,1.0,0.0
0.0001673406756922395,1.0,1.0,0.0
0.0001674406756922395,1.0,1.0,0.0
0.0001675406756922395,1.0,1.0,0.0
0.0001676406756922395,1.0,1.0,0.0
0.0001677406756922395,1.0,1.0,0.0
0.0001678406756922395,1.0,1.0,0.0
0.0001679406756922395,1.0,1.0,0.0
0.0001680406756922395,1.0,1.0,0.0
0.0001681406756922395,1.0,1.0,0.0
0.0001682406756922395,1.0,1.0,0.0
0.0001683406756922396,1.0,1.0,0.0
0.0001684406756922396,1.0,1.0,0.0
0.0001685406756922396,1.0,1.0,0.0
0.0001686406756922396,1.0,1.0,0.0
0.0001687406756922396,1.0,1.0,0.0
0.0001688406756922396,1.0,1.0,0.0
0.0001689406756922396,1.0,1.0,0.0
0.0001690406756922396,1.0,1.0,0.0
0.0001691406756922396,1.0,1.0,0.0
0.0001692406756922396,1.0,1.0,0.0
0.0001693406756922396,1.0,1.0,0.0
0.0001694406756922396,1.0,1.0,0.0
0.0001695406756922396,1.0,1.0,0.0
0.0001696406756922396,1.0,1.0,0.0
0.0001697406756922396,1.0,1.0,0.0
0.0001698406756922396,1.0,1.0,0.0
0.0001699406756922396,1.0,1.0,0.0
0.0001700406756922396,1.0,1.0,0.0
0.0001701406756922396,1.0,1.0,0.0
0.0001702406756922396,1.0,1.0,0.0
0.0001703406756922396,1.0,1.0,0.0
0.0001704406756922396,1.0,1.0,0.0
0.0001705406756922396,1.0,1.0,0.0
0.0001706406756922396,1.0,1.0,0.0
0.0001707406756922396,1.0,1.0,0.0
0.0001708406756922396,1.0,1.0,0.0
0.0001709406756922396,1.0,1.0,0.0
0.0001710406756922396,1.0,1.0,0.0
0.0001711406756922396,1.0,1.0,0.0
0.0001712406756922396,1.0,1.0,0.0
0.0001713406756922396,1.0,1.0,0.0
0.0001714406756922396,1.0,1.0,0.0
0.0001715406756922396,1.0,1.0,0.0
0.0001716406756922396,1.0,1.0,0.0
0.0001717406756922396,1.0,1.0,0.0
0.0001718406756922396,1.0,1.0,0.0
0.0001719406756922396,1.0,1.0,0.0
0.0001720406756922396,1.0,1.0,0.0
0.0001721406756922396,1.0,1.0,0.0
0.0001722406756922396,1.0,1.0,0.0
0.0001723406756922396,1.0,1.0,0.0
0.0001724406756922397,1.0,1.0,0.0
0.0001725406756922397,1.0,1.0,0.0
0.0001726406756922397,1.0,1.0,0.0
0.0001727406756922397,1.0,1.0,0.0
0.0001728406756922397,1.0,1.0,0.0
0.0001729406756922397,1.0,1.0,0.0
0.0001730406756922397,1.0,1.0,0.0
0.0001731406756922397,1.0,1.0,0.0
0.0001732406756922397,1.0,1.0,0.0
0.0001733406756922397,1.0,1.0,0.0
0.0001734406756922397,1.0,1.0,0.0
0.0001735406756922397,1.0,1.0,0.0
0.0001736406756922397,1.0,1.0,0.0
0.0001737406756922397,1.0,1.0,0.0
0.0001738406756922397,1.0,1.0,0.0
0.0001739406756922397,1.0,1.0,0.0
0.0001740406756922397,1.0,1.0,0.0
0.0001741406756922397,1.0,1.0,0.0
0.0001742406756922397,1.0,1.0,0.0
0.0001743406756922397,1.0,1.0,0.0
0.0001744406756922397,1.0,1.0,0.0
0.0001745406756922397,1.0,1.0,0.0
0.0001746406756922397,1.0,1.0,0.0
0.0001747406756922397,1.0,1.0,0.0
0.0001748406756922397,1.0,1.0,0.0
0.0001749406756922397,1.0,1.0,0.0
0.0001750406756922397,1.0,1.0,0.0
0.0001751406756922397,1.0,1.0,0.0
0.0001752406756922397,1.0,1.0,0.0
0.0001753406756922397,1.0,1.0,0.0
0.0001754406756922397,1.0,1.0,0.0
0.0001755406756922397,1.0,1.0,0.0
0.0001756406756922397,1.0,1.0,0.0
0.0001757406756922397,1.0,1.0,0.0
0.0001758406756922397,1.0,1.0,0.0
0.0001759406756922397,1.0,1.0,0.0
0.0001760406756922397,1.0,1.0,0.0
0.0001761406756922397,1.0,1.0,0.0
0.0001762406756922397,1.0,1.0,0.0
0.0001763406756922397,1.0,1.0,0.0
0.0001764406756922397,1.0,1.0,0.0
0.0001765406756922397,1.0,1.0,0.0
0.0001766406756922398,1.0,1.0,0.0
0.0001767406756922398,1.0,1.0,0.0
0.0001768406756922398,1.0,1.0,0.0
0.0001769406756922398,1.0,1.0,0.0
0.0001770406756922398,1.0,1.0,0.0
0.0001771406756922398,1.0,1.0,0.0
0.0001772406756922398,1.0,1.0,0.0
0.0001773406756922398,1.0,1.0,0.0
0.0001774406756922398,1.0,1.0,0.0
0.0001775406756922398,1.0,1.0,0.0
0.0001776406756922398,1.0,1.0,0.0
0.0001777406756922398,1.0,1.0,0.0
0.0001778406756922398,1.0,1.0,0.0
0.0001779406756922398,1.0,1.0,0.0
0.0001780406756922398,1.0,1.0,0.0
0.0001781406756922398,1.0,1.0,0.0
0.0001782406756922398,1.0,1.0,0.0
0.0001783406756922398,1.0,1.0,0.0
0.0001784406756922398,1.0,1.0,0.0
0.0001785406756922398,1.0,1.0,0.0
0.0001786406756922398,1.0,1.0,0.0
0.0001787406756922398,1.0,1.0,0.0
0.0001788406756922398,1.0,1.0,0.0
0.0001789406756922398,1.0,1.0,0.0
0.0001790406756922398,1.0,1.0,0.0
0.0001791406756922398,1.0,1.0,0.0
0.0001792406756922398,1.0,1.0,0.0
0.0001793406756922398,1.0,1.0,0.0
0.0001794406756922398,1.0,1.0,0.0
0.0001795406756922398,1.0,1.0,0.0
0.0001796406756922398,1.0,1.0,0.0
0.0001797406756922398,1.0,1.0,0.0
0.0001798406756922398,1.0,1.0,0.0
0.0001799406756922398,1.0,1.0,0.0
0.0001800406756922398,1.0,1.0,0.0
0.0001801406756922398,1.0,1.0,0.0
0.0001802406756922398,1.0,1.0,0.0
0.0001803406756922398,1.0,1.0,0.0
0.0001804406756922398,1.0,1.0,0.0
0.0001805406756922398,1.0,1.0,0.0
0.0001806406756922398,1.0,1.0,0.0
0.0001807406756922399,1.0,1.0,0.0
0.0001808406756922399,1.0,1.0,0.0
0.0001809406756922399,1.0,1.0,0.0
0.0001810406756922399,1.0,1.0,0.0
0.0001811406756922399,1.0,1.0,0.0
0.0001812406756922399,1.0,1.0,0.0
0.0001813406756922399,1.0,1.0,0.0
0.0001814406756922399,1.0,1.0,0.0
0.0001815406756922399,1.0,1.0,0.0
0.0001816406756922399,1.0,1.0,0.0
0.0001817406756922399,1.0,1.0,0.0
0.0001818406756922399,1.0,1.0,0.0
0.0001819406756922399,1.0,1.0,0.0
0.0001820406756922399,1.0,1.0,0.0
0.0001821406756922399,1.0,1.0,0.0
0.0001822406756922399,1.0,1.0,0.0
0.0001823406756922399,1.0,1.0,0.0
0.0001824406756922399,1.0,1.0,0.0
0.0001825406756922399,1.0,1.0,0.0
0.0001826406756922399,1.0,1.0,0.0
0.0001827406756922399,1.0,1.0,0.0
0.0001828406756922399,1.0,1.0,0.0
0.0001829406756922399,1.0,1.0,0.0
0.0001830406756922399,1.0,1.0,0.0
0.0001831406756922399,1.0,1.0,0.0
0.0001832406756922399,1.0,1.0,0.0
0.0001833406756922399,1.0,1.0,0.0
0.0001834406756922399,1.0,1.0,0.0
0.0001835406756922399,1.0,1.0,0.0
0.0001836406756922399,1.0,1.0,0.0
0.0001837406756922399,1.0,1.0,0.0
0.0001838406756922399,1.0,1.0,0.0
0.0001839406756922399,1.0,1.0,0.0
0.0001840406756922399,1.0,1.0,0.0
0.0001841406756922399,1.0,1.0,0.0
0.0001842406756922399,1.0,1.0,0.0
0.0001843406756922399,1.0,1.0,0.0
0.0001844406756922399,1.0,1.0,0.0
0.0001845406756922399,1.0,1.0,0.0
0.0001846406756922399,1.0,1.0,0.0
0.0001847406756922399,1.0,1.0,0.0
0.00018484067569224,1.0,1.0,0.0
0.00018494067569224,1.0,1.0,0.0
0.00018504067569224,1.0,1.0,0.0
0.00018514067569224,1.0,1.0,0.0
0.00018524067569224,1.0,1.0,0.0
0.00018534067569224,1.0,1.0,0.0
0.00018544067569224,1.0,1.0,0.0
0.00018554067569224,1.0,1.0,0.0
0.00018564067569224,1.0,1.0,0.0
0.00018574067569224,1.0,1.0,0.0
0.00018584067569224,1.0,1.0,0.0
0.00018594067569224,1.0,1.0,0.0
0.00018604067569224,1.0,1.0,0.0
0.00018614067569224,1.0,1.0,0.0
0.00018624067569224,1.0,1.0,0.0
0.00018634067569224,1.0,1.0,0.0
0.00018644067569224,1.0,1.0,0.0
0.00018654067569224,1.0,1.0,0.0
0.00018664067569224,1.0,1.0,0.0
0.00018674067569224,1.0,1.0,0.0
0.00018684067569224,1.0,1.0,0.0
0.00018694067569224,1.0,1.0,0.0
0.00018704067569224,1.0,1.0,0.0
0.00018714067569224,1.0,1.0,0.0
0.00018724067569224,1.0,1.0,0.0
0.00018734067569224,1.0,1.0,0.0
0.00018744067569224,1.0,1.0,0.0
0.00018754067569224,1.0,1.0,0.0
0.00018764067569224,1.0,1.0,0.0
0.00018774067569224,1.0,1.0,0.0
0.00018784067569224,1.0,1.0,0.0
0.00018794067569224,1.0,1.0,0.0
0.00018804067569224,1.0,1.0,0.0
0.00018814067569224,1.0,1.0,0.0
0.00018824067569224,1.0,1.0,0.0
0.00018834067569224,1.0,1.0,0.0
0.00018844067569224,1.0,1.0,0.0
0.00018854067569224,1.0,1.0,0.0
0.00018864067569224,1.0,1.0,0.0
0.00018874067569224,1.0,1.0,0.0
0.00018884067569224,1.0,1.0,0.0
0.0001889406756922401,1.0,1.0,0.0
0.0001890406756922401,1.0,1.0,0.0
0.0001891406756922401,1.0,1.0,0.0
0.0001892406756922401,1.0,1.0,0.0
0.0001893406756922401,1.0,1.0,0.0
0.0001894406756922401,1.0,1.0,0.0
0.0001895406756922401,1.0,1.0,0.0
0.0001896406756922401,1.0,1.0,0.0
0.0001897406756922401,1.0,1.0,0.0
0.0001898406756922401,1.0,1.0,0.0
0.0001899406756922401,1.0,1.0,0.0
0.0001900406756922401,1.0,1.0,0.0
0.0001901406756922401,1.0,1.0,0.0
0.0001902406756922401,1.0,1.0,0.0
0.0001903406756922401,1.0,1.0,0.0
0.0001904406756922401,1.0,1.0,0.0
0.0001905406756922401,1.0,1.0,0.0
0.0001906406756922401,1.0,1.0,0.0
0.0001907406756922401,1.0,1.0,0.0
0.0001908406756922401,1.0,1.0,0.0
0.0001909406756922401,1.0,1.0,0.0
0.0001910406756922401,1.0,1.0,0.0
0.0001911406756922401,1.0,1.0,0.0
0.0001912406756922401,1.0,1.0,0.0
0.0001913406756922401,1.0,1.0,0.0
0.0001914406756922401,1.0,1.0,0.0
0.0001915406756922401,1.0,1.0,0.0
0.0001916406756922401,1.0,1.0,0.0
0.0001917406756922401,1.0,1.0,0.0
0.0001918406756922401,1.0,1.0,0.0
0.0001919406756922401,1.0,1.0,0.0
0.0001920406756922401,1.0,1.0,0.0
0.0001921406756922401,1.0,1.0,0.0
0.0001922406756922401,1.0,1.0,0.0
0.0001923406756922401,1.0,1.0,0.0
0.0001924406756922401,1.0,1.0,0.0
0.0001925406756922401,1.0,1.0,0.0
0.0001926406756922401,1.0,1.0,0.0
0.0001927406756922401,1.0,1.0,0.0
0.0001928406756922401,1.0,1.0,0.0
0.0001929406756922401,1.0,1.0,0.0
0.0001930406756922402,1.0,1.0,0.0
0.0001931406756922402,1.0,1.0,0.0
0.0001932406756922402,1.0,1.0,0.0
0.0001933406756922402,1.0,1.0,0.0
0.0001934406756922402,1.0,1.0,0.0
0.0001935406756922402,1.0,1.0,0.0
0.0001936406756922402,1.0,1.0,0.0
0.0001937406756922402,1.0,1.0,0.0
0.0001938406756922402,1.0,1.0,0.0
0.0001939406756922402,1.0,1.0,0.0
0.0001940406756922402,1.0,1.0,0.0
0.0001941406756922402,1.0,1.0,0.0
0.0001942406756922402,1.0,1.0,0.0
0.0001943406756922402,1.0,1.0,0.0
0.0001944406756922402,1.0,1.0,0.0
0.0001945406756922402,1.0,1.0,0.0
0.0001946406756922402,1.0,1.0,0.0
0.0001947406756922402,1.0,1.0,0.0
0.0001948406756922402,1.0,1.0,0.0
0.0001949406756922402,1.0,1.0,0.0
0.0001950406756922402,1.0,1.0,0.0
0.0001951406756922402,1.0,1.0,0.0
0.0001952406756922402,1.0,1.0,0.0
0.0001953406756922402,1.0,1.0,0.0
0.0001954406756922402,1.0,1.0,0.0
0.0001955406756922402,1.0,1.0,0.0
0.0001956406756922402,1.0,1.0,0.0
0.0001957406756922402,1.0,1.0,0.0
0.0001958406756922402,1.0,1.0,0.0
0.0001959406756922402,1.0,1.0,0.0
0.0001960406756922402,1.0,1.0,0.0
0.0001961406756922402,1.0,1.0,0.0
0.0001962406756922402,1.0,1.0,0.0
0.0001963406756922402,1.0,1.0,0.0
0.0001964406756922402,1.0,1.0,0.0
0.0001965406756922402,1.0,1.0,0.0
0.0001966406756922402,1.0,1.0,0.0
0.0001967406756922402,1.0,1.0,0.0
0.0001968406756922402,1.0,1.0,0.0
0.0001969406756922402,1.0,1.0,0.0
0.0001970406756922402,1.0,1.0,0.0
0.0001971406756922403,1.0,1.0,0.0
0.0001972406756922403,1.0,1.0,0.0
0.0001973406756922403,1.0,1.0,0.0
0.0001974406756922403,1.0,1.0,0.0
0.0001975406756922403,1.0,1.0,0.0
0.0001976406756922403,1.0,1.0,0.0
0.0001977406756922403,1.0,1.0,0.0
0.0001978406756922403,1.0,1.0,0.0
0.0001979406756922403,1.0,1.0,0.0
0.0001980406756922403,1.0,1.0,0.0
0.0001981406756922403,1.0,1.0,0.0
0.0001982406756922403,1.0,1.0,0.0
0.0001983406756922403,1.0,1.0,0.0
0.0001984406756922403,1.0,1.0,0.0
0.0001985406756922403,1.0,1.0,0.0
0.0001986406756922403,1.0,1.0,0.0
0.0001987406756922403,1.0,1.0,0.0
0.0001988406756922403,1.0,1.0,0.0
0.0001989406756922403,1.0,1.0,0.0
0.0001990406756922403,1.0,1.0,0.0
0.0001991406756922403,1.0,1.0,0.0
0.0001992406756922403,1.0,1.0,0.0
0.0001993406756922403,1.0,1.0,0.0
0.0001994406756922403,1.0,1.0,0.0
0.0001995406756922403,1.0,1.0,0.0
0.0001996406756922403,1.0,1.0,0.0
0.0001997406756922403,1.0,1.0,0.0
0.0001998406756922403,1.0,1.0,0.0
0.0001999406756922403,1.0,1.0,0.0
0.0002000406756922403,1.0,1.0,0.0
0.0002001406756922403,1.0,1.0,0.0
0.0002002406756922403,1.0,1.0,0.0
0.0002003406756922403,1.0,1.0,0.0
0.0002004406756922403,1.0,1.0,0.0
0.0002005406756922403,1.0,1.0,0.0
0.0002006406756922403,1.0,1.0,0.0
0.0002007406756922403,1.0,1.0,0.0
0.0002008406756922403,1.0,1.0,0.0
0.0002009406756922403,1.0,1.0,0.0
0.0002010406756922403,1.0,1.0,0.0
0.0002011406756922403,1.0,1.0,0.0
0.0002012406756922404,1.0,1.0,0.0
0.0002013406756922404,1.0,1.0,0.0
0.0002014406756922404,1.0,1.0,0.0
0.0002015406756922404,1.0,1.0,0.0
0.0002016406756922404,1.0,1.0,0.0
0.0002017406756922404,1.0,1.0,0.0
0.0002018406756922404,1.0,1.0,0.0
0.0002019406756922404,1.0,1.0,0.0
0.0002020406756922404,1.0,1.0,0.0
0.0002021406756922404,1.0,1.0,0.0
0.0002022406756922404,1.0,1.0,0.0
0.0002023406756922404,1.0,1.0,0.0
0.0002024406756922404,1.0,1.0,0.0
0.0002025406756922404,1.0,1.0,0.0
0.0002026406756922404,1.0,1.0,0.0
0.0002027406756922404,1.0,1.0,0.0
0.0002028406756922404,1.0,1.0,0.0
0.0002029406756922404,1.0,1.0,0.0
0.0002030406756922404,1.0,1.0,0.0
0.0002031406756922404,1.0,1.0,0.0
0.0002032406756922404,1.0,1.0,0.0
0.0002033406756922404,1.0,1.0,0.0
0.0002034406756922404,1.0,1.0,0.0
0.0002035406756922404,1.0,1.0,0.0
0.0002036406756922404,1.0,1.0,0.0
0.0002037406756922404,1.0,1.0,0.0
0.0002038406756922404,1.0,1.0,0.0
0.0002039406756922404,1.0,1.0,0.0
0.0002040406756922404,1.0,1.0,0.0
0.0002041406756922404,1.0,1.0,0.0
0.0002042406756922404,1.0,1.0,0.0
0.0002043406756922404,1.0,1.0,0.0
0.0002044406756922404,1.0,1.0,0.0
0.0002045406756922404,1.0,1.0,0.0
0.0002046406756922404,1.0,1.0,0.0
0.0002047406756922404,1.0,1.0,0.0
0.0002048406756922404,1.0,1.0,0.0
0.0002049406756922404,1.0,1.0,0.0
0.0002050406756922404,1.0,1.0,0.0
0.0002051406756922404,1.0,1.0,0.0
0.0002052406756922404,1.0,1.0,0.0
0.0002053406756922404,1.0,1.0,0.0
0.0002054406756922405,1.0,1.0,0.0
0.0002055406756922405,1.0,1.0,0.0
0.0002056406756922405,1.0,1.0,0.0
0.0002057406756922405,1.0,1.0,0.0
0.0002058406756922405,1.0,1.0,0.0
0.0002059406756922405,1.0,1.0,0.0
0.0002060406756922405,1.0,1.0,0.0
0.0002061406756922405,1.0,1.0,0.0
0.0002062406756922405,1.0,1.0,0.0
0.0002063406756922405,1.0,1.0,0.0
0.0002064406756922405,1.0,1.0,0.0
0.0002065406756922405,1.0,1.0,0.0
0.0002066406756922405,1.0,1.0,0.0
0.0002067406756922405,1.0,1.0,0.0
0.0002068406756922405,1.0,1.0,0.0
0.0002069406756922405,1.0,1.0,0.0
0.0002070406756922405,1.0,1.0,0.0
0.0002071406756922405,1.0,1.0,0.0
0.0002072406756922405,1.0,1.0,0.0
0.0002073406756922405,1.0,1.0,0.0
0.0002074406756922405,1.0,1.0,0.0
0.0002075406756922405,1.0,1.0,0.0
0.0002076406756922405,1.0,1.0,0.0
0.0002077406756922405,1.0,1.0,0.0
0.0002078406756922405,1.0,1.0,0.0
0.0002079406756922405,1.0,1.0,0.0
0.0002080406756922405,1.0,1.0,0.0
0.0002081406756922405,1.0,1.0,0.0
0.0002082406756922405,1.0,1.0,0.0
0.0002083406756922405,1.0,1.0,0.0
0.0002084406756922405,1.0,1.0,0.0
0.0002085406756922405,1.0,1.0,0.0
0.0002086406756922405,1.0,1.0,0.0
0.0002087406756922405,1.0,1.0,0.0
0.0002088406756922405,1.0,1.0,0.0
0.0002089406756922405,1.0,1.0,0.0
0.0002090406756922405,1.0,1.0,0.0
0.0002091406756922405,1.0,1.0,0.0
0.0002092406756922405,1.0,1.0,0.0
0.0002093406756922405,1.0,1.0,0.0
0.0002094406756922405,1.0,1.0,0.0
0.0002095406756922406,1.0,1.0,0.0
0.0002096406756922406,1.0,1.0,0.0
0.0002097406756922406,1.0,1.0,0.0
0.0002098406756922406,1.0,1.0,0.0
0.0002099406756922406,1.0,1.0,0.0
0.0002100406756922406,1.0,1.0,0.0
0.0002101406756922406,1.0,1.0,0.0
0.0002102406756922406,1.0,1.0,0.0
0.0002103406756922406,1.0,1.0,0.0
0.0002104406756922406,1.0,1.0,0.0
0.0002105406756922406,1.0,1.0,0.0
0.0002106406756922406,1.0,1.0,0.0
0.0002107406756922406,1.0,1.0,0.0
0.0002108406756922406,1.0,1.0,0.0
0.0002109406756922406,1.0,1.0,0.0
0.0002110406756922406,1.0,1.0,0.0
0.0002111406756922406,1.0,1.0,0.0
0.0002112406756922406,1.0,1.0,0.0
0.0002113406756922406,1.0,1.0,0.0
0.0002114406756922406,1.0,1.0,0.0
0.0002115406756922406,1.0,1.0,0.0
0.0002116406756922406,1.0,1.0,0.0
0.0002117406756922406,1.0,1.0,0.0
0.0002118406756922406,1.0,1.0,0.0
0.0002119406756922406,1.0,1.0,0.0
0.0002120406756922406,1.0,1.0,0.0
0.0002121406756922406,1.0,1.0,0.0
0.0002122406756922406,1.0,1.0,0.0
0.0002123406756922406,1.0,1.0,0.0
0.0002124406756922406,1.0,1.0,0.0
0.0002125406756922406,1.0,1.0,0.0
0.0002126406756922406,1.0,1.0,0.0
0.0002127406756922406,1.0,1.0,0.0
0.0002128406756922406,1.0,1.0,0.0
0.0002129406756922406,1.0,1.0,0.0
0.0002130406756922406,1.0,1.0,0.0
0.0002131406756922406,1.0,1.0,0.0
0.0002132406756922406,1.0,1.0,0.0
0.0002133406756922406,1.0,1.0,0.0
0.0002134406756922406,1.0,1.0,0.0
0.0002135406756922406,1.0,1.0,0.0
0.0002136406756922407,1.0,1.0,0.0
0.0002137406756922407,1.0,1.0,0.0
0.0002138406756922407,1.0,1.0,0.0
0.0002139406756922407,1.0,1.0,0.0
0.0002140406756922407,1.0,1.0,0.0
0.0002141406756922407,1.0,1.0,0.0
0.0002142406756922407,1.0,1.0,0.0
0.0002143406756922407,1.0,1.0,0.0
0.0002144406756922407,1.0,1.0,0.0
0.0002145406756922407,1.0,1.0,0.0
0.0002146406756922407,1.0,1.0,0.0
0.0002147406756922407,1.0,1.0,0.0
0.0002148406756922407,1.0,1.0,0.0
0.0002149406756922407,1.0,1.0,0.0
0.0002150406756922407,1.0,1.0,0.0
0.0002151406756922407,1.0,1.0,0.0
0.0002152406756922407,1.0,1.0,0.0
0.0002153406756922407,1.0,1.0,0.0
0.0002154406756922407,1.0,1.0,0.0
0.0002155406756922407,1.0,1.0,0.0
0.0002156406756922407,1.0,1.0,0.0
0.0002157406756922407,1.0,1.0,0.0
0.0002158406756922407,1.0,1.0,0.0
0.0002159406756922407,1.0,1.0,0.0
0.0002160406756922407,1.0,1.0,0.0
0.0002161406756922407,1.0,1.0,0.0
0.0002162406756922407,1.0,1.0,0.0
0.0002163406756922407,1.0,1.0,0.0
0.0002164406756922407,1.0,1.0,0.0
0.0002165406756922407,1.0,1.0,0.0
0.0002166406756922407,1.0,1.0,0.0
0.0002167406756922407,1.0,1.0,0.0
0.0002168406756922407,1.0,1.0,0.0
0.0002169406756922407,1.0,1.0,0.0
0.0002170406756922407,1.0,1.0,0.0
0.0002171406756922407,1.0,1.0,0.0
0.0002172406756922407,1.0,1.0,0.0
0.0002173406756922407,1.0,1.0,0.0
0.0002174406756922407,1.0,1.0,0.0
0.0002175406756922407,1.0,1.0,0.0
0.0002176406756922407,1.0,1.0,0.0
0.0002177406756922408,1.0,1.0,0.0
0.0002178406756922408,1.0,1.0,0.0
0.0002179406756922408,1.0,1.0,0.0
0.0002180406756922408,1.0,1.0,0.0
0.0002181406756922408,1.0,1.0,0.0
0.0002182406756922408,1.0,1.0,0.0
0.0002183406756922408,1.0,1.0,0.0
0.0002184406756922408,1.0,1.0,0.0
0.0002185406756922408,1.0,1.0,0.0
0.0002186406756922408,1.0,1.0,0.0
0.0002187406756922408,1.0,1.0,0.0
0.0002188406756922408,1.0,1.0,0.0
0.0002189406756922408,1.0,1.0,0.0
0.0002190406756922408,1.0,1.0,0.0
0.0002191406756922408,1.0,1.0,0.0
0.0002192406756922408,1.0,1.0,0.0
0.0002193406756922408,1.0,1.0,0.0
0.0002194406756922408,1.0,1.0,0.0
0.0002195406756922408,1.0,1.0,0.0
0.0002196406756922408,1.0,1.0,0.0
0.0002197406756922408,1.0,1.0,0.0
0.0002198406756922408,1.0,1.0,0.0
0.0002199406756922408,1.0,1.0,0.0
0.0002200406756922408,1.0,1.0,0.0
0.0002201406756922408,1.0,1.0,0.0
0.0002202406756922408,1.0,1.0,0.0
0.0002203406756922408,1.0,1.0,0.0
0.0002204406756922408,1.0,1.0,0.0
0.0002205406756922408,1.0,1.0,0.0
0.0002206406756922408,1.0,1.0,0.0
0.0002207406756922408,1.0,1.0,0.0
0.0002208406756922408,1.0,1.0,0.0
0.0002209406756922408,1.0,1.0,0.0
0.0002210406756922408,1.0,1.0,0.0
0.0002211406756922408,1.0,1.0,0.0
0.0002212406756922408,1.0,1.0,0.0
0.0002213406756922408,1.0,1.0,0.0
0.0002214406756922408,1.0,1.0,0.0
0.0002215406756922408,1.0,1.0,0.0
0.0002216406756922408,1.0,1.0,0.0
0.0002217406756922408,1.0,1.0,0.0
0.0002218406756922409,1.0,1.0,0.0
0.0002219406756922409,1.0,1.0,0.0
0.0002220406756922409,1.0,1.0,0.0
0.0002221406756922409,1.0,1.0,0.0
0.0002222406756922409,1.0,1.0,0.0
0.0002223406756922409,1.0,1.0,0.0
0.0002224406756922409,1.0,1.0,0.0
0.0002225406756922409,1.0,1.0,0.0
0.0002226406756922409,1.0,1.0,0.0
0.0002227406756922409,1.0,1.0,0.0
0.0002228406756922409,1.0,1.0,0.0
0.0002229406756922409,1.0,1.0,0.0
0.0002230406756922409,1.0,1.0,0.0
0.0002231406756922409,1.0,1.0,0.0
0.0002232406756922409,1.0,1.0,0.0
0.0002233406756922409,1.0,1.0,0.0
0.0002234406756922409,1.0,1.0,0.0
0.0002235406756922409,1.0,1.0,0.0
0.0002236406756922409,1.0,1.0,0.0
0.0002237406756922409,1.0,1.0,0.0
0.0002238406756922409,1.0,1.0,0.0
0.0002239406756922409,1.0,1.0,0.0
0.0002240406756922409,1.0,1.0,0.0
0.0002241406756922409,1.0,1.0,0.0
0.0002242406756922409,1.0,1.0,0.0
0.0002243406756922409,1.0,1.0,0.0
0.0002244406756922409,1.0,1.0,0.0
0.0002245406756922409,1.0,1.0,0.0
0.0002246406756922409,1.0,1.0,0.0
0.0002247406756922409,1.0,1.0,0.0
0.0002248406756922409,1.0,1.0,0.0
0.0002249406756922409,1.0,1.0,0.0
0.0002250406756922409,1.0,1.0,0.0
0.0002251406756922409,1.0,1.0,0.0
0.0002252406756922409,1.0,1.0,0.0
0.0002253406756922409,1.0,1.0,0.0
0.0002254406756922409,1.0,1.0,0.0
0.0002255406756922409,1.0,1.0,0.0
0.0002256406756922409,1.0,1.0,0.0
0.0002257406756922409,1.0,1.0,0.0
0.0002258406756922409,1.0,1.0,0.0
0.000225940675692241,1.0,1.0,0.0
0.000226040675692241,1.0,1.0,0.0
0.000226140675692241,1.0,1.0,0.0
0.000226240675692241,1.0,1.0,0.0
0.000226340675692241,1.0,1.0,0.0
0.000226440675692241,1.0,1.0,0.0
0.000226540675692241,1.0,1.0,0.0
0.000226640675692241,1.0,1.0,0.0
0.000226740675692241,1.0,1.0,0.0
0.000226840675692241,1.0,1.0,0.0
0.000226940675692241,1.0,1.0,0.0
0.000227040675692241,1.0,1.0,0.0
0.000227140675692241,1.0,1.0,0.0
0.000227240675692241,1.0,1.0,0.0
0.000227340675692241,1.0,1.0,0.0
0.000227440675692241,1.0,1.0,0.0
0.000227540675692241,1.0,1.0,0.0
0.000227640675692241,1.0,1.0,0.0
0.000227740675692241,1.0,1.0,0.0
0.000227840675692241,1.0,1.0,0.0
0.000227940675692241,1.0,1.0,0.0
0.000228040675692241,1.0,1.0,0.0
0.000228140675692241,1.0,1.0,0.0
0.000228240675692241,1.0,1.0,0.0
0.000228340675692241,1.0,1.0,0.0
0.000228440675692241,1.0,1.0,0.0
0.000228540675692241,1.0,1.0,0.0
0.000228640675692241,1.0,1.0,0.0
0.000228740675692241,1.0,1.0,0.0
0.000228840675692241,1.0,1.0,0.0
0.000228940675692241,1.0,1.0,0.0
0.000229040675692241,1.0,1.0,0.0
0.000229140675692241,1.0,1.0,0.0
0.000229240675692241,1.0,1.0,0.0
0.000229340675692241,1.0,1.0,0.0
0.000229440675692241,1.0,1.0,0.0
0.000229540675692241,1.0,1.0,0.0
0.000229640675692241,1.0,1.0,0.0
0.000229740675692241,1.0,1.0,0.0
0.000229840675692241,1.0,1.0,0.0
0.000229940675692241,1.0,1.0,0.0
0.0002300406756922411,1.0,1.0,0.0
0.0002301406756922411,1.0,1.0,0.0
0.0002302406756922411,1.0,1.0,0.0
0.0002303406756922411,1.0,1.0,0.0
0.0002304406756922411,1.0,1.0,0.0
0.0002305406756922411,1.0,1.0,0.0
0.0002306406756922411,1.0,1.0,0.0
0.0002307406756922411,1.0,1.0,0.0
0.0002308406756922411,1.0,1.0,0.0
0.0002309406756922411,1.0,1.0,0.0
0.0002310406756922411,1.0,1.0,0.0
0.0002311406756922411,1.0,1.0,0.0
0.0002312406756922411,1.0,1.0,0.0
0.0002313406756922411,1.0,1.0,0.0
0.0002314406756922411,1.0,1.0,0.0
0.0002315406756922411,1.0,1.0,0.0
0.0002316406756922411,1.0,1.0,0.0
0.0002317406756922411,1.0,1.0,0.0
0.0002318406756922411,1.0,1.0,0.0
0.0002319406756922411,1.0,1.0,0.0
0.0002320406756922411,1.0,1.0,0.0
0.0002321406756922411,1.0,1.0,0.0
0.0002322406756922411,1.0,1.0,0.0
0.0002323406756922411,1.0,1.0,0.0
0.0002324406756922411,1.0,1.0,0.0
0.0002325406756922411,1.0,1.0,0.0
0.0002326406756922411,1.0,1.0,0.0
0.0002327406756922411,1.0,1.0,0.0
0.0002328406756922411,1.0,1.0,0.0
0.0002329406756922411,1.0,1.0,0.0
0.0002330406756922411,1.0,1.0,0.0
0.0002331406756922411,1.0,1.0,0.0
0.0002332406756922411,1.0,1.0,0.0
0.0002333406756922411,1.0,1.0,0.0
0.0002334406756922411,1.0,1.0,0.0
0.0002335406756922411,1.0,1.0,0.0
0.0002336406756922411,1.0,1.0,0.0
0.0002337406756922411,1.0,1.0,0.0
0.0002338406756922411,1.0,1.0,0.0
0.0002339406756922411,1.0,1.0,0.0
0.0002340406756922411,1.0,1.0,0.0
0.0002341406756922411,1.0,1.0,0.0
0.0002342406756922412,1.0,1.0,0.0
0.0002343406756922412,1.0,1.0,0.0
0.0002344406756922412,1.0,1.0,0.0
0.0002345406756922412,1.0,1.0,0.0
0.0002346406756922412,1.0,1.0,0.0
0.0002347406756922412,1.0,1.0,0.0
0.0002348406756922412,1.0,1.0,0.0
0.0002349406756922412,1.0,1.0,0.0
0.0002350406756922412,1.0,1.0,0.0
0.0002351406756922412,1.0,1.0,0.0
0.0002352406756922412,1.0,1.0,0.0
0.0002353406756922412,1.0,1.0,0.0
0.0002354406756922412,1.0,1.0,0.0
0.0002355406756922412,1.0,1.0,0.0
0.0002356406756922412,1.0,1.0,0.0
0.0002357406756922412,1.0,1.0,0.0
0.0002358406756922412,1.0,1.0,0.0
0.0002359406756922412,1.0,1.0,0.0
0.0002360406756922412,1.0,1.0,0.0
0.0002361406756922412,1.0,1.0,0.0
0.0002362406756922412,1.0,1.0,0.0
0.0002363406756922412,1.0,1.0,0.0
0.0002364406756922412,1.0,1.0,0.0
0.0002365406756922412,1.0,1.0,0.0
0.0002366406756922412,1.0,1.0,0.0
0.0002367406756922412,1.0,1.0,0.0
0.0002368406756922412,1.0,1.0,0.0
0.0002369406756922412,1.0,1.0,0.0
0.0002370406756922412,1.0,1.0,0.0
0.0002371406756922412,1.0,1.0,0.0
0.0002372406756922412,1.0,1.0,0.0
0.0002373406756922412,1.0,1.0,0.0
0.0002374406756922412,1.0,1.0,0.0
0.0002375406756922412,1.0,1.0,0.0
0.0002376406756922412,1.0,1.0,0.0
0.0002377406756922412,1.0,1.0,0.0
0.0002378406756922412,1.0,1.0,0.0
0.0002379406756922412,1.0,1.0,0.0
0.0002380406756922412,1.0,1.0,0.0
0.0002381406756922412,1.0,1.0,0.0
0.0002382406756922412,1.0,1.0,0.0
0.0002383406756922413,1.0,1.0,0.0
0.0002384406756922413,1.0,1.0,0.0
0.0002385406756922413,1.0,1.0,0.0
0.0002386406756922413,1.0,1.0,0.0
0.0002387406756922413,1.0,1.0,0.0
0.0002388406756922413,1.0,1.0,0.0
0.0002389406756922413,1.0,1.0,0.0
0.0002390406756922413,1.0,1.0,0.0
0.0002391406756922413,1.0,1.0,0.0
0.0002392406756922413,1.0,1.0,0.0
0.0002393406756922413,1.0,1.0,0.0
0.0002394406756922413,1.0,1.0,0.0
0.0002395406756922413,1.0,1.0,0.0
0.0002396406756922413,1.0,1.0,0.0
0.0002397406756922413,1.0,1.0,0.0
0.0002398406756922413,1.0,1.0,0.0
0.0002399406756922413,1.0,1.0,0.0
0.0002400406756922413,1.0,1.0,0.0
0.0002401406756922413,1.0,1.0,0.0
0.0002402406756922413,1.0,1.0,0.0
0.0002403406756922413,1.0,1.0,0.0
0.0002404406756922413,1.0,1.0,0.0
0.0002405406756922413,1.0,1.0,0.0
0.0002406406756922413,1.0,1.0,0.0
0.0002407406756922413,1.0,1.0,0.0
0.0002408406756922413,1.0,1.0,0.0
0.0002409406756922413,1.0,1.0,0.0
0.0002410406756922413,1.0,1.0,0.0
0.0002411406756922413,1.0,1.0,0.0
0.0002412406756922413,1.0,1.0,0.0
0.0002413406756922413,1.0,1.0,0.0
0.0002414406756922413,1.0,1.0,0.0
0.0002415406756922413,1.0,1.0,0.0
0.0002416406756922413,1.0,1.0,0.0
0.0002417406756922413,1.0,1.0,0.0
0.0002418406756922413,1.0,1.0,0.0
0.0002419406756922413,1.0,1.0,0.0
0.0002420406756922413,1.0,1.0,0.0
0.0002421406756922413,1.0,1.0,0.0
0.0002422406756922413,1.0,1.0,0.0
0.0002423406756922413,1.0,1.0,0.0
0.0002424406756922414,1.0,1.0,0.0
0.0002425406756922414,1.0,1.0,0.0
0.0002426406756922414,1.0,1.0,0.0
0.0002427406756922414,1.0,1.0,0.0
0.0002428406756922414,1.0,1.0,0.0
0.0002429406756922414,1.0,1.0,0.0
0.0002430406756922414,1.0,1.0,0.0
0.0002431406756922414,1.0,1.0,0.0
0.0002432406756922414,1.0,1.0,0.0
0.0002433406756922414,1.0,1.0,0.0
0.0002434406756922414,1.0,1.0,0.0
0.0002435406756922414,1.0,1.0,0.0
0.0002436406756922414,1.0,1.0,0.0
0.0002437406756922414,1.0,1.0,0.0
0.0002438406756922414,1.0,1.0,0.0
0.0002439406756922414,1.0,1.0,0.0
0.0002440406756922414,1.0,1.0,0.0
0.0002441406756922414,1.0,1.0,0.0
0.0002442406756922414,1.0,1.0,0.0
0.0002443406756922414,1.0,1.0,0.0
0.0002444406756922414,1.0,1.0,0.0
0.0002445406756922414,1.0,1.0,0.0
0.0002446406756922414,1.0,1.0,0.0
0.0002447406756922414,1.0,1.0,0.0
0.0002448406756922414,1.0,1.0,0.0
0.0002449406756922414,1.0,1.0,0.0
0.0002450406756922414,1.0,1.0,0.0
0.0002451406756922414,1.0,1.0,0.0
0.0002452406756922414,1.0,1.0,0.0
0.0002453406756922414,1.0,1.0,0.0
0.0002454406756922414,1.0,1.0,0.0
0.0002455406756922414,1.0,1.0,0.0
0.0002456406756922414,1.0,1.0,0.0
0.0002457406756922414,1.0,1.0,0.0
0.0002458406756922414,1.0,1.0,0.0
0.0002459406756922414,1.0,1.0,0.0
0.0002460406756922414,1.0,1.0,0.0
0.0002461406756922414,1.0,1.0,0.0
0.0002462406756922414,1.0,1.0,0.0
0.0002463406756922414,1.0,1.0,0.0
0.0002464406756922414,1.0,1.0,0.0
0.0002465406756922414,1.0,1.0,0.0
0.0002466406756922414,1.0,1.0,0.0
0.0002467406756922414,1.0,1.0,0.0
0.0002468406756922414,1.0,1.0,0.0
0.0002469406756922414,1.0,1.0,0.0
0.0002470406756922414,1.0,1.0,0.0
0.0002471406756922414,1.0,1.0,0.0
0.0002472406756922414,1.0,1.0,0.0
0.0002473406756922414,1.0,1.0,0.0
0.0002474406756922414,1.0,1.0,0.0
0.0002475406756922414,1.0,1.0,0.0
0.0002476406756922415,1.0,1.0,0.0
0.0002477406756922415,1.0,1.0,0.0
0.0002478406756922415,1.0,1.0,0.0
0.0002479406756922415,1.0,1.0,0.0
0.0002480406756922415,1.0,1.0,0.0
0.0002481406756922415,1.0,1.0,0.0
0.0002482406756922415,1.0,1.0,0.0
0.0002483406756922415,1.0,1.0,0.0
0.0002484406756922415,1.0,1.0,0.0
0.0002485406756922415,1.0,1.0,0.0
0.0002486406756922415,1.0,1.0,0.0
0.0002487406756922415,1.0,1.0,0.0
0.0002488406756922415,1.0,1.0,0.0
0.0002489406756922415,1.0,1.0,0.0
0.0002490406756922415,1.0,1.0,0.0
0.0002491406756922415,1.0,1.0,0.0
0.0002492406756922415,1.0,1.0,0.0
0.0002493406756922415,1.0,1.0,0.0
0.0002494406756922415,1.0,1.0,0.0
0.0002495406756922415,1.0,1.0,0.0
0.0002496406756922415,1.0,1.0,0.0
0.0002497406756922415,1.0,1.0,0.0
0.0002498406756922415,1.0,1.0,0.0
0.0002499406756922415,1.0,1.0,0.0
0.0002500406756922415,1.0,1.0,0.0
0.0002501406756922415,1.0,1.0,0.0
0.0002502406756922415,1.0,1.0,0.0
0.0002503406756922415,1.0,1.0,0.0
0.0002504406756922415,1.0,1.0,0.0
0.0002505406756922415,1.0,1.0,0.0
0.0002506406756922415,1.0,1.0,0.0
0.0002507406756922415,1.0,1.0,0.0
0.0002508406756922415,1.0,1.0,0.0
0.0002509406756922415,1.0,1.0,0.0
0.0002510406756922415,1.0,1.0,0.0
0.0002511406756922415,1.0,1.0,0.0
0.0002512406756922415,1.0,1.0,0.0
0.0002513406756922415,1.0,1.0,0.0
0.0002514406756922415,1.0,1.0,0.0
0.0002515406756922415,1.0,1.0,0.0
0.0002516406756922415,1.0,1.0,0.0
0.0002517406756922416,1.0,1.0,0.0
0.0002518406756922416,1.0,1.0,0.0
0.0002519406756922416,1.0,1.0,0.0
0.0002520406756922416,1.0,1.0,0.0
0.0002521406756922416,1.0,1.0,0.0
0.0002522406756922416,1.0,1.0,0.0
0.0002523406756922416,1.0,1.0,0.0
0.0002524406756922416,1.0,1.0,0.0
0.0002525406756922416,1.0,1.0,0.0
0.0002526406756922416,1.0,1.0,0.0
0.0002527406756922416,1.0,1.0,0.0
0.0002528406756922416,1.0,1.0,0.0
0.0002529406756922416,1.0,1.0,0.0
0.0002530406756922416,1.0,1.0,0.0
0.0002531406756922416,1.0,1.0,0.0
0.0002532406756922416,1.0,1.0,0.0
0.0002533406756922416,1.0,1.0,0.0
0.0002534406756922416,1.0,1.0,0.0
0.0002535406756922416,1.0,1.0,0.0
0.0002536406756922416,1.0,1.0,0.0
0.0002537406756922416,1.0,1.0,0.0
0.0002538406756922416,1.0,1.0,0.0
0.0002539406756922416,1.0,1.0,0.0
0.0002540406756922416,1.0,1.0,0.0
0.0002541406756922416,1.0,1.0,0.0
0.0002542406756922416,1.0,1.0,0.0
0.0002543406756922416,1.0,1.0,0.0
0.0002544406756922416,1.0,1.0,0.0
0.0002545406756922416,1.0,1.0,0.0
0.0002546406756922416,1.0,1.0,0.0
0.0002547406756922416,1.0,1.0,0.0
0.0002548406756922416,1.0,1.0,0.0
0.0002549406756922416,1.0,1.0,0.0
0.0002550406756922416,1.0,1.0,0.0
0.0002551406756922416,1.0,1.0,0.0
0.0002552406756922416,1.0,1.0,0.0
0.0002553406756922416,1.0,1.0,0.0
0.0002554406756922416,1.0,1.0,0.0
0.0002555406756922416,1.0,1.0,0.0
0.0002556406756922416,1.0,1.0,0.0
0.0002557406756922416,1.0,1.0,0.0
0.0002558406756922417,1.0,1.0,0.0
0.0002559406756922417,1.0,1.0,0.0
0.0002560406756922417,1.0,1.0,0.0
0.0002561406756922417,1.0,1.0,0.0
0.0002562406756922417,1.0,1.0,0.0
0.0002563406756922417,1.0,1.0,0.0
0.0002564406756922417,1.0,1.0,0.0
0.0002565406756922417,1.0,1.0,0.0
0.0002566406756922417,1.0,1.0,0.0
0.0002567406756922417,1.0,1.0,0.0
0.0002568406756922417,1.0,1.0,0.0
0.0002569406756922417,1.0,1.0,0.0
0.0002570406756922417,1.0,1.0,0.0
0.0002571406756922417,1.0,1.0,0.0
0.0002572406756922417,1.0,1.0,0.0
0.0002573406756922417,1.0,1.0,0.0
0.0002574406756922417,1.0,1.0,0.0
0.0002575406756922417,1.0,1.0,0.0
0.0002576406756922417,1.0,1.0,0.0
0.0002577406756922417,1.0,1.0,0.0
0.0002578406756922417,1.0,1.0,0.0
0.0002579406756922417,1.0,1.0,0.0
0.0002580406756922417,1.0,1.0,0.0
0.0002581406756922417,1.0,1.0,0.0
0.0002582406756922417,1.0,1.0,0.0
0.0002583406756922417,1.0,1.0,0.0
0.0002584406756922417,1.0,1.0,0.0
0.0002585406756922417,1.0,1.0,0.0
0.0002586406756922417,1.0,1.0,0.0
0.0002587406756922417,1.0,1.0,0.0
0.0002588406756922417,1.0,1.0,0.0
0.0002589406756922417,1.0,1.0,0.0
0.0002590406756922417,1.0,1.0,0.0
0.0002591406756922417,1.0,1.0,0.0
0.0002592406756922417,1.0,1.0,0.0
0.0002593406756922417,1.0,1.0,0.0
0.0002594406756922417,1.0,1.0,0.0
0.0002595406756922417,1.0,1.0,0.0
0.0002596406756922417,1.0,1.0,0.0
0.0002597406756922417,1.0,1.0,0.0
0.0002598406756922417,1.0,1.0,0.0
0.0002599406756922417,1.0,1.0,0.0
0.0002600406756922418,1.0,1.0,0.0
0.0002601406756922418,1.0,1.0,0.0
0.0002602406756922418,1.0,1.0,0.0
0.0002603406756922418,1.0,1.0,0.0
0.0002604406756922418,1.0,1.0,0.0
0.0002605406756922418,1.0,1.0,0.0
0.0002606406756922418,1.0,1.0,0.0
0.0002607406756922418,1.0,1.0,0.0
0.0002608406756922418,1.0,1.0,0.0
0.0002609406756922418,1.0,1.0,0.0
0.0002610406756922418,1.0,1.0,0.0
0.0002611406756922418,1.0,1.0,0.0
0.0002612406756922418,1.0,1.0,0.0
0.0002613406756922418,1.0,1.0,0.0
0.0002614406756922418,1.0,1.0,0.0
0.0002615406756922418,1.0,1.0,0.0
0.0002616406756922418,1.0,1.0,0.0
0.0002617406756922418,1.0,1.0,0.0
0.0002618406756922418,1.0,1.0,0.0
0.0002619406756922418,1.0,1.0,0.0
0.0002620406756922418,1.0,1.0,0.0
0.0002621406756922418,1.0,1.0,0.0
0.0002622406756922418,1.0,1.0,0.0
0.0002623406756922418,1.0,1.0,0.0
0.0002624406756922418,1.0,1.0,0.0
0.0002625406756922418,1.0,1.0,0.0
0.0002626406756922418,1.0,1.0,0.0
0.0002627406756922418,1.0,1.0,0.0
0.0002628406756922418,1.0,1.0,0.0
0.0002629406756922418,1.0,1.0,0.0
0.0002630406756922418,1.0,1.0,0.0
0.0002631406756922418,1.0,1.0,0.0
0.0002632406756922418,1.0,1.0,0.0
0.0002633406756922418,1.0,1.0,0.0
0.0002634406756922418,1.0,1.0,0.0
0.0002635406756922418,1.0,1.0,0.0
0.0002636406756922418,1.0,1.0,0.0
0.0002637406756922418,1.0,1.0,0.0
0.0002638406756922418,1.0,1.0,0.0
0.0002639406756922418,1.0,1.0,0.0
0.0002640406756922418,1.0,1.0,0.0
0.0002641406756922419,1.0,1.0,0.0
0.0002642406756922419,1.0,1.0,0.0
0.0002643406756922419,1.0,1.0,0.0
0.0002644406756922419,1.0,1.0,0.0
0.0002645406756922419,1.0,1.0,0.0
0.0002646406756922419,1.0,1.0,0.0
0.0002647406756922419,1.0,1.0,0.0
0.0002648406756922419,1.0,1.0,0.0
0.0002649406756922419,1.0,1.0,0.0
0.0002650406756922419,1.0,1.0,0.0
0.0002651406756922419,1.0,1.0,0.0
0.0002652406756922419,1.0,1.0,0.0
0.0002653406756922419,1.0,1.0,0.0
0.0002654406756922419,1.0,1.0,0.0
0.0002655406756922419,1.0,1.0,0.0
0.0002656406756922419,1.0,1.0,0.0
0.0002657406756922419,1.0,1.0,0.0
0.0002658406756922419,1.0,1.0,0.0
0.0002659406756922419,1.0,1.0,0.0
0.0002660406756922419,1.0,1.0,0.0
0.0002661406756922419,1.0,1.0,0.0
0.0002662406756922419,1.0,1.0,0.0
0.0002663406756922419,1.0,1.0,0.0
0.0002664406756922419,1.0,1.0,0.0
0.0002665406756922419,1.0,1.0,0.0
0.0002666406756922419,1.0,1.0,0.0
0.0002667406756922419,1.0,1.0,0.0
0.0002668406756922419,1.0,1.0,0.0
0.0002669406756922419,1.0,1.0,0.0
0.0002670406756922419,1.0,1.0,0.0
0.0002671406756922419,1.0,1.0,0.0
0.0002672406756922419,1.0,1.0,0.0
0.0002673406756922419,1.0,1.0,0.0
0.0002674406756922419,1.0,1.0,0.0
0.0002675406756922419,1.0,1.0,0.0
0.0002676406756922419,1.0,1.0,0.0
0.0002677406756922419,1.0,1.0,0.0
0.0002678406756922419,1.0,1.0,0.0
0.0002679406756922419,1.0,1.0,0.0
0.0002680406756922419,1.0,1.0,0.0
0.0002681406756922419,1.0,1.0,0.0
0.000268240675692242,1.0,1.0,0.0
0.000268340675692242,1.0,1.0,0.0
0.000268440675692242,1.0,1.0,0.0
0.000268540675692242,1.0,1.0,0.0
0.000268640675692242,1.0,1.0,0.0
0.000268740675692242,1.0,1.0,0.0
0.000268840675692242,1.0,1.0,0.0
0.000268940675692242,1.0,1.0,0.0
0.000269040675692242,1.0,1.0,0.0
0.000269140675692242,1.0,1.0,0.0
0.000269240675692242,1.0,1.0,0.0
0.000269340675692242,1.0,1.0,0.0
0.000269440675692242,1.0,1.0,0.0
0.000269540675692242,1.0,1.0,0.0
0.000269640675692242,1.0,1.0,0.0
0.000269740675692242,1.0,1.0,0.0
0.000269840675692242,1.0,1.0,0.0
0.000269940675692242,1.0,1.0,0.0
0.000270040675692242,1.0,1.0,0.0
0.000270140675692242,1.0,1.0,0.0
0.000270240675692242,1.0,1.0,0.0
0.000270340675692242,1.0,1.0,0.0
0.000270440675692242,1.0,1.0,0.0
0.000270540675692242,1.0,1.0,0.0
0.000270640675692242,1.0,1.0,0.0
0.000270740675692242,1.0,1.0,0.0
0.000270840675692242,1.0,1.0,0.0
0.000270940675692242,1.0,1.0,0.0
0.000271040675692242,1.0,1.0,0.0
0.000271140675692242,1.0,1.0,0.0
0.000271240675692242,1.0,1.0,0.0
0.000271340675692242,1.0,1.0,0.0
0.000271440675692242,1.0,1.0,0.0
0.000271540675692242,1.0,1.0,0.0
0.000271640675692242,1.0,1.0,0.0
0.000271740675692242,1.0,1.0,0.0
0.000271840675692242,1.0,1.0,0.0
0.000271940675692242,1.0,1.0,0.0
0.000272040675692242,1.0,1.0,0.0
0.000272140675692242,1.0,1.0,0.0
0.000272240675692242,1.0,1.0,0.0
0.0002723406756922421,1.0,1.0,0.0
0.0002724406756922421,1.0,1.0,0.0
0.0002725406756922421,1.0,1.0,0.0
0.0002726406756922421,1.0,1.0,0.0
0.0002727406756922421,1.0,1.0,0.0
0.0002728406756922421,1.0,1.0,0.0
0.0002729406756922421,1.0,1.0,0.0
0.0002730406756922421,1.0,1.0,0.0
0.0002731406756922421,1.0,1.0,0.0
0.0002732406756922421,1.0,1.0,0.0
0.0002733406756922421,1.0,1.0,0.0
0.0002734406756922421,1.0,1.0,0.0
0.0002735406756922421,1.0,1.0,0.0
0.0002736406756922421,1.0,1.0,0.0
0.0002737406756922421,1.0,1.0,0.0
0.0002738406756922421,1.0,1.0,0.0
0.0002739406756922421,1.0,1.0,0.0
0.0002740406756922421,1.0,1.0,0.0
0.0002741406756922421,1.0,1.0,0.0
0.0002742406756922421,1.0,1.0,0.0
0.0002743406756922421,1.0,1.0,0.0
0.0002744406756922421,1.0,1.0,0.0
0.0002745406756922421,1.0,1.0,0.0
0.0002746406756922421,1.0,1.0,0.0
0.0002747406756922421,1.0,1.0,0.0
0.0002748406756922421,1.0,1.0,0.0
0.0002749406756922421,1.0,1.0,0.0
0.0002750406756922421,1.0,1.0,0.0
0.0002751406756922421,1.0,1.0,0.0
0.0002752406756922421,1.0,1.0,0.0
0.0002753406756922421,1.0,1.0,0.0
0.0002754406756922421,1.0,1.0,0.0
0.0002755406756922421,1.0,1.0,0.0
0.0002756406756922421,1.0,1.0,0.0
0.0002757406756922421,1.0,1.0,0.0
0.0002758406756922421,1.0,1.0,0.0
0.0002759406756922421,1.0,1.0,0.0
0.0002760406756922421,1.0,1.0,0.0
0.0002761406756922421,1.0,1.0,0.0
0.0002762406756922421,1.0,1.0,0.0
0.0002763406756922421,1.0,1.0,0.0
0.0002764406756922422,1.0,1.0,0.0
0.0002765406756922422,1.0,1.0,0.0
0.0002766406756922422,1.0,1.0,0.0
0.0002767406756922422,1.0,1.0,0.0
0.0002768406756922422,1.0,1.0,0.0
0.0002769406756922422,1.0,1.0,0.0
0.0002770406756922422,1.0,1.0,0.0
0.0002771406756922422,1.0,1.0,0.0
0.0002772406756922422,1.0,1.0,0.0
0.0002773406756922422,1.0,1.0,0.0
0.0002774406756922422,1.0,1.0,0.0
0.0002775406756922422,1.0,1.0,0.0
0.0002776406756922422,1.0,1.0,0.0
0.0002777406756922422,1.0,1.0,0.0
0.0002778406756922422,1.0,1.0,0.0
0.0002779406756922422,1.0,1.0,0.0
0.0002780406756922422,1.0,1.0,0.0
0.0002781406756922422,1.0,1.0,0.0
0.0002782406756922422,1.0,1.0,0.0
0.0002783406756922422,1.0,1.0,0.0
0.0002784406756922422,1.0,1.0,0.0
0.0002785406756922422,1.0,1.0,0.0
0.0002786406756922422,1.0,1.0,0.0
0.0002787406756922422,1.0,1.0,0.0
0.0002788406756922422,1.0,1.0,0.0
0.0002789406756922422,1.0,1.0,0.0
0.0002790406756922422,1.0,1.0,0.0
0.0002791406756922422,1.0,1.0,0.0
0.0002792406756922422,1.0,1.0,0.0
0.0002793406756922422,1.0,1.0,0.0
0.0002794406756922422,1.0,1.0,0.0
0.0002795406756922422,1.0,1.0,0.0
0.0002796406756922422,1.0,1.0,0.0
0.0002797406756922422,1.0,1.0,0.0
0.0002798406756922422,1.0,1.0,0.0
0.0002799406756922422,1.0,1.0,0.0
0.0002800406756922422,1.0,1.0,0.0
0.0002801406756922422,1.0,1.0,0.0
0.0002802406756922422,1.0,1.0,0.0
0.0002803406756922422,1.0,1.0,0.0
0.0002804406756922422,1.0,1.0,0.0
0.0002805406756922423,1.0,1.0,0.0
0.0002806406756922423,1.0,1.0,0.0
0.0002807406756922423,1.0,1.0,0.0
0.0002808406756922423,1.0,1.0,0.0
0.0002809406756922423,1.0,1.0,0.0
0.0002810406756922423,1.0,1.0,0.0
0.0002811406756922423,1.0,1.0,0.0
0.0002812406756922423,1.0,1.0,0.0
0.0002813406756922423,1.0,1.0,0.0
0.0002814406756922423,1.0,1.0,0.0
0.0002815406756922423,1.0,1.0,0.0
0.0002816406756922423,1.0,1.0,0.0
0.0002817406756922423,1.0,1.0,0.0
0.0002818406756922423,1.0,1.0,0.0
0.0002819406756922423,1.0,1.0,0.0
0.0002820406756922423,1.0,1.0,0.0
0.0002821406756922423,1.0,1.0,0.0
0.0002822406756922423,1.0,1.0,0.0
0.0002823406756922423,1.0,1.0,0.0
0.0002824406756922423,1.0,1.0,0.0
0.0002825406756922423,1.0,1.0,0.0
0.0002826406756922423,1.0,1.0,0.0
0.0002827406756922423,1.0,1.0,0.0
0.0002828406756922423,1.0,1.0,0.0
0.0002829406756922423,1.0,1.0,0.0
0.0002830406756922423,1.0,1.0,0.0
0.0002831406756922423,1.0,1.0,0.0
0.0002832406756922423,1.0,1.0,0.0
0.0002833406756922423,1.0,1.0,0.0
0.0002834406756922423,1.0,1.0,0.0
0.0002835406756922423,1.0,1.0,0.0
0.0002836406756922423,1.0,1.0,0.0
0.0002837406756922423,1.0,1.0,0.0
0.0002838406756922423,1.0,1.0,0.0
0.0002839406756922423,1.0,1.0,0.0
0.0002840406756922423,1.0,1.0,0.0
0.0002841406756922423,1.0,1.0,0.0
0.0002842406756922423,1.0,1.0,0.0
0.0002843406756922423,1.0,1.0,0.0
0.0002844406756922423,1.0,1.0,0.0
0.0002845406756922423,1.0,1.0,0.0
0.0002846406756922424,1.0,1.0,0.0
0.0002847406756922424,1.0,1.0,0.0
0.0002848406756922424,1.0,1.0,0.0
0.0002849406756922424,1.0,1.0,0.0
0.0002850406756922424,1.0,1.0,0.0
0.0002851406756922424,1.0,1.0,0.0
0.0002852406756922424,1.0,1.0,0.0
0.0002853406756922424,1.0,1.0,0.0
0.0002854406756922424,1.0,1.0,0.0
0.0002855406756922424,1.0,1.0,0.0
0.0002856406756922424,1.0,1.0,0.0
0.0002857406756922424,1.0,1.0,0.0
0.0002858406756922424,1.0,1.0,0.0
0.0002859406756922424,1.0,1.0,0.0
0.0002860406756922424,1.0,1.0,0.0
0.0002861406756922424,1.0,1.0,0.0
0.0002862406756922424,1.0,1.0,0.0
0.0002863406756922424,1.0,1.0,0.0
0.0002864406756922424,1.0,1.0,0.0
0.0002865406756922424,1.0,1.0,0.0
0.0002866406756922424,1.0,1.0,0.0
0.0002867406756922424,1.0,1.0,0.0
0.0002868406756922424,1.0,1.0,0.0
0.0002869406756922424,1.0,1.0,0.0
0.0002870406756922424,1.0,1.0,0.0
0.0002871406756922424,1.0,1.0,0.0
0.0002872406756922424,1.0,1.0,0.0
0.0002873406756922424,1.0,1.0,0.0
0.0002874406756922424,1.0,1.0,0.0
0.0002875406756922424,1.0,1.0,0.0
0.0002876406756922424,1.0,1.0,0.0
0.0002877406756922424,1.0,1.0,0.0
0.0002878406756922424,1.0,1.0,0.0
0.0002879406756922424,1.0,1.0,0.0
0.0002880406756922424,1.0,1.0,0.0
0.0002881406756922424,1.0,1.0,0.0
0.0002882406756922424,1.0,1.0,0.0
0.0002883406756922424,1.0,1.0,0.0
0.0002884406756922424,1.0,1.0,0.0
0.0002885406756922424,1.0,1.0,0.0
0.0002886406756922424,1.0,1.0,0.0
0.0002887406756922425,1.0,1.0,0.0
0.0002888406756922425,1.0,1.0,0.0
0.0002889406756922425,1.0,1.0,0.0
0.0002890406756922425,1.0,1.0,0.0
0.0002891406756922425,1.0,1.0,0.0
0.0002892406756922425,1.0,1.0,0.0
0.0002893406756922425,1.0,1.0,0.0
0.0002894406756922425,1.0,1.0,0.0
0.0002895406756922425,1.0,1.0,0.0
0.0002896406756922425,1.0,1.0,0.0
0.0002897406756922425,1.0,1.0,0.0
0.0002898406756922425,1.0,1.0,0.0
0.0002899406756922425,1.0,1.0,0.0
0.0002900406756922425,1.0,1.0,0.0
0.0002901406756922425,1.0,1.0,0.0
0.0002902406756922425,1.0,1.0,0.0
0.0002903406756922425,1.0,1.0,0.0
0.0002904406756922425,1.0,1.0,0.0
0.0002905406756922425,1.0,1.0,0.0
0.0002906406756922425,1.0,1.0,0.0
0.0002907406756922425,1.0,1.0,0.0
0.0002908406756922425,1.0,1.0,0.0
0.0002909406756922425,1.0,1.0,0.0
0.0002910406756922425,1.0,1.0,0.0
0.0002911406756922425,1.0,1.0,0.0
0.0002912406756922425,1.0,1.0,0.0
0.0002913406756922425,1.0,1.0,0.0
0.0002914406756922425,1.0,1.0,0.0
0.0002915406756922425,1.0,1.0,0.0
0.0002916406756922425,1.0,1.0,0.0
0.0002917406756922425,1.0,1.0,0.0
0.0002918406756922425,1.0,1.0,0.0
0.0002919406756922425,1.0,1.0,0.0
0.0002920406756922425,1.0,1.0,0.0
0.0002921406756922425,1.0,1.0,0.0
0.0002922406756922425,1.0,1.0,0.0
0.0002923406756922425,1.0,1.0,0.0
0.0002924406756922425,1.0,1.0,0.0
0.0002925406756922425,1.0,1.0,0.0
0.0002926406756922425,1.0,1.0,0.0
0.0002927406756922425,1.0,1.0,0.0
0.0002928406756922425,1.0,1.0,0.0
0.0002929406756922426,1.0,1.0,0.0
0.0002930406756922426,1.0,1.0,0.0
0.0002931406756922426,1.0,1.0,0.0
0.0002932406756922426,1.0,1.0,0.0
0.0002933406756922426,1.0,1.0,0.0
0.0002934406756922426,1.0,1.0,0.0
0.0002935406756922426,1.0,1.0,0.0
0.0002936406756922426,1.0,1.0,0.0
0.0002937406756922426,1.0,1.0,0.0
0.0002938406756922426,1.0,1.0,0.0
0.0002939406756922426,1.0,1.0,0.0
0.0002940406756922426,1.0,1.0,0.0
0.0002941406756922426,1.0,1.0,0.0
0.0002942406756922426,1.0,1.0,0.0
0.0002943406756922426,1.0,1.0,0.0
0.0002944406756922426,1.0,1.0,0.0
0.0002945406756922426,1.0,1.0,0.0
0.0002946406756922426,1.0,1.0,0.0
0.0002947406756922426,1.0,1.0,0.0
0.0002948406756922426,1.0,1.0,0.0
0.0002949406756922426,1.0,1.0,0.0
0.0002950406756922426,1.0,1.0,0.0
0.0002951406756922426,1.0,1.0,0.0
0.0002952406756922426,1.0,1.0,0.0
0.0002953406756922426,1.0,1.0,0.0
0.0002954406756922426,1.0,1.0,0.0
0.0002955406756922426,1.0,1.0,0.0
0.0002956406756922426,1.0,1.0,0.0
0.0002957406756922426,1.0,1.0,0.0
0.0002958406756922426,1.0,1.0,0.0
0.0002959406756922426,1.0,1.0,0.0
0.0002960406756922426,1.0,1.0,0.0
0.0002961406756922426,1.0,1.0,0.0
0.0002962406756922426,1.0,1.0,0.0
0.0002963406756922426,1.0,1.0,0.0
0.0002964406756922426,1.0,1.0,0.0
0.0002965406756922426,1.0,1.0,0.0
0.0002966406756922426,1.0,1.0,0.0
0.0002967406756922426,1.0,1.0,0.0
0.0002968406756922426,1.0,1.0,0.0
0.0002969406756922426,1.0,1.0,0.0
0.0002970406756922427,1.0,1.0,0.0
0.0002971406756922427,1.0,1.0,0.0
0.0002972406756922427,1.0,1.0,0.0
0.0002973406756922427,1.0,1.0,0.0
0.0002974406756922427,1.0,1.0,0.0
0.0002975406756922427,1.0,1.0,0.0
0.0002976406756922427,1.0,1.0,0.0
0.0002977406756922427,1.0,1.0,0.0
0.0002978406756922427,1.0,1.0,0.0
0.0002979406756922427,1.0,1.0,0.0
0.0002980406756922427,1.0,1.0,0.0
0.0002981406756922427,1.0,1.0,0.0
0.0002982406756922427,1.0,1.0,0.0
0.0002983406756922427,1.0,1.0,0.0
0.0002984406756922427,1.0,1.0,0.0
0.0002985406756922427,1.0,1.0,0.0
0.0002986406756922427,1.0,1.0,0.0
0.0002987406756922427,1.0,1.0,0.0
0.0002988406756922427,1.0,1.0,0.0
0.0002989406756922427,1.0,1.0,0.0
0.0002990406756922427,1.0,1.0,0.0
0.0002991406756922427,1.0,1.0,0.0
0.0002992406756922427,1.0,1.0,0.0
0.0002993406756922427,1.0,1.0,0.0
0.0002994406756922427,1.0,1.0,0.0
0.0002995406756922427,1.0,1.0,0.0
0.0002996406756922427,1.0,1.0,0.0
0.0002997406756922427,1.0,1.0,0.0
0.0002998406756922427,1.0,1.0,0.0
0.0002999406756922427,1.0,1.0,0.0
0.0003000406756922427,1.0,1.0,0.0
0.0003001406756922427,1.0,1.0,0.0
0.0003002406756922427,1.0,1.0,0.0
0.0003003406756922427,1.0,1.0,0.0
0.0003004406756922427,1.0,1.0,0.0
0.0003005406756922427,1.0,1.0,0.0
0.0003006406756922427,1.0,1.0,0.0
0.0003007406756922427,1.0,1.0,0.0
0.0003008406756922427,1.0,1.0,0.0
0.0003009406756922427,1.0,1.0,0.0
0.0003010406756922427,1.0,1.0,0.0
0.0003011406756922428,1.0,1.0,0.0
0.0003012406756922428,1.0,1.0,0.0
0.0003013406756922428,1.0,1.0,0.0
0.0003014406756922428,1.0,1.0,0.0
0.0003015406756922428,1.0,1.0,0.0
0.0003016406756922428,1.0,1.0,0.0
0.0003017406756922428,1.0,1.0,0.0
0.0003018406756922428,1.0,1.0,0.0
0.0003019406756922428,1.0,1.0,0.0
0.0003020406756922428,1.0,1.0,0.0
0.0003021406756922428,1.0,1.0,0.0
0.0003022406756922428,1.0,1.0,0.0
0.0003023406756922428,1.0,1.0,0.0
0.0003024406756922428,1.0,1.0,0.0
0.0003025406756922428,1.0,1.0,0.0
0.0003026406756922428,1.0,1.0,0.0
0.0003027406756922428,1.0,1.0,0.0
0.0003028406756922428,1.0,1.0,0.0
0.0003029406756922428,1.0,1.0,0.0
0.0003030406756922428,1.0,1.0,0.0
0.0003031406756922428,1.0,1.0,0.0
0.0003032406756922428,1.0,1.0,0.0
0.0003033406756922428,1.0,1.0,0.0
0.0003034406756922428,1.0,1.0,0.0
0.0003035406756922428,1.0,1.0,0.0
0.0003036406756922428,1.0,1.0,0.0
0.0003037406756922428,1.0,1.0,0.0
0.0003038406756922428,1.0,1.0,0.0
0.0003039406756922428,1.0,1.0,0.0
0.0003040406756922428,1.0,1.0,0.0
0.0003041406756922428,1.0,1.0,0.0
0.0003042406756922428,1.0,1.0,0.0
0.0003043406756922428,1.0,1.0,0.0
0.0003044406756922428,1.0,1.0,0.0
0.0003045406756922428,1.0,1.0,0.0
0.0003046406756922428,1.0,1.0,0.0
0.0003047406756922428,1.0,1.0,0.0
0.0003048406756922428,1.0,1.0,0.0
0.0003049406756922428,1.0,1.0,0.0
0.0003050406756922428,1.0,1.0,0.0
0.0003051406756922428,1.0,1.0,0.0
0.0003052406756922429,1.0,1.0,0.0
0.0003053406756922429,1.0,1.0,0.0
0.0003054406756922429,1.0,1.0,0.0
0.0003055406756922429,1.0,1.0,0.0
0.0003056406756922429,1.0,1.0,0.0
0.0003057406756922429,1.0,1.0,0.0
0.0003058406756922429,1.0,1.0,0.0
0.0003059406756922429,1.0,1.0,0.0
0.0003060406756922429,1.0,1.0,0.0
0.0003061406756922429,1.0,1.0,0.0
0.0003062406756922429,1.0,1.0,0.0
0.0003063406756922429,1.0,1.0,0.0
0.0003064406756922429,1.0,1.0,0.0
0.0003065406756922429,1.0,1.0,0.0
0.0003066406756922429,1.0,1.0,0.0
0.0003067406756922429,1.0,1.0,0.0
0.0003068406756922429,1.0,1.0,0.0
0.0003069406756922429,1.0,1.0,0.0
0.0003070406756922429,1.0,1.0,0.0
0.0003071406756922429,1.0,1.0,0.0
0.0003072406756922429,1.0,1.0,0.0
0.0003073406756922429,1.0,1.0,0.0
0.0003074406756922429,1.0,1.0,0.0
0.0003075406756922429,1.0,1.0,0.0
0.0003076406756922429,1.0,1.0,0.0
0.0003077406756922429,1.0,1.0,0.0
0.0003078406756922429,1.0,1.0,0.0
0.0003079406756922429,1.0,1.0,0.0
0.0003080406756922429,1.0,1.0,0.0
0.0003081406756922429,1.0,1.0,0.0
0.0003082406756922429,1.0,1.0,0.0
0.0003083406756922429,1.0,1.0,0.0
0.0003084406756922429,1.0,1.0,0.0
0.0003085406756922429,1.0,1.0,0.0
0.0003086406756922429,1.0,1.0,0.0
0.0003087406756922429,1.0,1.0,0.0
0.0003088406756922429,1.0,1.0,0.0
0.0003089406756922429,1.0,1.0,0.0
0.0003090406756922429,1.0,1.0,0.0
0.0003091406756922429,1.0,1.0,0.0
0.0003092406756922429,1.0,1.0,0.0
0.000309340675692243,1.0,1.0,0.0
0.000309440675692243,1.0,1.0,0.0
0.000309540675692243,1.0,1.0,0.0
0.000309640675692243,1.0,1.0,0.0
0.000309740675692243,1.0,1.0,0.0
0.000309840675692243,1.0,1.0,0.0
0.000309940675692243,1.0,1.0,0.0
0.000310040675692243,1.0,1.0,0.0
0.000310140675692243,1.0,1.0,0.0
0.000310240675692243,1.0,1.0,0.0
0.000310340675692243,1.0,1.0,0.0
0.000310440675692243,1.0,1.0,0.0
0.000310540675692243,1.0,1.0,0.0
0.000310640675692243,1.0,1.0,0.0
0.000310740675692243,1.0,1.0,0.0
0.000310840675692243,1.0,1.0,0.0
0.000310940675692243,1.0,1.0,0.0
0.000311040675692243,1.0,1.0,0.0
0.000311140675692243,1.0,1.0,0.0
0.000311240675692243,1.0,1.0,0.0
0.000311340675692243,1.0,1.0,0.0
0.000311440675692243,1.0,1.0,0.0
0.000311540675692243,1.0,1.0,0.0
0.000311640675692243,1.0,1.0,0.0
0.000311740675692243,1.0,1.0,0.0
0.000311840675692243,1.0,1.0,0.0
0.000311940675692243,1.0,1.0,0.0
0.000312040675692243,1.0,1.0,0.0
0.000312140675692243,1.0,1.0,0.0
0.000312240675692243,1.0,1.0,0.0
0.000312340675692243,1.0,1.0,0.0
0.000312440675692243,1.0,1.0,0.0
0.000312540675692243,1.0,1.0,0.0
0.000312640675692243,1.0,1.0,0.0
0.000312740675692243,1.0,1.0,0.0
0.000312840675692243,1.0,1.0,0.0
0.000312940675692243,1.0,1.0,0.0
0.000313040675692243,1.0,1.0,0.0
0.000313140675692243,1.0,1.0,0.0
0.000313240675692243,1.0,1.0,0.0
0.000313340675692243,1.0,1.0,0.0
0.0003134406756922431,1.0,1.0,0.0
0.0003135406756922431,1.0,1.0,0.0
0.0003136406756922431,1.0,1.0,0.0
0.0003137406756922431,1.0,1.0,0.0
0.0003138406756922431,1.0,1.0,0.0
0.0003139406756922431,1.0,1.0,0.0
0.0003140406756922431,1.0,1.0,0.0
0.0003141406756922431,1.0,1.0,0.0
0.0003142406756922431,1.0,1.0,0.0
0.0003143406756922431,1.0,1.0,0.0
0.0003144406756922431,1.0,1.0,0.0
0.0003145406756922431,1.0,1.0,0.0
0.0003146406756922431,1.0,1.0,0.0
0.0003147406756922431,1.0,1.0,0.0
0.0003148406756922431,1.0,1.0,0.0
0.0003149406756922431,1.0,1.0,0.0
0.0003150406756922431,1.0,1.0,0.0
0.0003151406756922431,1.0,1.0,0.0
0.0003152406756922431,1.0,1.0,0.0
0.0003153406756922431,1.0,1.0,0.0
0.0003154406756922431,1.0,1.0,0.0
0.0003155406756922431,1.0,1.0,0.0
0.0003156406756922431,1.0,1.0,0.0
0.0003157406756922431,1.0,1.0,0.0
0.0003158406756922431,1.0,1.0,0.0
0.0003159406756922431,1.0,1.0,0.0
0.0003160406756922431,1.0,1.0,0.0
0.0003161406756922431,1.0,1.0,0.0
0.0003162406756922431,1.0,1.0,0.0
0.0003163406756922431,1.0,1.0,0.0
0.0003164406756922431,1.0,1.0,0.0
0.0003165406756922431,1.0,1.0,0.0
0.0003166406756922431,1.0,1.0,0.0
0.0003167406756922431,1.0,1.0,0.0
0.0003168406756922431,1.0,1.0,0.0
0.0003169406756922431,1.0,1.0,0.0
0.0003170406756922431,1.0,1.0,0.0
0.0003171406756922431,1.0,1.0,0.0
0.0003172406756922431,1.0,1.0,0.0
0.0003173406756922431,1.0,1.0,0.0
0.0003174406756922431,1.0,1.0,0.0
0.0003175406756922432,1.0,1.0,0.0
0.0003176406756922432,1.0,1.0,0.0
0.0003177406756922432,1.0,1.0,0.0
0.0003178406756922432,1.0,1.0,0.0
0.0003179406756922432,1.0,1.0,0.0
0.0003180406756922432,1.0,1.0,0.0
0.0003181406756922432,1.0,1.0,0.0
0.0003182406756922432,1.0,1.0,0.0
0.0003183406756922432,1.0,1.0,0.0
0.0003184406756922432,1.0,1.0,0.0
0.0003185406756922432,1.0,1.0,0.0
0.0003186406756922432,1.0,1.0,0.0
0.0003187406756922432,1.0,1.0,0.0
0.0003188406756922432,1.0,1.0,0.0
0.0003189406756922432,1.0,1.0,0.0
0.0003190406756922432,1.0,1.0,0.0
0.0003191406756922432,1.0,1.0,0.0
0.0003192406756922432,1.0,1.0,0.0
0.0003193406756922432,1.0,1.0,0.0
0.0003194406756922432,1.0,1.0,0.0
0.0003195406756922432,1.0,1.0,0.0
0.0003196406756922432,1.0,1.0,0.0
0.0003197406756922432,1.0,1.0,0.0
0.0003198406756922432,1.0,1.0,0.0
0.0003199406756922432,1.0,1.0,0.0
0.0003200406756922432,1.0,1.0,0.0
0.0003201406756922432,1.0,1.0,0.0
0.0003202406756922432,1.0,1.0,0.0
0.0003203406756922432,1.0,1.0,0.0
0.0003204406756922432,1.0,1.0,0.0
0.0003205406756922432,1.0,1.0,0.0
0.0003206406756922432,1.0,1.0,0.0
0.0003207406756922432,1.0,1.0,0.0
0.0003208406756922432,1.0,1.0,0.0
0.0003209406756922432,1.0,1.0,0.0
0.0003210406756922432,1.0,1.0,0.0
0.0003211406756922432,1.0,1.0,0.0
0.0003212406756922432,1.0,1.0,0.0
0.0003213406756922432,1.0,1.0,0.0
0.0003214406756922432,1.0,1.0,0.0
0.0003215406756922432,1.0,1.0,0.0
0.0003216406756922432,1.0,1.0,0.0
0.0003217406756922433,1.0,1.0,0.0
0.0003218406756922433,1.0,1.0,0.0
0.0003219406756922433,1.0,1.0,0.0
0.0003220406756922433,1.0,1.0,0.0
0.0003221406756922433,1.0,1.0,0.0
0.0003222406756922433,1.0,1.0,0.0
0.0003223406756922433,1.0,1.0,0.0
0.0003224406756922433,1.0,1.0,0.0
0.0003225406756922433,1.0,1.0,0.0
0.0003226406756922433,1.0,1.0,0.0
0.0003227406756922433,1.0,1.0,0.0
0.0003228406756922433,1.0,1.0,0.0
0.0003229406756922433,1.0,1.0,0.0
0.0003230406756922433,1.0,1.0,0.0
0.0003231406756922433,1.0,1.0,0.0
0.0003232406756922433,1.0,1.0,0.0
0.0003233406756922433,1.0,1.0,0.0
0.0003234406756922433,1.0,1.0,0.0
0.0003235406756922433,1.0,1.0,0.0
0.0003236406756922433,1.0,1.0,0.0
0.0003237406756922433,1.0,1.0,0.0
0.0003238406756922433,1.0,1.0,0.0
0.0003239406756922433,1.0,1.0,0.0
0.0003240406756922433,1.0,1.0,0.0
0.0003241406756922433,1.0,1.0,0.0
0.0003242406756922433,1.0,1.0,0.0
0.0003243406756922433,1.0,1.0,0.0
0.0003244406756922433,1.0,1.0,0.0
0.0003245406756922433,1.0,1.0,0.0
0.0003246406756922433,1.0,1.0,0.0
0.0003247406756922433,1.0,1.0,0.0
0.0003248406756922433,1.0,1.0,0.0
0.0003249406756922433,1.0,1.0,0.0
0.0003250406756922433,1.0,1.0,0.0
0.0003251406756922433,1.0,1.0,0.0
0.0003252406756922433,1.0,1.0,0.0
0.0003253406756922433,1.0,1.0,0.0
0.0003254406756922433,1.0,1.0,0.0
0.0003255406756922433,1.0,1.0,0.0
0.0003256406756922433,1.0,1.0,0.0
0.0003257406756922433,1.0,1.0,0.0
0.0003258406756922434,1.0,1.0,0.0
0.0003259406756922434,1.0,1.0,0.0
0.0003260406756922434,1.0,1.0,0.0
0.0003261406756922434,1.0,1.0,0.0
0.0003262406756922434,1.0,1.0,0.0
0.0003263406756922434,1.0,1.0,0.0
0.0003264406756922434,1.0,1.0,0.0
0.0003265406756922434,1.0,1.0,0.0
0.0003266406756922434,1.0,1.0,0.0
0.0003267406756922434,1.0,1.0,0.0
0.0003268406756922434,1.0,1.0,0.0
0.0003269406756922434,1.0,1.0,0.0
0.0003270406756922434,1.0,1.0,0.0
0.0003271406756922434,1.0,1.0,0.0
0.0003272406756922434,1.0,1.0,0.0
0.0003273406756922434,1.0,1.0,0.0
0.0003274406756922434,1.0,1.0,0.0
0.0003275406756922434,1.0,1.0,0.0
0.0003276406756922434,1.0,1.0,0.0
0.0003277406756922434,1.0,1.0,0.0
0.0003278406756922434,1.0,1.0,0.0
0.0003279406756922434,1.0,1.0,0.0
0.0003280406756922434,1.0,1.0,0.0
0.0003281406756922434,1.0,1.0,0.0
0.0003282406756922434,1.0,1.0,0.0
0.0003283406756922434,1.0,1.0,0.0
0.0003284406756922434,1.0,1.0,0.0
0.0003285406756922434,1.0,1.0,0.0
0.0003286406756922434,1.0,1.0,0.0
0.0003287406756922434,1.0,1.0,0.0
0.0003288406756922434,1.0,1.0,0.0
0.0003289406756922434,1.0,1.0,0.0
0.0003290406756922434,1.0,1.0,0.0
0.0003291406756922434,1.0,1.0,0.0
0.0003292406756922434,1.0,1.0,0.0
0.0003293406756922434,1.0,1.0,0.0
0.0003294406756922434,1.0,1.0,0.0
0.0003295406756922434,1.0,1.0,0.0
0.0003296406756922434,1.0,1.0,0.0
0.0003297406756922434,1.0,1.0,0.0
0.0003298406756922434,1.0,1.0,0.0
0.0003299406756922435,1.0,1.0,0.0
0.0003300406756922435,1.0,1.0,0.0
0.0003301406756922435,1.0,1.0,0.0
0.0003302406756922435,1.0,1.0,0.0
0.0003303406756922435,1.0,1.0,0.0
0.0003304406756922435,1.0,1.0,0.0
0.0003305406756922435,1.0,1.0,0.0
0.0003306406756922435,1.0,1.0,0.0
0.0003307406756922435,1.0,1.0,0.0
0.0003308406756922435,1.0,1.0,0.0
0.0003309406756922435,1.0,1.0,0.0
0.0003310406756922435,1.0,1.0,0.0
0.0003311406756922435,1.0,1.0,0.0
0.0003312406756922435,1.0,1.0,0.0
0.0003313406756922435,1.0,1.0,0.0
0.0003314406756922435,1.0,1.0,0.0
0.0003315406756922435,1.0,1.0,0.0
0.0003316406756922435,1.0,1.0,0.0
0.0003317406756922435,1.0,1.0,0.0
0.0003318406756922435,1.0,1.0,0.0
0.0003319406756922435,1.0,1.0,0.0
0.0003320406756922435,1.0,1.0,0.0
0.0003321406756922435,1.0,1.0,0.0
0.0003322406756922435,1.0,1.0,0.0
0.0003323406756922435,1.0,1.0,0.0
0.0003324406756922435,1.0,1.0,0.0
0.0003325406756922435,1.0,1.0,0.0
0.0003326406756922435,1.0,1.0,0.0
0.0003327406756922435,1.0,1.0,0.0
0.0003328406756922435,1.0,1.0,0.0
0.0003329406756922435,1.0,1.0,0.0
0.0003330406756922435,1.0,1.0,0.0
0.0003331406756922435,1.0,1.0,0.0
0.0003332406756922435,1.0,1.0,0.0
0.0003333406756922435,1.0,1.0,0.0
0.0003334406756922435,1.0,1.0,0.0
0.0003335406756922435,1.0,1.0,0.0
0.0003336406756922435,1.0,1.0,0.0
0.0003337406756922435,1.0,1.0,0.0
0.0003338406756922435,1.0,1.0,0.0
0.0003339406756922435,1.0,1.0,0.0
0.0003340406756922436,1.0,1.0,0.0
0.0003341406756922436,1.0,1.0,0.0
0.0003342406756922436,1.0,1.0,0.0
0.0003343406756922436,1.0,1.0,0.0
0.0003344406756922436,1.0,1.0,0.0
0.0003345406756922436,1.0,1.0,0.0
0.0003346406756922436,1.0,1.0,0.0
0.0003347406756922436,1.0,1.0,0.0
0.0003348406756922436,1.0,1.0,0.0
0.0003349406756922436,1.0,1.0,0.0
0.0003350406756922436,1.0,1.0,0.0
0.0003351406756922436,1.0,1.0,0.0
0.0003352406756922436,1.0,1.0,0.0
0.0003353406756922436,1.0,1.0,0.0
0.0003354406756922436,1.0,1.0,0.0
0.0003355406756922436,1.0,1.0,0.0
0.0003356406756922436,1.0,1.0,0.0
0.0003357406756922436,1.0,1.0,0.0
0.0003358406756922436,1.0,1.0,0.0
0.0003359406756922436,1.0,1.0,0.0
0.0003360406756922436,1.0,1.0,0.0
0.0003361406756922436,1.0,1.0,0.0
0.0003362406756922436,1.0,1.0,0.0
0.0003363406756922436,1.0,1.0,0.0
0.0003364406756922436,1.0,1.0,0.0
0.0003365406756922436,1.0,1.0,0.0
0.0003366406756922436,1.0,1.0,0.0
0.0003367406756922436,1.0,1.0,0.0
0.0003368406756922436,1.0,1.0,0.0
0.0003369406756922436,1.0,1.0,0.0
0.0003370406756922436,1.0,1.0,0.0
0.0003371406756922436,1.0,1.0,0.0
0.0003372406756922436,1.0,1.0,0.0
0.0003373406756922436,1.0,1.0,0.0
0.0003374406756922436,1.0,1.0,0.0
0.0003375406756922436,1.0,1.0,0.0
0.0003376406756922436,1.0,1.0,0.0
0.0003377406756922436,1.0,1.0,0.0
0.0003378406756922436,1.0,1.0,0.0
0.0003379406756922436,1.0,1.0,0.0
0.0003380406756922436,1.0,1.0,0.0
0.0003381406756922437,1.0,1.0,0.0
0.0003382406756922437,1.0,1.0,0.0
0.0003383406756922437,1.0,1.0,0.0
0.0003384406756922437,1.0,1.0,0.0
0.0003385406756922437,1.0,1.0,0.0
0.0003386406756922437,1.0,1.0,0.0
0.0003387406756922437,1.0,1.0,0.0
0.0003388406756922437,1.0,1.0,0.0
0.0003389406756922437,1.0,1.0,0.0
0.0003390406756922437,1.0,1.0,0.0
0.0003391406756922437,1.0,1.0,0.0
0.0003392406756922437,1.0,1.0,0.0
0.0003393406756922437,1.0,1.0,0.0
0.0003394406756922437,1.0,1.0,0.0
0.0003395406756922437,1.0,1.0,0.0
0.0003396406756922437,1.0,1.0,0.0
0.0003397406756922437,1.0,1.0,0.0
0.0003398406756922437,1.0,1.0,0.0
0.0003399406756922437,1.0,1.0,0.0
0.0003400406756922437,1.0,1.0,0.0
0.0003401406756922437,1.0,1.0,0.0
0.0003402406756922437,1.0,1.0,0.0
0.0003403406756922437,1.0,1.0,0.0
0.0003404406756922437,1.0,1.0,0.0
0.0003405406756922437,1.0,1.0,0.0
0.0003406406756922437,1.0,1.0,0.0
0.0003407406756922437,1.0,1.0,0.0
0.0003408406756922437,1.0,1.0,0.0
0.0003409406756922437,1.0,1.0,0.0
0.0003410406756922437,1.0,1.0,0.0
0.0003411406756922437,1.0,1.0,0.0
0.0003412406756922437,1.0,1.0,0.0
0.0003413406756922437,1.0,1.0,0.0
0.0003414406756922437,1.0,1.0,0.0
0.0003415406756922437,1.0,1.0,0.0
0.0003416406756922437,1.0,1.0,0.0
0.0003417406756922437,1.0,1.0,0.0
0.0003418406756922437,1.0,1.0,0.0
0.0003419406756922437,1.0,1.0,0.0
0.0003420406756922437,1.0,1.0,0.0
0.0003421406756922437,1.0,1.0,0.0
0.0003422406756922438,1.0,1.0,0.0
0.0003423406756922438,1.0,1.0,0.0
0.0003424406756922438,1.0,1.0,0.0
0.0003425406756922438,1.0,1.0,0.0
0.0003426406756922438,1.0,1.0,0.0
0.0003427406756922438,1.0,1.0,0.0
0.0003428406756922438,1.0,1.0,0.0
0.0003429406756922438,1.0,1.0,0.0
0.0003430406756922438,1.0,1.0,0.0
0.0003431406756922438,1.0,1.0,0.0
0.0003432406756922438,1.0,1.0,0.0
0.0003433406756922438,1.0,1.0,0.0
0.0003434406756922438,1.0,1.0,0.0
0.0003435406756922438,1.0,1.0,0.0
0.0003436406756922438,1.0,1.0,0.0
0.0003437406756922438,1.0,1.0,0.0
0.0003438406756922438,1.0,1.0,0.0
0.0003439406756922438,1.0,1.0,0.0
0.0003440406756922438,1.0,1.0,0.0
0.0003441406756922438,1.0,1.0,0.0
0.0003442406756922438,1.0,1.0,0.0
0.0003443406756922438,1.0,1.0,0.0
0.0003444406756922438,1.0,1.0,0.0
0.0003445406756922438,1.0,1.0,0.0
0.0003446406756922438,1.0,1.0,0.0
0.0003447406756922438,1.0,1.0,0.0
0.0003448406756922438,1.0,1.0,0.0
0.0003449406756922438,1.0,1.0,0.0
0.0003450406756922438,1.0,1.0,0.0
0.0003451406756922438,1.0,1.0,0.0
0.0003452406756922438,1.0,1.0,0.0
0.0003453406756922438,1.0,1.0,0.0
0.0003454406756922438,1.0,1.0,0.0
0.0003455406756922438,1.0,1.0,0.0
0.0003456406756922438,1.0,1.0,0.0
0.0003457406756922438,1.0,1.0,0.0
0.0003458406756922438,1.0,1.0,0.0
0.0003459406756922438,1.0,1.0,0.0
0.0003460406756922438,1.0,1.0,0.0
0.0003461406756922438,1.0,1.0,0.0
0.0003462406756922438,1.0,1.0,0.0
0.0003463406756922439,1.0,1.0,0.0
0.0003464406756922439,1.0,1.0,0.0
0.0003465406756922439,1.0,1.0,0.0
0.0003466406756922439,1.0,1.0,0.0
0.0003467406756922439,1.0,1.0,0.0
0.0003468406756922439,1.0,1.0,0.0
0.0003469406756922439,1.0,1.0,0.0
0.0003470406756922439,1.0,1.0,0.0
0.0003471406756922439,1.0,1.0,0.0
0.0003472406756922439,1.0,1.0,0.0
0.0003473406756922439,1.0,1.0,0.0
0.0003474406756922439,1.0,1.0,0.0
0.0003475406756922439,1.0,1.0,0.0
0.0003476406756922439,1.0,1.0,0.0
0.0003477406756922439,1.0,1.0,0.0
0.0003478406756922439,1.0,1.0,0.0
0.0003479406756922439,1.0,1.0,0.0
0.0003480406756922439,1.0,1.0,0.0
0.0003481406756922439,1.0,1.0,0.0
0.0003482406756922439,1.0,1.0,0.0
0.0003483406756922439,1.0,1.0,0.0
0.0003484406756922439,1.0,1.0,0.0
0.0003485406756922439,1.0,1.0,0.0
0.0003486406756922439,1.0,1.0,0.0
0.0003487406756922439,1.0,1.0,0.0
0.0003488406756922439,1.0,1.0,0.0
0.0003489406756922439,1.0,1.0,0.0
0.0003490406756922439,1.0,1.0,0.0
0.0003491406756922439,1.0,1.0,0.0
0.0003492406756922439,1.0,1.0,0.0
0.0003493406756922439,1.0,1.0,0.0
0.0003494406756922439,1.0,1.0,0.0
0.0003495406756922439,1.0,1.0,0.0
0.0003496406756922439,1.0,1.0,0.0
0.0003497406756922439,1.0,1.0,0.0
0.0003498406756922439,1.0,1.0,0.0
0.0003499406756922439,1.0,1.0,0.0
0.0003500406756922439,1.0,1.0,0.0
0.0003501406756922439,1.0,1.0,0.0
0.0003502406756922439,1.0,1.0,0.0
0.0003503406756922439,1.0,1.0,0.0
0.0003504406756922439,1.0,1.0,0.0
0.000350540675692244,1.0,1.0,0.0
0.000350640675692244,1.0,1.0,0.0
0.000350740675692244,1.0,1.0,0.0
0.000350840675692244,1.0,1.0,0.0
0.000350940675692244,1.0,1.0,0.0
0.000351040675692244,1.0,1.0,0.0
0.000351140675692244,1.0,1.0,0.0
0.000351240675692244,1.0,1.0,0.0
0.000351340675692244,1.0,1.0,0.0
0.000351440675692244,1.0,1.0,0.0
0.000351540675692244,1.0,1.0,0.0
0.000351640675692244,1.0,1.0,0.0
0.000351740675692244,1.0,1.0,0.0
0.000351840675692244,1.0,1.0,0.0
0.000351940675692244,1.0,1.0,0.0
0.000352040675692244,1.0,1.0,0.0
0.000352140675692244,1.0,1.0,0.0
0.000352240675692244,1.0,1.0,0.0
0.000352340675692244,1.0,1.0,0.0
0.000352440675692244,1.0,1.0,0.0
0.000352540675692244,1.0,1.0,0.0
0.000352640675692244,1.0,1.0,0.0
0.000352740675692244,1.0,1.0,0.0
0.000352840675692244,1.0,1.0,0.0
0.000352940675692244,1.0,1.0,0.0
0.000353040675692244,1.0,1.0,0.0
0.000353140675692244,1.0,1.0,0.0
0.000353240675692244,1.0,1.0,0.0
0.000353340675692244,1.0,1.0,0.0
0.000353440675692244,1.0,1.0,0.0
0.000353540675692244,1.0,1.0,0.0
0.000353640675692244,1.0,1.0,0.0
0.000353740675692244,1.0,1.0,0.0
0.000353840675692244,1.0,1.0,0.0
0.000353940675692244,1.0,1.0,0.0
0.000354040675692244,1.0,1.0,0.0
0.000354140675692244,1.0,1.0,0.0
0.000354240675692244,1.0,1.0,0.0
0.000354340675692244,1.0,1.0,0.0
0.000354440675692244,1.0,1.0,0.0
0.000354540675692244,1.0,1.0,0.0
0.0003546406756922441,1.0,1.0,0.0
0.0003547406756922441,1.0,1.0,0.0
0.0003548406756922441,1.0,1.0,0.0
0.0003549406756922441,1.0,1.0,0.0
0.0003550406756922441,1.0,1.0,0.0
0.0003551406756922441,1.0,1.0,0.0
0.0003552406756922441,1.0,1.0,0.0
0.0003553406756922441,1.0,1.0,0.0
0.0003554406756922441,1.0,1.0,0.0
0.0003555406756922441,1.0,1.0,0.0
0.0003556406756922441,1.0,1.0,0.0
0.0003557406756922441,1.0,1.0,0.0
0.0003558406756922441,1.0,1.0,0.0
0.0003559406756922441,1.0,1.0,0.0
0.0003560406756922441,1.0,1.0,0.0
0.0003561406756922441,1.0,1.0,0.0
0.0003562406756922441,1.0,1.0,0.0
0.0003563406756922441,1.0,1.0,0.0
0.0003564406756922441,1.0,1.0,0.0
0.0003565406756922441,1.0,1.0,0.0
0.0003566406756922441,1.0,1.0,0.0
0.0003567406756922441,1.0,1.0,0.0
0.0003568406756922441,1.0,1.0,0.0
0.0003569406756922441,1.0,1.0,0.0
0.0003570406756922441,1.0,1.0,0.0
0.0003571406756922441,1.0,1.0,0.0
0.0003572406756922441,1.0,1.0,0.0
0.0003573406756922441,1.0,1.0,0.0
0.0003574406756922441,1.0,1.0,0.0
0.0003575406756922441,1.0,1.0,0.0
0.0003576406756922441,1.0,1.0,0.0
0.0003577406756922441,1.0,1.0,0.0
0.0003578406756922441,1.0,1.0,0.0
0.0003579406756922441,1.0,1.0,0.0
0.0003580406756922441,1.0,1.0,0.0
0.0003581406756922441,1.0,1.0,0.0
0.0003582406756922441,1.0,1.0,0.0
0.0003583406756922441,1.0,1.0,0.0
0.0003584406756922441,1.0,1.0,0.0
0.0003585406756922441,1.0,1.0,0.0
0.0003586406756922441,1.0,1.0,0.0
0.0003587406756922442,1.0,1.0,0.0
0.0003588406756922442,1.0,1.0,0.0
0.0003589406756922442,1.0,1.0,0.0
0.0003590406756922442,1.0,1.0,0.0
0.0003591406756922442,1.0,1.0,0.0
0.0003592406756922442,1.0,1.0,0.0
0.0003593406756922442,1.0,1.0,0.0
0.0003594406756922442,1.0,1.0,0.0
0.0003595406756922442,1.0,1.0,0.0
0.0003596406756922442,1.0,1.0,0.0
0.0003597406756922442,1.0,1.0,0.0
0.0003598406756922442,1.0,1.0,0.0
0.0003599406756922442,1.0,1.0,0.0
0.0003600406756922442,1.0,1.0,0.0
0.0003601406756922442,1.0,1.0,0.0
0.0003602406756922442,1.0,1.0,0.0
0.0003603406756922442,1.0,1.0,0.0
0.0003604406756922442,1.0,1.0,0.0
0.0003605406756922442,1.0,1.0,0.0
0.0003606406756922442,1.0,1.0,0.0
0.0003607406756922442,1.0,1.0,0.0
0.0003608406756922442,1.0,1.0,0.0
0.0003609406756922442,1.0,1.0,0.0
0.0003610406756922442,1.0,1.0,0.0
0.0003611406756922442,1.0,1.0,0.0
0.0003612406756922442,1.0,1.0,0.0
0.0003613406756922442,1.0,1.0,0.0
0.0003614406756922442,1.0,1.0,0.0
0.0003615406756922442,1.0,1.0,0.0
0.0003616406756922442,1.0,1.0,0.0
0.0003617406756922442,1.0,1.0,0.0
0.0003618406756922442,1.0,1.0,0.0
0.0003619406756922442,1.0,1.0,0.0
0.0003620406756922442,1.0,1.0,0.0
0.0003621406756922442,1.0,1.0,0.0
0.0003622406756922442,1.0,1.0,0.0
0.0003623406756922442,1.0,1.0,0.0
0.0003624406756922442,1.0,1.0,0.0
0.0003625406756922442,1.0,1.0,0.0
0.0003626406756922442,1.0,1.0,0.0
0.0003627406756922442,1.0,1.0,0.0
0.0003628406756922443,1.0,1.0,0.0
0.0003629406756922443,1.0,1.0,0.0
0.0003630406756922443,1.0,1.0,0.0
0.0003631406756922443,1.0,1.0,0.0
0.0003632406756922443,1.0,1.0,0.0
0.0003633406756922443,1.0,1.0,0.0
0.0003634406756922443,1.0,1.0,0.0
0.0003635406756922443,1.0,1.0,0.0
0.0003636406756922443,1.0,1.0,0.0
0.0003637406756922443,1.0,1.0,0.0
0.0003638406756922443,1.0,1.0,0.0
0.0003639406756922443,1.0,1.0,0.0
0.0003640406756922443,1.0,1.0,0.0
0.0003641406756922443,1.0,1.0,0.0
0.0003642406756922443,1.0,1.0,0.0
0.0003643406756922443,1.0,1.0,0.0
0.0003644406756922443,1.0,1.0,0.0
0.0003645406756922443,1.0,1.0,0.0
0.0003646406756922443,1.0,1.0,0.0
0.0003647406756922443,1.0,1.0,0.0
0.0003648406756922443,1.0,1.0,0.0
0.0003649406756922443,1.0,1.0,0.0
0.0003650406756922443,1.0,1.0,0.0
0.0003651406756922443,1.0,1.0,0.0
0.0003652406756922443,1.0,1.0,0.0
0.0003653406756922443,1.0,1.0,0.0
0.0003654406756922443,1.0,1.0,0.0
0.0003655406756922443,1.0,1.0,0.0
0.0003656406756922443,1.0,1.0,0.0
0.0003657406756922443,1.0,1.0,0.0
0.0003658406756922443,1.0,1.0,0.0
0.0003659406756922443,1.0,1.0,0.0
0.0003660406756922443,1.0,1.0,0.0
0.0003661406756922443,1.0,1.0,0.0
0.0003662406756922443,1.0,1.0,0.0
0.0003663406756922443,1.0,1.0,0.0
0.0003664406756922443,1.0,1.0,0.0
0.0003665406756922443,1.0,1.0,0.0
0.0003666406756922443,1.0,1.0,0.0
0.0003667406756922443,1.0,1.0,0.0
0.0003668406756922443,1.0,1.0,0.0
0.0003669406756922444,1.0,1.0,0.0
0.0003670406756922444,1.0,1.0,0.0
0.0003671406756922444,1.0,1.0,0.0
0.0003672406756922444,1.0,1.0,0.0
0.0003673406756922444,1.0,1.0,0.0
0.0003674406756922444,1.0,1.0,0.0
0.0003675406756922444,1.0,1.0,0.0
0.0003676406756922444,1.0,1.0,0.0
0.0003677406756922444,1.0,1.0,0.0
0.0003678406756922444,1.0,1.0,0.0
0.0003679406756922444,1.0,1.0,0.0
0.0003680406756922444,1.0,1.0,0.0
0.0003681406756922444,1.0,1.0,0.0
0.0003682406756922444,1.0,1.0,0.0
0.0003683406756922444,1.0,1.0,0.0
0.0003684406756922444,1.0,1.0,0.0
0.0003685406756922444,1.0,1.0,0.0
0.0003686406756922444,1.0,1.0,0.0
0.0003687406756922444,1.0,1.0,0.0
0.0003688406756922444,1.0,1.0,0.0
0.0003689406756922444,1.0,1.0,0.0
0.0003690406756922444,1.0,1.0,0.0
0.0003691406756922444,1.0,1.0,0.0
0.0003692406756922444,1.0,1.0,0.0
0.0003693406756922444,1.0,1.0,0.0
0.0003694406756922444,1.0,1.0,0.0
0.0003695406756922444,1.0,1.0,0.0
0.0003696406756922444,1.0,1.0,0.0
0.0003697406756922444,1.0,1.0,0.0
0.0003698406756922444,1.0,1.0,0.0
0.0003699406756922444,1.0,1.0,0.0
0.0003700406756922444,1.0,1.0,0.0
0.0003701406756922444,1.0,1.0,0.0
0.0003702406756922444,1.0,1.0,0.0
0.0003703406756922444,1.0,1.0,0.0
0.0003704406756922444,1.0,1.0,0.0
0.0003705406756922444,1.0,1.0,0.0
0.0003706406756922444,1.0,1.0,0.0
0.0003707406756922444,1.0,1.0,0.0
0.0003708406756922444,1.0,1.0,0.0
0.0003709406756922444,1.0,1.0,0.0
0.0003710406756922445,1.0,1.0,0.0
0.0003711406756922445,1.0,1.0,0.0
0.0003712406756922445,1.0,1.0,0.0
0.0003713406756922445,1.0,1.0,0.0
0.0003714406756922445,1.0,1.0,0.0
0.0003715406756922445,1.0,1.0,0.0
0.0003716406756922445,1.0,1.0,0.0
0.0003717406756922445,1.0,1.0,0.0
0.0003718406756922445,1.0,1.0,0.0
0.0003719406756922445,1.0,1.0,0.0
0.0003720406756922445,1.0,1.0,0.0
0.0003721406756922445,1.0,1.0,0.0
0.0003722406756922445,1.0,1.0,0.0
0.0003723406756922445,1.0,1.0,0.0
0.0003724406756922445,1.0,1.0,0.0
0.0003725406756922445,1.0,1.0,0.0
0.0003726406756922445,1.0,1.0,0.0
0.0003727406756922445,1.0,1.0,0.0
0.0003728406756922445,1.0,1.0,0.0
0.0003729406756922445,1.0,1.0,0.0
0.0003730406756922445,1.0,1.0,0.0
0.0003731406756922445,1.0,1.0,0.0
0.0003732406756922445,1.0,1.0,0.0
0.0003733406756922445,1.0,1.0,0.0
0.0003734406756922445,1.0,1.0,0.0
0.0003735406756922445,1.0,1.0,0.0
0.0003736406756922445,1.0,1.0,0.0
0.0003737406756922445,1.0,1.0,0.0
0.0003738406756922445,1.0,1.0,0.0
0.0003739406756922445,1.0,1.0,0.0
0.0003740406756922445,1.0,1.0,0.0
0.0003741406756922445,1.0,1.0,0.0
0.0003742406756922445,1.0,1.0,0.0
0.0003743406756922445,1.0,1.0,0.0
0.0003744406756922445,1.0,1.0,0.0
0.0003745406756922445,1.0,1.0,0.0
0.0003746406756922445,1.0,1.0,0.0
0.0003747406756922445,1.0,1.0,0.0
0.0003748406756922445,1.0,1.0,0.0
0.0003749406756922445,1.0,1.0,0.0
0.0003750406756922445,1.0,1.0,0.0
0.0003751406756922446,1.0,1.0,0.0
0.0003752406756922446,1.0,1.0,0.0
0.0003753406756922446,1.0,1.0,0.0
0.0003754406756922446,1.0,1.0,0.0
0.0003755406756922446,1.0,1.0,0.0
0.0003756406756922446,1.0,1.0,0.0
0.0003757406756922446,1.0,1.0,0.0
0.0003758406756922446,1.0,1.0,0.0
0.0003759406756922446,1.0,1.0,0.0
0.0003760406756922446,1.0,1.0,0.0
0.0003761406756922446,1.0,1.0,0.0
0.0003762406756922446,1.0,1.0,0.0
0.0003763406756922446,1.0,1.0,0.0
0.0003764406756922446,1.0,1.0,0.0
0.0003765406756922446,1.0,1.0,0.0
0.0003766406756922446,1.0,1.0,0.0
0.0003767406756922446,1.0,1.0,0.0
0.0003768406756922446,1.0,1.0,0.0
0.0003769406756922446,1.0,1.0,0.0
0.0003770406756922446,1.0,1.0,0.0
0.0003771406756922446,1.0,1.0,0.0
0.0003772406756922446,1.0,1.0,0.0
0.0003773406756922446,1.0,1.0,0.0
0.0003774406756922446,1.0,1.0,0.0
0.0003775406756922446,1.0,1.0,0.0
0.0003776406756922446,1.0,1.0,0.0
0.0003777406756922446,1.0,1.0,0.0
0.0003778406756922446,1.0,1.0,0.0
0.0003779406756922446,1.0,1.0,0.0
0.0003780406756922446,1.0,1.0,0.0
0.0003781406756922446,1.0,1.0,0.0
0.0003782406756922446,1.0,1.0,0.0
0.0003783406756922446,1.0,1.0,0.0
0.0003784406756922446,1.0,1.0,0.0
0.0003785406756922446,1.0,1.0,0.0
0.0003786406756922446,1.0,1.0,0.0
0.0003787406756922446,1.0,1.0,0.0
0.0003788406756922446,1.0,1.0,0.0
0.0003789406756922446,1.0,1.0,0.0
0.0003790406756922446,1.0,1.0,0.0
0.0003791406756922446,1.0,1.0,0.0
0.0003792406756922446,1.0,1.0,0.0
0.0003793406756922447,1.0,1.0,0.0
0.0003794406756922447,1.0,1.0,0.0
0.0003795406756922447,1.0,1.0,0.0
0.0003796406756922447,1.0,1.0,0.0
0.0003797406756922447,1.0,1.0,0.0
0.0003798406756922447,1.0,1.0,0.0
0.0003799406756922447,1.0,1.0,0.0
0.0003800406756922447,1.0,1.0,0.0
0.0003801406756922447,1.0,1.0,0.0
0.0003802406756922447,1.0,1.0,0.0
0.0003803406756922447,1.0,1.0,0.0
0.0003804406756922447,1.0,1.0,0.0
0.0003805406756922447,1.0,1.0,0.0
0.0003806406756922447,1.0,1.0,0.0
0.0003807406756922447,1.0,1.0,0.0
0.0003808406756922447,1.0,1.0,0.0
0.0003809406756922447,1.0,1.0,0.0
0.0003810406756922447,1.0,1.0,0.0
0.0003811406756922447,1.0,1.0,0.0
0.0003812406756922447,1.0,1.0,0.0
0.0003813406756922447,1.0,1.0,0.0
0.0003814406756922447,1.0,1.0,0.0
0.0003815406756922447,1.0,1.0,0.0
0.0003816406756922447,1.0,1.0,0.0
0.0003817406756922447,1.0,1.0,0.0
0.0003818406756922447,1.0,1.0,0.0
0.0003819406756922447,1.0,1.0,0.0
0.0003820406756922447,1.0,1.0,0.0
0.0003821406756922447,1.0,1.0,0.0
0.0003822406756922447,1.0,1.0,0.0
0.0003823406756922447,1.0,1.0,0.0
0.0003824406756922447,1.0,1.0,0.0
0.0003825406756922447,1.0,1.0,0.0
0.0003826406756922447,1.0,1.0,0.0
0.0003827406756922447,1.0,1.0,0.0
0.0003828406756922447,1.0,1.0,0.0
0.0003829406756922447,1.0,1.0,0.0
0.0003830406756922447,1.0,1.0,0.0
0.0003831406756922447,1.0,1.0,0.0
0.0003832406756922447,1.0,1.0,0.0
0.0003833406756922447,1.0,1.0,0.0
0.0003834406756922448,1.0,1.0,0.0
0.0003835406756922448,1.0,1.0,0.0
0.0003836406756922448,1.0,1.0,0.0
0.0003837406756922448,1.0,1.0,0.0
0.0003838406756922448,1.0,1.0,0.0
0.0003839406756922448,1.0,1.0,0.0
0.0003840406756922448,1.0,1.0,0.0
0.0003841406756922448,1.0,1.0,0.0
0.0003842406756922448,1.0,1.0,0.0
0.0003843406756922448,1.0,1.0,0.0
0.0003844406756922448,1.0,1.0,0.0
0.0003845406756922448,1.0,1.0,0.0
0.0003846406756922448,1.0,1.0,0.0
0.0003847406756922448,1.0,1.0,0.0
0.0003848406756922448,1.0,1.0,0.0
0.0003849406756922448,1.0,1.0,0.0
0.0003850406756922448,1.0,1.0,0.0
0.0003851406756922448,1.0,1.0,0.0
0.0003852406756922448,1.0,1.0,0.0
0.0003853406756922448,1.0,1.0,0.0
0.0003854406756922448,1.0,1.0,0.0
0.0003855406756922448,1.0,1.0,0.0
0.0003856406756922448,1.0,1.0,0.0
0.0003857406756922448,1.0,1.0,0.0
0.0003858406756922448,1.0,1.0,0.0
0.0003859406756922448,1.0,1.0,0.0
0.0003860406756922448,1.0,1.0,0.0
0.0003861406756922448,1.0,1.0,0.0
0.0003862406756922448,1.0,1.0,0.0
0.0003863406756922448,1.0,1.0,0.0
0.0003864406756922448,1.0,1.0,0.0
0.0003865406756922448,1.0,1.0,0.0
0.0003866406756922448,1.0,1.0,0.0
0.0003867406756922448,1.0,1.0,0.0
0.0003868406756922448,1.0,1.0,0.0
0.0003869406756922448,1.0,1.0,0.0
0.0003870406756922448,1.0,1.0,0.0
0.0003871406756922448,1.0,1.0,0.0
0.0003872406756922448,1.0,1.0,0.0
0.0003873406756922448,1.0,1.0,0.0
0.0003874406756922448,1.0,1.0,0.0
0.0003875406756922449,1.0,1.0,0.0
0.0003876406756922449,1.0,1.0,0.0
0.0003877406756922449,1.0,1.0,0.0
0.0003878406756922449,1.0,1.0,0.0
0.0003879406756922449,1.0,1.0,0.0
0.0003880406756922449,1.0,1.0,0.0
0.0003881406756922449,1.0,1.0,0.0
0.0003882406756922449,1.0,1.0,0.0
0.0003883406756922449,1.0,1.0,0.0
0.0003884406756922449,1.0,1.0,0.0
0.0003885406756922449,1.0,1.0,0.0
0.0003886406756922449,1.0,1.0,0.0
0.0003887406756922449,1.0,1.0,0.0
0.0003888406756922449,1.0,1.0,0.0
0.0003889406756922449,1.0,1.0,0.0
0.0003890406756922449,1.0,1.0,0.0
0.0003891406756922449,1.0,1.0,0.0
0.0003892406756922449,1.0,1.0,0.0
0.0003893406756922449,1.0,1.0,0.0
0.0003894406756922449,1.0,1.0,0.0
0.0003895406756922449,1.0,1.0,0.0
0.0003896406756922449,1.0,1.0,0.0
0.0003897406756922449,1.0,1.0,0.0
0.0003898406756922449,1.0,1.0,0.0
0.0003899406756922449,1.0,1.0,0.0
0.0003900406756922449,1.0,1.0,0.0
0.0003901406756922449,1.0,1.0,0.0
0.0003902406756922449,1.0,1.0,0.0
0.0003903406756922449,1.0,1.0,0.0
0.0003904406756922449,1.0,1.0,0.0
0.0003905406756922449,1.0,1.0,0.0
0.0003906406756922449,1.0,1.0,0.0
0.0003907406756922449,1.0,1.0,0.0
0.0003908406756922449,1.0,1.0,0.0
0.0003909406756922449,1.0,1.0,0.0
0.0003910406756922449,1.0,1.0,0.0
0.0003911406756922449,1.0,1.0,0.0
0.0003912406756922449,1.0,1.0,0.0
0.0003913406756922449,1.0,1.0,0.0
0.0003914406756922449,1.0,1.0,0.0
0.0003915406756922449,1.0,1.0,0.0
0.000391640675692245,1.0,1.0,0.0
0.000391740675692245,1.0,1.0,0.0
0.000391840675692245,1.0,1.0,0.0
0.000391940675692245,1.0,1.0,0.0
0.000392040675692245,1.0,1.0,0.0
0.000392140675692245,1.0,1.0,0.0
0.000392240675692245,1.0,1.0,0.0
0.000392340675692245,1.0,1.0,0.0
0.000392440675692245,1.0,1.0,0.0
0.000392540675692245,1.0,1.0,0.0
0.000392640675692245,1.0,1.0,0.0
0.000392740675692245,1.0,1.0,0.0
0.000392840675692245,1.0,1.0,0.0
0.000392940675692245,1.0,1.0,0.0
0.000393040675692245,1.0,1.0,0.0
0.000393140675692245,1.0,1.0,0.0
0.000393240675692245,1.0,1.0,0.0
0.000393340675692245,1.0,1.0,0.0
0.000393440675692245,1.0,1.0,0.0
0.000393540675692245,1.0,1.0,0.0
0.000393640675692245,1.0,1.0,0.0
0.000393740675692245,1.0,1.0,0.0
0.000393840675692245,1.0,1.0,0.0
0.000393940675692245,1.0,1.0,0.0
0.000394040675692245,1.0,1.0,0.0
0.000394140675692245,1.0,1.0,0.0
0.000394240675692245,1.0,1.0,0.0
0.000394340675692245,1.0,1.0,0.0
0.000394440675692245,1.0,1.0,0.0
0.000394540675692245,1.0,1.0,0.0
0.000394640675692245,1.0,1.0,0.0
0.000394740675692245,1.0,1.0,0.0
0.000394840675692245,1.0,1.0,0.0
0.000394940675692245,1.0,1.0,0.0
0.000395040675692245,1.0,1.0,0.0
0.000395140675692245,1.0,1.0,0.0
0.000395240675692245,1.0,1.0,0.0
0.000395340675692245,1.0,1.0,0.0
0.000395440675692245,1.0,1.0,0.0
0.000395540675692245,1.0,1.0,0.0
0.000395640675692245,1.0,1.0,0.0
0.0003957406756922451,1.0,1.0,0.0
0.0003958406756922451,1.0,1.0,0.0
0.0003959406756922451,1.0,1.0,0.0
0.0003960406756922451,1.0,1.0,0.0
0.0003961406756922451,1.0,1.0,0.0
0.0003962406756922451,1.0,1.0,0.0
0.0003963406756922451,1.0,1.0,0.0
0.0003964406756922451,1.0,1.0,0.0
0.0003965406756922451,1.0,1.0,0.0
0.0003966406756922451,1.0,1.0,0.0
0.0003967406756922451,1.0,1.0,0.0
0.0003968406756922451,1.0,1.0,0.0
0.0003969406756922451,1.0,1.0,0.0
0.0003970406756922451,1.0,1.0,0.0
0.0003971406756922451,1.0,1.0,0.0
0.0003972406756922451,1.0,1.0,0.0
0.0003973406756922451,1.0,1.0,0.0
0.0003974406756922451,1.0,1.0,0.0
0.0003975406756922451,1.0,1.0,0.0
0.0003976406756922451,1.0,1.0,0.0
0.0003977406756922451,1.0,1.0,0.0
0.0003978406756922451,1.0,1.0,0.0
0.0003979406756922451,1.0,1.0,0.0
0.0003980406756922451,1.0,1.0,0.0
0.0003981406756922451,1.0,1.0,0.0
0.0003982406756922451,1.0,1.0,0.0
0.0003983406756922451,1.0,1.0,0.0
0.0003984406756922451,1.0,1.0,0.0
0.0003985406756922451,1.0,1.0,0.0
0.0003986406756922451,1.0,1.0,0.0
0.0003987406756922451,1.0,1.0,0.0
0.0003988406756922451,1.0,1.0,0.0
0.0003989406756922451,1.0,1.0,0.0
0.0003990406756922451,1.0,1.0,0.0
0.0003991406756922451,1.0,1.0,0.0
0.0003992406756922451,1.0,1.0,0.0
0.0003993406756922451,1.0,1.0,0.0
0.0003994406756922451,1.0,1.0,0.0
0.0003995406756922451,1.0,1.0,0.0
0.0003996406756922451,1.0,1.0,0.0
0.0003997406756922451,1.0,1.0,0.0
0.0003998406756922452,1.0,1.0,0.0
0.0003999406756922452,1.0,1.0,0.0
0.0004000406756922452,1.0,1.0,0.0
0.0004001406756922452,1.0,1.0,0.0
0.0004002406756922452,1.0,1.0,0.0
0.0004003406756922452,1.0,1.0,0.0
0.0004004406756922452,1.0,1.0,0.0
0.0004005406756922452,1.0,1.0,0.0
0.0004006406756922452,1.0,1.0,0.0
0.0004007406756922452,1.0,1.0,0.0
0.0004008406756922452,1.0,1.0,0.0
0.0004009406756922452,1.0,1.0,0.0
0.0004010406756922452,1.0,1.0,0.0
0.0004011406756922452,1.0,1.0,0.0
0.0004012406756922452,1.0,1.0,0.0
0.0004013406756922452,1.0,1.0,0.0
0.0004014406756922452,1.0,1.0,0.0
0.0004015406756922452,1.0,1.0,0.0
0.0004016406756922452,1.0,1.0,0.0
0.0004017406756922452,1.0,1.0,0.0
0.0004018406756922452,1.0,1.0,0.0
0.0004019406756922452,1.0,1.0,0.0
0.0004020406756922452,1.0,1.0,0.0
0.0004021406756922452,1.0,1.0,0.0
0.0004022406756922452,1.0,1.0,0.0
0.0004023406756922452,1.0,1.0,0.0
0.0004024406756922452,1.0,1.0,0.0
0.0004025406756922452,1.0,1.0,0.0
0.0004026406756922452,1.0,1.0,0.0
0.0004027406756922452,1.0,1.0,0.0
0.0004028406756922452,1.0,1.0,0.0
0.0004029406756922452,1.0,1.0,0.0
0.0004030406756922452,1.0,1.0,0.0
0.0004031406756922452,1.0,1.0,0.0
0.0004032406756922452,1.0,1.0,0.0
0.0004033406756922452,1.0,1.0,0.0
0.0004034406756922452,1.0,1.0,0.0
0.0004035406756922452,1.0,1.0,0.0
0.0004036406756922452,1.0,1.0,0.0
0.0004037406756922452,1.0,1.0,0.0
0.0004038406756922452,1.0,1.0,0.0
0.0004039406756922453,1.0,1.0,0.0
0.0004040406756922453,1.0,1.0,0.0
0.0004041406756922453,1.0,1.0,0.0
0.0004042406756922453,1.0,1.0,0.0
0.0004043406756922453,1.0,1.0,0.0
0.0004044406756922453,1.0,1.0,0.0
0.0004045406756922453,1.0,1.0,0.0
0.0004046406756922453,1.0,1.0,0.0
0.0004047406756922453,1.0,1.0,0.0
0.0004048406756922453,1.0,1.0,0.0
0.0004049406756922453,1.0,1.0,0.0
0.0004050406756922453,1.0,1.0,0.0
0.0004051406756922453,1.0,1.0,0.0
0.0004052406756922453,1.0,1.0,0.0
0.0004053406756922453,1.0,1.0,0.0
0.0004054406756922453,1.0,1.0,0.0
0.0004055406756922453,1.0,1.0,0.0
0.0004056406756922453,1.0,1.0,0.0
0.0004057406756922453,1.0,1.0,0.0
0.0004058406756922453,1.0,1.0,0.0
0.0004059406756922453,1.0,1.0,0.0
0.0004060406756922453,1.0,1.0,0.0
0.0004061406756922453,1.0,1.0,0.0
0.0004062406756922453,1.0,1.0,0.0
0.0004063406756922453,1.0,1.0,0.0
0.0004064406756922453,1.0,1.0,0.0
0.0004065406756922453,1.0,1.0,0.0
0.0004066406756922453,1.0,1.0,0.0
0.0004067406756922453,1.0,1.0,0.0
0.0004068406756922453,1.0,1.0,0.0
0.0004069406756922453,1.0,1.0,0.0
0.0004070406756922453,1.0,1.0,0.0
0.0004071406756922453,1.0,1.0,0.0
0.0004072406756922453,1.0,1.0,0.0
0.0004073406756922453,1.0,1.0,0.0
0.0004074406756922453,1.0,1.0,0.0
0.0004075406756922453,1.0,1.0,0.0
0.0004076406756922453,1.0,1.0,0.0
0.0004077406756922453,1.0,1.0,0.0
0.0004078406756922453,1.0,1.0,0.0
0.0004079406756922453,1.0,1.0,0.0
0.0004080406756922453,1.0,1.0,0.0
0.0004081406756922454,1.0,1.0,0.0
0.0004082406756922454,1.0,1.0,0.0
0.0004083406756922454,1.0,1.0,0.0
0.0004084406756922454,1.0,1.0,0.0
0.0004085406756922454,1.0,1.0,0.0
0.0004086406756922454,1.0,1.0,0.0
0.0004087406756922454,1.0,1.0,0.0
0.0004088406756922454,1.0,1.0,0.0
0.0004089406756922454,1.0,1.0,0.0
0.0004090406756922454,1.0,1.0,0.0
0.0004091406756922454,1.0,1.0,0.0
0.0004092406756922454,1.0,1.0,0.0
0.0004093406756922454,1.0,1.0,0.0
0.0004094406756922454,1.0,1.0,0.0
0.0004095406756922454,1.0,1.0,0.0
0.0004096406756922454,1.0,1.0,0.0
0.0004097406756922454,1.0,1.0,0.0
0.0004098406756922454,1.0,1.0,0.0
0.0004099406756922454,1.0,1.0,0.0
0.0004100406756922454,1.0,1.0,0.0
0.0004101406756922454,1.0,1.0,0.0
0.0004102406756922454,1.0,1.0,0.0
0.0004103406756922454,1.0,1.0,0.0
0.0004104406756922454,1.0,1.0,0.0
0.0004105406756922454,1.0,1.0,0.0
0.0004106406756922454,1.0,1.0,0.0
0.0004107406756922454,1.0,1.0,0.0
0.0004108406756922454,1.0,1.0,0.0
0.0004109406756922454,1.0,1.0,0.0
0.0004110406756922454,1.0,1.0,0.0
0.0004111406756922454,1.0,1.0,0.0
0.0004112406756922454,1.0,1.0,0.0
0.0004113406756922454,1.0,1.0,0.0
0.0004114406756922454,1.0,1.0,0.0
0.0004115406756922454,1.0,1.0,0.0
0.0004116406756922454,1.0,1.0,0.0
0.0004117406756922454,1.0,1.0,0.0
0.0004118406756922454,1.0,1.0,0.0
0.0004119406756922454,1.0,1.0,0.0
0.0004120406756922454,1.0,1.0,0.0
0.0004121406756922454,1.0,1.0,0.0
0.0004122406756922455,1.0,1.0,0.0
0.0004123406756922455,1.0,1.0,0.0
0.0004124406756922455,1.0,1.0,0.0
0.0004125406756922455,1.0,1.0,0.0
0.0004126406756922455,1.0,1.0,0.0
0.0004127406756922455,1.0,1.0,0.0
0.0004128406756922455,1.0,1.0,0.0
0.0004129406756922455,1.0,1.0,0.0
0.0004130406756922455,1.0,1.0,0.0
0.0004131406756922455,1.0,1.0,0.0
0.0004132406756922455,1.0,1.0,0.0
0.0004133406756922455,1.0,1.0,0.0
0.0004134406756922455,1.0,1.0,0.0
0.0004135406756922455,1.0,1.0,0.0
0.0004136406756922455,1.0,1.0,0.0
0.0004137406756922455,1.0,1.0,0.0
0.0004138406756922455,1.0,1.0,0.0
0.0004139406756922455,1.0,1.0,0.0
0.0004140406756922455,1.0,1.0,0.0
0.0004141406756922455,1.0,1.0,0.0
0.0004142406756922455,1.0,1.0,0.0
0.0004143406756922455,1.0,1.0,0.0
0.0004144406756922455,1.0,1.0,0.0
0.0004145406756922455,1.0,1.0,0.0
0.0004146406756922455,1.0,1.0,0.0
0.0004147406756922455,1.0,1.0,0.0
0.0004148406756922455,1.0,1.0,0.0
0.0004149406756922455,1.0,1.0,0.0
0.0004150406756922455,1.0,1.0,0.0
0.0004151406756922455,1.0,1.0,0.0
0.0004152406756922455,1.0,1.0,0.0
0.0004153406756922455,1.0,1.0,0.0
0.0004154406756922455,1.0,1.0,0.0
0.0004155406756922455,1.0,1.0,0.0
0.0004156406756922455,1.0,1.0,0.0
0.0004157406756922455,1.0,1.0,0.0
0.0004158406756922455,1.0,1.0,0.0
0.0004159406756922455,1.0,1.0,0.0
0.0004160406756922455,1.0,1.0,0.0
0.0004161406756922455,1.0,1.0,0.0
0.0004162406756922455,1.0,1.0,0.0
0.0004163406756922456,1.0,1.0,0.0
0.0004164406756922456,1.0,1.0,0.0
0.0004165406756922456,1.0,1.0,0.0
0.0004166406756922456,1.0,1.0,0.0
0.0004167406756922456,1.0,1.0,0.0
0.0004168406756922456,1.0,1.0,0.0
0.0004169406756922456,1.0,1.0,0.0
0.0004170406756922456,1.0,1.0,0.0
0.0004171406756922456,1.0,1.0,0.0
0.0004172406756922456,1.0,1.0,0.0
0.0004173406756922456,1.0,1.0,0.0
0.0004174406756922456,1.0,1.0,0.0
0.0004175406756922456,1.0,1.0,0.0
0.0004176406756922456,1.0,1.0,0.0
0.0004177406756922456,1.0,1.0,0.0
0.0004178406756922456,1.0,1.0,0.0
0.0004179406756922456,1.0,1.0,0.0
0.0004180406756922456,1.0,1.0,0.0
0.0004181406756922456,1.0,1.0,0.0
0.0004182406756922456,1.0,1.0,0.0
0.0004183406756922456,1.0,1.0,0.0
0.0004184406756922456,1.0,1.0,0.0
0.0004185406756922456,1.0,1.0,0.0
0.0004186406756922456,1.0,1.0,0.0
0.0004187406756922456,1.0,1.0,0.0
0.0004188406756922456,1.0,1.0,0.0
0.0004189406756922456,1.0,1.0,0.0
0.0004190406756922456,1.0,1.0,0.0
0.0004191406756922456,1.0,1.0,0.0
0.0004192406756922456,1.0,1.0,0.0
0.0004193406756922456,1.0,1.0,0.0
0.0004194406756922456,1.0,1.0,0.0
0.0004195406756922456,1.0,1.0,0.0
0.0004196406756922456,1.0,1.0,0.0
0.0004197406756922456,1.0,1.0,0.0
0.0004198406756922456,1.0,1.0,0.0
0.0004199406756922456,1.0,1.0,0.0
0.0004200406756922456,1.0,1.0,0.0
0.0004201406756922456,1.0,1.0,0.0
0.0004202406756922456,1.0,1.0,0.0
0.0004203406756922456,1.0,1.0,0.0
0.0004204406756922457,1.0,1.0,0.0
0.0004205406756922457,1.0,1.0,0.0
0.0004206406756922457,1.0,1.0,0.0
0.0004207406756922457,1.0,1.0,0.0
0.0004208406756922457,1.0,1.0,0.0
0.0004209406756922457,1.0,1.0,0.0
0.0004210406756922457,1.0,1.0,0.0
0.0004211406756922457,1.0,1.0,0.0
0.0004212406756922457,1.0,1.0,0.0
0.0004213406756922457,1.0,1.0,0.0
0.0004214406756922457,1.0,1.0,0.0
0.0004215406756922457,1.0,1.0,0.0
0.0004216406756922457,1.0,1.0,0.0
0.0004217406756922457,1.0,1.0,0.0
0.0004218406756922457,1.0,1.0,0.0
0.0004219406756922457,1.0,1.0,0.0
0.0004220406756922457,1.0,1.0,0.0
0.0004221406756922457,1.0,1.0,0.0
0.0004222406756922457,1.0,1.0,0.0
0.0004223406756922457,1.0,1.0,0.0
0.0004224406756922457,1.0,1.0,0.0
0.0004225406756922457,1.0,1.0,0.0
0.0004226406756922457,1.0,1.0,0.0
0.0004227406756922457,1.0,1.0,0.0
0.0004228406756922457,1.0,1.0,0.0
0.0004229406756922457,1.0,1.0,0.0
0.0004230406756922457,1.0,1.0,0.0
0.0004231406756922457,1.0,1.0,0.0
0.0004232406756922457,1.0,1.0,0.0
0.0004233406756922457,1.0,1.0,0.0
0.0004234406756922457,1.0,1.0,0.0
0.0004235406756922457,1.0,1.0,0.0
0.0004236406756922457,1.0,1.0,0.0
0.0004237406756922457,1.0,1.0,0.0
0.0004238406756922457,1.0,1.0,0.0
0.0004239406756922457,1.0,1.0,0.0
0.0004240406756922457,1.0,1.0,0.0
0.0004241406756922457,1.0,1.0,0.0
0.0004242406756922457,1.0,1.0,0.0
0.0004243406756922457,1.0,1.0,0.0
0.0004244406756922457,1.0,1.0,0.0
0.0004245406756922458,1.0,1.0,0.0
0.0004246406756922458,1.0,1.0,0.0
0.0004247406756922458,1.0,1.0,0.0
0.0004248406756922458,1.0,1.0,0.0
0.0004249406756922458,1.0,1.0,0.0
0.0004250406756922458,1.0,1.0,0.0
0.0004251406756922458,1.0,1.0,0.0
0.0004252406756922458,1.0,1.0,0.0
0.0004253406756922458,1.0,1.0,0.0
0.0004254406756922458,1.0,1.0,0.0
0.0004255406756922458,1.0,1.0,0.0
0.0004256406756922458,1.0,1.0,0.0
0.0004257406756922458,1.0,1.0,0.0
0.0004258406756922458,1.0,1.0,0.0
0.0004259406756922458,1.0,1.0,0.0
0.0004260406756922458,1.0,1.0,0.0
0.0004261406756922458,1.0,1.0,0.0
0.0004262406756922458,1.0,1.0,0.0
0.0004263406756922458,1.0,1.0,0.0
0.0004264406756922458,1.0,1.0,0.0
0.0004265406756922458,1.0,1.0,0.0
0.0004266406756922458,1.0,1.0,0.0
0.0004267406756922458,1.0,1.0,0.0
0.0004268406756922458,1.0,1.0,0.0
0.0004269406756922458,1.0,1.0,0.0
0.0004270406756922458,1.0,1.0,0.0
0.0004271406756922458,1.0,1.0,0.0
0.0004272406756922458,1.0,1.0,0.0
0.0004273406756922458,1.0,1.0,0.0
0.0004274406756922458,1.0,1.0,0.0
0.0004275406756922458,1.0,1.0,0.0
0.0004276406756922458,1.0,1.0,0.0
0.0004277406756922458,1.0,1.0,0.0
0.0004278406756922458,1.0,1.0,0.0
0.0004279406756922458,1.0,1.0,0.0
0.0004280406756922458,1.0,1.0,0.0
0.0004281406756922458,1.0,1.0,0.0
0.0004282406756922458,1.0,1.0,0.0
0.0004283406756922458,1.0,1.0,0.0
0.0004284406756922458,1.0,1.0,0.0
0.0004285406756922458,1.0,1.0,0.0
0.0004286406756922459,1.0,1.0,0.0
0.0004287406756922459,1.0,1.0,0.0
0.0004288406756922459,1.0,1.0,0.0
0.0004289406756922459,1.0,1.0,0.0
0.0004290406756922459,1.0,1.0,0.0
0.0004291406756922459,1.0,1.0,0.0
0.0004292406756922459,1.0,1.0,0.0
0.0004293406756922459,1.0,1.0,0.0
0.0004294406756922459,1.0,1.0,0.0
0.0004295406756922459,1.0,1.0,0.0
0.0004296406756922459,1.0,1.0,0.0
0.0004297406756922459,1.0,1.0,0.0
0.0004298406756922459,1.0,1.0,0.0
0.0004299406756922459,1.0,1.0,0.0
0.0004300406756922459,1.0,1.0,0.0
0.0004301406756922459,1.0,1.0,0.0
0.0004302406756922459,1.0,1.0,0.0
0.0004303406756922459,1.0,1.0,0.0
0.0004304406756922459,1.0,1.0,0.0
0.0004305406756922459,1.0,1.0,0.0
0.0004306406756922459,1.0,1.0,0.0
0.0004307406756922459,1.0,1.0,0.0
0.0004308406756922459,1.0,1.0,0.0
0.0004309406756922459,1.0,1.0,0.0
0.0004310406756922459,1.0,1.0,0.0
0.0004311406756922459,1.0,1.0,0.0
0.0004312406756922459,1.0,1.0,0.0
0.0004313406756922459,1.0,1.0,0.0
0.0004314406756922459,1.0,1.0,0.0
0.0004315406756922459,1.0,1.0,0.0
0.0004316406756922459,1.0,1.0,0.0
0.0004317406756922459,1.0,1.0,0.0
0.0004318406756922459,1.0,1.0,0.0
0.0004319406756922459,1.0,1.0,0.0
0.0004320406756922459,1.0,1.0,0.0
0.0004321406756922459,1.0,1.0,0.0
0.0004322406756922459,1.0,1.0,0.0
0.0004323406756922459,1.0,1.0,0.0
0.0004324406756922459,1.0,1.0,0.0
0.0004325406756922459,1.0,1.0,0.0
0.0004326406756922459,1.0,1.0,0.0
0.000432740675692246,1.0,1.0,0.0
0.000432840675692246,1.0,1.0,0.0
0.000432940675692246,1.0,1.0,0.0
0.000433040675692246,1.0,1.0,0.0
0.000433140675692246,1.0,1.0,0.0
0.000433240675692246,1.0,1.0,0.0
0.000433340675692246,1.0,1.0,0.0
0.000433440675692246,1.0,1.0,0.0
0.000433540675692246,1.0,1.0,0.0
0.000433640675692246,1.0,1.0,0.0
0.000433740675692246,1.0,1.0,0.0
0.000433840675692246,1.0,1.0,0.0
0.000433940675692246,1.0,1.0,0.0
0.000434040675692246,1.0,1.0,0.0
0.000434140675692246,1.0,1.0,0.0
0.000434240675692246,1.0,1.0,0.0
0.000434340675692246,1.0,1.0,0.0
0.000434440675692246,1.0,1.0,0.0
0.000434540675692246,1.0,1.0,0.0
0.000434640675692246,1.0,1.0,0.0
0.000434740675692246,1.0,1.0,0.0
0.000434840675692246,1.0,1.0,0.0
0.000434940675692246,1.0,1.0,0.0
0.000435040675692246,1.0,1.0,0.0
0.000435140675692246,1.0,1.0,0.0
0.000435240675692246,1.0,1.0,0.0
0.000435340675692246,1.0,1.0,0.0
0.000435440675692246,1.0,1.0,0.0
0.000435540675692246,1.0,1.0,0.0
0.000435640675692246,1.0,1.0,0.0
0.000435740675692246,1.0,1.0,0.0
0.000435840675692246,1.0,1.0,0.0
0.000435940675692246,1.0,1.0,0.0
0.000436040675692246,1.0,1.0,0.0
0.000436140675692246,1.0,1.0,0.0
0.000436240675692246,1.0,1.0,0.0
0.000436340675692246,1.0,1.0,0.0
0.000436440675692246,1.0,1.0,0.0
0.000436540675692246,1.0,1.0,0.0
0.000436640675692246,1.0,1.0,0.0
0.000436740675692246,1.0,1.0,0.0
0.000436840675692246,1.0,1.0,0.0
0.0004369406756922461,1.0,1.0,0.0
0.0004370406756922461,1.0,1.0,0.0
0.0004371406756922461,1.0,1.0,0.0
0.0004372406756922461,1.0,1.0,0.0
0.0004373406756922461,1.0,1.0,0.0
0.0004374406756922461,1.0,1.0,0.0
0.0004375406756922461,1.0,1.0,0.0
0.0004376406756922461,1.0,1.0,0.0
0.0004377406756922461,1.0,1.0,0.0
0.0004378406756922461,1.0,1.0,0.0
0.0004379406756922461,1.0,1.0,0.0
0.0004380406756922461,1.0,1.0,0.0
0.0004381406756922461,1.0,1.0,0.0
0.0004382406756922461,1.0,1.0,0.0
0.0004383406756922461,1.0,1.0,0.0
0.0004384406756922461,1.0,1.0,0.0
0.0004385406756922461,1.0,1.0,0.0
0.0004386406756922461,1.0,1.0,0.0
0.0004387406756922461,1.0,1.0,0.0
0.0004388406756922461,1.0,1.0,0.0
0.0004389406756922461,1.0,1.0,0.0
0.0004390406756922461,1.0,1.0,0.0
0.0004391406756922461,1.0,1.0,0.0
0.0004392406756922461,1.0,1.0,0.0
0.0004393406756922461,1.0,1.0,0.0
0.0004394406756922461,1.0,1.0,0.0
0.0004395406756922461,1.0,1.0,0.0
0.0004396406756922461,1.0,1.0,0.0
0.0004397406756922461,1.0,1.0,0.0
0.0004398406756922461,1.0,1.0,0.0
0.0004399406756922461,1.0,1.0,0.0
0.0004400406756922461,1.0,1.0,0.0
0.0004401406756922461,1.0,1.0,0.0
0.0004402406756922461,1.0,1.0,0.0
0.0004403406756922461,1.0,1.0,0.0
0.0004404406756922461,1.0,1.0,0.0
0.0004405406756922461,1.0,1.0,0.0
0.0004406406756922461,1.0,1.0,0.0
0.0004407406756922461,1.0,1.0,0.0
0.0004408406756922461,1.0,1.0,0.0
0.0004409406756922461,1.0,1.0,0.0
0.0004410406756922462,1.0,1.0,0.0
0.0004411406756922462,1.0,1.0,0.0
0.0004412406756922462,1.0,1.0,0.0
0.0004413406756922462,1.0,1.0,0.0
0.0004414406756922462,1.0,1.0,0.0
0.0004415406756922462,1.0,1.0,0.0
0.0004416406756922462,1.0,1.0,0.0
0.0004417406756922462,1.0,1.0,0.0
0.0004418406756922462,1.0,1.0,0.0
0.0004419406756922462,1.0,1.0,0.0
0.0004420406756922462,1.0,1.0,0.0
0.0004421406756922462,1.0,1.0,0.0
0.0004422406756922462,1.0,1.0,0.0
0.0004423406756922462,1.0,1.0,0.0
0.0004424406756922462,1.0,1.0,0.0
0.0004425406756922462,1.0,1.0,0.0
0.0004426406756922462,1.0,1.0,0.0
0.0004427406756922462,1.0,1.0,0.0
0.0004428406756922462,1.0,1.0,0.0
0.0004429406756922462,1.0,1.0,0.0
0.0004430406756922462,1.0,1.0,0.0
0.0004431406756922462,1.0,1.0,0.0
0.0004432406756922462,1.0,1.0,0.0
0.0004433406756922462,1.0,1.0,0.0
0.0004434406756922462,1.0,1.0,0.0
0.0004435406756922462,1.0,1.0,0.0
0.0004436406756922462,1.0,1.0,0.0
0.0004437406756922462,1.0,1.0,0.0
0.0004438406756922462,1.0,1.0,0.0
0.0004439406756922462,1.0,1.0,0.0
0.0004440406756922462,1.0,1.0,0.0
0.0004441406756922462,1.0,1.0,0.0
0.0004442406756922462,1.0,1.0,0.0
0.0004443406756922462,1.0,1.0,0.0
0.0004444406756922462,1.0,1.0,0.0
0.0004445406756922462,1.0,1.0,0.0
0.0004446406756922462,1.0,1.0,0.0
0.0004447406756922462,1.0,1.0,0.0
0.0004448406756922462,1.0,1.0,0.0
0.0004449406756922462,1.0,1.0,0.0
0.0004450406756922462,1.0,1.0,0.0
0.0004451406756922463,1.0,1.0,0.0
0.0004452406756922463,1.0,1.0,0.0
0.0004453406756922463,1.0,1.0,0.0
0.0004454406756922463,1.0,1.0,0.0
0.0004455406756922463,1.0,1.0,0.0
0.0004456406756922463,1.0,1.0,0.0
0.0004457406756922463,1.0,1.0,0.0
0.0004458406756922463,1.0,1.0,0.0
0.0004459406756922463,1.0,1.0,0.0
0.0004460406756922463,1.0,1.0,0.0
0.0004461406756922463,1.0,1.0,0.0
0.0004462406756922463,1.0,1.0,0.0
0.0004463406756922463,1.0,1.0,0.0
0.0004464406756922463,1.0,1.0,0.0
0.0004465406756922463,1.0,1.0,0.0
0.0004466406756922463,1.0,1.0,0.0
0.0004467406756922463,1.0,1.0,0.0
0.0004468406756922463,1.0,1.0,0.0
0.0004469406756922463,1.0,1.0,0.0
0.0004470406756922463,1.0,1.0,0.0
0.0004471406756922463,1.0,1.0,0.0
0.0004472406756922463,1.0,1.0,0.0
0.0004473406756922463,1.0,1.0,0.0
0.0004474406756922463,1.0,1.0,0.0
0.0004475406756922463,1.0,1.0,0.0
0.0004476406756922463,1.0,1.0,0.0
0.0004477406756922463,1.0,1.0,0.0
0.0004478406756922463,1.0,1.0,0.0
0.0004479406756922463,1.0,1.0,0.0
0.0004480406756922463,1.0,1.0,0.0
0.0004481406756922463,1.0,1.0,0.0
0.0004482406756922463,1.0,1.0,0.0
0.0004483406756922463,1.0,1.0,0.0
0.0004484406756922463,1.0,1.0,0.0
0.0004485406756922463,1.0,1.0,0.0
0.0004486406756922463,1.0,1.0,0.0
0.0004487406756922463,1.0,1.0,0.0
0.0004488406756922463,1.0,1.0,0.0
0.0004489406756922463,1.0,1.0,0.0
0.0004490406756922463,1.0,1.0,0.0
0.0004491406756922463,1.0,1.0,0.0
0.0004492406756922464,1.0,1.0,0.0
0.0004493406756922464,1.0,1.0,0.0
0.0004494406756922464,1.0,1.0,0.0
0.0004495406756922464,1.0,1.0,0.0
0.0004496406756922464,1.0,1.0,0.0
0.0004497406756922464,1.0,1.0,0.0
0.0004498406756922464,1.0,1.0,0.0
0.0004499406756922464,1.0,1.0,0.0
0.0004500406756922464,1.0,1.0,0.0
0.0004501406756922464,1.0,1.0,0.0
0.0004502406756922464,1.0,1.0,0.0
0.0004503406756922464,1.0,1.0,0.0
0.0004504406756922464,1.0,1.0,0.0
0.0004505406756922464,1.0,1.0,0.0
0.0004506406756922464,1.0,1.0,0.0
0.0004507406756922464,1.0,1.0,0.0
0.0004508406756922464,1.0,1.0,0.0
0.0004509406756922464,1.0,1.0,0.0
0.0004510406756922464,1.0,1.0,0.0
0.0004511406756922464,1.0,1.0,0.0
0.0004512406756922464,1.0,1.0,0.0
0.0004513406756922464,1.0,1.0,0.0
0.0004514406756922464,1.0,1.0,0.0
0.0004515406756922464,1.0,1.0,0.0
0.0004516406756922464,1.0,1.0,0.0
0.0004517406756922464,1.0,1.0,0.0
0.0004518406756922464,1.0,1.0,0.0
0.0004519406756922464,1.0,1.0,0.0
0.0004520406756922464,1.0,1.0,0.0
0.0004521406756922464,1.0,1.0,0.0
0.0004522406756922464,1.0,1.0,0.0
0.0004523406756922464,1.0,1.0,0.0
0.0004524406756922464,1.0,1.0,0.0
0.0004525406756922464,1.0,1.0,0.0
0.0004526406756922464,1.0,1.0,0.0
0.0004527406756922464,1.0,1.0,0.0
0.0004528406756922464,1.0,1.0,0.0
0.0004529406756922464,1.0,1.0,0.0
0.0004530406756922464,1.0,1.0,0.0
0.0004531406756922464,1.0,1.0,0.0
0.0004532406756922464,1.0,1.0,0.0
0.0004533406756922465,1.0,1.0,0.0
0.0004534406756922465,1.0,1.0,0.0
0.0004535406756922465,1.0,1.0,0.0
0.0004536406756922465,1.0,1.0,0.0
0.0004537406756922465,1.0,1.0,0.0
0.0004538406756922465,1.0,1.0,0.0
0.0004539406756922465,1.0,1.0,0.0
0.0004540406756922465,1.0,1.0,0.0
0.0004541406756922465,1.0,1.0,0.0
0.0004542406756922465,1.0,1.0,0.0
0.0004543406756922465,1.0,1.0,0.0
0.0004544406756922465,1.0,1.0,0.0
0.0004545406756922465,1.0,1.0,0.0
0.0004546406756922465,1.0,1.0,0.0
0.0004547406756922465,1.0,1.0,0.0
0.0004548406756922465,1.0,1.0,0.0
0.0004549406756922465,1.0,1.0,0.0
0.0004550406756922465,1.0,1.0,0.0
0.0004551406756922465,1.0,1.0,0.0
0.0004552406756922465,1.0,1.0,0.0
0.0004553406756922465,1.0,1.0,0.0
0.0004554406756922465,1.0,1.0,0.0
0.0004555406756922465,1.0,1.0,0.0
0.0004556406756922465,1.0,1.0,0.0
0.0004557406756922465,1.0,1.0,0.0
0.0004558406756922465,1.0,1.0,0.0
0.0004559406756922465,1.0,1.0,0.0
0.0004560406756922465,1.0,1.0,0.0
0.0004561406756922465,1.0,1.0,0.0
0.0004562406756922465,1.0,1.0,0.0
0.0004563406756922465,1.0,1.0,0.0
0.0004564406756922465,1.0,1.0,0.0
0.0004565406756922465,1.0,1.0,0.0
0.0004566406756922465,1.0,1.0,0.0
0.0004567406756922465,1.0,1.0,0.0
0.0004568406756922465,1.0,1.0,0.0
0.0004569406756922465,1.0,1.0,0.0
0.0004570406756922465,1.0,1.0,0.0
0.0004571406756922465,1.0,1.0,0.0
0.0004572406756922465,1.0,1.0,0.0
0.0004573406756922465,1.0,1.0,0.0
0.0004574406756922466,1.0,1.0,0.0
0.0004575406756922466,1.0,1.0,0.0
0.0004576406756922466,1.0,1.0,0.0
0.0004577406756922466,1.0,1.0,0.0
0.0004578406756922466,1.0,1.0,0.0
0.0004579406756922466,1.0,1.0,0.0
0.0004580406756922466,1.0,1.0,0.0
0.0004581406756922466,1.0,1.0,0.0
0.0004582406756922466,1.0,1.0,0.0
0.0004583406756922466,1.0,1.0,0.0
0.0004584406756922466,1.0,1.0,0.0
0.0004585406756922466,1.0,1.0,0.0
0.0004586406756922466,1.0,1.0,0.0
0.0004587406756922466,1.0,1.0,0.0
0.0004588406756922466,1.0,1.0,0.0
0.0004589406756922466,1.0,1.0,0.0
0.0004590406756922466,1.0,1.0,0.0
0.0004591406756922466,1.0,1.0,0.0
0.0004592406756922466,1.0,1.0,0.0
0.0004593406756922466,1.0,1.0,0.0
0.0004594406756922466,1.0,1.0,0.0
0.0004595406756922466,1.0,1.0,0.0
0.0004596406756922466,1.0,1.0,0.0
0.0004597406756922466,1.0,1.0,0.0
0.0004598406756922466,1.0,1.0,0.0
0.0004599406756922466,1.0,1.0,0.0
0.0004600406756922466,1.0,1.0,0.0
0.0004601406756922466,1.0,1.0,0.0
0.0004602406756922466,1.0,1.0,0.0
0.0004603406756922466,1.0,1.0,0.0
0.0004604406756922466,1.0,1.0,0.0
0.0004605406756922466,1.0,1.0,0.0
0.0004606406756922466,1.0,1.0,0.0
0.0004607406756922466,1.0,1.0,0.0
0.0004608406756922466,1.0,1.0,0.0
0.0004609406756922466,1.0,1.0,0.0
0.0004610406756922466,1.0,1.0,0.0
0.0004611406756922466,1.0,1.0,0.0
0.0004612406756922466,1.0,1.0,0.0
0.0004613406756922466,1.0,1.0,0.0
0.0004614406756922466,1.0,1.0,0.0
0.0004615406756922467,1.0,1.0,0.0
0.0004616406756922467,1.0,1.0,0.0
0.0004617406756922467,1.0,1.0,0.0
0.0004618406756922467,1.0,1.0,0.0
0.0004619406756922467,1.0,1.0,0.0
0.0004620406756922467,1.0,1.0,0.0
0.0004621406756922467,1.0,1.0,0.0
0.0004622406756922467,1.0,1.0,0.0
0.0004623406756922467,1.0,1.0,0.0
0.0004624406756922467,1.0,1.0,0.0
0.0004625406756922467,1.0,1.0,0.0
0.0004626406756922467,1.0,1.0,0.0
0.0004627406756922467,1.0,1.0,0.0
0.0004628406756922467,1.0,1.0,0.0
0.0004629406756922467,1.0,1.0,0.0
0.0004630406756922467,1.0,1.0,0.0
0.0004631406756922467,1.0,1.0,0.0
0.0004632406756922467,1.0,1.0,0.0
0.0004633406756922467,1.0,1.0,0.0
0.0004634406756922467,1.0,1.0,0.0
0.0004635406756922467,1.0,1.0,0.0
0.0004636406756922467,1.0,1.0,0.0
0.0004637406756922467,1.0,1.0,0.0
0.0004638406756922467,1.0,1.0,0.0
0.0004639406756922467,1.0,1.0,0.0
0.0004640406756922467,1.0,1.0,0.0
0.0004641406756922467,1.0,1.0,0.0
0.0004642406756922467,1.0,1.0,0.0
0.0004643406756922467,1.0,1.0,0.0
0.0004644406756922467,1.0,1.0,0.0
0.0004645406756922467,1.0,1.0,0.0
0.0004646406756922467,1.0,1.0,0.0
0.0004647406756922467,1.0,1.0,0.0
0.0004648406756922467,1.0,1.0,0.0
0.0004649406756922467,1.0,1.0,0.0
0.0004650406756922467,1.0,1.0,0.0
0.0004651406756922467,1.0,1.0,0.0
0.0004652406756922467,1.0,1.0,0.0
0.0004653406756922467,1.0,1.0,0.0
0.0004654406756922467,1.0,1.0,0.0
0.0004655406756922467,1.0,1.0,0.0
0.0004656406756922467,1.0,1.0,0.0
0.0004657406756922468,1.0,1.0,0.0
0.0004658406756922468,1.0,1.0,0.0
0.0004659406756922468,1.0,1.0,0.0
0.0004660406756922468,1.0,1.0,0.0
0.0004661406756922468,1.0,1.0,0.0
0.0004662406756922468,1.0,1.0,0.0
0.0004663406756922468,1.0,1.0,0.0
0.0004664406756922468,1.0,1.0,0.0
0.0004665406756922468,1.0,1.0,0.0
0.0004666406756922468,1.0,1.0,0.0
0.0004667406756922468,1.0,1.0,0.0
0.0004668406756922468,1.0,1.0,0.0
0.0004669406756922468,1.0,1.0,0.0
0.0004670406756922468,1.0,1.0,0.0
0.0004671406756922468,1.0,1.0,0.0
0.0004672406756922468,1.0,1.0,0.0
0.0004673406756922468,1.0,1.0,0.0
0.0004674406756922468,1.0,1.0,0.0
0.0004675406756922468,1.0,1.0,0.0
0.0004676406756922468,1.0,1.0,0.0
0.0004677406756922468,1.0,1.0,0.0
0.0004678406756922468,1.0,1.0,0.0
0.0004679406756922468,1.0,1.0,0.0
0.0004680406756922468,1.0,1.0,0.0
0.0004681406756922468,1.0,1.0,0.0
0.0004682406756922468,1.0,1.0,0.0
0.0004683406756922468,1.0,1.0,0.0
0.0004684406756922468,1.0,1.0,0.0
0.0004685406756922468,1.0,1.0,0.0
0.0004686406756922468,1.0,1.0,0.0
0.0004687406756922468,1.0,1.0,0.0
0.0004688406756922468,1.0,1.0,0.0
0.0004689406756922468,1.0,1.0,0.0
0.0004690406756922468,1.0,1.0,0.0
0.0004691406756922468,1.0,1.0,0.0
0.0004692406756922468,1.0,1.0,0.0
0.0004693406756922468,1.0,1.0,0.0
0.0004694406756922468,1.0,1.0,0.0
0.0004695406756922468,1.0,1.0,0.0
0.0004696406756922468,1.0,1.0,0.0
0.0004697406756922468,1.0,1.0,0.0
0.0004698406756922469,1.0,1.0,0.0
0.0004699406756922469,1.0,1.0,0.0
0.0004700406756922469,1.0,1.0,0.0
0.0004701406756922469,1.0,1.0,0.0
0.0004702406756922469,1.0,1.0,0.0
0.0004703406756922469,1.0,1.0,0.0
0.0004704406756922469,1.0,1.0,0.0
0.0004705406756922469,1.0,1.0,0.0
0.0004706406756922469,1.0,1.0,0.0
0.0004707406756922469,1.0,1.0,0.0
0.0004708406756922469,1.0,1.0,0.0
0.0004709406756922469,1.0,1.0,0.0
0.0004710406756922469,1.0,1.0,0.0
0.0004711406756922469,1.0,1.0,0.0
0.0004712406756922469,1.0,1.0,0.0
0.0004713406756922469,1.0,1.0,0.0
0.0004714406756922469,1.0,1.0,0.0
0.0004715406756922469,1.0,1.0,0.0
0.0004716406756922469,1.0,1.0,0.0
0.0004717406756922469,1.0,1.0,0.0
0.0004718406756922469,1.0,1.0,0.0
0.0004719406756922469,1.0,1.0,0.0
0.0004720406756922469,1.0,1.0,0.0
0.0004721406756922469,1.0,1.0,0.0
0.0004722406756922469,1.0,1.0,0.0
0.0004723406756922469,1.0,1.0,0.0
0.0004724406756922469,1.0,1.0,0.0
0.0004725406756922469,1.0,1.0,0.0
0.0004726406756922469,1.0,1.0,0.0
0.0004727406756922469,1.0,1.0,0.0
0.0004728406756922469,1.0,1.0,0.0
0.0004729406756922469,1.0,1.0,0.0
0.0004730406756922469,1.0,1.0,0.0
0.0004731406756922469,1.0,1.0,0.0
0.0004732406756922469,1.0,1.0,0.0
0.0004733406756922469,1.0,1.0,0.0
0.0004734406756922469,1.0,1.0,0.0
0.0004735406756922469,1.0,1.0,0.0
0.0004736406756922469,1.0,1.0,0.0
0.0004737406756922469,1.0,1.0,0.0
0.0004738406756922469,1.0,1.0,0.0
0.000473940675692247,1.0,1.0,0.0
0.000474040675692247,1.0,1.0,0.0
0.000474140675692247,1.0,1.0,0.0
0.000474240675692247,1.0,1.0,0.0
0.000474340675692247,1.0,1.0,0.0
0.000474440675692247,1.0,1.0,0.0
0.000474540675692247,1.0,1.0,0.0
0.000474640675692247,1.0,1.0,0.0
0.000474740675692247,1.0,1.0,0.0
0.000474840675692247,1.0,1.0,0.0
0.000474940675692247,1.0,1.0,0.0
0.000475040675692247,1.0,1.0,0.0
0.000475140675692247,1.0,1.0,0.0
0.000475240675692247,1.0,1.0,0.0
0.000475340675692247,1.0,1.0,0.0
0.000475440675692247,1.0,1.0,0.0
0.000475540675692247,1.0,1.0,0.0
0.000475640675692247,1.0,1.0,0.0
0.000475740675692247,1.0,1.0,0.0
0.000475840675692247,1.0,1.0,0.0
0.000475940675692247,1.0,1.0,0.0
0.000476040675692247,1.0,1.0,0.0
0.000476140675692247,1.0,1.0,0.0
0.000476240675692247,1.0,1.0,0.0
0.000476340675692247,1.0,1.0,0.0
0.000476440675692247,1.0,1.0,0.0
0.000476540675692247,1.0,1.0,0.0
0.000476640675692247,1.0,1.0,0.0
0.000476740675692247,1.0,1.0,0.0
0.000476840675692247,1.0,1.0,0.0
0.000476940675692247,1.0,1.0,0.0
0.000477040675692247,1.0,1.0,0.0
0.000477140675692247,1.0,1.0,0.0
0.000477240675692247,1.0,1.0,0.0
0.000477340675692247,1.0,1.0,0.0
0.000477440675692247,1.0,1.0,0.0
0.000477540675692247,1.0,1.0,0.0
0.000477640675692247,1.0,1.0,0.0
0.000477740675692247,1.0,1.0,0.0
0.000477840675692247,1.0,1.0,0.0
0.000477940675692247,1.0,1.0,0.0
0.0004780406756922471,1.0,1.0,0.0
0.0004781406756922471,1.0,1.0,0.0
0.0004782406756922471,1.0,1.0,0.0
0.0004783406756922471,1.0,1.0,0.0
0.0004784406756922471,1.0,1.0,0.0
0.0004785406756922471,1.0,1.0,0.0
0.0004786406756922471,1.0,1.0,0.0
0.0004787406756922471,1.0,1.0,0.0
0.0004788406756922471,1.0,1.0,0.0
0.0004789406756922471,1.0,1.0,0.0
0.0004790406756922471,1.0,1.0,0.0
0.0004791406756922471,1.0,1.0,0.0
0.0004792406756922471,1.0,1.0,0.0
0.0004793406756922471,1.0,1.0,0.0
0.0004794406756922471,1.0,1.0,0.0
0.0004795406756922471,1.0,1.0,0.0
0.0004796406756922471,1.0,1.0,0.0
0.0004797406756922471,1.0,1.0,0.0
0.0004798406756922471,1.0,1.0,0.0
0.0004799406756922471,1.0,1.0,0.0
0.0004800406756922471,1.0,1.0,0.0
0.0004801406756922471,1.0,1.0,0.0
0.0004802406756922471,1.0,1.0,0.0
0.0004803406756922471,1.0,1.0,0.0
0.0004804406756922471,1.0,1.0,0.0
0.0004805406756922471,1.0,1.0,0.0
0.0004806406756922471,1.0,1.0,0.0
0.0004807406756922471,1.0,1.0,0.0
0.0004808406756922471,1.0,1.0,0.0
0.0004809406756922471,1.0,1.0,0.0
0.0004810406756922471,1.0,1.0,0.0
0.0004811406756922471,1.0,1.0,0.0
0.0004812406756922471,1.0,1.0,0.0
0.0004813406756922471,1.0,1.0,0.0
0.0004814406756922471,1.0,1.0,0.0
0.0004815406756922471,1.0,1.0,0.0
0.0004816406756922471,1.0,1.0,0.0
0.0004817406756922471,1.0,1.0,0.0
0.0004818406756922471,1.0,1.0,0.0
0.0004819406756922471,1.0,1.0,0.0
0.0004820406756922471,1.0,1.0,0.0
0.0004821406756922472,1.0,1.0,0.0
0.0004822406756922472,1.0,1.0,0.0
0.0004823406756922472,1.0,1.0,0.0
0.0004824406756922472,1.0,1.0,0.0
0.0004825406756922472,1.0,1.0,0.0
0.0004826406756922472,1.0,1.0,0.0
0.0004827406756922472,1.0,1.0,0.0
0.0004828406756922472,1.0,1.0,0.0
0.0004829406756922472,1.0,1.0,0.0
0.0004830406756922472,1.0,1.0,0.0
0.0004831406756922472,1.0,1.0,0.0
0.0004832406756922472,1.0,1.0,0.0
0.0004833406756922472,1.0,1.0,0.0
0.0004834406756922472,1.0,1.0,0.0
0.0004835406756922472,1.0,1.0,0.0
0.0004836406756922472,1.0,1.0,0.0
0.0004837406756922472,1.0,1.0,0.0
0.0004838406756922472,1.0,1.0,0.0
0.0004839406756922472,1.0,1.0,0.0
0.0004840406756922472,1.0,1.0,0.0
0.0004841406756922472,1.0,1.0,0.0
0.0004842406756922472,1.0,1.0,0.0
0.0004843406756922472,1.0,1.0,0.0
0.0004844406756922472,1.0,1.0,0.0
0.0004845406756922472,1.0,1.0,0.0
0.0004846406756922472,1.0,1.0,0.0
0.0004847406756922472,1.0,1.0,0.0
0.0004848406756922472,1.0,1.0,0.0
0.0004849406756922472,1.0,1.0,0.0
0.0004850406756922472,1.0,1.0,0.0
0.0004851406756922472,1.0,1.0,0.0
0.0004852406756922472,1.0,1.0,0.0
0.0004853406756922472,1.0,1.0,0.0
0.0004854406756922472,1.0,1.0,0.0
0.0004855406756922472,1.0,1.0,0.0
0.0004856406756922472,1.0,1.0,0.0
0.0004857406756922472,1.0,1.0,0.0
0.0004858406756922472,1.0,1.0,0.0
0.0004859406756922472,1.0,1.0,0.0
0.0004860406756922472,1.0,1.0,0.0
0.0004861406756922472,1.0,1.0,0.0
0.0004862406756922473,1.0,1.0,0.0
0.0004863406756922473,1.0,1.0,0.0
0.0004864406756922473,1.0,1.0,0.0
0.0004865406756922473,1.0,1.0,0.0
0.0004866406756922473,1.0,1.0,0.0
0.0004867406756922473,1.0,1.0,0.0
0.0004868406756922473,1.0,1.0,0.0
0.0004869406756922473,1.0,1.0,0.0
0.0004870406756922473,1.0,1.0,0.0
0.0004871406756922473,1.0,1.0,0.0
0.0004872406756922473,1.0,1.0,0.0
0.0004873406756922473,1.0,1.0,0.0
0.0004874406756922473,1.0,1.0,0.0
0.0004875406756922473,1.0,1.0,0.0
0.0004876406756922473,1.0,1.0,0.0
0.0004877406756922473,1.0,1.0,0.0
0.0004878406756922473,1.0,1.0,0.0
0.0004879406756922473,1.0,1.0,0.0
0.0004880406756922473,1.0,1.0,0.0
0.0004881406756922473,1.0,1.0,0.0
0.0004882406756922473,1.0,1.0,0.0
0.0004883406756922472,1.0,1.0,0.0
0.0004884406756922472,1.0,1.0,0.0
0.0004885406756922471,1.0,1.0,0.0
0.0004886406756922471,1.0,1.0,0.0
0.000488740675692247,1.0,1.0,0.0
0.000488840675692247,1.0,1.0,0.0
0.0004889406756922469,1.0,1.0,0.0
0.0004890406756922469,1.0,1.0,0.0
0.0004891406756922468,1.0,1.0,0.0
0.0004892406756922468,1.0,1.0,0.0
0.0004893406756922467,1.0,1.0,0.0
0.0004894406756922467,1.0,1.0,0.0
0.0004895406756922466,1.0,1.0,0.0
0.0004896406756922466,1.0,1.0,0.0
0.0004897406756922465,1.0,1.0,0.0
0.0004898406756922465,1.0,1.0,0.0
0.0004899406756922464,1.0,1.0,0.0
0.0004900406756922464,1.0,1.0,0.0
0.0004901406756922463,1.0,1.0,0.0
0.0004902406756922463,1.0,1.0,0.0
0.0004903406756922462,1.0,1.0,0.0
0.0004904406756922462,1.0,1.0,0.0
0.0004905406756922461,1.0,1.0,0.0
0.0004906406756922461,1.0,1.0,0.0
0.000490740675692246,1.0,1.0,0.0
0.000490840675692246,1.0,1.0,0.0
0.0004909406756922459,1.0,1.0,0.0
0.0004910406756922458,1.0,1.0,0.0
0.0004911406756922458,1.0,1.0,0.0
0.0004912406756922457,1.0,1.0,0.0
0.0004913406756922457,1.0,1.0,0.0
0.0004914406756922456,1.0,1.0,0.0
0.0004915406756922456,1.0,1.0,0.0
0.0004916406756922455,1.0,1.0,0.0
0.0004917406756922455,1.0,1.0,0.0
0.0004918406756922454,1.0,1.0,0.0
0.0004919406756922454,1.0,1.0,0.0
0.0004920406756922453,1.0,1.0,0.0
0.0004921406756922453,1.0,1.0,0.0
0.0004922406756922452,1.0,1.0,0.0
0.0004923406756922452,1.0,1.0,0.0
0.0004924406756922451,1.0,1.0,0.0
0.0004925406756922451,1.0,1.0,0.0
0.000492640675692245,1.0,1.0,0.0
0.000492740675692245,1.0,1.0,0.0
0.0004928406756922449,1.0,1.0,0.0
0.0004929406756922449,1.0,1.0,0.0
0.0004930406756922448,1.0,1.0,0.0
0.0004931406756922448,1.0,1.0,0.0
0.0004932406756922447,1.0,1.0,0.0
0.0004933406756922447,1.0,1.0,0.0
0.0004934406756922446,1.0,1.0,0.0
0.0004935406756922446,1.0,1.0,0.0
0.0004936406756922445,1.0,1.0,0.0
0.0004937406756922445,1.0,1.0,0.0
0.0004938406756922444,1.0,1.0,0.0
0.0004939406756922443,1.0,1.0,0.0
0.0004940406756922443,1.0,1.0,0.0
0.0004941406756922442,1.0,1.0,0.0
0.0004942406756922442,1.0,1.0,0.0
0.0004943406756922441,1.0,1.0,0.0
0.0004944406756922441,1.0,1.0,0.0
0.000494540675692244,1.0,1.0,0.0
0.000494640675692244,1.0,1.0,0.0
0.0004947406756922439,1.0,1.0,0.0
0.0004948406756922439,1.0,1.0,0.0
0.0004949406756922438,1.0,1.0,0.0
0.0004950406756922438,1.0,1.0,0.0
0.0004951406756922437,1.0,1.0,0.0
0.0004952406756922437,1.0,1.0,0.0
0.0004953406756922436,1.0,1.0,0.0
0.0004954406756922436,1.0,1.0,0.0
0.0004955406756922435,1.0,1.0,0.0
0.0004956406756922435,1.0,1.0,0.0
0.0004957406756922434,1.0,1.0,0.0
0.0004958406756922434,1.0,1.0,0.0
0.0004959406756922433,1.0,1.0,0.0
0.0004960406756922433,1.0,1.0,0.0
0.0004961406756922432,1.0,1.0,0.0
0.0004962406756922432,1.0,1.0,0.0
0.0004963406756922431,1.0,1.0,0.0
0.000496440675692243,1.0,1.0,0.0
0.000496540675692243,1.0,1.0,0.0
0.000496640675692243,1.0,1.0,0.0
0.0004967406756922429,1.0,1.0,0.0
0.0004968406756922428,1.0,1.0,0.0
0.0004969406756922428,1.0,1.0,0.0
0.0004970406756922427,1.0,1.0,0.0
0.0004971406756922427,1.0,1.0,0.0
0.0004972406756922426,1.0,1.0,0.0
0.0004973406756922426,1.0,1.0,0.0
0.0004974406756922425,1.0,1.0,0.0
0.0004975406756922425,1.0,1.0,0.0
0.0004976406756922424,1.0,1.0,0.0
0.0004977406756922424,1.0,1.0,0.0
0.0004978406756922423,1.0,1.0,0.0
0.0004979406756922423,1.0,1.0,0.0
0.0004980406756922422,1.0,1.0,0.0
0.0004981406756922422,1.0,1.0,0.0
0.0004982406756922421,1.0,1.0,0.0
0.0004983406756922421,1.0,1.0,0.0
0.000498440675692242,1.0,1.0,0.0
0.000498540675692242,1.0,1.0,0.0
0.0004986406756922419,1.0,1.0,0.0
0.0004987406756922419,1.0,1.0,0.0
0.0004988406756922418,1.0,1.0,0.0
0.0004989406756922418,1.0,1.0,0.0
0.0004990406756922417,1.0,1.0,0.0
0.0004991406756922417,1.0,1.0,0.0
0.0004992406756922416,1.0,1.0,0.0
0.0004993406756922416,1.0,1.0,0.0
0.0004994406756922415,1.0,1.0,0.0
0.0004995406756922414,1.0,1.0,0.0
0.0004996406756922414,1.0,1.0,0.0
0.0004997406756922413,1.0,1.0,0.0
0.0004998406756922413,1.0,1.0,0.0
0.0004999406756922412,1.0,1.0,0.0
0.0005000406756922412,1.0,1.0,0.0
0.0005001406756922411,1.0,1.0,0.0
0.0005002406756922411,1.0,1.0,0.0
0.000500340675692241,1.0,1.0,0.0
0.000500440675692241,1.0,1.0,0.0
0.0005005406756922409,1.0,1.0,0.0
0.0005006406756922409,1.0,1.0,0.0
0.0005007406756922408,1.0,1.0,0.0
0.0005008406756922408,1.0,1.0,0.0
0.0005009406756922407,1.0,1.0,0.0
0.0005010406756922407,1.0,1.0,0.0
0.0005011406756922406,1.0,1.0,0.0
0.0005012406756922406,1.0,1.0,0.0
0.0005013406756922405,1.0,1.0,0.0
0.0005014406756922405,1.0,1.0,0.0
0.0005015406756922404,1.0,1.0,0.0
0.0005016406756922404,1.0,1.0,0.0
0.0005017406756922403,1.0,1.0,0.0
0.0005018406756922403,1.0,1.0,0.0
0.0005019406756922402,1.0,1.0,0.0
0.0005020406756922402,1.0,1.0,0.0
0.0005021406756922401,1.0,1.0,0.0
0.00050224067569224,1.0,1.0,0.0
0.00050234067569224,1.0,1.0,0.0
0.00050244067569224,1.0,1.0,0.0
0.0005025406756922399,1.0,1.0,0.0
0.0005026406756922398,1.0,1.0,0.0
0.0005027406756922398,1.0,1.0,0.0
0.0005028406756922397,1.0,1.0,0.0
0.0005029406756922397,1.0,1.0,0.0
0.0005030406756922396,1.0,1.0,0.0
0.0005031406756922396,1.0,1.0,0.0
0.0005032406756922395,1.0,1.0,0.0
0.0005033406756922395,1.0,1.0,0.0
0.0005034406756922394,1.0,1.0,0.0
0.0005035406756922394,1.0,1.0,0.0
0.0005036406756922393,1.0,1.0,0.0
0.0005037406756922393,1.0,1.0,0.0
0.0005038406756922392,1.0,1.0,0.0
0.0005039406756922392,1.0,1.0,0.0
0.0005040406756922391,1.0,1.0,0.0
0.0005041406756922391,1.0,1.0,0.0
0.000504240675692239,1.0,1.0,0.0
0.000504340675692239,1.0,1.0,0.0
0.0005044406756922389,1.0,1.0,0.0
0.0005045406756922389,1.0,1.0,0.0
0.0005046406756922388,1.0,1.0,0.0
0.0005047406756922388,1.0,1.0,0.0
0.0005048406756922387,1.0,1.0,0.0
0.0005049406756922387,1.0,1.0,0.0
0.0005050406756922386,1.0,1.0,0.0
0.0005051406756922385,1.0,1.0,0.0
0.0005052406756922385,1.0,1.0,0.0
0.0005053406756922384,1.0,1.0,0.0
0.0005054406756922384,1.0,1.0,0.0
0.0005055406756922383,1.0,1.0,0.0
0.0005056406756922383,1.0,1.0,0.0
0.0005057406756922382,1.0,1.0,0.0
0.0005058406756922382,1.0,1.0,0.0
0.0005059406756922381,1.0,1.0,0.0
0.0005060406756922381,1.0,1.0,0.0
0.000506140675692238,1.0,1.0,0.0
0.000506240675692238,1.0,1.0,0.0
0.0005063406756922379,1.0,1.0,0.0
0.0005064406756922379,1.0,1.0,0.0
0.0005065406756922378,1.0,1.0,0.0
0.0005066406756922378,1.0,1.0,0.0
0.0005067406756922377,1.0,1.0,0.0
0.0005068406756922377,1.0,1.0,0.0
0.0005069406756922376,1.0,1.0,0.0
0.0005070406756922376,1.0,1.0,0.0
0.0005071406756922375,1.0,1.0,0.0
0.0005072406756922375,1.0,1.0,0.0
0.0005073406756922374,1.0,1.0,0.0
0.0005074406756922374,1.0,1.0,0.0
0.0005075406756922373,1.0,1.0,0.0
0.0005076406756922373,1.0,1.0,0.0
0.0005077406756922372,1.0,1.0,0.0
0.0005078406756922372,1.0,1.0,0.0
0.0005079406756922371,1.0,1.0,0.0
0.000508040675692237,1.0,1.0,0.0
0.000508140675692237,1.0,1.0,0.0
0.0005082406756922369,1.0,1.0,0.0
0.0005083406756922369,1.0,1.0,0.0
0.0005084406756922368,1.0,1.0,0.0
0.0005085406756922368,1.0,1.0,0.0
0.0005086406756922367,1.0,1.0,0.0
0.0005087406756922367,1.0,1.0,0.0
0.0005088406756922366,1.0,1.0,0.0
0.0005089406756922366,1.0,1.0,0.0
0.0005090406756922365,1.0,1.0,0.0
0.0005091406756922365,1.0,1.0,0.0
0.0005092406756922364,1.0,1.0,0.0
0.0005093406756922364,1.0,1.0,0.0
0.0005094406756922363,1.0,1.0,0.0
0.0005095406756922363,1.0,1.0,0.0
0.0005096406756922362,1.0,1.0,0.0
0.0005097406756922362,1.0,1.0,0.0
0.0005098406756922361,1.0,1.0,0.0
0.0005099406756922361,1.0,1.0,0.0
0.000510040675692236,1.0,1.0,0.0
0.000510140675692236,1.0,1.0,0.0
0.0005102406756922359,1.0,1.0,0.0
0.0005103406756922359,1.0,1.0,0.0
0.0005104406756922358,1.0,1.0,0.0
0.0005105406756922358,1.0,1.0,0.0
0.0005106406756922357,1.0,1.0,0.0
0.0005107406756922356,1.0,1.0,0.0
0.0005108406756922356,1.0,1.0,0.0
0.0005109406756922355,1.0,1.0,0.0
0.0005110406756922355,1.0,1.0,0.0
0.0005111406756922354,1.0,1.0,0.0
0.0005112406756922354,1.0,1.0,0.0
0.0005113406756922353,1.0,1.0,0.0
0.0005114406756922353,1.0,1.0,0.0
0.0005115406756922352,1.0,1.0,0.0
0.0005116406756922352,1.0,1.0,0.0
0.0005117406756922351,1.0,1.0,0.0
0.0005118406756922351,1.0,1.0,0.0
0.000511940675692235,1.0,1.0,0.0
0.000512040675692235,1.0,1.0,0.0
0.0005121406756922349,1.0,1.0,0.0
0.0005122406756922349,1.0,1.0,0.0
0.0005123406756922348,1.0,1.0,0.0
0.0005124406756922348,1.0,1.0,0.0
0.0005125406756922347,1.0,1.0,0.0
0.0005126406756922347,1.0,1.0,0.0
0.0005127406756922346,1.0,1.0,0.0
0.0005128406756922346,1.0,1.0,0.0
0.0005129406756922345,1.0,1.0,0.0
0.0005130406756922345,1.0,1.0,0.0
0.0005131406756922344,1.0,1.0,0.0
0.0005132406756922344,1.0,1.0,0.0
0.0005133406756922343,1.0,1.0,0.0
0.0005134406756922343,1.0,1.0,0.0
0.0005135406756922342,1.0,1.0,0.0
0.0005136406756922341,1.0,1.0,0.0
0.0005137406756922341,1.0,1.0,0.0
0.000513840675692234,1.0,1.0,0.0
0.000513940675692234,1.0,1.0,0.0
0.0005140406756922339,1.0,1.0,0.0
0.0005141406756922339,1.0,1.0,0.0
0.0005142406756922338,1.0,1.0,0.0
0.0005143406756922338,1.0,1.0,0.0
0.0005144406756922337,1.0,1.0,0.0
0.0005145406756922337,1.0,1.0,0.0
0.0005146406756922336,1.0,1.0,0.0
0.0005147406756922336,1.0,1.0,0.0
0.0005148406756922335,1.0,1.0,0.0
0.0005149406756922335,1.0,1.0,0.0
0.0005150406756922334,1.0,1.0,0.0
0.0005151406756922334,1.0,1.0,0.0
0.0005152406756922333,1.0,1.0,0.0
0.0005153406756922333,1.0,1.0,0.0
0.0005154406756922332,1.0,1.0,0.0
0.0005155406756922332,1.0,1.0,0.0
0.0005156406756922331,1.0,1.0,0.0
0.0005157406756922331,1.0,1.0,0.0
0.000515840675692233,1.0,1.0,0.0
0.000515940675692233,1.0,1.0,0.0
0.0005160406756922329,1.0,1.0,0.0
0.0005161406756922329,1.0,1.0,0.0
0.0005162406756922328,1.0,1.0,0.0
0.0005163406756922327,1.0,1.0,0.0
0.0005164406756922327,1.0,1.0,0.0
0.0005165406756922326,1.0,1.0,0.0
0.0005166406756922326,1.0,1.0,0.0
0.0005167406756922325,1.0,1.0,0.0
0.0005168406756922325,1.0,1.0,0.0
0.0005169406756922324,1.0,1.0,0.0
0.0005170406756922324,1.0,1.0,0.0
0.0005171406756922323,1.0,1.0,0.0
0.0005172406756922323,1.0,1.0,0.0
0.0005173406756922322,1.0,1.0,0.0
0.0005174406756922322,1.0,1.0,0.0
0.0005175406756922321,1.0,1.0,0.0
0.0005176406756922321,1.0,1.0,0.0
0.000517740675692232,1.0,1.0,0.0
0.000517840675692232,1.0,1.0,0.0
0.0005179406756922319,1.0,1.0,0.0
0.0005180406756922319,1.0,1.0,0.0
0.0005181406756922318,1.0,1.0,0.0
0.0005182406756922318,1.0,1.0,0.0
0.0005183406756922317,1.0,1.0,0.0
0.0005184406756922317,1.0,1.0,0.0
0.0005185406756922316,1.0,1.0,0.0
0.0005186406756922316,1.0,1.0,0.0
0.0005187406756922315,1.0,1.0,0.0
0.0005188406756922315,1.0,1.0,0.0
0.0005189406756922314,1.0,1.0,0.0
0.0005190406756922314,1.0,1.0,0.0
0.0005191406756922313,1.0,1.0,0.0
0.0005192406756922312,1.0,1.0,0.0
0.0005193406756922312,1.0,1.0,0.0
0.0005194406756922311,1.0,1.0,0.0
0.0005195406756922311,1.0,1.0,0.0
0.000519640675692231,1.0,1.0,0.0
0.000519740675692231,1.0,1.0,0.0
0.0005198406756922309,1.0,1.0,0.0
0.0005199406756922309,1.0,1.0,0.0
0.0005200406756922308,1.0,1.0,0.0
0.0005201406756922308,1.0,1.0,0.0
0.0005202406756922307,1.0,1.0,0.0
0.0005203406756922307,1.0,1.0,0.0
0.0005204406756922306,1.0,1.0,0.0
0.0005205406756922306,1.0,1.0,0.0
0.0005206406756922305,1.0,1.0,0.0
0.0005207406756922305,1.0,1.0,0.0
0.0005208406756922304,1.0,1.0,0.0
0.0005209406756922304,1.0,1.0,0.0
0.0005210406756922303,1.0,1.0,0.0
0.0005211406756922303,1.0,1.0,0.0
0.0005212406756922302,1.0,1.0,0.0
0.0005213406756922302,1.0,1.0,0.0
0.0005214406756922301,1.0,1.0,0.0
0.0005215406756922301,1.0,1.0,0.0
0.00052164067569223,1.0,1.0,0.0
0.00052174067569223,1.0,1.0,0.0
0.0005218406756922299,1.0,1.0,0.0
0.0005219406756922298,1.0,1.0,0.0
0.0005220406756922298,1.0,1.0,0.0
0.0005221406756922297,1.0,1.0,0.0
0.0005222406756922297,1.0,1.0,0.0
0.0005223406756922296,1.0,1.0,0.0
0.0005224406756922296,1.0,1.0,0.0
0.0005225406756922295,1.0,1.0,0.0
0.0005226406756922295,1.0,1.0,0.0
0.0005227406756922294,1.0,1.0,0.0
0.0005228406756922294,1.0,1.0,0.0
0.0005229406756922293,1.0,1.0,0.0
0.0005230406756922293,1.0,1.0,0.0
0.0005231406756922292,1.0,1.0,0.0
0.0005232406756922292,1.0,1.0,0.0
0.0005233406756922291,1.0,1.0,0.0
0.0005234406756922291,1.0,1.0,0.0
0.000523540675692229,1.0,1.0,0.0
0.000523640675692229,1.0,1.0,0.0
0.0005237406756922289,1.0,1.0,0.0
0.0005238406756922289,1.0,1.0,0.0
0.0005239406756922288,1.0,1.0,0.0
0.0005240406756922288,1.0,1.0,0.0
0.0005241406756922287,1.0,1.0,0.0
0.0005242406756922287,1.0,1.0,0.0
0.0005243406756922286,1.0,1.0,0.0
0.0005244406756922286,1.0,1.0,0.0
0.0005245406756922285,1.0,1.0,0.0
0.0005246406756922285,1.0,1.0,0.0
0.0005247406756922284,1.0,1.0,0.0
0.0005248406756922283,1.0,1.0,0.0
0.0005249406756922283,1.0,1.0,0.0
0.0005250406756922282,1.0,1.0,0.0
0.0005251406756922282,1.0,1.0,0.0
0.0005252406756922281,1.0,1.0,0.0
0.0005253406756922281,1.0,1.0,0.0
0.000525440675692228,1.0,1.0,0.0
0.000525540675692228,1.0,1.0,0.0
0.0005256406756922279,1.0,1.0,0.0
0.0005257406756922279,1.0,1.0,0.0
0.0005258406756922278,1.0,1.0,0.0
0.0005259406756922278,1.0,1.0,0.0
0.0005260406756922277,1.0,1.0,0.0
0.0005261406756922277,1.0,1.0,0.0
0.0005262406756922276,1.0,1.0,0.0
0.0005263406756922276,1.0,1.0,0.0
0.0005264406756922275,1.0,1.0,0.0
0.0005265406756922275,1.0,1.0,0.0
0.0005266406756922274,1.0,1.0,0.0
0.0005267406756922274,1.0,1.0,0.0
0.0005268406756922273,1.0,1.0,0.0
0.0005269406756922273,1.0,1.0,0.0
0.0005270406756922272,1.0,1.0,0.0
0.0005271406756922272,1.0,1.0,0.0
0.0005272406756922271,1.0,1.0,0.0
0.000527340675692227,1.0,1.0,0.0
0.000527440675692227,1.0,1.0,0.0
0.000527540675692227,1.0,1.0,0.0
0.0005276406756922269,1.0,1.0,0.0
0.0005277406756922268,1.0,1.0,0.0
0.0005278406756922268,1.0,1.0,0.0
0.0005279406756922267,1.0,1.0,0.0
0.0005280406756922267,1.0,1.0,0.0
0.0005281406756922266,1.0,1.0,0.0
0.0005282406756922266,1.0,1.0,0.0
0.0005283406756922265,1.0,1.0,0.0
0.0005284406756922265,1.0,1.0,0.0
0.0005285406756922264,1.0,1.0,0.0
0.0005286406756922264,1.0,1.0,0.0
0.0005287406756922263,1.0,1.0,0.0
0.0005288406756922263,1.0,1.0,0.0
0.0005289406756922262,1.0,1.0,0.0
0.0005290406756922262,1.0,1.0,0.0
0.0005291406756922261,1.0,1.0,0.0
0.0005292406756922261,1.0,1.0,0.0
0.000529340675692226,1.0,1.0,0.0
0.000529440675692226,1.0,1.0,0.0
0.0005295406756922259,1.0,1.0,0.0
0.0005296406756922259,1.0,1.0,0.0
0.0005297406756922258,1.0,1.0,0.0
0.0005298406756922258,1.0,1.0,0.0
0.0005299406756922257,1.0,1.0,0.0
0.0005300406756922257,1.0,1.0,0.0
0.0005301406756922256,1.0,1.0,0.0
0.0005302406756922256,1.0,1.0,0.0
0.0005303406756922255,1.0,1.0,0.0
0.0005304406756922254,1.0,1.0,0.0
0.0005305406756922254,1.0,1.0,0.0
0.0005306406756922253,1.0,1.0,0.0
0.0005307406756922253,1.0,1.0,0.0
0.0005308406756922252,1.0,1.0,0.0
0.0005309406756922252,1.0,1.0,0.0
0.0005310406756922251,1.0,1.0,0.0
0.0005311406756922251,1.0,1.0,0.0
0.000531240675692225,1.0,1.0,0.0
0.000531340675692225,1.0,1.0,0.0
0.0005314406756922249,1.0,1.0,0.0
0.0005315406756922249,1.0,1.0,0.0
0.0005316406756922248,1.0,1.0,0.0
0.0005317406756922248,1.0,1.0,0.0
0.0005318406756922247,1.0,1.0,0.0
0.0005319406756922247,1.0,1.0,0.0
0.0005320406756922246,1.0,1.0,0.0
0.0005321406756922246,1.0,1.0,0.0
0.0005322406756922245,1.0,1.0,0.0
0.0005323406756922245,1.0,1.0,0.0
0.0005324406756922244,1.0,1.0,0.0
0.0005325406756922244,1.0,1.0,0.0
0.0005326406756922243,1.0,1.0,0.0
0.0005327406756922243,1.0,1.0,0.0
0.0005328406756922242,1.0,1.0,0.0
0.0005329406756922242,1.0,1.0,0.0
0.0005330406756922241,1.0,1.0,0.0
0.000533140675692224,1.0,1.0,0.0
0.000533240675692224,1.0,1.0,0.0
0.000533340675692224,1.0,1.0,0.0
0.0005334406756922239,1.0,1.0,0.0
0.0005335406756922238,1.0,1.0,0.0
0.0005336406756922238,1.0,1.0,0.0
0.0005337406756922237,1.0,1.0,0.0
0.0005338406756922237,1.0,1.0,0.0
0.0005339406756922236,1.0,1.0,0.0
0.0005340406756922236,1.0,1.0,0.0
0.0005341406756922235,1.0,1.0,0.0
0.0005342406756922235,1.0,1.0,0.0
0.0005343406756922234,1.0,1.0,0.0
0.0005344406756922234,1.0,1.0,0.0
0.0005345406756922233,1.0,1.0,0.0
0.0005346406756922233,1.0,1.0,0.0
0.0005347406756922232,1.0,1.0,0.0
0.0005348406756922232,1.0,1.0,0.0
0.0005349406756922231,1.0,1.0,0.0
0.0005350406756922231,1.0,1.0,0.0
0.000535140675692223,1.0,1.0,0.0
0.000535240675692223,1.0,1.0,0.0
0.0005353406756922229,1.0,1.0,0.0
0.0005354406756922229,1.0,1.0,0.0
0.0005355406756922228,1.0,1.0,0.0
0.0005356406756922228,1.0,1.0,0.0
0.0005357406756922227,1.0,1.0,0.0
0.0005358406756922227,1.0,1.0,0.0
0.0005359406756922226,1.0,1.0,0.0
0.0005360406756922225,1.0,1.0,0.0
0.0005361406756922225,1.0,1.0,0.0
0.0005362406756922224,1.0,1.0,0.0
0.0005363406756922224,1.0,1.0,0.0
0.0005364406756922223,1.0,1.0,0.0
0.0005365406756922223,1.0,1.0,0.0
0.0005366406756922222,1.0,1.0,0.0
0.0005367406756922222,1.0,1.0,0.0
0.0005368406756922221,1.0,1.0,0.0
0.0005369406756922221,1.0,1.0,0.0
0.000537040675692222,1.0,1.0,0.0
0.000537140675692222,1.0,1.0,0.0
0.0005372406756922219,1.0,1.0,0.0
0.0005373406756922219,1.0,1.0,0.0
0.0005374406756922218,1.0,1.0,0.0
0.0005375406756922218,1.0,1.0,0.0
0.0005376406756922217,1.0,1.0,0.0
0.0005377406756922217,1.0,1.0,0.0
0.0005378406756922216,1.0,1.0,0.0
0.0005379406756922216,1.0,1.0,0.0
0.0005380406756922215,1.0,1.0,0.0
0.0005381406756922215,1.0,1.0,0.0
0.0005382406756922214,1.0,1.0,0.0
0.0005383406756922214,1.0,1.0,0.0
0.0005384406756922213,1.0,1.0,0.0
0.0005385406756922213,1.0,1.0,0.0
0.0005386406756922212,1.0,1.0,0.0
0.0005387406756922212,1.0,1.0,0.0
0.0005388406756922211,1.0,1.0,0.0
0.000538940675692221,1.0,1.0,0.0
0.000539040675692221,1.0,1.0,0.0
0.0005391406756922209,1.0,1.0,0.0
0.0005392406756922209,1.0,1.0,0.0
0.0005393406756922208,1.0,1.0,0.0
0.0005394406756922208,1.0,1.0,0.0
0.0005395406756922207,1.0,1.0,0.0
0.0005396406756922207,1.0,1.0,0.0
0.0005397406756922206,1.0,1.0,0.0
0.0005398406756922206,1.0,1.0,0.0
0.0005399406756922205,1.0,1.0,0.0
0.0005400406756922205,1.0,1.0,0.0
0.0005401406756922204,1.0,1.0,0.0
0.0005402406756922204,1.0,1.0,0.0
0.0005403406756922203,1.0,1.0,0.0
0.0005404406756922203,1.0,1.0,0.0
0.0005405406756922202,1.0,1.0,0.0
0.0005406406756922202,1.0,1.0,0.0
0.0005407406756922201,1.0,1.0,0.0
0.0005408406756922201,1.0,1.0,0.0
0.00054094067569222,1.0,1.0,0.0
0.00054104067569222,1.0,1.0,0.0
0.0005411406756922199,1.0,1.0,0.0
0.0005412406756922199,1.0,1.0,0.0
0.0005413406756922198,1.0,1.0,0.0
0.0005414406756922198,1.0,1.0,0.0
0.0005415406756922197,1.0,1.0,0.0
0.0005416406756922196,1.0,1.0,0.0
0.0005417406756922196,1.0,1.0,0.0
0.0005418406756922195,1.0,1.0,0.0
0.0005419406756922195,1.0,1.0,0.0
0.0005420406756922194,1.0,1.0,0.0
0.0005421406756922194,1.0,1.0,0.0
0.0005422406756922193,1.0,1.0,0.0
0.0005423406756922193,1.0,1.0,0.0
0.0005424406756922192,1.0,1.0,0.0
0.0005425406756922192,1.0,1.0,0.0
0.0005426406756922191,1.0,1.0,0.0
0.0005427406756922191,1.0,1.0,0.0
0.000542840675692219,1.0,1.0,0.0
0.000542940675692219,1.0,1.0,0.0
0.0005430406756922189,1.0,1.0,0.0
0.0005431406756922189,1.0,1.0,0.0
0.0005432406756922188,1.0,1.0,0.0
0.0005433406756922188,1.0,1.0,0.0
0.0005434406756922187,1.0,1.0,0.0
0.0005435406756922187,1.0,1.0,0.0
0.0005436406756922186,1.0,1.0,0.0
0.0005437406756922186,1.0,1.0,0.0
0.0005438406756922185,1.0,1.0,0.0
0.0005439406756922185,1.0,1.0,0.0
0.0005440406756922184,1.0,1.0,0.0
0.0005441406756922184,1.0,1.0,0.0
0.0005442406756922183,1.0,1.0,0.0
0.0005443406756922183,1.0,1.0,0.0
0.0005444406756922182,1.0,1.0,0.0
0.0005445406756922181,1.0,1.0,0.0
0.0005446406756922181,1.0,1.0,0.0
0.000544740675692218,1.0,1.0,0.0
0.000544840675692218,1.0,1.0,0.0
0.0005449406756922179,1.0,1.0,0.0
0.0005450406756922179,1.0,1.0,0.0
0.0005451406756922178,1.0,1.0,0.0
0.0005452406756922178,1.0,1.0,0.0
0.0005453406756922177,1.0,1.0,0.0
0.0005454406756922177,1.0,1.0,0.0
0.0005455406756922176,1.0,1.0,0.0
0.0005456406756922176,1.0,1.0,0.0
0.0005457406756922175,1.0,1.0,0.0
0.0005458406756922175,1.0,1.0,0.0
0.0005459406756922174,1.0,1.0,0.0
0.0005460406756922174,1.0,1.0,0.0
0.0005461406756922173,1.0,1.0,0.0
0.0005462406756922173,1.0,1.0,0.0
0.0005463406756922172,1.0,1.0,0.0
0.0005464406756922172,1.0,1.0,0.0
0.0005465406756922171,1.0,1.0,0.0
0.0005466406756922171,1.0,1.0,0.0
0.000546740675692217,1.0,1.0,0.0
0.000546840675692217,1.0,1.0,0.0
0.0005469406756922169,1.0,1.0,0.0
0.0005470406756922169,1.0,1.0,0.0
0.0005471406756922168,1.0,1.0,0.0
0.0005472406756922167,1.0,1.0,0.0
0.0005473406756922167,1.0,1.0,0.0
0.0005474406756922166,1.0,1.0,0.0
0.0005475406756922166,1.0,1.0,0.0
0.0005476406756922165,1.0,1.0,0.0
0.0005477406756922165,1.0,1.0,0.0
0.0005478406756922164,1.0,1.0,0.0
0.0005479406756922164,1.0,1.0,0.0
0.0005480406756922163,1.0,1.0,0.0
0.0005481406756922163,1.0,1.0,0.0
0.0005482406756922162,1.0,1.0,0.0
0.0005483406756922162,1.0,1.0,0.0
0.0005484406756922161,1.0,1.0,0.0
0.0005485406756922161,1.0,1.0,0.0
0.000548640675692216,1.0,1.0,0.0
0.000548740675692216,1.0,1.0,0.0
0.0005488406756922159,1.0,1.0,0.0
0.0005489406756922159,1.0,1.0,0.0
0.0005490406756922158,1.0,1.0,0.0
0.0005491406756922158,1.0,1.0,0.0
0.0005492406756922157,1.0,1.0,0.0
0.0005493406756922157,1.0,1.0,0.0
0.0005494406756922156,1.0,1.0,0.0
0.0005495406756922156,1.0,1.0,0.0
0.0005496406756922155,1.0,1.0,0.0
0.0005497406756922155,1.0,1.0,0.0
0.0005498406756922154,1.0,1.0,0.0
0.0005499406756922154,1.0,1.0,0.0
0.0005500406756922153,1.0,1.0,0.0
0.0005501406756922152,1.0,1.0,0.0
0.0005502406756922152,1.0,1.0,0.0
0.0005503406756922151,1.0,1.0,0.0
0.0005504406756922151,1.0,1.0,0.0
0.000550540675692215,1.0,1.0,0.0
0.000550640675692215,1.0,1.0,0.0
0.0005507406756922149,1.0,1.0,0.0
0.0005508406756922149,1.0,1.0,0.0
0.0005509406756922148,1.0,1.0,0.0
0.0005510406756922148,1.0,1.0,0.0
0.0005511406756922147,1.0,1.0,0.0
0.0005512406756922147,1.0,1.0,0.0
0.0005513406756922146,1.0,1.0,0.0
0.0005514406756922146,1.0,1.0,0.0
0.0005515406756922145,1.0,1.0,0.0
0.0005516406756922145,1.0,1.0,0.0
0.0005517406756922144,1.0,1.0,0.0
0.0005518406756922144,1.0,1.0,0.0
0.0005519406756922143,1.0,1.0,0.0
0.0005520406756922143,1.0,1.0,0.0
0.0005521406756922142,1.0,1.0,0.0
0.0005522406756922142,1.0,1.0,0.0
0.0005523406756922141,1.0,1.0,0.0
0.0005524406756922141,1.0,1.0,0.0
0.000552540675692214,1.0,1.0,0.0
0.000552640675692214,1.0,1.0,0.0
0.0005527406756922139,1.0,1.0,0.0
0.0005528406756922138,1.0,1.0,0.0
0.0005529406756922138,1.0,1.0,0.0
0.0005530406756922137,1.0,1.0,0.0
0.0005531406756922137,1.0,1.0,0.0
0.0005532406756922136,1.0,1.0,0.0
0.0005533406756922136,1.0,1.0,0.0
0.0005534406756922135,1.0,1.0,0.0
0.0005535406756922135,1.0,1.0,0.0
0.0005536406756922134,1.0,1.0,0.0
0.0005537406756922134,1.0,1.0,0.0
0.0005538406756922133,1.0,1.0,0.0
0.0005539406756922133,1.0,1.0,0.0
0.0005540406756922132,1.0,1.0,0.0
0.0005541406756922132,1.0,1.0,0.0
0.0005542406756922131,1.0,1.0,0.0
0.0005543406756922131,1.0,1.0,0.0
0.000554440675692213,1.0,1.0,0.0
0.000554540675692213,1.0,1.0,0.0
0.0005546406756922129,1.0,1.0,0.0
0.0005547406756922129,1.0,1.0,0.0
0.0005548406756922128,1.0,1.0,0.0
0.0005549406756922128,1.0,1.0,0.0
0.0005550406756922127,1.0,1.0,0.0
0.0005551406756922127,1.0,1.0,0.0
0.0005552406756922126,1.0,1.0,0.0
0.0005553406756922126,1.0,1.0,0.0
0.0005554406756922125,1.0,1.0,0.0
0.0005555406756922125,1.0,1.0,0.0
0.0005556406756922124,1.0,1.0,0.0
0.0005557406756922123,1.0,1.0,0.0
0.0005558406756922123,1.0,1.0,0.0
0.0005559406756922122,1.0,1.0,0.0
0.0005560406756922122,1.0,1.0,0.0
0.0005561406756922121,1.0,1.0,0.0
0.0005562406756922121,1.0,1.0,0.0
0.000556340675692212,1.0,1.0,0.0
0.000556440675692212,1.0,1.0,0.0
0.0005565406756922119,1.0,1.0,0.0
0.0005566406756922119,1.0,1.0,0.0
0.0005567406756922118,1.0,1.0,0.0
0.0005568406756922118,1.0,1.0,0.0
0.0005569406756922117,1.0,1.0,0.0
0.0005570406756922117,1.0,1.0,0.0
0.0005571406756922116,1.0,1.0,0.0
0.0005572406756922116,1.0,1.0,0.0
0.0005573406756922115,1.0,1.0,0.0
0.0005574406756922115,1.0,1.0,0.0
0.0005575406756922114,1.0,1.0,0.0
0.0005576406756922114,1.0,1.0,0.0
0.0005577406756922113,1.0,1.0,0.0
0.0005578406756922113,1.0,1.0,0.0
0.0005579406756922112,1.0,1.0,0.0
0.0005580406756922112,1.0,1.0,0.0
0.0005581406756922111,1.0,1.0,0.0
0.000558240675692211,1.0,1.0,0.0
0.000558340675692211,1.0,1.0,0.0
0.000558440675692211,1.0,1.0,0.0
0.0005585406756922109,1.0,1.0,0.0
0.0005586406756922108,1.0,1.0,0.0
0.0005587406756922108,1.0,1.0,0.0
0.0005588406756922107,1.0,1.0,0.0
0.0005589406756922107,1.0,1.0,0.0
0.0005590406756922106,1.0,1.0,0.0
0.0005591406756922106,1.0,1.0,0.0
0.0005592406756922105,1.0,1.0,0.0
0.0005593406756922105,1.0,1.0,0.0
0.0005594406756922104,1.0,1.0,0.0
0.0005595406756922104,1.0,1.0,0.0
0.0005596406756922103,1.0,1.0,0.0
0.0005597406756922103,1.0,1.0,0.0
0.0005598406756922102,1.0,1.0,0.0
0.0005599406756922102,1.0,1.0,0.0
0.0005600406756922101,1.0,1.0,0.0
0.0005601406756922101,1.0,1.0,0.0
0.00056024067569221,1.0,1.0,0.0
0.00056034067569221,1.0,1.0,0.0
0.0005604406756922099,1.0,1.0,0.0
0.0005605406756922099,1.0,1.0,0.0
0.0005606406756922098,1.0,1.0,0.0
0.0005607406756922098,1.0,1.0,0.0
0.0005608406756922097,1.0,1.0,0.0
0.0005609406756922097,1.0,1.0,0.0
0.0005610406756922096,1.0,1.0,0.0
0.0005611406756922096,1.0,1.0,0.0
0.0005612406756922095,1.0,1.0,0.0
0.0005613406756922094,1.0,1.0,0.0
0.0005614406756922094,1.0,1.0,0.0
0.0005615406756922093,1.0,1.0,0.0
0.0005616406756922093,1.0,1.0,0.0
0.0005617406756922092,1.0,1.0,0.0
0.0005618406756922092,1.0,1.0,0.0
0.0005619406756922091,1.0,1.0,0.0
0.0005620406756922091,1.0,1.0,0.0
0.000562140675692209,1.0,1.0,0.0
0.000562240675692209,1.0,1.0,0.0
0.0005623406756922089,1.0,1.0,0.0
0.0005624406756922089,1.0,1.0,0.0
0.0005625406756922088,1.0,1.0,0.0
0.0005626406756922088,1.0,1.0,0.0
0.0005627406756922087,1.0,1.0,0.0
0.0005628406756922087,1.0,1.0,0.0
0.0005629406756922086,1.0,1.0,0.0
0.0005630406756922086,1.0,1.0,0.0
0.0005631406756922085,1.0,1.0,0.0
0.0005632406756922085,1.0,1.0,0.0
0.0005633406756922084,1.0,1.0,0.0
0.0005634406756922084,1.0,1.0,0.0
0.0005635406756922083,1.0,1.0,0.0
0.0005636406756922083,1.0,1.0,0.0
0.0005637406756922082,1.0,1.0,0.0
0.0005638406756922082,1.0,1.0,0.0
0.0005639406756922081,1.0,1.0,0.0
0.000564040675692208,1.0,1.0,0.0
0.000564140675692208,1.0,1.0,0.0
0.000564240675692208,1.0,1.0,0.0
0.0005643406756922079,1.0,1.0,0.0
0.0005644406756922078,1.0,1.0,0.0
0.0005645406756922078,1.0,1.0,0.0
0.0005646406756922077,1.0,1.0,0.0
0.0005647406756922077,1.0,1.0,0.0
0.0005648406756922076,1.0,1.0,0.0
0.0005649406756922076,1.0,1.0,0.0
0.0005650406756922075,1.0,1.0,0.0
0.0005651406756922075,1.0,1.0,0.0
0.0005652406756922074,1.0,1.0,0.0
0.0005653406756922074,1.0,1.0,0.0
0.0005654406756922073,1.0,1.0,0.0
0.0005655406756922073,1.0,1.0,0.0
0.0005656406756922072,1.0,1.0,0.0
0.0005657406756922072,1.0,1.0,0.0
0.0005658406756922071,1.0,1.0,0.0
0.0005659406756922071,1.0,1.0,0.0
0.000566040675692207,1.0,1.0,0.0
0.000566140675692207,1.0,1.0,0.0
0.0005662406756922069,1.0,1.0,0.0
0.0005663406756922069,1.0,1.0,0.0
0.0005664406756922068,1.0,1.0,0.0
0.0005665406756922068,1.0,1.0,0.0
0.0005666406756922067,1.0,1.0,0.0
0.0005667406756922067,1.0,1.0,0.0
0.0005668406756922066,1.0,1.0,0.0
0.0005669406756922065,1.0,1.0,0.0
0.0005670406756922065,1.0,1.0,0.0
0.0005671406756922064,1.0,1.0,0.0
0.0005672406756922064,1.0,1.0,0.0
0.0005673406756922063,1.0,1.0,0.0
0.0005674406756922063,1.0,1.0,0.0
0.0005675406756922062,1.0,1.0,0.0
0.0005676406756922062,1.0,1.0,0.0
0.0005677406756922061,1.0,1.0,0.0
0.0005678406756922061,1.0,1.0,0.0
0.000567940675692206,1.0,1.0,0.0
0.000568040675692206,1.0,1.0,0.0
0.0005681406756922059,1.0,1.0,0.0
0.0005682406756922059,1.0,1.0,0.0
0.0005683406756922058,1.0,1.0,0.0
0.0005684406756922058,1.0,1.0,0.0
0.0005685406756922057,1.0,1.0,0.0
0.0005686406756922057,1.0,1.0,0.0
0.0005687406756922056,1.0,1.0,0.0
0.0005688406756922056,1.0,1.0,0.0
0.0005689406756922055,1.0,1.0,0.0
0.0005690406756922055,1.0,1.0,0.0
0.0005691406756922054,1.0,1.0,0.0
0.0005692406756922054,1.0,1.0,0.0
0.0005693406756922053,1.0,1.0,0.0
0.0005694406756922053,1.0,1.0,0.0
0.0005695406756922052,1.0,1.0,0.0
0.0005696406756922052,1.0,1.0,0.0
0.0005697406756922051,1.0,1.0,0.0
0.000569840675692205,1.0,1.0,0.0
0.000569940675692205,1.0,1.0,0.0
0.0005700406756922049,1.0,1.0,0.0
0.0005701406756922049,1.0,1.0,0.0
0.0005702406756922048,1.0,1.0,0.0
0.0005703406756922048,1.0,1.0,0.0
0.0005704406756922047,1.0,1.0,0.0
0.0005705406756922047,1.0,1.0,0.0
0.0005706406756922046,1.0,1.0,0.0
0.0005707406756922046,1.0,1.0,0.0
0.0005708406756922045,1.0,1.0,0.0
0.0005709406756922045,1.0,1.0,0.0
0.0005710406756922044,1.0,1.0,0.0
0.0005711406756922044,1.0,1.0,0.0
0.0005712406756922043,1.0,1.0,0.0
0.0005713406756922043,1.0,1.0,0.0
0.0005714406756922042,1.0,1.0,0.0
0.0005715406756922042,1.0,1.0,0.0
0.0005716406756922041,1.0,1.0,0.0
0.0005717406756922041,1.0,1.0,0.0
0.000571840675692204,1.0,1.0,0.0
0.000571940675692204,1.0,1.0,0.0
0.0005720406756922039,1.0,1.0,0.0
0.0005721406756922039,1.0,1.0,0.0
0.0005722406756922038,1.0,1.0,0.0
0.0005723406756922038,1.0,1.0,0.0
0.0005724406756922037,1.0,1.0,0.0
0.0005725406756922036,1.0,1.0,0.0
0.0005726406756922036,1.0,1.0,0.0
0.0005727406756922035,1.0,1.0,0.0
0.0005728406756922035,1.0,1.0,0.0
0.0005729406756922034,1.0,1.0,0.0
0.0005730406756922034,1.0,1.0,0.0
0.0005731406756922033,1.0,1.0,0.0
0.0005732406756922033,1.0,1.0,0.0
0.0005733406756922032,1.0,1.0,0.0
0.0005734406756922032,1.0,1.0,0.0
0.0005735406756922031,1.0,1.0,0.0
0.0005736406756922031,1.0,1.0,0.0
0.000573740675692203,1.0,1.0,0.0
0.000573840675692203,1.0,1.0,0.0
0.0005739406756922029,1.0,1.0,0.0
0.0005740406756922029,1.0,1.0,0.0
0.0005741406756922028,1.0,1.0,0.0
0.0005742406756922028,1.0,1.0,0.0
0.0005743406756922027,1.0,1.0,0.0
0.0005744406756922027,1.0,1.0,0.0
0.0005745406756922026,1.0,1.0,0.0
0.0005746406756922026,1.0,1.0,0.0
0.0005747406756922025,1.0,1.0,0.0
0.0005748406756922025,1.0,1.0,0.0
0.0005749406756922024,1.0,1.0,0.0
0.0005750406756922024,1.0,1.0,0.0
0.0005751406756922023,1.0,1.0,0.0
0.0005752406756922023,1.0,1.0,0.0
0.0005753406756922022,1.0,1.0,0.0
0.0005754406756922021,1.0,1.0,0.0
0.0005755406756922021,1.0,1.0,0.0
0.000575640675692202,1.0,1.0,0.0
0.000575740675692202,1.0,1.0,0.0
0.0005758406756922019,1.0,1.0,0.0
0.0005759406756922019,1.0,1.0,0.0
0.0005760406756922018,1.0,1.0,0.0
0.0005761406756922018,1.0,1.0,0.0
0.0005762406756922017,1.0,1.0,0.0
0.0005763406756922017,1.0,1.0,0.0
0.0005764406756922016,1.0,1.0,0.0
0.0005765406756922016,1.0,1.0,0.0
0.0005766406756922015,1.0,1.0,0.0
0.0005767406756922015,1.0,1.0,0.0
0.0005768406756922014,1.0,1.0,0.0
0.0005769406756922014,1.0,1.0,0.0
0.0005770406756922013,1.0,1.0,0.0
0.0005771406756922013,1.0,1.0,0.0
0.0005772406756922012,1.0,1.0,0.0
0.0005773406756922012,1.0,1.0,0.0
0.0005774406756922011,1.0,1.0,0.0
0.0005775406756922011,1.0,1.0,0.0
0.000577640675692201,1.0,1.0,0.0
0.000577740675692201,1.0,1.0,0.0
0.0005778406756922009,1.0,1.0,0.0
0.0005779406756922009,1.0,1.0,0.0
0.0005780406756922008,1.0,1.0,0.0
0.0005781406756922007,1.0,1.0,0.0
0.0005782406756922007,1.0,1.0,0.0
0.0005783406756922006,1.0,1.0,0.0
0.0005784406756922006,1.0,1.0,0.0
0.0005785406756922005,1.0,1.0,0.0
0.0005786406756922005,1.0,1.0,0.0
0.0005787406756922004,1.0,1.0,0.0
0.0005788406756922004,1.0,1.0,0.0
0.0005789406756922003,1.0,1.0,0.0
0.0005790406756922003,1.0,1.0,0.0
0.0005791406756922002,1.0,1.0,0.0
0.0005792406756922002,1.0,1.0,0.0
0.0005793406756922001,1.0,1.0,0.0
0.0005794406756922001,1.0,1.0,0.0
0.0005795406756922,1.0,1.0,0.0
0.0005796406756922,1.0,1.0,0.0
0.0005797406756921999,1.0,1.0,0.0
0.0005798406756921999,1.0,1.0,0.0
0.0005799406756921998,1.0,1.0,0.0
0.0005800406756921998,1.0,1.0,0.0
0.0005801406756921997,1.0,1.0,0.0
0.0005802406756921997,1.0,1.0,0.0
0.0005803406756921996,1.0,1.0,0.0
0.0005804406756921996,1.0,1.0,0.0
0.0005805406756921995,1.0,1.0,0.0
0.0005806406756921995,1.0,1.0,0.0
0.0005807406756921994,1.0,1.0,0.0
0.0005808406756921994,1.0,1.0,0.0
0.0005809406756921993,1.0,1.0,0.0
0.0005810406756921992,1.0,1.0,0.0
0.0005811406756921992,1.0,1.0,0.0
0.0005812406756921991,1.0,1.0,0.0
0.0005813406756921991,1.0,1.0,0.0
0.000581440675692199,1.0,1.0,0.0
0.000581540675692199,1.0,1.0,0.0
0.0005816406756921989,1.0,1.0,0.0
0.0005817406756921989,1.0,1.0,0.0
0.0005818406756921988,1.0,1.0,0.0
0.0005819406756921988,1.0,1.0,0.0
0.0005820406756921987,1.0,1.0,0.0
0.0005821406756921987,1.0,1.0,0.0
0.0005822406756921986,1.0,1.0,0.0
0.0005823406756921986,1.0,1.0,0.0
0.0005824406756921985,1.0,1.0,0.0
0.0005825406756921985,1.0,1.0,0.0
0.0005826406756921984,1.0,1.0,0.0
0.0005827406756921984,1.0,1.0,0.0
0.0005828406756921983,1.0,1.0,0.0
0.0005829406756921983,1.0,1.0,0.0
0.0005830406756921982,1.0,1.0,0.0
0.0005831406756921982,1.0,1.0,0.0
0.0005832406756921981,1.0,1.0,0.0
0.0005833406756921981,1.0,1.0,0.0
0.000583440675692198,1.0,1.0,0.0
0.000583540675692198,1.0,1.0,0.0
0.0005836406756921979,1.0,1.0,0.0
0.0005837406756921978,1.0,1.0,0.0
0.0005838406756921978,1.0,1.0,0.0
0.0005839406756921977,1.0,1.0,0.0
0.0005840406756921977,1.0,1.0,0.0
0.0005841406756921976,1.0,1.0,0.0
0.0005842406756921976,1.0,1.0,0.0
0.0005843406756921975,1.0,1.0,0.0
0.0005844406756921975,1.0,1.0,0.0
0.0005845406756921974,1.0,1.0,0.0
0.0005846406756921974,1.0,1.0,0.0
0.0005847406756921973,1.0,1.0,0.0
0.0005848406756921973,1.0,1.0,0.0
0.0005849406756921972,1.0,1.0,0.0
0.0005850406756921972,1.0,1.0,0.0
0.0005851406756921971,1.0,1.0,0.0
0.0005852406756921971,1.0,1.0,0.0
0.000585340675692197,1.0,1.0,0.0
0.000585440675692197,1.0,1.0,0.0
0.0005855406756921969,1.0,1.0,0.0
0.0005856406756921969,1.0,1.0,0.0
0.0005857406756921968,1.0,1.0,0.0
0.0005858406756921968,1.0,1.0,0.0
0.0005859406756921967,1.0,1.0,0.0
0.0005860406756921967,1.0,1.0,0.0
0.0005861406756921966,1.0,1.0,0.0
0.0005862406756921966,1.0,1.0,0.0
0.0005863406756921965,1.0,1.0,0.0
0.0005864406756921965,1.0,1.0,0.0
0.0005865406756921964,1.0,1.0,0.0
0.0005866406756921963,1.0,1.0,0.0
0.0005867406756921963,1.0,1.0,0.0
0.0005868406756921962,1.0,1.0,0.0
0.0005869406756921962,1.0,1.0,0.0
0.0005870406756921961,1.0,1.0,0.0
0.0005871406756921961,1.0,1.0,0.0
0.000587240675692196,1.0,1.0,0.0
0.000587340675692196,1.0,1.0,0.0
0.0005874406756921959,1.0,1.0,0.0
0.0005875406756921959,1.0,1.0,0.0
0.0005876406756921958,1.0,1.0,0.0
0.0005877406756921958,1.0,1.0,0.0
0.0005878406756921957,1.0,1.0,0.0
0.0005879406756921957,1.0,1.0,0.0
0.0005880406756921956,1.0,1.0,0.0
0.0005881406756921956,1.0,1.0,0.0
0.0005882406756921955,1.0,1.0,0.0
0.0005883406756921955,1.0,1.0,0.0
0.0005884406756921954,1.0,1.0,0.0
0.0005885406756921954,1.0,1.0,0.0
0.0005886406756921953,1.0,1.0,0.0
0.0005887406756921953,1.0,1.0,0.0
0.0005888406756921952,1.0,1.0,0.0
0.0005889406756921952,1.0,1.0,0.0
0.0005890406756921951,1.0,1.0,0.0
0.000589140675692195,1.0,1.0,0.0
0.000589240675692195,1.0,1.0,0.0
0.000589340675692195,1.0,1.0,0.0
0.0005894406756921949,1.0,1.0,0.0
0.0005895406756921948,1.0,1.0,0.0
0.0005896406756921948,1.0,1.0,0.0
0.0005897406756921947,1.0,1.0,0.0
0.0005898406756921947,1.0,1.0,0.0
0.0005899406756921946,1.0,1.0,0.0
0.0005900406756921946,1.0,1.0,0.0
0.0005901406756921945,1.0,1.0,0.0
0.0005902406756921945,1.0,1.0,0.0
0.0005903406756921944,1.0,1.0,0.0
0.0005904406756921944,1.0,1.0,0.0
0.0005905406756921943,1.0,1.0,0.0
0.0005906406756921943,1.0,1.0,0.0
0.0005907406756921942,1.0,1.0,0.0
0.0005908406756921942,1.0,1.0,0.0
0.0005909406756921941,1.0,1.0,0.0
0.0005910406756921941,1.0,1.0,0.0
0.000591140675692194,1.0,1.0,0.0
0.000591240675692194,1.0,1.0,0.0
0.0005913406756921939,1.0,1.0,0.0
0.0005914406756921939,1.0,1.0,0.0
0.0005915406756921938,1.0,1.0,0.0
0.0005916406756921938,1.0,1.0,0.0
0.0005917406756921937,1.0,1.0,0.0
0.0005918406756921937,1.0,1.0,0.0
0.0005919406756921936,1.0,1.0,0.0
0.0005920406756921936,1.0,1.0,0.0
0.0005921406756921935,1.0,1.0,0.0
0.0005922406756921934,1.0,1.0,0.0
0.0005923406756921934,1.0,1.0,0.0
0.0005924406756921933,1.0,1.0,0.0
0.0005925406756921933,1.0,1.0,0.0
0.0005926406756921932,1.0,1.0,0.0
0.0005927406756921932,1.0,1.0,0.0
0.0005928406756921931,1.0,1.0,0.0
0.0005929406756921931,1.0,1.0,0.0
0.000593040675692193,1.0,1.0,0.0
0.000593140675692193,1.0,1.0,0.0
0.0005932406756921929,1.0,1.0,0.0
0.0005933406756921929,1.0,1.0,0.0
0.0005934406756921928,1.0,1.0,0.0
0.0005935406756921928,1.0,1.0,0.0
0.0005936406756921927,1.0,1.0,0.0
0.0005937406756921927,1.0,1.0,0.0
0.0005938406756921926,1.0,1.0,0.0
0.0005939406756921926,1.0,1.0,0.0
0.0005940406756921925,1.0,1.0,0.0
0.0005941406756921925,1.0,1.0,0.0
0.0005942406756921924,1.0,1.0,0.0
0.0005943406756921924,1.0,1.0,0.0
0.0005944406756921923,1.0,1.0,0.0
0.0005945406756921923,1.0,1.0,0.0
0.0005946406756921922,1.0,1.0,0.0
0.0005947406756921922,1.0,1.0,0.0
0.0005948406756921921,1.0,1.0,0.0
0.000594940675692192,1.0,1.0,0.0
0.000595040675692192,1.0,1.0,0.0
0.000595140675692192,1.0,1.0,0.0
0.0005952406756921919,1.0,1.0,0.0
0.0005953406756921918,1.0,1.0,0.0
0.0005954406756921918,1.0,1.0,0.0
0.0005955406756921917,1.0,1.0,0.0
0.0005956406756921917,1.0,1.0,0.0
0.0005957406756921916,1.0,1.0,0.0
0.0005958406756921916,1.0,1.0,0.0
0.0005959406756921915,1.0,1.0,0.0
0.0005960406756921915,1.0,1.0,0.0
0.0005961406756921914,1.0,1.0,0.0
0.0005962406756921914,1.0,1.0,0.0
0.0005963406756921913,1.0,1.0,0.0
0.0005964406756921913,1.0,1.0,0.0
0.0005965406756921912,1.0,1.0,0.0
0.0005966406756921912,1.0,1.0,0.0
0.0005967406756921911,1.0,1.0,0.0
0.0005968406756921911,1.0,1.0,0.0
0.000596940675692191,1.0,1.0,0.0
0.000597040675692191,1.0,1.0,0.0
0.0005971406756921909,1.0,1.0,0.0
0.0005972406756921909,1.0,1.0,0.0
0.0005973406756921908,1.0,1.0,0.0
0.0005974406756921908,1.0,1.0,0.0
0.0005975406756921907,1.0,1.0,0.0
0.0005976406756921907,1.0,1.0,0.0
0.0005977406756921906,1.0,1.0,0.0
0.0005978406756921905,1.0,1.0,0.0
0.0005979406756921905,1.0,1.0,0.0
0.0005980406756921904,1.0,1.0,0.0
0.0005981406756921904,1.0,1.0,0.0
0.0005982406756921903,1.0,1.0,0.0
0.0005983406756921903,1.0,1.0,0.0
0.0005984406756921902,1.0,1.0,0.0
0.0005985406756921902,1.0,1.0,0.0
0.0005986406756921901,1.0,1.0,0.0
0.0005987406756921901,1.0,1.0,0.0
0.00059884067569219,1.0,1.0,0.0
0.00059894067569219,1.0,1.0,0.0
0.0005990406756921899,1.0,1.0,0.0
0.0005991406756921899,1.0,1.0,0.0
0.0005992406756921898,1.0,1.0,0.0
0.0005993406756921898,1.0,1.0,0.0
0.0005994406756921897,1.0,1.0,0.0
0.0005995406756921897,1.0,1.0,0.0
0.0005996406756921896,1.0,1.0,0.0
0.0005997406756921896,1.0,1.0,0.0
0.0005998406756921895,1.0,1.0,0.0
0.0005999406756921895,1.0,1.0,0.0
0.0006000406756921894,1.0,1.0,0.0
0.0006001406756921894,1.0,1.0,0.0
0.0006002406756921893,1.0,1.0,0.0
0.0006003406756921893,1.0,1.0,0.0
0.0006004406756921892,1.0,1.0,0.0
0.0006005406756921892,1.0,1.0,0.0
0.0006006406756921891,1.0,1.0,0.0
0.000600740675692189,1.0,1.0,0.0
0.000600840675692189,1.0,1.0,0.0
0.0006009203378460944,1.0,1.0,0.0
0.000601,1.0,1.0,0.0
